sample_id,label,n_particles,pattern_params,seed_offset
sample_000000,C07_StraightLine,1308,"{""angle_deg"": 26.532751500185235, ""n_particles"": 1308, ""name"": ""wafer_particles.pattern.C07_StraightLine"", ""offset_ratio"": 0.2503010795891412, ""schema_version"": ""wafer_particles.pattern_config.v1"", ""segment_half_length_ratio"": 0.792323853932041, ""wafer_radius_mm"": 150.0, ""width_ratio"": 0.016906395736383344}",0
sample_000001,C03_Ring,1312,"{""n_particles"": 1312, ""name"": ""wafer_particles.pattern.C03_Ring"", ""radius_ratio"": 0.7905384739005281, ""schema_version"": ""wafer_particles.pattern_config.v1"", ""wafer_radius_mm"": 150.0, ""width_ratio"": 0.03209641104169797}",1
sample_000002,C03_Ring,1060,"{""n_particles"": 1060, ""name"": ""wafer_particles.pattern.C03_Ring"", ""radius_ratio"": 0.5716066926799154, ""schema_version"": ""wafer_particles.pattern_config.v1"", ""wafer_radius_mm"": 150.0, ""width_ratio"": 0.17850163872436617}",2
sample_000003,C01_Uniform,1329,"{""n_particles"": 1329, ""name"": ""wafer_particles.pattern.C01_Uniform"", ""schema_version"": ""wafer_particles.pattern_config.v1"", ""wafer_radius_mm"": 150.0}",3
sample_000004,C01_Uniform,1340,"{""n_particles"": 1340, ""name"": ""wafer_particles.pattern.C01_Uniform"", ""schema_version"": ""wafer_particles.pattern_config.v1"", ""wafer_radius_mm"": 150.0}",4
sample_000005,C01_Uniform,846,"{""n_particles"": 846, ""name"": ""wafer_particles.pattern.C01_Uniform"", ""schema_version"": ""wafer_particles.pattern_config.v1"", ""wafer_radius_mm"": 150.0}",5
sample_000006,C07_StraightLine,1009,"{""angle_deg"": 31.90057551337139, ""n_particles"": 1009, ""name"": ""wafer_particles.pattern.C07_StraightLine"", ""offset_ratio"": -0.020193752688293487, ""schema_version"": ""wafer_particles.pattern_config.v1"", ""segment_half_length_ratio"": 0.8442775968623744, ""wafer_radius_mm"": 150.0, ""width_ratio"": 0.02996644863165556}",6
sample_000007,C04_Sector_Edge,1371,"{""angle_center_rad"": 0.535358858318839, ""angle_width_deg"": 42.312971094026345, ""edge_width_ratio"": 0.25167546284668474, ""n_particles"": 1371, ""name"": ""wafer_particles.pattern.C04_Sector_Edge"", ""radial_beta_alpha"": 3.8913324877686915, ""radial_beta_beta"": 3.2269675720904694, ""schema_version"": ""wafer_particles.pattern_config.v1"", ""side"": ""right"", ""theta_vonmises_kappa"": 5.512733405572599, ""wafer_radius_mm"": 150.0}",7
sample_000008,C07_StraightLine,1430,"{""angle_deg"": 3.683617072683858, ""n_particles"": 1430, ""name"": ""wafer_particles.pattern.C07_StraightLine"", ""offset_ratio"": -0.07182136431260125, ""schema_version"": ""wafer_particles.pattern_config.v1"", ""segment_half_length_ratio"": 0.30752237538573013, ""wafer_radius_mm"": 150.0, ""width_ratio"": 0.03760966828093387}",8
sample_000009,C03_Ring,700,"{""n_particles"": 700, ""name"": ""wafer_particles.pattern.C03_Ring"", ""radius_ratio"": 0.6380139921749444, ""schema_version"": ""wafer_particles.pattern_config.v1"", ""wafer_radius_mm"": 150.0, ""width_ratio"": 0.13166559619863447}",9
sample_000010,C01_Uniform,1019,"{""n_particles"": 1019, ""name"": ""wafer_particles.pattern.C01_Uniform"", ""schema_version"": ""wafer_particles.pattern_config.v1"", ""wafer_radius_mm"": 150.0}",10
sample_000011,C03_Ring,661,"{""n_particles"": 661, ""name"": ""wafer_particles.pattern.C03_Ring"", ""radius_ratio"": 0.7708090464827406, ""schema_version"": ""wafer_particles.pattern_config.v1"", ""wafer_radius_mm"": 150.0, ""width_ratio"": 0.09205175119230219}",11
sample_000012,C03_Ring,548,"{""n_particles"": 548, ""name"": ""wafer_particles.pattern.C03_Ring"", ""radius_ratio"": 0.46157154271899004, ""schema_version"": ""wafer_particles.pattern_config.v1"", ""wafer_radius_mm"": 150.0, ""width_ratio"": 0.0355306763863856}",12
sample_000013,C04_Sector_Edge,989,"{""angle_center_rad"": 4.881412342990255, ""angle_width_deg"": 57.688044991917124, ""edge_width_ratio"": 0.28487255254199306, ""n_particles"": 989, ""name"": ""wafer_particles.pattern.C04_Sector_Edge"", ""radial_beta_alpha"": 2.978493475886707, ""radial_beta_beta"": 3.460446235927251, ""schema_version"": ""wafer_particles.pattern_config.v1"", ""side"": ""right"", ""theta_vonmises_kappa"": 7.343302213877031, ""wafer_radius_mm"": 150.0}",13
sample_000014,C07_StraightLine,1287,"{""angle_deg"": 25.720155040123792, ""n_particles"": 1287, ""name"": ""wafer_particles.pattern.C07_StraightLine"", ""offset_ratio"": 0.06197160490118714, ""schema_version"": ""wafer_particles.pattern_config.v1"", ""segment_half_length_ratio"": 0.767673890098799, ""wafer_radius_mm"": 150.0, ""width_ratio"": 0.025498395113509265}",14
sample_000015,C11_Hotspot_Elliptic,586,"{""center_angle"": ""random"", ""center_angle_rad"": 2.555794829969805, ""center_radius_ratio"": 0.4407690071225099, ""mode"": ""random"", ""n_particles"": 586, ""name"": ""wafer_particles.pattern.C11_Hotspot_Elliptic"", ""rotation_deg"": 30.0, ""rotation_rad"": 0.09090381532481441, ""schema_version"": ""wafer_particles.pattern_config.v1"", ""sigma_x_ratio"": 0.1106079850613711, ""sigma_y_ratio"": 0.0456935631366381, ""wafer_radius_mm"": 150.0}",15
sample_000016,C03_Ring,1387,"{""n_particles"": 1387, ""name"": ""wafer_particles.pattern.C03_Ring"", ""radius_ratio"": 0.7814391028597834, ""schema_version"": ""wafer_particles.pattern_config.v1"", ""wafer_radius_mm"": 150.0, ""width_ratio"": 0.16760185213724102}",16
sample_000017,C11_Hotspot_Elliptic,1010,"{""center_angle"": ""random"", ""center_angle_rad"": 5.094170033913773, ""center_radius_ratio"": 0.8726757267635851, ""mode"": ""random"", ""n_particles"": 1010, ""name"": ""wafer_particles.pattern.C11_Hotspot_Elliptic"", ""rotation_deg"": 30.0, ""rotation_rad"": 1.1030554840166098, ""schema_version"": ""wafer_particles.pattern_config.v1"", ""sigma_x_ratio"": 0.10904708685244958, ""sigma_y_ratio"": 0.06348934366500004, ""wafer_radius_mm"": 150.0}",17
sample_000018,C03_Ring,1505,"{""n_particles"": 1505, ""name"": ""wafer_particles.pattern.C03_Ring"", ""radius_ratio"": 0.8988961144000069, ""schema_version"": ""wafer_particles.pattern_config.v1"", ""wafer_radius_mm"": 150.0, ""width_ratio"": 0.16083881596919172}",18
sample_000019,C04_Sector_Edge,964,"{""angle_center_rad"": 5.402795110269291, ""angle_width_deg"": 66.30346307865493, ""edge_width_ratio"": 0.13681691569251764, ""n_particles"": 964, ""name"": ""wafer_particles.pattern.C04_Sector_Edge"", ""radial_beta_alpha"": 1.3243212647794125, ""radial_beta_beta"": 1.4930757769888579, ""schema_version"": ""wafer_particles.pattern_config.v1"", ""side"": ""right"", ""theta_vonmises_kappa"": 8.508351193886767, ""wafer_radius_mm"": 150.0}",19
sample_000020,C07_StraightLine,611,"{""angle_deg"": 156.60762231935342, ""n_particles"": 611, ""name"": ""wafer_particles.pattern.C07_StraightLine"", ""offset_ratio"": -0.1888712367052603, ""schema_version"": ""wafer_particles.pattern_config.v1"", ""segment_half_length_ratio"": 0.6525051181415282, ""wafer_radius_mm"": 150.0, ""width_ratio"": 0.006284463928497982}",20
sample_000021,C01_Uniform,713,"{""n_particles"": 713, ""name"": ""wafer_particles.pattern.C01_Uniform"", ""schema_version"": ""wafer_particles.pattern_config.v1"", ""wafer_radius_mm"": 150.0}",21
sample_000022,C03_Ring,1412,"{""n_particles"": 1412, ""name"": ""wafer_particles.pattern.C03_Ring"", ""radius_ratio"": 0.8524925059288748, ""schema_version"": ""wafer_particles.pattern_config.v1"", ""wafer_radius_mm"": 150.0, ""width_ratio"": 0.1696611277518673}",22
sample_000023,C04_Sector_Edge,1527,"{""angle_center_rad"": 4.144562446442234, ""angle_width_deg"": 40.63008917611599, ""edge_width_ratio"": 0.24023729509426328, ""n_particles"": 1527, ""name"": ""wafer_particles.pattern.C04_Sector_Edge"", ""radial_beta_alpha"": 3.1077288214161243, ""radial_beta_beta"": 0.9443150110229994, ""schema_version"": ""wafer_particles.pattern_config.v1"", ""side"": ""right"", ""theta_vonmises_kappa"": 4.776642347536138, ""wafer_radius_mm"": 150.0}",23
sample_000024,C07_StraightLine,519,"{""angle_deg"": 12.988354042349112, ""n_particles"": 519, ""name"": ""wafer_particles.pattern.C07_StraightLine"", ""offset_ratio"": -0.275416833059811, ""schema_version"": ""wafer_particles.pattern_config.v1"", ""segment_half_length_ratio"": 0.6170164297247338, ""wafer_radius_mm"": 150.0, ""width_ratio"": 0.049592531077303194}",24
sample_000025,C11_Hotspot_Elliptic,1018,"{""center_angle"": ""random"", ""center_angle_rad"": 6.0605433652726814, ""center_radius_ratio"": 0.5313076219397527, ""mode"": ""random"", ""n_particles"": 1018, ""name"": ""wafer_particles.pattern.C11_Hotspot_Elliptic"", ""rotation_deg"": 30.0, ""rotation_rad"": 4.890114819244643, ""schema_version"": ""wafer_particles.pattern_config.v1"", ""sigma_x_ratio"": 0.04491868289086909, ""sigma_y_ratio"": 0.011647634653956202, ""wafer_radius_mm"": 150.0}",25
sample_000026,C07_StraightLine,1267,"{""angle_deg"": 179.85967498017848, ""n_particles"": 1267, ""name"": ""wafer_particles.pattern.C07_StraightLine"", ""offset_ratio"": -0.08339683560684963, ""schema_version"": ""wafer_particles.pattern_config.v1"", ""segment_half_length_ratio"": 0.8428241464357549, ""wafer_radius_mm"": 150.0, ""width_ratio"": 0.0353285836436175}",26
sample_000027,C03_Ring,631,"{""n_particles"": 631, ""name"": ""wafer_particles.pattern.C03_Ring"", ""radius_ratio"": 0.6149563716128097, ""schema_version"": ""wafer_particles.pattern_config.v1"", ""wafer_radius_mm"": 150.0, ""width_ratio"": 0.15491714312824473}",27
sample_000028,C07_StraightLine,1334,"{""angle_deg"": 113.8427708340846, ""n_particles"": 1334, ""name"": ""wafer_particles.pattern.C07_StraightLine"", ""offset_ratio"": 0.04148612400009194, ""schema_version"": ""wafer_particles.pattern_config.v1"", ""segment_half_length_ratio"": 0.6810657103814509, ""wafer_radius_mm"": 150.0, ""width_ratio"": 0.030839044940991243}",28
sample_000029,C01_Uniform,593,"{""n_particles"": 593, ""name"": ""wafer_particles.pattern.C01_Uniform"", ""schema_version"": ""wafer_particles.pattern_config.v1"", ""wafer_radius_mm"": 150.0}",29
sample_000030,C11_Hotspot_Elliptic,1292,"{""center_angle"": ""random"", ""center_angle_rad"": 2.8339322048537543, ""center_radius_ratio"": 0.09499022955481916, ""mode"": ""random"", ""n_particles"": 1292, ""name"": ""wafer_particles.pattern.C11_Hotspot_Elliptic"", ""rotation_deg"": 30.0, ""rotation_rad"": 4.454816185528894, ""schema_version"": ""wafer_particles.pattern_config.v1"", ""sigma_x_ratio"": 0.109207290904681, ""sigma_y_ratio"": 0.026095015210422817, ""wafer_radius_mm"": 150.0}",30
sample_000031,C01_Uniform,1172,"{""n_particles"": 1172, ""name"": ""wafer_particles.pattern.C01_Uniform"", ""schema_version"": ""wafer_particles.pattern_config.v1"", ""wafer_radius_mm"": 150.0}",31
sample_000032,C11_Hotspot_Elliptic,894,"{""center_angle"": ""random"", ""center_angle_rad"": 1.7918652350265696, ""center_radius_ratio"": 0.5453521363789473, ""mode"": ""random"", ""n_particles"": 894, ""name"": ""wafer_particles.pattern.C11_Hotspot_Elliptic"", ""rotation_deg"": 30.0, ""rotation_rad"": 1.0929743331302486, ""schema_version"": ""wafer_particles.pattern_config.v1"", ""sigma_x_ratio"": 0.10876103657180851, ""sigma_y_ratio"": 0.0465548090652871, ""wafer_radius_mm"": 150.0}",32
sample_000033,C07_StraightLine,685,"{""angle_deg"": 105.31936299676542, ""n_particles"": 685, ""name"": ""wafer_particles.pattern.C07_StraightLine"", ""offset_ratio"": 0.05827179963121504, ""schema_version"": ""wafer_particles.pattern_config.v1"", ""segment_half_length_ratio"": 0.34338792450345923, ""wafer_radius_mm"": 150.0, ""width_ratio"": 0.013878888381501382}",33
sample_000034,C07_StraightLine,885,"{""angle_deg"": 92.51314256914347, ""n_particles"": 885, ""name"": ""wafer_particles.pattern.C07_StraightLine"", ""offset_ratio"": 0.16920068756973394, ""schema_version"": ""wafer_particles.pattern_config.v1"", ""segment_half_length_ratio"": 0.8268736129410188, ""wafer_radius_mm"": 150.0, ""width_ratio"": 0.03106757883726217}",34
sample_000035,C04_Sector_Edge,837,"{""angle_center_rad"": 0.8760348493200905, ""angle_width_deg"": 80.38092203778302, ""edge_width_ratio"": 0.09217405526654433, ""n_particles"": 837, ""name"": ""wafer_particles.pattern.C04_Sector_Edge"", ""radial_beta_alpha"": 1.417757586266845, ""radial_beta_beta"": 1.8283773312355414, ""schema_version"": ""wafer_particles.pattern_config.v1"", ""side"": ""right"", ""theta_vonmises_kappa"": 8.267317584711861, ""wafer_radius_mm"": 150.0}",35
sample_000036,C11_Hotspot_Elliptic,993,"{""center_angle"": ""random"", ""center_angle_rad"": 3.495341468581203, ""center_radius_ratio"": 0.7404465066163274, ""mode"": ""random"", ""n_particles"": 993, ""name"": ""wafer_particles.pattern.C11_Hotspot_Elliptic"", ""rotation_deg"": 30.0, ""rotation_rad"": 4.226241215813457, ""schema_version"": ""wafer_particles.pattern_config.v1"", ""sigma_x_ratio"": 0.10503898436316927, ""sigma_y_ratio"": 0.0285327345691083, ""wafer_radius_mm"": 150.0}",36
sample_000037,C11_Hotspot_Elliptic,1486,"{""center_angle"": ""random"", ""center_angle_rad"": 3.0881232421790186, ""center_radius_ratio"": 0.41236210608733237, ""mode"": ""random"", ""n_particles"": 1486, ""name"": ""wafer_particles.pattern.C11_Hotspot_Elliptic"", ""rotation_deg"": 30.0, ""rotation_rad"": 5.400470562237981, ""schema_version"": ""wafer_particles.pattern_config.v1"", ""sigma_x_ratio"": 0.06610841754649033, ""sigma_y_ratio"": 0.016579405681767714, ""wafer_radius_mm"": 150.0}",37
sample_000038,C01_Uniform,1432,"{""n_particles"": 1432, ""name"": ""wafer_particles.pattern.C01_Uniform"", ""schema_version"": ""wafer_particles.pattern_config.v1"", ""wafer_radius_mm"": 150.0}",38
sample_000039,C04_Sector_Edge,1244,"{""angle_center_rad"": 4.63160309564893, ""angle_width_deg"": 73.12932210358113, ""edge_width_ratio"": 0.185509264958303, ""n_particles"": 1244, ""name"": ""wafer_particles.pattern.C04_Sector_Edge"", ""radial_beta_alpha"": 3.2533306208224895, ""radial_beta_beta"": 2.54170375502616, ""schema_version"": ""wafer_particles.pattern_config.v1"", ""side"": ""right"", ""theta_vonmises_kappa"": 5.748013472634245, ""wafer_radius_mm"": 150.0}",39
sample_000040,C07_StraightLine,1493,"{""angle_deg"": 105.47776004390116, ""n_particles"": 1493, ""name"": ""wafer_particles.pattern.C07_StraightLine"", ""offset_ratio"": 0.21754525155328902, ""schema_version"": ""wafer_particles.pattern_config.v1"", ""segment_half_length_ratio"": 0.3823493827106433, ""wafer_radius_mm"": 150.0, ""width_ratio"": 0.04150367114703466}",40
sample_000041,C03_Ring,1110,"{""n_particles"": 1110, ""name"": ""wafer_particles.pattern.C03_Ring"", ""radius_ratio"": 0.40347400520626986, ""schema_version"": ""wafer_particles.pattern_config.v1"", ""wafer_radius_mm"": 150.0, ""width_ratio"": 0.19723606854720196}",41
sample_000042,C03_Ring,1026,"{""n_particles"": 1026, ""name"": ""wafer_particles.pattern.C03_Ring"", ""radius_ratio"": 0.7660906288659435, ""schema_version"": ""wafer_particles.pattern_config.v1"", ""wafer_radius_mm"": 150.0, ""width_ratio"": 0.17473665251627526}",42
sample_000043,C01_Uniform,1027,"{""n_particles"": 1027, ""name"": ""wafer_particles.pattern.C01_Uniform"", ""schema_version"": ""wafer_particles.pattern_config.v1"", ""wafer_radius_mm"": 150.0}",43
sample_000044,C01_Uniform,581,"{""n_particles"": 581, ""name"": ""wafer_particles.pattern.C01_Uniform"", ""schema_version"": ""wafer_particles.pattern_config.v1"", ""wafer_radius_mm"": 150.0}",44
sample_000045,C04_Sector_Edge,703,"{""angle_center_rad"": 5.988613067884558, ""angle_width_deg"": 59.45432712060215, ""edge_width_ratio"": 0.24642548825820787, ""n_particles"": 703, ""name"": ""wafer_particles.pattern.C04_Sector_Edge"", ""radial_beta_alpha"": 1.425638924818116, ""radial_beta_beta"": 1.7041363672522831, ""schema_version"": ""wafer_particles.pattern_config.v1"", ""side"": ""right"", ""theta_vonmises_kappa"": 6.210367340324631, ""wafer_radius_mm"": 150.0}",45
sample_000046,C03_Ring,744,"{""n_particles"": 744, ""name"": ""wafer_particles.pattern.C03_Ring"", ""radius_ratio"": 0.8345018823711605, ""schema_version"": ""wafer_particles.pattern_config.v1"", ""wafer_radius_mm"": 150.0, ""width_ratio"": 0.13702831086105113}",46
sample_000047,C07_StraightLine,831,"{""angle_deg"": 125.75436779966249, ""n_particles"": 831, ""name"": ""wafer_particles.pattern.C07_StraightLine"", ""offset_ratio"": -0.12031532573289841, ""schema_version"": ""wafer_particles.pattern_config.v1"", ""segment_half_length_ratio"": 0.5240882098216395, ""wafer_radius_mm"": 150.0, ""width_ratio"": 0.005597482226602604}",47
sample_000048,C07_StraightLine,786,"{""angle_deg"": 24.450321260214537, ""n_particles"": 786, ""name"": ""wafer_particles.pattern.C07_StraightLine"", ""offset_ratio"": 0.27122052606047925, ""schema_version"": ""wafer_particles.pattern_config.v1"", ""segment_half_length_ratio"": 0.5412970546908981, ""wafer_radius_mm"": 150.0, ""width_ratio"": 0.027895452479252625}",48
sample_000049,C07_StraightLine,1309,"{""angle_deg"": 35.3560156705048, ""n_particles"": 1309, ""name"": ""wafer_particles.pattern.C07_StraightLine"", ""offset_ratio"": -0.1873457050193656, ""schema_version"": ""wafer_particles.pattern_config.v1"", ""segment_half_length_ratio"": 0.7778262433578214, ""wafer_radius_mm"": 150.0, ""width_ratio"": 0.023370556415396017}",49
sample_000050,C01_Uniform,988,"{""n_particles"": 988, ""name"": ""wafer_particles.pattern.C01_Uniform"", ""schema_version"": ""wafer_particles.pattern_config.v1"", ""wafer_radius_mm"": 150.0}",50
sample_000051,C04_Sector_Edge,1231,"{""angle_center_rad"": 0.10277645438447591, ""angle_width_deg"": 39.41328692241441, ""edge_width_ratio"": 0.2220573106888618, ""n_particles"": 1231, ""name"": ""wafer_particles.pattern.C04_Sector_Edge"", ""radial_beta_alpha"": 3.933245923536038, ""radial_beta_beta"": 2.04931583086306, ""schema_version"": ""wafer_particles.pattern_config.v1"", ""side"": ""right"", ""theta_vonmises_kappa"": 6.444991804084749, ""wafer_radius_mm"": 150.0}",51
sample_000052,C11_Hotspot_Elliptic,1087,"{""center_angle"": ""random"", ""center_angle_rad"": 2.701500132496692, ""center_radius_ratio"": 0.7203707226446706, ""mode"": ""random"", ""n_particles"": 1087, ""name"": ""wafer_particles.pattern.C11_Hotspot_Elliptic"", ""rotation_deg"": 30.0, ""rotation_rad"": 0.2862675817734964, ""schema_version"": ""wafer_particles.pattern_config.v1"", ""sigma_x_ratio"": 0.10874675666201919, ""sigma_y_ratio"": 0.06408690703298933, ""wafer_radius_mm"": 150.0}",52
sample_000053,C07_StraightLine,1059,"{""angle_deg"": 20.368590918596638, ""n_particles"": 1059, ""name"": ""wafer_particles.pattern.C07_StraightLine"", ""offset_ratio"": -0.017860536126529825, ""schema_version"": ""wafer_particles.pattern_config.v1"", ""segment_half_length_ratio"": 0.7741083225784104, ""wafer_radius_mm"": 150.0, ""width_ratio"": 0.04363247113804135}",53
sample_000054,C04_Sector_Edge,520,"{""angle_center_rad"": 4.543963431526713, ""angle_width_deg"": 84.71465804919501, ""edge_width_ratio"": 0.2993846493254935, ""n_particles"": 520, ""name"": ""wafer_particles.pattern.C04_Sector_Edge"", ""radial_beta_alpha"": 3.530490704292169, ""radial_beta_beta"": 1.5187266595170361, ""schema_version"": ""wafer_particles.pattern_config.v1"", ""side"": ""right"", ""theta_vonmises_kappa"": 1.4012237867088622, ""wafer_radius_mm"": 150.0}",54
sample_000055,C01_Uniform,1418,"{""n_particles"": 1418, ""name"": ""wafer_particles.pattern.C01_Uniform"", ""schema_version"": ""wafer_particles.pattern_config.v1"", ""wafer_radius_mm"": 150.0}",55
sample_000056,C04_Sector_Edge,1183,"{""angle_center_rad"": 5.124825244711509, ""angle_width_deg"": 56.89318625169258, ""edge_width_ratio"": 0.05435908686856265, ""n_particles"": 1183, ""name"": ""wafer_particles.pattern.C04_Sector_Edge"", ""radial_beta_alpha"": 1.8193423047138388, ""radial_beta_beta"": 1.8428193012495668, ""schema_version"": ""wafer_particles.pattern_config.v1"", ""side"": ""right"", ""theta_vonmises_kappa"": 1.8962299786662788, ""wafer_radius_mm"": 150.0}",56
sample_000057,C01_Uniform,1225,"{""n_particles"": 1225, ""name"": ""wafer_particles.pattern.C01_Uniform"", ""schema_version"": ""wafer_particles.pattern_config.v1"", ""wafer_radius_mm"": 150.0}",57
sample_000058,C03_Ring,831,"{""n_particles"": 831, ""name"": ""wafer_particles.pattern.C03_Ring"", ""radius_ratio"": 0.4298010247941639, ""schema_version"": ""wafer_particles.pattern_config.v1"", ""wafer_radius_mm"": 150.0, ""width_ratio"": 0.1703294893174578}",58
sample_000059,C07_StraightLine,636,"{""angle_deg"": 44.38246853428598, ""n_particles"": 636, ""name"": ""wafer_particles.pattern.C07_StraightLine"", ""offset_ratio"": 0.1171459615056959, ""schema_version"": ""wafer_particles.pattern_config.v1"", ""segment_half_length_ratio"": 0.5184582090861216, ""wafer_radius_mm"": 150.0, ""width_ratio"": 0.02415202756153571}",59
sample_000060,C07_StraightLine,1097,"{""angle_deg"": 171.9544637878867, ""n_particles"": 1097, ""name"": ""wafer_particles.pattern.C07_StraightLine"", ""offset_ratio"": -0.16212963983745768, ""schema_version"": ""wafer_particles.pattern_config.v1"", ""segment_half_length_ratio"": 0.7245678685593622, ""wafer_radius_mm"": 150.0, ""width_ratio"": 0.020963867919720835}",60
sample_000061,C07_StraightLine,571,"{""angle_deg"": 102.91344835764608, ""n_particles"": 571, ""name"": ""wafer_particles.pattern.C07_StraightLine"", ""offset_ratio"": -0.0019946211713652295, ""schema_version"": ""wafer_particles.pattern_config.v1"", ""segment_half_length_ratio"": 0.821844355418047, ""wafer_radius_mm"": 150.0, ""width_ratio"": 0.023805204727535178}",61
sample_000062,C04_Sector_Edge,556,"{""angle_center_rad"": 5.23276773425409, ""angle_width_deg"": 41.22896257360692, ""edge_width_ratio"": 0.22849508874886015, ""n_particles"": 556, ""name"": ""wafer_particles.pattern.C04_Sector_Edge"", ""radial_beta_alpha"": 1.654152058419433, ""radial_beta_beta"": 0.9263467523107317, ""schema_version"": ""wafer_particles.pattern_config.v1"", ""side"": ""right"", ""theta_vonmises_kappa"": 1.7131913048329883, ""wafer_radius_mm"": 150.0}",62
sample_000063,C07_StraightLine,1478,"{""angle_deg"": 28.98822819513087, ""n_particles"": 1478, ""name"": ""wafer_particles.pattern.C07_StraightLine"", ""offset_ratio"": -0.0749455600383031, ""schema_version"": ""wafer_particles.pattern_config.v1"", ""segment_half_length_ratio"": 0.7624603316128573, ""wafer_radius_mm"": 150.0, ""width_ratio"": 0.03231402722075942}",63
sample_000064,C01_Uniform,651,"{""n_particles"": 651, ""name"": ""wafer_particles.pattern.C01_Uniform"", ""schema_version"": ""wafer_particles.pattern_config.v1"", ""wafer_radius_mm"": 150.0}",64
sample_000065,C03_Ring,1161,"{""n_particles"": 1161, ""name"": ""wafer_particles.pattern.C03_Ring"", ""radius_ratio"": 0.44232734298447046, ""schema_version"": ""wafer_particles.pattern_config.v1"", ""wafer_radius_mm"": 150.0, ""width_ratio"": 0.09746768899525121}",65
sample_000066,C04_Sector_Edge,1432,"{""angle_center_rad"": 3.666016883458321, ""angle_width_deg"": 38.19682090731341, ""edge_width_ratio"": 0.27446856206766623, ""n_particles"": 1432, ""name"": ""wafer_particles.pattern.C04_Sector_Edge"", ""radial_beta_alpha"": 3.5885504813528293, ""radial_beta_beta"": 2.3049106236592563, ""schema_version"": ""wafer_particles.pattern_config.v1"", ""side"": ""right"", ""theta_vonmises_kappa"": 9.682511873516539, ""wafer_radius_mm"": 150.0}",66
sample_000067,C03_Ring,537,"{""n_particles"": 537, ""name"": ""wafer_particles.pattern.C03_Ring"", ""radius_ratio"": 0.6473836506499229, ""schema_version"": ""wafer_particles.pattern_config.v1"", ""wafer_radius_mm"": 150.0, ""width_ratio"": 0.12254302207199091}",67
sample_000068,C11_Hotspot_Elliptic,1461,"{""center_angle"": ""random"", ""center_angle_rad"": 4.551236252872115, ""center_radius_ratio"": 0.41279496675230687, ""mode"": ""random"", ""n_particles"": 1461, ""name"": ""wafer_particles.pattern.C11_Hotspot_Elliptic"", ""rotation_deg"": 30.0, ""rotation_rad"": 3.481723547392424, ""schema_version"": ""wafer_particles.pattern_config.v1"", ""sigma_x_ratio"": 0.0898056638480037, ""sigma_y_ratio"": 0.07521068463894358, ""wafer_radius_mm"": 150.0}",68
sample_000069,C03_Ring,738,"{""n_particles"": 738, ""name"": ""wafer_particles.pattern.C03_Ring"", ""radius_ratio"": 0.41014715305731525, ""schema_version"": ""wafer_particles.pattern_config.v1"", ""wafer_radius_mm"": 150.0, ""width_ratio"": 0.18433456050429892}",69
sample_000070,C11_Hotspot_Elliptic,1352,"{""center_angle"": ""random"", ""center_angle_rad"": 5.055281520800807, ""center_radius_ratio"": 0.0475595862897091, ""mode"": ""random"", ""n_particles"": 1352, ""name"": ""wafer_particles.pattern.C11_Hotspot_Elliptic"", ""rotation_deg"": 30.0, ""rotation_rad"": 5.0026612046383425, ""schema_version"": ""wafer_particles.pattern_config.v1"", ""sigma_x_ratio"": 0.03427257217846197, ""sigma_y_ratio"": 0.06281877434867394, ""wafer_radius_mm"": 150.0}",70
sample_000071,C07_StraightLine,829,"{""angle_deg"": 118.43753638430998, ""n_particles"": 829, ""name"": ""wafer_particles.pattern.C07_StraightLine"", ""offset_ratio"": 0.25082605581253076, ""schema_version"": ""wafer_particles.pattern_config.v1"", ""segment_half_length_ratio"": 0.4805631204171902, ""wafer_radius_mm"": 150.0, ""width_ratio"": 0.01011645241107116}",71
sample_000072,C01_Uniform,1231,"{""n_particles"": 1231, ""name"": ""wafer_particles.pattern.C01_Uniform"", ""schema_version"": ""wafer_particles.pattern_config.v1"", ""wafer_radius_mm"": 150.0}",72
sample_000073,C11_Hotspot_Elliptic,859,"{""center_angle"": ""random"", ""center_angle_rad"": 3.6777755516018655, ""center_radius_ratio"": 0.8743220981057168, ""mode"": ""random"", ""n_particles"": 859, ""name"": ""wafer_particles.pattern.C11_Hotspot_Elliptic"", ""rotation_deg"": 30.0, ""rotation_rad"": 1.3524937307187612, ""schema_version"": ""wafer_particles.pattern_config.v1"", ""sigma_x_ratio"": 0.08551138962889379, ""sigma_y_ratio"": 0.04021705439365373, ""wafer_radius_mm"": 150.0}",73
sample_000074,C11_Hotspot_Elliptic,1160,"{""center_angle"": ""random"", ""center_angle_rad"": 0.741845702999113, ""center_radius_ratio"": 0.7770908196904545, ""mode"": ""random"", ""n_particles"": 1160, ""name"": ""wafer_particles.pattern.C11_Hotspot_Elliptic"", ""rotation_deg"": 30.0, ""rotation_rad"": 4.9826021970708405, ""schema_version"": ""wafer_particles.pattern_config.v1"", ""sigma_x_ratio"": 0.03953885526423147, ""sigma_y_ratio"": 0.02744156244611854, ""wafer_radius_mm"": 150.0}",74
sample_000075,C07_StraightLine,1218,"{""angle_deg"": 154.50035387619627, ""n_particles"": 1218, ""name"": ""wafer_particles.pattern.C07_StraightLine"", ""offset_ratio"": 0.024037727510386464, ""schema_version"": ""wafer_particles.pattern_config.v1"", ""segment_half_length_ratio"": 0.573758071708438, ""wafer_radius_mm"": 150.0, ""width_ratio"": 0.024431023459302766}",75
sample_000076,C03_Ring,746,"{""n_particles"": 746, ""name"": ""wafer_particles.pattern.C03_Ring"", ""radius_ratio"": 0.6706466973918603, ""schema_version"": ""wafer_particles.pattern_config.v1"", ""wafer_radius_mm"": 150.0, ""width_ratio"": 0.1269461263686253}",76
sample_000077,C01_Uniform,1074,"{""n_particles"": 1074, ""name"": ""wafer_particles.pattern.C01_Uniform"", ""schema_version"": ""wafer_particles.pattern_config.v1"", ""wafer_radius_mm"": 150.0}",77
sample_000078,C04_Sector_Edge,1312,"{""angle_center_rad"": 4.98208766355935, ""angle_width_deg"": 31.243216104566372, ""edge_width_ratio"": 0.07010161089237764, ""n_particles"": 1312, ""name"": ""wafer_particles.pattern.C04_Sector_Edge"", ""radial_beta_alpha"": 3.694608243176484, ""radial_beta_beta"": 1.652392056521585, ""schema_version"": ""wafer_particles.pattern_config.v1"", ""side"": ""right"", ""theta_vonmises_kappa"": 5.638762376905476, ""wafer_radius_mm"": 150.0}",78
sample_000079,C01_Uniform,550,"{""n_particles"": 550, ""name"": ""wafer_particles.pattern.C01_Uniform"", ""schema_version"": ""wafer_particles.pattern_config.v1"", ""wafer_radius_mm"": 150.0}",79
sample_000080,C04_Sector_Edge,640,"{""angle_center_rad"": 5.8883952487002675, ""angle_width_deg"": 71.90804303275905, ""edge_width_ratio"": 0.11913729094550622, ""n_particles"": 640, ""name"": ""wafer_particles.pattern.C04_Sector_Edge"", ""radial_beta_alpha"": 2.488565743123578, ""radial_beta_beta"": 1.2166771816971875, ""schema_version"": ""wafer_particles.pattern_config.v1"", ""side"": ""right"", ""theta_vonmises_kappa"": 9.70287340513241, ""wafer_radius_mm"": 150.0}",80
sample_000081,C07_StraightLine,1050,"{""angle_deg"": 47.48853613626913, ""n_particles"": 1050, ""name"": ""wafer_particles.pattern.C07_StraightLine"", ""offset_ratio"": -0.14006471055801714, ""schema_version"": ""wafer_particles.pattern_config.v1"", ""segment_half_length_ratio"": 0.7098932763871716, ""wafer_radius_mm"": 150.0, ""width_ratio"": 0.02767412801144214}",81
sample_000082,C11_Hotspot_Elliptic,1463,"{""center_angle"": ""random"", ""center_angle_rad"": 1.1831154956485204, ""center_radius_ratio"": 0.7236128854850539, ""mode"": ""random"", ""n_particles"": 1463, ""name"": ""wafer_particles.pattern.C11_Hotspot_Elliptic"", ""rotation_deg"": 30.0, ""rotation_rad"": 2.7300544225276453, ""schema_version"": ""wafer_particles.pattern_config.v1"", ""sigma_x_ratio"": 0.11879096778029913, ""sigma_y_ratio"": 0.019621622925462254, ""wafer_radius_mm"": 150.0}",82
sample_000083,C07_StraightLine,1486,"{""angle_deg"": 10.916990521918137, ""n_particles"": 1486, ""name"": ""wafer_particles.pattern.C07_StraightLine"", ""offset_ratio"": 0.19636249378734405, ""schema_version"": ""wafer_particles.pattern_config.v1"", ""segment_half_length_ratio"": 0.8472633030986008, ""wafer_radius_mm"": 150.0, ""width_ratio"": 0.02653922890958661}",83
sample_000084,C07_StraightLine,1517,"{""angle_deg"": 171.29870009991754, ""n_particles"": 1517, ""name"": ""wafer_particles.pattern.C07_StraightLine"", ""offset_ratio"": -0.2628465341091738, ""schema_version"": ""wafer_particles.pattern_config.v1"", ""segment_half_length_ratio"": 0.5127597316809498, ""wafer_radius_mm"": 150.0, ""width_ratio"": 0.04991036057039112}",84
sample_000085,C01_Uniform,1531,"{""n_particles"": 1531, ""name"": ""wafer_particles.pattern.C01_Uniform"", ""schema_version"": ""wafer_particles.pattern_config.v1"", ""wafer_radius_mm"": 150.0}",85
sample_000086,C04_Sector_Edge,948,"{""angle_center_rad"": 3.238034720977031, ""angle_width_deg"": 24.43022169477107, ""edge_width_ratio"": 0.158769842918295, ""n_particles"": 948, ""name"": ""wafer_particles.pattern.C04_Sector_Edge"", ""radial_beta_alpha"": 3.8910550729282303, ""radial_beta_beta"": 1.9051011153472865, ""schema_version"": ""wafer_particles.pattern_config.v1"", ""side"": ""right"", ""theta_vonmises_kappa"": 7.040363867237956, ""wafer_radius_mm"": 150.0}",86
sample_000087,C04_Sector_Edge,911,"{""angle_center_rad"": 2.191444843777848, ""angle_width_deg"": 55.0797996350312, ""edge_width_ratio"": 0.21708886337405658, ""n_particles"": 911, ""name"": ""wafer_particles.pattern.C04_Sector_Edge"", ""radial_beta_alpha"": 3.546425940202159, ""radial_beta_beta"": 2.252149383839906, ""schema_version"": ""wafer_particles.pattern_config.v1"", ""side"": ""right"", ""theta_vonmises_kappa"": 6.982056735932949, ""wafer_radius_mm"": 150.0}",87
sample_000088,C04_Sector_Edge,809,"{""angle_center_rad"": 5.499234985584643, ""angle_width_deg"": 57.55389569288575, ""edge_width_ratio"": 0.09616067794617368, ""n_particles"": 809, ""name"": ""wafer_particles.pattern.C04_Sector_Edge"", ""radial_beta_alpha"": 2.613271735724843, ""radial_beta_beta"": 1.3310346110088078, ""schema_version"": ""wafer_particles.pattern_config.v1"", ""side"": ""right"", ""theta_vonmises_kappa"": 9.126348791652973, ""wafer_radius_mm"": 150.0}",88
sample_000089,C03_Ring,1513,"{""n_particles"": 1513, ""name"": ""wafer_particles.pattern.C03_Ring"", ""radius_ratio"": 0.7644139546310734, ""schema_version"": ""wafer_particles.pattern_config.v1"", ""wafer_radius_mm"": 150.0, ""width_ratio"": 0.039999864125462026}",89
sample_000090,C11_Hotspot_Elliptic,866,"{""center_angle"": ""random"", ""center_angle_rad"": 0.702202066295167, ""center_radius_ratio"": 0.4851029303464886, ""mode"": ""random"", ""n_particles"": 866, ""name"": ""wafer_particles.pattern.C11_Hotspot_Elliptic"", ""rotation_deg"": 30.0, ""rotation_rad"": 5.3106050270332075, ""schema_version"": ""wafer_particles.pattern_config.v1"", ""sigma_x_ratio"": 0.03848058627134634, ""sigma_y_ratio"": 0.011528950676598244, ""wafer_radius_mm"": 150.0}",90
sample_000091,C07_StraightLine,1196,"{""angle_deg"": 13.634029992121857, ""n_particles"": 1196, ""name"": ""wafer_particles.pattern.C07_StraightLine"", ""offset_ratio"": 0.03432159939320517, ""schema_version"": ""wafer_particles.pattern_config.v1"", ""segment_half_length_ratio"": 0.8753223117114204, ""wafer_radius_mm"": 150.0, ""width_ratio"": 0.042081551760185215}",91
sample_000092,C03_Ring,679,"{""n_particles"": 679, ""name"": ""wafer_particles.pattern.C03_Ring"", ""radius_ratio"": 0.616743498154964, ""schema_version"": ""wafer_particles.pattern_config.v1"", ""wafer_radius_mm"": 150.0, ""width_ratio"": 0.1490041266125212}",92
sample_000093,C01_Uniform,777,"{""n_particles"": 777, ""name"": ""wafer_particles.pattern.C01_Uniform"", ""schema_version"": ""wafer_particles.pattern_config.v1"", ""wafer_radius_mm"": 150.0}",93
sample_000094,C04_Sector_Edge,1152,"{""angle_center_rad"": 3.5952875691562936, ""angle_width_deg"": 84.73788208534707, ""edge_width_ratio"": 0.08510692749763364, ""n_particles"": 1152, ""name"": ""wafer_particles.pattern.C04_Sector_Edge"", ""radial_beta_alpha"": 2.8030665376594546, ""radial_beta_beta"": 1.399515058788742, ""schema_version"": ""wafer_particles.pattern_config.v1"", ""side"": ""right"", ""theta_vonmises_kappa"": 1.9368456594702683, ""wafer_radius_mm"": 150.0}",94
sample_000095,C01_Uniform,1219,"{""n_particles"": 1219, ""name"": ""wafer_particles.pattern.C01_Uniform"", ""schema_version"": ""wafer_particles.pattern_config.v1"", ""wafer_radius_mm"": 150.0}",95
sample_000096,C01_Uniform,1456,"{""n_particles"": 1456, ""name"": ""wafer_particles.pattern.C01_Uniform"", ""schema_version"": ""wafer_particles.pattern_config.v1"", ""wafer_radius_mm"": 150.0}",96
sample_000097,C07_StraightLine,579,"{""angle_deg"": 52.78474949191225, ""n_particles"": 579, ""name"": ""wafer_particles.pattern.C07_StraightLine"", ""offset_ratio"": 0.20673897277215564, ""schema_version"": ""wafer_particles.pattern_config.v1"", ""segment_half_length_ratio"": 0.7204946082208601, ""wafer_radius_mm"": 150.0, ""width_ratio"": 0.04689238146089432}",97
sample_000098,C11_Hotspot_Elliptic,880,"{""center_angle"": ""random"", ""center_angle_rad"": 2.351854279805379, ""center_radius_ratio"": 0.4435715593085028, ""mode"": ""random"", ""n_particles"": 880, ""name"": ""wafer_particles.pattern.C11_Hotspot_Elliptic"", ""rotation_deg"": 30.0, ""rotation_rad"": 0.9360248728895726, ""schema_version"": ""wafer_particles.pattern_config.v1"", ""sigma_x_ratio"": 0.09606678736886534, ""sigma_y_ratio"": 0.06376780163196707, ""wafer_radius_mm"": 150.0}",98
sample_000099,C11_Hotspot_Elliptic,1453,"{""center_angle"": ""random"", ""center_angle_rad"": 4.737746106942128, ""center_radius_ratio"": 0.4980602757916931, ""mode"": ""random"", ""n_particles"": 1453, ""name"": ""wafer_particles.pattern.C11_Hotspot_Elliptic"", ""rotation_deg"": 30.0, ""rotation_rad"": 3.7384921272514897, ""schema_version"": ""wafer_particles.pattern_config.v1"", ""sigma_x_ratio"": 0.0846842350970038, ""sigma_y_ratio"": 0.05128238771190928, ""wafer_radius_mm"": 150.0}",99
sample_000100,C01_Uniform,1173,"{""n_particles"": 1173, ""name"": ""wafer_particles.pattern.C01_Uniform"", ""schema_version"": ""wafer_particles.pattern_config.v1"", ""wafer_radius_mm"": 150.0}",100
sample_000101,C01_Uniform,626,"{""n_particles"": 626, ""name"": ""wafer_particles.pattern.C01_Uniform"", ""schema_version"": ""wafer_particles.pattern_config.v1"", ""wafer_radius_mm"": 150.0}",101
sample_000102,C07_StraightLine,579,"{""angle_deg"": 0.8540110442518722, ""n_particles"": 579, ""name"": ""wafer_particles.pattern.C07_StraightLine"", ""offset_ratio"": 0.02486953943599035, ""schema_version"": ""wafer_particles.pattern_config.v1"", ""segment_half_length_ratio"": 0.7284958893983158, ""wafer_radius_mm"": 150.0, ""width_ratio"": 0.04239109499277384}",102
sample_000103,C04_Sector_Edge,1362,"{""angle_center_rad"": 0.32602479702674564, ""angle_width_deg"": 61.3914218213979, ""edge_width_ratio"": 0.05898965781614597, ""n_particles"": 1362, ""name"": ""wafer_particles.pattern.C04_Sector_Edge"", ""radial_beta_alpha"": 1.4309889466922425, ""radial_beta_beta"": 0.8836370876141281, ""schema_version"": ""wafer_particles.pattern_config.v1"", ""side"": ""right"", ""theta_vonmises_kappa"": 5.255548383949039, ""wafer_radius_mm"": 150.0}",103
sample_000104,C11_Hotspot_Elliptic,1496,"{""center_angle"": ""random"", ""center_angle_rad"": 3.053478646048756, ""center_radius_ratio"": 0.013887121555801874, ""mode"": ""random"", ""n_particles"": 1496, ""name"": ""wafer_particles.pattern.C11_Hotspot_Elliptic"", ""rotation_deg"": 30.0, ""rotation_rad"": 3.91369777622755, ""schema_version"": ""wafer_particles.pattern_config.v1"", ""sigma_x_ratio"": 0.076198687009082, ""sigma_y_ratio"": 0.02100020103016933, ""wafer_radius_mm"": 150.0}",104
sample_000105,C03_Ring,1015,"{""n_particles"": 1015, ""name"": ""wafer_particles.pattern.C03_Ring"", ""radius_ratio"": 0.894406642038553, ""schema_version"": ""wafer_particles.pattern_config.v1"", ""wafer_radius_mm"": 150.0, ""width_ratio"": 0.1817069607827364}",105
sample_000106,C04_Sector_Edge,1189,"{""angle_center_rad"": 5.445963202424358, ""angle_width_deg"": 45.13217352033932, ""edge_width_ratio"": 0.11397930326283905, ""n_particles"": 1189, ""name"": ""wafer_particles.pattern.C04_Sector_Edge"", ""radial_beta_alpha"": 2.7911884272012184, ""radial_beta_beta"": 1.915571324183979, ""schema_version"": ""wafer_particles.pattern_config.v1"", ""side"": ""right"", ""theta_vonmises_kappa"": 7.6408720894686075, ""wafer_radius_mm"": 150.0}",106
sample_000107,C04_Sector_Edge,979,"{""angle_center_rad"": 1.441245795059186, ""angle_width_deg"": 45.30214377672793, ""edge_width_ratio"": 0.22169734584598172, ""n_particles"": 979, ""name"": ""wafer_particles.pattern.C04_Sector_Edge"", ""radial_beta_alpha"": 3.9305952623034015, ""radial_beta_beta"": 2.4931824535830343, ""schema_version"": ""wafer_particles.pattern_config.v1"", ""side"": ""right"", ""theta_vonmises_kappa"": 8.899530897098694, ""wafer_radius_mm"": 150.0}",107
sample_000108,C11_Hotspot_Elliptic,712,"{""center_angle"": ""random"", ""center_angle_rad"": 5.39692330162298, ""center_radius_ratio"": 0.41324548011875367, ""mode"": ""random"", ""n_particles"": 712, ""name"": ""wafer_particles.pattern.C11_Hotspot_Elliptic"", ""rotation_deg"": 30.0, ""rotation_rad"": 3.568222424709836, ""schema_version"": ""wafer_particles.pattern_config.v1"", ""sigma_x_ratio"": 0.07388784107131458, ""sigma_y_ratio"": 0.010230586431264297, ""wafer_radius_mm"": 150.0}",108
sample_000109,C04_Sector_Edge,1469,"{""angle_center_rad"": 4.528358482037885, ""angle_width_deg"": 69.23320718276418, ""edge_width_ratio"": 0.2697636818409068, ""n_particles"": 1469, ""name"": ""wafer_particles.pattern.C04_Sector_Edge"", ""radial_beta_alpha"": 2.9619369600152217, ""radial_beta_beta"": 0.9591432960247398, ""schema_version"": ""wafer_particles.pattern_config.v1"", ""side"": ""right"", ""theta_vonmises_kappa"": 9.259230075610253, ""wafer_radius_mm"": 150.0}",109
sample_000110,C03_Ring,964,"{""n_particles"": 964, ""name"": ""wafer_particles.pattern.C03_Ring"", ""radius_ratio"": 0.5239351944865533, ""schema_version"": ""wafer_particles.pattern_config.v1"", ""wafer_radius_mm"": 150.0, ""width_ratio"": 0.0955455941934985}",110
sample_000111,C01_Uniform,1230,"{""n_particles"": 1230, ""name"": ""wafer_particles.pattern.C01_Uniform"", ""schema_version"": ""wafer_particles.pattern_config.v1"", ""wafer_radius_mm"": 150.0}",111
sample_000112,C04_Sector_Edge,1130,"{""angle_center_rad"": 6.127194471760911, ""angle_width_deg"": 67.30101568085944, ""edge_width_ratio"": 0.084860169306009, ""n_particles"": 1130, ""name"": ""wafer_particles.pattern.C04_Sector_Edge"", ""radial_beta_alpha"": 3.315159598402066, ""radial_beta_beta"": 2.3568295092583824, ""schema_version"": ""wafer_particles.pattern_config.v1"", ""side"": ""right"", ""theta_vonmises_kappa"": 3.650793936643939, ""wafer_radius_mm"": 150.0}",112
sample_000113,C03_Ring,764,"{""n_particles"": 764, ""name"": ""wafer_particles.pattern.C03_Ring"", ""radius_ratio"": 0.8485074818069485, ""schema_version"": ""wafer_particles.pattern_config.v1"", ""wafer_radius_mm"": 150.0, ""width_ratio"": 0.09532198218273669}",113
sample_000114,C11_Hotspot_Elliptic,677,"{""center_angle"": ""random"", ""center_angle_rad"": 3.8755372180656686, ""center_radius_ratio"": 0.25848017623532454, ""mode"": ""random"", ""n_particles"": 677, ""name"": ""wafer_particles.pattern.C11_Hotspot_Elliptic"", ""rotation_deg"": 30.0, ""rotation_rad"": 0.42812868367489965, ""schema_version"": ""wafer_particles.pattern_config.v1"", ""sigma_x_ratio"": 0.03962695975895161, ""sigma_y_ratio"": 0.02263008822375536, ""wafer_radius_mm"": 150.0}",114
sample_000115,C01_Uniform,750,"{""n_particles"": 750, ""name"": ""wafer_particles.pattern.C01_Uniform"", ""schema_version"": ""wafer_particles.pattern_config.v1"", ""wafer_radius_mm"": 150.0}",115
sample_000116,C01_Uniform,1409,"{""n_particles"": 1409, ""name"": ""wafer_particles.pattern.C01_Uniform"", ""schema_version"": ""wafer_particles.pattern_config.v1"", ""wafer_radius_mm"": 150.0}",116
sample_000117,C07_StraightLine,787,"{""angle_deg"": 143.31628009500662, ""n_particles"": 787, ""name"": ""wafer_particles.pattern.C07_StraightLine"", ""offset_ratio"": 0.03153240405909025, ""schema_version"": ""wafer_particles.pattern_config.v1"", ""segment_half_length_ratio"": 0.8786124721311412, ""wafer_radius_mm"": 150.0, ""width_ratio"": 0.009125641626686127}",117
sample_000118,C04_Sector_Edge,1480,"{""angle_center_rad"": 2.6602009167679963, ""angle_width_deg"": 47.113280592281576, ""edge_width_ratio"": 0.13664143656698036, ""n_particles"": 1480, ""name"": ""wafer_particles.pattern.C04_Sector_Edge"", ""radial_beta_alpha"": 2.1608104658535967, ""radial_beta_beta"": 2.6687825461734644, ""schema_version"": ""wafer_particles.pattern_config.v1"", ""side"": ""right"", ""theta_vonmises_kappa"": 7.212030282137199, ""wafer_radius_mm"": 150.0}",118
sample_000119,C07_StraightLine,1298,"{""angle_deg"": 158.53143930787948, ""n_particles"": 1298, ""name"": ""wafer_particles.pattern.C07_StraightLine"", ""offset_ratio"": 0.19186243128301678, ""schema_version"": ""wafer_particles.pattern_config.v1"", ""segment_half_length_ratio"": 0.6682507846483394, ""wafer_radius_mm"": 150.0, ""width_ratio"": 0.0332716125050762}",119
sample_000120,C03_Ring,642,"{""n_particles"": 642, ""name"": ""wafer_particles.pattern.C03_Ring"", ""radius_ratio"": 0.4518868530666987, ""schema_version"": ""wafer_particles.pattern_config.v1"", ""wafer_radius_mm"": 150.0, ""width_ratio"": 0.11109352194171591}",120
sample_000121,C11_Hotspot_Elliptic,1408,"{""center_angle"": ""random"", ""center_angle_rad"": 0.7661900320591449, ""center_radius_ratio"": 0.4049253727067833, ""mode"": ""random"", ""n_particles"": 1408, ""name"": ""wafer_particles.pattern.C11_Hotspot_Elliptic"", ""rotation_deg"": 30.0, ""rotation_rad"": 2.5397887514566864, ""schema_version"": ""wafer_particles.pattern_config.v1"", ""sigma_x_ratio"": 0.04819777115185805, ""sigma_y_ratio"": 0.038576819349083837, ""wafer_radius_mm"": 150.0}",121
sample_000122,C07_StraightLine,1526,"{""angle_deg"": 83.50936848831708, ""n_particles"": 1526, ""name"": ""wafer_particles.pattern.C07_StraightLine"", ""offset_ratio"": 0.0496926206216351, ""schema_version"": ""wafer_particles.pattern_config.v1"", ""segment_half_length_ratio"": 0.49588896934181526, ""wafer_radius_mm"": 150.0, ""width_ratio"": 0.03284212262269388}",122
sample_000123,C11_Hotspot_Elliptic,759,"{""center_angle"": ""random"", ""center_angle_rad"": 1.7766857285820494, ""center_radius_ratio"": 0.610939066120032, ""mode"": ""random"", ""n_particles"": 759, ""name"": ""wafer_particles.pattern.C11_Hotspot_Elliptic"", ""rotation_deg"": 30.0, ""rotation_rad"": 5.2548451019160165, ""schema_version"": ""wafer_particles.pattern_config.v1"", ""sigma_x_ratio"": 0.03860021817695779, ""sigma_y_ratio"": 0.045617908380321155, ""wafer_radius_mm"": 150.0}",123
sample_000124,C03_Ring,632,"{""n_particles"": 632, ""name"": ""wafer_particles.pattern.C03_Ring"", ""radius_ratio"": 0.6941981579084167, ""schema_version"": ""wafer_particles.pattern_config.v1"", ""wafer_radius_mm"": 150.0, ""width_ratio"": 0.1037664099293722}",124
sample_000125,C04_Sector_Edge,960,"{""angle_center_rad"": 3.9035039454179423, ""angle_width_deg"": 54.111799104086636, ""edge_width_ratio"": 0.10382552565077897, ""n_particles"": 960, ""name"": ""wafer_particles.pattern.C04_Sector_Edge"", ""radial_beta_alpha"": 3.7986602271042553, ""radial_beta_beta"": 2.466204460848528, ""schema_version"": ""wafer_particles.pattern_config.v1"", ""side"": ""right"", ""theta_vonmises_kappa"": 8.611589609490391, ""wafer_radius_mm"": 150.0}",125
sample_000126,C04_Sector_Edge,527,"{""angle_center_rad"": 6.107167974548985, ""angle_width_deg"": 69.94272050552257, ""edge_width_ratio"": 0.1705356540048582, ""n_particles"": 527, ""name"": ""wafer_particles.pattern.C04_Sector_Edge"", ""radial_beta_alpha"": 2.9527999162987975, ""radial_beta_beta"": 3.340416116990485, ""schema_version"": ""wafer_particles.pattern_config.v1"", ""side"": ""right"", ""theta_vonmises_kappa"": 8.61101460586593, ""wafer_radius_mm"": 150.0}",126
sample_000127,C07_StraightLine,789,"{""angle_deg"": 23.825021140753055, ""n_particles"": 789, ""name"": ""wafer_particles.pattern.C07_StraightLine"", ""offset_ratio"": 0.2803128234803926, ""schema_version"": ""wafer_particles.pattern_config.v1"", ""segment_half_length_ratio"": 0.48702931922813125, ""wafer_radius_mm"": 150.0, ""width_ratio"": 0.01003320743201417}",127
sample_000128,C07_StraightLine,703,"{""angle_deg"": 9.624897007191445, ""n_particles"": 703, ""name"": ""wafer_particles.pattern.C07_StraightLine"", ""offset_ratio"": 0.2885026008007984, ""schema_version"": ""wafer_particles.pattern_config.v1"", ""segment_half_length_ratio"": 0.5703240565738056, ""wafer_radius_mm"": 150.0, ""width_ratio"": 0.012711684088896552}",128
sample_000129,C11_Hotspot_Elliptic,557,"{""center_angle"": ""random"", ""center_angle_rad"": 2.423027499631175, ""center_radius_ratio"": 0.8918430508845306, ""mode"": ""random"", ""n_particles"": 557, ""name"": ""wafer_particles.pattern.C11_Hotspot_Elliptic"", ""rotation_deg"": 30.0, ""rotation_rad"": 5.917872169499611, ""schema_version"": ""wafer_particles.pattern_config.v1"", ""sigma_x_ratio"": 0.07495323606856767, ""sigma_y_ratio"": 0.0480674979125291, ""wafer_radius_mm"": 150.0}",129
sample_000130,C07_StraightLine,1019,"{""angle_deg"": 120.56452402221883, ""n_particles"": 1019, ""name"": ""wafer_particles.pattern.C07_StraightLine"", ""offset_ratio"": -0.07730247519990552, ""schema_version"": ""wafer_particles.pattern_config.v1"", ""segment_half_length_ratio"": 0.32787352081487453, ""wafer_radius_mm"": 150.0, ""width_ratio"": 0.01191995223010128}",130
sample_000131,C04_Sector_Edge,929,"{""angle_center_rad"": 1.9813540020187441, ""angle_width_deg"": 39.651849487564334, ""edge_width_ratio"": 0.1356411436772973, ""n_particles"": 929, ""name"": ""wafer_particles.pattern.C04_Sector_Edge"", ""radial_beta_alpha"": 2.223661486333193, ""radial_beta_beta"": 1.4227020667979593, ""schema_version"": ""wafer_particles.pattern_config.v1"", ""side"": ""right"", ""theta_vonmises_kappa"": 7.269981326495866, ""wafer_radius_mm"": 150.0}",131
sample_000132,C03_Ring,1401,"{""n_particles"": 1401, ""name"": ""wafer_particles.pattern.C03_Ring"", ""radius_ratio"": 0.44917464498462356, ""schema_version"": ""wafer_particles.pattern_config.v1"", ""wafer_radius_mm"": 150.0, ""width_ratio"": 0.15371676213487978}",132
sample_000133,C01_Uniform,514,"{""n_particles"": 514, ""name"": ""wafer_particles.pattern.C01_Uniform"", ""schema_version"": ""wafer_particles.pattern_config.v1"", ""wafer_radius_mm"": 150.0}",133
sample_000134,C01_Uniform,1391,"{""n_particles"": 1391, ""name"": ""wafer_particles.pattern.C01_Uniform"", ""schema_version"": ""wafer_particles.pattern_config.v1"", ""wafer_radius_mm"": 150.0}",134
sample_000135,C04_Sector_Edge,646,"{""angle_center_rad"": 3.5431893203016704, ""angle_width_deg"": 72.91713572310832, ""edge_width_ratio"": 0.23318726599551576, ""n_particles"": 646, ""name"": ""wafer_particles.pattern.C04_Sector_Edge"", ""radial_beta_alpha"": 2.092501091393175, ""radial_beta_beta"": 2.4706584020188957, ""schema_version"": ""wafer_particles.pattern_config.v1"", ""side"": ""right"", ""theta_vonmises_kappa"": 7.590523873822706, ""wafer_radius_mm"": 150.0}",135
sample_000136,C01_Uniform,1361,"{""n_particles"": 1361, ""name"": ""wafer_particles.pattern.C01_Uniform"", ""schema_version"": ""wafer_particles.pattern_config.v1"", ""wafer_radius_mm"": 150.0}",136
sample_000137,C07_StraightLine,524,"{""angle_deg"": 155.33356043471912, ""n_particles"": 524, ""name"": ""wafer_particles.pattern.C07_StraightLine"", ""offset_ratio"": 0.07510907566724118, ""schema_version"": ""wafer_particles.pattern_config.v1"", ""segment_half_length_ratio"": 0.6829825206803739, ""wafer_radius_mm"": 150.0, ""width_ratio"": 0.011918141761068902}",137
sample_000138,C01_Uniform,690,"{""n_particles"": 690, ""name"": ""wafer_particles.pattern.C01_Uniform"", ""schema_version"": ""wafer_particles.pattern_config.v1"", ""wafer_radius_mm"": 150.0}",138
sample_000139,C03_Ring,1340,"{""n_particles"": 1340, ""name"": ""wafer_particles.pattern.C03_Ring"", ""radius_ratio"": 0.4527100988622403, ""schema_version"": ""wafer_particles.pattern_config.v1"", ""wafer_radius_mm"": 150.0, ""width_ratio"": 0.14313796151674235}",139
sample_000140,C07_StraightLine,1255,"{""angle_deg"": 63.27345609486612, ""n_particles"": 1255, ""name"": ""wafer_particles.pattern.C07_StraightLine"", ""offset_ratio"": 0.12544416851004464, ""schema_version"": ""wafer_particles.pattern_config.v1"", ""segment_half_length_ratio"": 0.4574010444849369, ""wafer_radius_mm"": 150.0, ""width_ratio"": 0.01163094252612298}",140
sample_000141,C11_Hotspot_Elliptic,1529,"{""center_angle"": ""random"", ""center_angle_rad"": 1.9191444587966926, ""center_radius_ratio"": 0.4647175182270142, ""mode"": ""random"", ""n_particles"": 1529, ""name"": ""wafer_particles.pattern.C11_Hotspot_Elliptic"", ""rotation_deg"": 30.0, ""rotation_rad"": 4.311067970553296, ""schema_version"": ""wafer_particles.pattern_config.v1"", ""sigma_x_ratio"": 0.10484323875980389, ""sigma_y_ratio"": 0.05537423479029853, ""wafer_radius_mm"": 150.0}",141
sample_000142,C03_Ring,974,"{""n_particles"": 974, ""name"": ""wafer_particles.pattern.C03_Ring"", ""radius_ratio"": 0.7358126876459881, ""schema_version"": ""wafer_particles.pattern_config.v1"", ""wafer_radius_mm"": 150.0, ""width_ratio"": 0.11820252368004638}",142
sample_000143,C01_Uniform,581,"{""n_particles"": 581, ""name"": ""wafer_particles.pattern.C01_Uniform"", ""schema_version"": ""wafer_particles.pattern_config.v1"", ""wafer_radius_mm"": 150.0}",143
sample_000144,C07_StraightLine,646,"{""angle_deg"": 129.74260799324506, ""n_particles"": 646, ""name"": ""wafer_particles.pattern.C07_StraightLine"", ""offset_ratio"": 0.2988340471076026, ""schema_version"": ""wafer_particles.pattern_config.v1"", ""segment_half_length_ratio"": 0.47965838716927633, ""wafer_radius_mm"": 150.0, ""width_ratio"": 0.023625642116991825}",144
sample_000145,C04_Sector_Edge,903,"{""angle_center_rad"": 2.5950232823058785, ""angle_width_deg"": 83.78042643865805, ""edge_width_ratio"": 0.10807626997768978, ""n_particles"": 903, ""name"": ""wafer_particles.pattern.C04_Sector_Edge"", ""radial_beta_alpha"": 3.425674371260306, ""radial_beta_beta"": 3.4053892195511404, ""schema_version"": ""wafer_particles.pattern_config.v1"", ""side"": ""right"", ""theta_vonmises_kappa"": 8.93136651486425, ""wafer_radius_mm"": 150.0}",145
sample_000146,C11_Hotspot_Elliptic,993,"{""center_angle"": ""random"", ""center_angle_rad"": 1.717049903023661, ""center_radius_ratio"": 0.0671522355046135, ""mode"": ""random"", ""n_particles"": 993, ""name"": ""wafer_particles.pattern.C11_Hotspot_Elliptic"", ""rotation_deg"": 30.0, ""rotation_rad"": 0.9790757284238845, ""schema_version"": ""wafer_particles.pattern_config.v1"", ""sigma_x_ratio"": 0.03830271775782857, ""sigma_y_ratio"": 0.052668981605793044, ""wafer_radius_mm"": 150.0}",146
sample_000147,C07_StraightLine,531,"{""angle_deg"": 50.83104455757826, ""n_particles"": 531, ""name"": ""wafer_particles.pattern.C07_StraightLine"", ""offset_ratio"": -0.2054022550273113, ""schema_version"": ""wafer_particles.pattern_config.v1"", ""segment_half_length_ratio"": 0.37230081255587516, ""wafer_radius_mm"": 150.0, ""width_ratio"": 0.019461230264767423}",147
sample_000148,C04_Sector_Edge,564,"{""angle_center_rad"": 2.1058979441097754, ""angle_width_deg"": 53.04489620414955, ""edge_width_ratio"": 0.1318393987106506, ""n_particles"": 564, ""name"": ""wafer_particles.pattern.C04_Sector_Edge"", ""radial_beta_alpha"": 2.714726241502742, ""radial_beta_beta"": 1.9156432184770056, ""schema_version"": ""wafer_particles.pattern_config.v1"", ""side"": ""right"", ""theta_vonmises_kappa"": 9.579493844038689, ""wafer_radius_mm"": 150.0}",148
sample_000149,C11_Hotspot_Elliptic,581,"{""center_angle"": ""random"", ""center_angle_rad"": 3.436564593033099, ""center_radius_ratio"": 0.7849993300258591, ""mode"": ""random"", ""n_particles"": 581, ""name"": ""wafer_particles.pattern.C11_Hotspot_Elliptic"", ""rotation_deg"": 30.0, ""rotation_rad"": 3.8200765359636857, ""schema_version"": ""wafer_particles.pattern_config.v1"", ""sigma_x_ratio"": 0.07757016786730969, ""sigma_y_ratio"": 0.017934517100611055, ""wafer_radius_mm"": 150.0}",149
sample_000150,C11_Hotspot_Elliptic,1069,"{""center_angle"": ""random"", ""center_angle_rad"": 5.089554872279183, ""center_radius_ratio"": 0.5520114516803758, ""mode"": ""random"", ""n_particles"": 1069, ""name"": ""wafer_particles.pattern.C11_Hotspot_Elliptic"", ""rotation_deg"": 30.0, ""rotation_rad"": 0.2554609232618943, ""schema_version"": ""wafer_particles.pattern_config.v1"", ""sigma_x_ratio"": 0.11488023463669464, ""sigma_y_ratio"": 0.07150371159020397, ""wafer_radius_mm"": 150.0}",150
sample_000151,C11_Hotspot_Elliptic,612,"{""center_angle"": ""random"", ""center_angle_rad"": 2.0611286519689673, ""center_radius_ratio"": 0.7916537723255362, ""mode"": ""random"", ""n_particles"": 612, ""name"": ""wafer_particles.pattern.C11_Hotspot_Elliptic"", ""rotation_deg"": 30.0, ""rotation_rad"": 5.897650081495002, ""schema_version"": ""wafer_particles.pattern_config.v1"", ""sigma_x_ratio"": 0.042745058715995196, ""sigma_y_ratio"": 0.07777690771556665, ""wafer_radius_mm"": 150.0}",151
sample_000152,C04_Sector_Edge,783,"{""angle_center_rad"": 3.33550515797869, ""angle_width_deg"": 46.994043676769124, ""edge_width_ratio"": 0.11655534499817953, ""n_particles"": 783, ""name"": ""wafer_particles.pattern.C04_Sector_Edge"", ""radial_beta_alpha"": 1.8724188480951827, ""radial_beta_beta"": 3.176549520527673, ""schema_version"": ""wafer_particles.pattern_config.v1"", ""side"": ""right"", ""theta_vonmises_kappa"": 1.2632620710842692, ""wafer_radius_mm"": 150.0}",152
sample_000153,C07_StraightLine,972,"{""angle_deg"": 147.89837722407614, ""n_particles"": 972, ""name"": ""wafer_particles.pattern.C07_StraightLine"", ""offset_ratio"": 0.11841869520516468, ""schema_version"": ""wafer_particles.pattern_config.v1"", ""segment_half_length_ratio"": 0.38187202446457, ""wafer_radius_mm"": 150.0, ""width_ratio"": 0.044581779029874924}",153
sample_000154,C01_Uniform,980,"{""n_particles"": 980, ""name"": ""wafer_particles.pattern.C01_Uniform"", ""schema_version"": ""wafer_particles.pattern_config.v1"", ""wafer_radius_mm"": 150.0}",154
sample_000155,C11_Hotspot_Elliptic,1034,"{""center_angle"": ""random"", ""center_angle_rad"": 5.776803760694863, ""center_radius_ratio"": 0.5368024403682051, ""mode"": ""random"", ""n_particles"": 1034, ""name"": ""wafer_particles.pattern.C11_Hotspot_Elliptic"", ""rotation_deg"": 30.0, ""rotation_rad"": 5.100369716104026, ""schema_version"": ""wafer_particles.pattern_config.v1"", ""sigma_x_ratio"": 0.04349028611577738, ""sigma_y_ratio"": 0.05893585996053228, ""wafer_radius_mm"": 150.0}",155
sample_000156,C03_Ring,1093,"{""n_particles"": 1093, ""name"": ""wafer_particles.pattern.C03_Ring"", ""radius_ratio"": 0.6179924758071684, ""schema_version"": ""wafer_particles.pattern_config.v1"", ""wafer_radius_mm"": 150.0, ""width_ratio"": 0.06817678048403501}",156
sample_000157,C01_Uniform,633,"{""n_particles"": 633, ""name"": ""wafer_particles.pattern.C01_Uniform"", ""schema_version"": ""wafer_particles.pattern_config.v1"", ""wafer_radius_mm"": 150.0}",157
sample_000158,C04_Sector_Edge,854,"{""angle_center_rad"": 5.646895336862941, ""angle_width_deg"": 31.697337606413523, ""edge_width_ratio"": 0.09265064861491044, ""n_particles"": 854, ""name"": ""wafer_particles.pattern.C04_Sector_Edge"", ""radial_beta_alpha"": 3.891718410080795, ""radial_beta_beta"": 1.6500308152985856, ""schema_version"": ""wafer_particles.pattern_config.v1"", ""side"": ""right"", ""theta_vonmises_kappa"": 1.0849994302961161, ""wafer_radius_mm"": 150.0}",158
sample_000159,C11_Hotspot_Elliptic,1225,"{""center_angle"": ""random"", ""center_angle_rad"": 3.8185912845282894, ""center_radius_ratio"": 0.5479051083693603, ""mode"": ""random"", ""n_particles"": 1225, ""name"": ""wafer_particles.pattern.C11_Hotspot_Elliptic"", ""rotation_deg"": 30.0, ""rotation_rad"": 4.4890466413260395, ""schema_version"": ""wafer_particles.pattern_config.v1"", ""sigma_x_ratio"": 0.05997319827721781, ""sigma_y_ratio"": 0.04462681265133754, ""wafer_radius_mm"": 150.0}",159
sample_000160,C03_Ring,771,"{""n_particles"": 771, ""name"": ""wafer_particles.pattern.C03_Ring"", ""radius_ratio"": 0.8111494762280408, ""schema_version"": ""wafer_particles.pattern_config.v1"", ""wafer_radius_mm"": 150.0, ""width_ratio"": 0.1681936098894622}",160
sample_000161,C07_StraightLine,562,"{""angle_deg"": 0.08025260261476985, ""n_particles"": 562, ""name"": ""wafer_particles.pattern.C07_StraightLine"", ""offset_ratio"": -0.028037226613512378, ""schema_version"": ""wafer_particles.pattern_config.v1"", ""segment_half_length_ratio"": 0.46665657168259694, ""wafer_radius_mm"": 150.0, ""width_ratio"": 0.023126654484803603}",161
sample_000162,C04_Sector_Edge,641,"{""angle_center_rad"": 5.542874850125075, ""angle_width_deg"": 64.17970602232626, ""edge_width_ratio"": 0.14805814503125087, ""n_particles"": 641, ""name"": ""wafer_particles.pattern.C04_Sector_Edge"", ""radial_beta_alpha"": 2.8297069732592286, ""radial_beta_beta"": 2.0778835937197355, ""schema_version"": ""wafer_particles.pattern_config.v1"", ""side"": ""right"", ""theta_vonmises_kappa"": 9.895033915333054, ""wafer_radius_mm"": 150.0}",162
sample_000163,C01_Uniform,1512,"{""n_particles"": 1512, ""name"": ""wafer_particles.pattern.C01_Uniform"", ""schema_version"": ""wafer_particles.pattern_config.v1"", ""wafer_radius_mm"": 150.0}",163
sample_000164,C11_Hotspot_Elliptic,1021,"{""center_angle"": ""random"", ""center_angle_rad"": 0.5042272243279052, ""center_radius_ratio"": 0.3089491208462172, ""mode"": ""random"", ""n_particles"": 1021, ""name"": ""wafer_particles.pattern.C11_Hotspot_Elliptic"", ""rotation_deg"": 30.0, ""rotation_rad"": 3.3092702314502755, ""schema_version"": ""wafer_particles.pattern_config.v1"", ""sigma_x_ratio"": 0.05596318788223664, ""sigma_y_ratio"": 0.04096858146302829, ""wafer_radius_mm"": 150.0}",164
sample_000165,C04_Sector_Edge,1244,"{""angle_center_rad"": 4.087694147919558, ""angle_width_deg"": 32.72536438125085, ""edge_width_ratio"": 0.2553058152810899, ""n_particles"": 1244, ""name"": ""wafer_particles.pattern.C04_Sector_Edge"", ""radial_beta_alpha"": 3.074249822707533, ""radial_beta_beta"": 1.9872846870366252, ""schema_version"": ""wafer_particles.pattern_config.v1"", ""side"": ""right"", ""theta_vonmises_kappa"": 7.559141589852073, ""wafer_radius_mm"": 150.0}",165
sample_000166,C07_StraightLine,1525,"{""angle_deg"": 60.32002562767792, ""n_particles"": 1525, ""name"": ""wafer_particles.pattern.C07_StraightLine"", ""offset_ratio"": 0.21485241960943896, ""schema_version"": ""wafer_particles.pattern_config.v1"", ""segment_half_length_ratio"": 0.37756039367078414, ""wafer_radius_mm"": 150.0, ""width_ratio"": 0.013754558061420969}",166
sample_000167,C11_Hotspot_Elliptic,1113,"{""center_angle"": ""random"", ""center_angle_rad"": 2.6263058574664546, ""center_radius_ratio"": 0.8421378689429603, ""mode"": ""random"", ""n_particles"": 1113, ""name"": ""wafer_particles.pattern.C11_Hotspot_Elliptic"", ""rotation_deg"": 30.0, ""rotation_rad"": 0.29414899223561447, ""schema_version"": ""wafer_particles.pattern_config.v1"", ""sigma_x_ratio"": 0.05373637918336636, ""sigma_y_ratio"": 0.07501274974424461, ""wafer_radius_mm"": 150.0}",167
sample_000168,C07_StraightLine,1101,"{""angle_deg"": 18.830966722263558, ""n_particles"": 1101, ""name"": ""wafer_particles.pattern.C07_StraightLine"", ""offset_ratio"": 0.07133845637196268, ""schema_version"": ""wafer_particles.pattern_config.v1"", ""segment_half_length_ratio"": 0.5286552837269822, ""wafer_radius_mm"": 150.0, ""width_ratio"": 0.04455506848987899}",168
sample_000169,C11_Hotspot_Elliptic,1109,"{""center_angle"": ""random"", ""center_angle_rad"": 0.4298583763843495, ""center_radius_ratio"": 0.7345099373481793, ""mode"": ""random"", ""n_particles"": 1109, ""name"": ""wafer_particles.pattern.C11_Hotspot_Elliptic"", ""rotation_deg"": 30.0, ""rotation_rad"": 4.843442782548723, ""schema_version"": ""wafer_particles.pattern_config.v1"", ""sigma_x_ratio"": 0.07102023850000885, ""sigma_y_ratio"": 0.035063069499622956, ""wafer_radius_mm"": 150.0}",169
sample_000170,C11_Hotspot_Elliptic,823,"{""center_angle"": ""random"", ""center_angle_rad"": 3.009325369344892, ""center_radius_ratio"": 0.11568043611220301, ""mode"": ""random"", ""n_particles"": 823, ""name"": ""wafer_particles.pattern.C11_Hotspot_Elliptic"", ""rotation_deg"": 30.0, ""rotation_rad"": 3.3779824389318707, ""schema_version"": ""wafer_particles.pattern_config.v1"", ""sigma_x_ratio"": 0.07659591169089382, ""sigma_y_ratio"": 0.06932977726511502, ""wafer_radius_mm"": 150.0}",170
sample_000171,C03_Ring,1172,"{""n_particles"": 1172, ""name"": ""wafer_particles.pattern.C03_Ring"", ""radius_ratio"": 0.7208999369689844, ""schema_version"": ""wafer_particles.pattern_config.v1"", ""wafer_radius_mm"": 150.0, ""width_ratio"": 0.044000838064635284}",171
sample_000172,C01_Uniform,1506,"{""n_particles"": 1506, ""name"": ""wafer_particles.pattern.C01_Uniform"", ""schema_version"": ""wafer_particles.pattern_config.v1"", ""wafer_radius_mm"": 150.0}",172
sample_000173,C01_Uniform,619,"{""n_particles"": 619, ""name"": ""wafer_particles.pattern.C01_Uniform"", ""schema_version"": ""wafer_particles.pattern_config.v1"", ""wafer_radius_mm"": 150.0}",173
sample_000174,C07_StraightLine,1393,"{""angle_deg"": 114.97618086899631, ""n_particles"": 1393, ""name"": ""wafer_particles.pattern.C07_StraightLine"", ""offset_ratio"": -0.12488355964634099, ""schema_version"": ""wafer_particles.pattern_config.v1"", ""segment_half_length_ratio"": 0.6506048083978886, ""wafer_radius_mm"": 150.0, ""width_ratio"": 0.021725922108420104}",174
sample_000175,C07_StraightLine,1454,"{""angle_deg"": 26.68295421316758, ""n_particles"": 1454, ""name"": ""wafer_particles.pattern.C07_StraightLine"", ""offset_ratio"": 0.04044004350157121, ""schema_version"": ""wafer_particles.pattern_config.v1"", ""segment_half_length_ratio"": 0.6947184931647519, ""wafer_radius_mm"": 150.0, ""width_ratio"": 0.014578018863626935}",175
sample_000176,C11_Hotspot_Elliptic,803,"{""center_angle"": ""random"", ""center_angle_rad"": 0.17100880585492442, ""center_radius_ratio"": 0.25248834645696433, ""mode"": ""random"", ""n_particles"": 803, ""name"": ""wafer_particles.pattern.C11_Hotspot_Elliptic"", ""rotation_deg"": 30.0, ""rotation_rad"": 3.4415832879217594, ""schema_version"": ""wafer_particles.pattern_config.v1"", ""sigma_x_ratio"": 0.08539924032049931, ""sigma_y_ratio"": 0.04420922105044573, ""wafer_radius_mm"": 150.0}",176
sample_000177,C04_Sector_Edge,1373,"{""angle_center_rad"": 3.061279228143478, ""angle_width_deg"": 25.991310329956892, ""edge_width_ratio"": 0.21804271609473314, ""n_particles"": 1373, ""name"": ""wafer_particles.pattern.C04_Sector_Edge"", ""radial_beta_alpha"": 2.082801670836312, ""radial_beta_beta"": 2.0675375264054345, ""schema_version"": ""wafer_particles.pattern_config.v1"", ""side"": ""right"", ""theta_vonmises_kappa"": 3.1198979221132896, ""wafer_radius_mm"": 150.0}",177
sample_000178,C07_StraightLine,892,"{""angle_deg"": 71.16268602094034, ""n_particles"": 892, ""name"": ""wafer_particles.pattern.C07_StraightLine"", ""offset_ratio"": 0.031652881127153476, ""schema_version"": ""wafer_particles.pattern_config.v1"", ""segment_half_length_ratio"": 0.4257061262188102, ""wafer_radius_mm"": 150.0, ""width_ratio"": 0.020312378657314722}",178
sample_000179,C11_Hotspot_Elliptic,522,"{""center_angle"": ""random"", ""center_angle_rad"": 2.3066357845620766, ""center_radius_ratio"": 0.726294327748696, ""mode"": ""random"", ""n_particles"": 522, ""name"": ""wafer_particles.pattern.C11_Hotspot_Elliptic"", ""rotation_deg"": 30.0, ""rotation_rad"": 4.9976566178771575, ""schema_version"": ""wafer_particles.pattern_config.v1"", ""sigma_x_ratio"": 0.10318281570298678, ""sigma_y_ratio"": 0.06928746057497985, ""wafer_radius_mm"": 150.0}",179
sample_000180,C01_Uniform,1215,"{""n_particles"": 1215, ""name"": ""wafer_particles.pattern.C01_Uniform"", ""schema_version"": ""wafer_particles.pattern_config.v1"", ""wafer_radius_mm"": 150.0}",180
sample_000181,C03_Ring,1069,"{""n_particles"": 1069, ""name"": ""wafer_particles.pattern.C03_Ring"", ""radius_ratio"": 0.4155396698098973, ""schema_version"": ""wafer_particles.pattern_config.v1"", ""wafer_radius_mm"": 150.0, ""width_ratio"": 0.06203924942704871}",181
sample_000182,C03_Ring,1269,"{""n_particles"": 1269, ""name"": ""wafer_particles.pattern.C03_Ring"", ""radius_ratio"": 0.7240032208300322, ""schema_version"": ""wafer_particles.pattern_config.v1"", ""wafer_radius_mm"": 150.0, ""width_ratio"": 0.17128343211166552}",182
sample_000183,C03_Ring,1286,"{""n_particles"": 1286, ""name"": ""wafer_particles.pattern.C03_Ring"", ""radius_ratio"": 0.664198494955635, ""schema_version"": ""wafer_particles.pattern_config.v1"", ""wafer_radius_mm"": 150.0, ""width_ratio"": 0.1813447892037871}",183
sample_000184,C11_Hotspot_Elliptic,763,"{""center_angle"": ""random"", ""center_angle_rad"": 1.7074119142055106, ""center_radius_ratio"": 0.3773166113794998, ""mode"": ""random"", ""n_particles"": 763, ""name"": ""wafer_particles.pattern.C11_Hotspot_Elliptic"", ""rotation_deg"": 30.0, ""rotation_rad"": 3.7900406442680663, ""schema_version"": ""wafer_particles.pattern_config.v1"", ""sigma_x_ratio"": 0.053200120521323946, ""sigma_y_ratio"": 0.01130259775812041, ""wafer_radius_mm"": 150.0}",184
sample_000185,C04_Sector_Edge,918,"{""angle_center_rad"": 4.084576689621512, ""angle_width_deg"": 45.52489435256601, ""edge_width_ratio"": 0.27164634826998313, ""n_particles"": 918, ""name"": ""wafer_particles.pattern.C04_Sector_Edge"", ""radial_beta_alpha"": 2.7851527605760547, ""radial_beta_beta"": 1.237714263323816, ""schema_version"": ""wafer_particles.pattern_config.v1"", ""side"": ""right"", ""theta_vonmises_kappa"": 0.5289112668675983, ""wafer_radius_mm"": 150.0}",185
sample_000186,C04_Sector_Edge,727,"{""angle_center_rad"": 4.4957367959991545, ""angle_width_deg"": 68.43943438164584, ""edge_width_ratio"": 0.286126708992555, ""n_particles"": 727, ""name"": ""wafer_particles.pattern.C04_Sector_Edge"", ""radial_beta_alpha"": 2.872741612384143, ""radial_beta_beta"": 2.0821418947284465, ""schema_version"": ""wafer_particles.pattern_config.v1"", ""side"": ""right"", ""theta_vonmises_kappa"": 4.13927310935557, ""wafer_radius_mm"": 150.0}",186
sample_000187,C11_Hotspot_Elliptic,1260,"{""center_angle"": ""random"", ""center_angle_rad"": 0.423582437821837, ""center_radius_ratio"": 0.853260533673109, ""mode"": ""random"", ""n_particles"": 1260, ""name"": ""wafer_particles.pattern.C11_Hotspot_Elliptic"", ""rotation_deg"": 30.0, ""rotation_rad"": 6.139665144041285, ""schema_version"": ""wafer_particles.pattern_config.v1"", ""sigma_x_ratio"": 0.08379717930739208, ""sigma_y_ratio"": 0.03368564290193132, ""wafer_radius_mm"": 150.0}",187
sample_000188,C07_StraightLine,1455,"{""angle_deg"": 96.17028428013158, ""n_particles"": 1455, ""name"": ""wafer_particles.pattern.C07_StraightLine"", ""offset_ratio"": 0.2494535233831477, ""schema_version"": ""wafer_particles.pattern_config.v1"", ""segment_half_length_ratio"": 0.36405317969368145, ""wafer_radius_mm"": 150.0, ""width_ratio"": 0.024382051292293747}",188
sample_000189,C04_Sector_Edge,627,"{""angle_center_rad"": 0.45569798488570146, ""angle_width_deg"": 28.56546115468588, ""edge_width_ratio"": 0.16279470945609403, ""n_particles"": 627, ""name"": ""wafer_particles.pattern.C04_Sector_Edge"", ""radial_beta_alpha"": 1.4975069459824932, ""radial_beta_beta"": 0.8865131195830209, ""schema_version"": ""wafer_particles.pattern_config.v1"", ""side"": ""right"", ""theta_vonmises_kappa"": 5.0703303846187575, ""wafer_radius_mm"": 150.0}",189
sample_000190,C01_Uniform,1098,"{""n_particles"": 1098, ""name"": ""wafer_particles.pattern.C01_Uniform"", ""schema_version"": ""wafer_particles.pattern_config.v1"", ""wafer_radius_mm"": 150.0}",190
sample_000191,C01_Uniform,1419,"{""n_particles"": 1419, ""name"": ""wafer_particles.pattern.C01_Uniform"", ""schema_version"": ""wafer_particles.pattern_config.v1"", ""wafer_radius_mm"": 150.0}",191
sample_000192,C04_Sector_Edge,940,"{""angle_center_rad"": 4.466158962145104, ""angle_width_deg"": 29.581685262282313, ""edge_width_ratio"": 0.2525621525219767, ""n_particles"": 940, ""name"": ""wafer_particles.pattern.C04_Sector_Edge"", ""radial_beta_alpha"": 2.0197676874107167, ""radial_beta_beta"": 2.132583620879669, ""schema_version"": ""wafer_particles.pattern_config.v1"", ""side"": ""right"", ""theta_vonmises_kappa"": 5.917058072951817, ""wafer_radius_mm"": 150.0}",192
sample_000193,C11_Hotspot_Elliptic,1524,"{""center_angle"": ""random"", ""center_angle_rad"": 6.148563074802381, ""center_radius_ratio"": 0.05374252080933372, ""mode"": ""random"", ""n_particles"": 1524, ""name"": ""wafer_particles.pattern.C11_Hotspot_Elliptic"", ""rotation_deg"": 30.0, ""rotation_rad"": 0.9740037832762665, ""schema_version"": ""wafer_particles.pattern_config.v1"", ""sigma_x_ratio"": 0.09113504372469754, ""sigma_y_ratio"": 0.013154602437407101, ""wafer_radius_mm"": 150.0}",193
sample_000194,C11_Hotspot_Elliptic,1479,"{""center_angle"": ""random"", ""center_angle_rad"": 3.0983174812385084, ""center_radius_ratio"": 0.673343755459166, ""mode"": ""random"", ""n_particles"": 1479, ""name"": ""wafer_particles.pattern.C11_Hotspot_Elliptic"", ""rotation_deg"": 30.0, ""rotation_rad"": 2.321528480955709, ""schema_version"": ""wafer_particles.pattern_config.v1"", ""sigma_x_ratio"": 0.04991774453697151, ""sigma_y_ratio"": 0.027424503860845634, ""wafer_radius_mm"": 150.0}",194
sample_000195,C01_Uniform,1182,"{""n_particles"": 1182, ""name"": ""wafer_particles.pattern.C01_Uniform"", ""schema_version"": ""wafer_particles.pattern_config.v1"", ""wafer_radius_mm"": 150.0}",195
sample_000196,C03_Ring,551,"{""n_particles"": 551, ""name"": ""wafer_particles.pattern.C03_Ring"", ""radius_ratio"": 0.44450034423918927, ""schema_version"": ""wafer_particles.pattern_config.v1"", ""wafer_radius_mm"": 150.0, ""width_ratio"": 0.04641622271748272}",196
sample_000197,C11_Hotspot_Elliptic,1068,"{""center_angle"": ""random"", ""center_angle_rad"": 2.7799438882107372, ""center_radius_ratio"": 0.8533060373142308, ""mode"": ""random"", ""n_particles"": 1068, ""name"": ""wafer_particles.pattern.C11_Hotspot_Elliptic"", ""rotation_deg"": 30.0, ""rotation_rad"": 4.478351177207636, ""schema_version"": ""wafer_particles.pattern_config.v1"", ""sigma_x_ratio"": 0.032921047824607405, ""sigma_y_ratio"": 0.024326028767704427, ""wafer_radius_mm"": 150.0}",197
sample_000198,C11_Hotspot_Elliptic,1156,"{""center_angle"": ""random"", ""center_angle_rad"": 4.826166284742825, ""center_radius_ratio"": 0.22056340157412965, ""mode"": ""random"", ""n_particles"": 1156, ""name"": ""wafer_particles.pattern.C11_Hotspot_Elliptic"", ""rotation_deg"": 30.0, ""rotation_rad"": 4.889240103331036, ""schema_version"": ""wafer_particles.pattern_config.v1"", ""sigma_x_ratio"": 0.0348224191081564, ""sigma_y_ratio"": 0.04798950074616035, ""wafer_radius_mm"": 150.0}",198
sample_000199,C07_StraightLine,1098,"{""angle_deg"": 83.81908645361088, ""n_particles"": 1098, ""name"": ""wafer_particles.pattern.C07_StraightLine"", ""offset_ratio"": 0.20522668221754065, ""schema_version"": ""wafer_particles.pattern_config.v1"", ""segment_half_length_ratio"": 0.5151082359184018, ""wafer_radius_mm"": 150.0, ""width_ratio"": 0.019349709072258678}",199
sample_000200,C04_Sector_Edge,1086,"{""angle_center_rad"": 0.6397399462037832, ""angle_width_deg"": 77.28425205479373, ""edge_width_ratio"": 0.07713126114459477, ""n_particles"": 1086, ""name"": ""wafer_particles.pattern.C04_Sector_Edge"", ""radial_beta_alpha"": 2.2466065512931133, ""radial_beta_beta"": 1.5292280464727914, ""schema_version"": ""wafer_particles.pattern_config.v1"", ""side"": ""right"", ""theta_vonmises_kappa"": 3.881421349864411, ""wafer_radius_mm"": 150.0}",200
sample_000201,C03_Ring,1088,"{""n_particles"": 1088, ""name"": ""wafer_particles.pattern.C03_Ring"", ""radius_ratio"": 0.6759907138159297, ""schema_version"": ""wafer_particles.pattern_config.v1"", ""wafer_radius_mm"": 150.0, ""width_ratio"": 0.1112356028142075}",201
sample_000202,C01_Uniform,631,"{""n_particles"": 631, ""name"": ""wafer_particles.pattern.C01_Uniform"", ""schema_version"": ""wafer_particles.pattern_config.v1"", ""wafer_radius_mm"": 150.0}",202
sample_000203,C01_Uniform,1140,"{""n_particles"": 1140, ""name"": ""wafer_particles.pattern.C01_Uniform"", ""schema_version"": ""wafer_particles.pattern_config.v1"", ""wafer_radius_mm"": 150.0}",203
sample_000204,C07_StraightLine,988,"{""angle_deg"": 95.78031712005055, ""n_particles"": 988, ""name"": ""wafer_particles.pattern.C07_StraightLine"", ""offset_ratio"": 0.01691580889130445, ""schema_version"": ""wafer_particles.pattern_config.v1"", ""segment_half_length_ratio"": 0.6127553909431267, ""wafer_radius_mm"": 150.0, ""width_ratio"": 0.042779635878085163}",204
sample_000205,C04_Sector_Edge,781,"{""angle_center_rad"": 0.4477195045283598, ""angle_width_deg"": 21.78782794849277, ""edge_width_ratio"": 0.1937134244943296, ""n_particles"": 781, ""name"": ""wafer_particles.pattern.C04_Sector_Edge"", ""radial_beta_alpha"": 1.4946242386244994, ""radial_beta_beta"": 0.8547270390080209, ""schema_version"": ""wafer_particles.pattern_config.v1"", ""side"": ""right"", ""theta_vonmises_kappa"": 5.401139077113962, ""wafer_radius_mm"": 150.0}",205
sample_000206,C11_Hotspot_Elliptic,881,"{""center_angle"": ""random"", ""center_angle_rad"": 0.9260378086612165, ""center_radius_ratio"": 0.2567192114717065, ""mode"": ""random"", ""n_particles"": 881, ""name"": ""wafer_particles.pattern.C11_Hotspot_Elliptic"", ""rotation_deg"": 30.0, ""rotation_rad"": 3.120654743255244, ""schema_version"": ""wafer_particles.pattern_config.v1"", ""sigma_x_ratio"": 0.08272763281986692, ""sigma_y_ratio"": 0.07885299595867619, ""wafer_radius_mm"": 150.0}",206
sample_000207,C11_Hotspot_Elliptic,925,"{""center_angle"": ""random"", ""center_angle_rad"": 2.1401285638363072, ""center_radius_ratio"": 0.3689902497140949, ""mode"": ""random"", ""n_particles"": 925, ""name"": ""wafer_particles.pattern.C11_Hotspot_Elliptic"", ""rotation_deg"": 30.0, ""rotation_rad"": 1.8736658096800316, ""schema_version"": ""wafer_particles.pattern_config.v1"", ""sigma_x_ratio"": 0.04513365047133808, ""sigma_y_ratio"": 0.026102497946858795, ""wafer_radius_mm"": 150.0}",207
sample_000208,C03_Ring,1399,"{""n_particles"": 1399, ""name"": ""wafer_particles.pattern.C03_Ring"", ""radius_ratio"": 0.44656840920663093, ""schema_version"": ""wafer_particles.pattern_config.v1"", ""wafer_radius_mm"": 150.0, ""width_ratio"": 0.08509111458164587}",208
sample_000209,C04_Sector_Edge,1115,"{""angle_center_rad"": 4.934484195305183, ""angle_width_deg"": 65.92802300248638, ""edge_width_ratio"": 0.16478038462617367, ""n_particles"": 1115, ""name"": ""wafer_particles.pattern.C04_Sector_Edge"", ""radial_beta_alpha"": 2.4484237412225474, ""radial_beta_beta"": 1.8823625861800741, ""schema_version"": ""wafer_particles.pattern_config.v1"", ""side"": ""right"", ""theta_vonmises_kappa"": 3.003342050457335, ""wafer_radius_mm"": 150.0}",209
sample_000210,C01_Uniform,1109,"{""n_particles"": 1109, ""name"": ""wafer_particles.pattern.C01_Uniform"", ""schema_version"": ""wafer_particles.pattern_config.v1"", ""wafer_radius_mm"": 150.0}",210
sample_000211,C03_Ring,1133,"{""n_particles"": 1133, ""name"": ""wafer_particles.pattern.C03_Ring"", ""radius_ratio"": 0.7135010489570517, ""schema_version"": ""wafer_particles.pattern_config.v1"", ""wafer_radius_mm"": 150.0, ""width_ratio"": 0.08729984382362577}",211
sample_000212,C01_Uniform,1161,"{""n_particles"": 1161, ""name"": ""wafer_particles.pattern.C01_Uniform"", ""schema_version"": ""wafer_particles.pattern_config.v1"", ""wafer_radius_mm"": 150.0}",212
sample_000213,C04_Sector_Edge,656,"{""angle_center_rad"": 4.206839985103096, ""angle_width_deg"": 25.549825426937023, ""edge_width_ratio"": 0.1794361440570595, ""n_particles"": 656, ""name"": ""wafer_particles.pattern.C04_Sector_Edge"", ""radial_beta_alpha"": 3.9474413859711195, ""radial_beta_beta"": 0.9654343990563636, ""schema_version"": ""wafer_particles.pattern_config.v1"", ""side"": ""right"", ""theta_vonmises_kappa"": 9.144119050415759, ""wafer_radius_mm"": 150.0}",213
sample_000214,C03_Ring,732,"{""n_particles"": 732, ""name"": ""wafer_particles.pattern.C03_Ring"", ""radius_ratio"": 0.7115672624474887, ""schema_version"": ""wafer_particles.pattern_config.v1"", ""wafer_radius_mm"": 150.0, ""width_ratio"": 0.14768164814390106}",214
sample_000215,C07_StraightLine,1440,"{""angle_deg"": 96.49114627278054, ""n_particles"": 1440, ""name"": ""wafer_particles.pattern.C07_StraightLine"", ""offset_ratio"": 0.1843408111713784, ""schema_version"": ""wafer_particles.pattern_config.v1"", ""segment_half_length_ratio"": 0.3612948672675895, ""wafer_radius_mm"": 150.0, ""width_ratio"": 0.01682562696836405}",215
sample_000216,C01_Uniform,1075,"{""n_particles"": 1075, ""name"": ""wafer_particles.pattern.C01_Uniform"", ""schema_version"": ""wafer_particles.pattern_config.v1"", ""wafer_radius_mm"": 150.0}",216
sample_000217,C04_Sector_Edge,1451,"{""angle_center_rad"": 2.274847847283549, ""angle_width_deg"": 57.18494496213989, ""edge_width_ratio"": 0.06033112822308924, ""n_particles"": 1451, ""name"": ""wafer_particles.pattern.C04_Sector_Edge"", ""radial_beta_alpha"": 1.6403593480195886, ""radial_beta_beta"": 1.155701867048042, ""schema_version"": ""wafer_particles.pattern_config.v1"", ""side"": ""right"", ""theta_vonmises_kappa"": 4.575690493367001, ""wafer_radius_mm"": 150.0}",217
sample_000218,C11_Hotspot_Elliptic,1437,"{""center_angle"": ""random"", ""center_angle_rad"": 0.9372028065250755, ""center_radius_ratio"": 0.7710920393396394, ""mode"": ""random"", ""n_particles"": 1437, ""name"": ""wafer_particles.pattern.C11_Hotspot_Elliptic"", ""rotation_deg"": 30.0, ""rotation_rad"": 1.5221578225556311, ""schema_version"": ""wafer_particles.pattern_config.v1"", ""sigma_x_ratio"": 0.03304004397640079, ""sigma_y_ratio"": 0.06920022000870464, ""wafer_radius_mm"": 150.0}",218
sample_000219,C11_Hotspot_Elliptic,936,"{""center_angle"": ""random"", ""center_angle_rad"": 2.030453369648548, ""center_radius_ratio"": 0.8467885363073107, ""mode"": ""random"", ""n_particles"": 936, ""name"": ""wafer_particles.pattern.C11_Hotspot_Elliptic"", ""rotation_deg"": 30.0, ""rotation_rad"": 5.0832484307244465, ""schema_version"": ""wafer_particles.pattern_config.v1"", ""sigma_x_ratio"": 0.06292811917376848, ""sigma_y_ratio"": 0.020632382586061433, ""wafer_radius_mm"": 150.0}",219
sample_000220,C04_Sector_Edge,632,"{""angle_center_rad"": 4.272007527461993, ""angle_width_deg"": 40.30351990539231, ""edge_width_ratio"": 0.10891579351952373, ""n_particles"": 632, ""name"": ""wafer_particles.pattern.C04_Sector_Edge"", ""radial_beta_alpha"": 3.5503182288322837, ""radial_beta_beta"": 0.8203907875729209, ""schema_version"": ""wafer_particles.pattern_config.v1"", ""side"": ""right"", ""theta_vonmises_kappa"": 8.341487274373842, ""wafer_radius_mm"": 150.0}",220
sample_000221,C07_StraightLine,823,"{""angle_deg"": 117.39410148186563, ""n_particles"": 823, ""name"": ""wafer_particles.pattern.C07_StraightLine"", ""offset_ratio"": 0.029231345792561703, ""schema_version"": ""wafer_particles.pattern_config.v1"", ""segment_half_length_ratio"": 0.8803961425672833, ""wafer_radius_mm"": 150.0, ""width_ratio"": 0.044453178056576316}",221
sample_000222,C07_StraightLine,1357,"{""angle_deg"": 57.4989924830363, ""n_particles"": 1357, ""name"": ""wafer_particles.pattern.C07_StraightLine"", ""offset_ratio"": -0.1312846724758002, ""schema_version"": ""wafer_particles.pattern_config.v1"", ""segment_half_length_ratio"": 0.5886540079196494, ""wafer_radius_mm"": 150.0, ""width_ratio"": 0.032778192234567585}",222
sample_000223,C03_Ring,1001,"{""n_particles"": 1001, ""name"": ""wafer_particles.pattern.C03_Ring"", ""radius_ratio"": 0.8773654853113182, ""schema_version"": ""wafer_particles.pattern_config.v1"", ""wafer_radius_mm"": 150.0, ""width_ratio"": 0.11933090751652274}",223
sample_000224,C01_Uniform,1308,"{""n_particles"": 1308, ""name"": ""wafer_particles.pattern.C01_Uniform"", ""schema_version"": ""wafer_particles.pattern_config.v1"", ""wafer_radius_mm"": 150.0}",224
sample_000225,C01_Uniform,1097,"{""n_particles"": 1097, ""name"": ""wafer_particles.pattern.C01_Uniform"", ""schema_version"": ""wafer_particles.pattern_config.v1"", ""wafer_radius_mm"": 150.0}",225
sample_000226,C03_Ring,1223,"{""n_particles"": 1223, ""name"": ""wafer_particles.pattern.C03_Ring"", ""radius_ratio"": 0.5640743540029838, ""schema_version"": ""wafer_particles.pattern_config.v1"", ""wafer_radius_mm"": 150.0, ""width_ratio"": 0.15788397523655098}",226
sample_000227,C01_Uniform,694,"{""n_particles"": 694, ""name"": ""wafer_particles.pattern.C01_Uniform"", ""schema_version"": ""wafer_particles.pattern_config.v1"", ""wafer_radius_mm"": 150.0}",227
sample_000228,C04_Sector_Edge,697,"{""angle_center_rad"": 5.431163390468361, ""angle_width_deg"": 31.802094013860504, ""edge_width_ratio"": 0.16494762980509414, ""n_particles"": 697, ""name"": ""wafer_particles.pattern.C04_Sector_Edge"", ""radial_beta_alpha"": 2.387280730256876, ""radial_beta_beta"": 2.780075360035492, ""schema_version"": ""wafer_particles.pattern_config.v1"", ""side"": ""right"", ""theta_vonmises_kappa"": 9.092759888508366, ""wafer_radius_mm"": 150.0}",228
sample_000229,C04_Sector_Edge,1210,"{""angle_center_rad"": 1.4628298722028217, ""angle_width_deg"": 49.277939919800396, ""edge_width_ratio"": 0.21374644452564756, ""n_particles"": 1210, ""name"": ""wafer_particles.pattern.C04_Sector_Edge"", ""radial_beta_alpha"": 2.9707693431038593, ""radial_beta_beta"": 2.819243557038961, ""schema_version"": ""wafer_particles.pattern_config.v1"", ""side"": ""right"", ""theta_vonmises_kappa"": 7.747410498592718, ""wafer_radius_mm"": 150.0}",229
sample_000230,C07_StraightLine,768,"{""angle_deg"": 150.10018143292723, ""n_particles"": 768, ""name"": ""wafer_particles.pattern.C07_StraightLine"", ""offset_ratio"": 0.10116089714589788, ""schema_version"": ""wafer_particles.pattern_config.v1"", ""segment_half_length_ratio"": 0.3159637826944776, ""wafer_radius_mm"": 150.0, ""width_ratio"": 0.048340364814118394}",230
sample_000231,C03_Ring,948,"{""n_particles"": 948, ""name"": ""wafer_particles.pattern.C03_Ring"", ""radius_ratio"": 0.5643398993015087, ""schema_version"": ""wafer_particles.pattern_config.v1"", ""wafer_radius_mm"": 150.0, ""width_ratio"": 0.03258500935448394}",231
sample_000232,C01_Uniform,578,"{""n_particles"": 578, ""name"": ""wafer_particles.pattern.C01_Uniform"", ""schema_version"": ""wafer_particles.pattern_config.v1"", ""wafer_radius_mm"": 150.0}",232
sample_000233,C04_Sector_Edge,777,"{""angle_center_rad"": 5.755908195474859, ""angle_width_deg"": 54.75166957971302, ""edge_width_ratio"": 0.10510312103776902, ""n_particles"": 777, ""name"": ""wafer_particles.pattern.C04_Sector_Edge"", ""radial_beta_alpha"": 3.5903987061733, ""radial_beta_beta"": 2.278077590314469, ""schema_version"": ""wafer_particles.pattern_config.v1"", ""side"": ""right"", ""theta_vonmises_kappa"": 8.048920602561655, ""wafer_radius_mm"": 150.0}",233
sample_000234,C11_Hotspot_Elliptic,929,"{""center_angle"": ""random"", ""center_angle_rad"": 0.9322174032184367, ""center_radius_ratio"": 0.34276095779817156, ""mode"": ""random"", ""n_particles"": 929, ""name"": ""wafer_particles.pattern.C11_Hotspot_Elliptic"", ""rotation_deg"": 30.0, ""rotation_rad"": 1.1690033611358397, ""schema_version"": ""wafer_particles.pattern_config.v1"", ""sigma_x_ratio"": 0.10830348565208985, ""sigma_y_ratio"": 0.058570198176383384, ""wafer_radius_mm"": 150.0}",234
sample_000235,C01_Uniform,686,"{""n_particles"": 686, ""name"": ""wafer_particles.pattern.C01_Uniform"", ""schema_version"": ""wafer_particles.pattern_config.v1"", ""wafer_radius_mm"": 150.0}",235
sample_000236,C11_Hotspot_Elliptic,1051,"{""center_angle"": ""random"", ""center_angle_rad"": 0.11310333152174022, ""center_radius_ratio"": 0.8825799768050427, ""mode"": ""random"", ""n_particles"": 1051, ""name"": ""wafer_particles.pattern.C11_Hotspot_Elliptic"", ""rotation_deg"": 30.0, ""rotation_rad"": 1.1979582975178271, ""schema_version"": ""wafer_particles.pattern_config.v1"", ""sigma_x_ratio"": 0.06617545517994178, ""sigma_y_ratio"": 0.05078965327076103, ""wafer_radius_mm"": 150.0}",236
sample_000237,C03_Ring,555,"{""n_particles"": 555, ""name"": ""wafer_particles.pattern.C03_Ring"", ""radius_ratio"": 0.7625468076241608, ""schema_version"": ""wafer_particles.pattern_config.v1"", ""wafer_radius_mm"": 150.0, ""width_ratio"": 0.15980065299556231}",237
sample_000238,C01_Uniform,1374,"{""n_particles"": 1374, ""name"": ""wafer_particles.pattern.C01_Uniform"", ""schema_version"": ""wafer_particles.pattern_config.v1"", ""wafer_radius_mm"": 150.0}",238
sample_000239,C11_Hotspot_Elliptic,521,"{""center_angle"": ""random"", ""center_angle_rad"": 5.687714410221763, ""center_radius_ratio"": 0.5688509319279242, ""mode"": ""random"", ""n_particles"": 521, ""name"": ""wafer_particles.pattern.C11_Hotspot_Elliptic"", ""rotation_deg"": 30.0, ""rotation_rad"": 1.1238588016424766, ""schema_version"": ""wafer_particles.pattern_config.v1"", ""sigma_x_ratio"": 0.06635493471660762, ""sigma_y_ratio"": 0.03917804210827923, ""wafer_radius_mm"": 150.0}",239
sample_000240,C07_StraightLine,1164,"{""angle_deg"": 151.3958643399471, ""n_particles"": 1164, ""name"": ""wafer_particles.pattern.C07_StraightLine"", ""offset_ratio"": -0.15341112659624437, ""schema_version"": ""wafer_particles.pattern_config.v1"", ""segment_half_length_ratio"": 0.5806716618908152, ""wafer_radius_mm"": 150.0, ""width_ratio"": 0.023496290889049438}",240
sample_000241,C03_Ring,737,"{""n_particles"": 737, ""name"": ""wafer_particles.pattern.C03_Ring"", ""radius_ratio"": 0.40607557125760285, ""schema_version"": ""wafer_particles.pattern_config.v1"", ""wafer_radius_mm"": 150.0, ""width_ratio"": 0.15085390246772232}",241
sample_000242,C03_Ring,670,"{""n_particles"": 670, ""name"": ""wafer_particles.pattern.C03_Ring"", ""radius_ratio"": 0.42575353370765223, ""schema_version"": ""wafer_particles.pattern_config.v1"", ""wafer_radius_mm"": 150.0, ""width_ratio"": 0.045917851075722105}",242
sample_000243,C07_StraightLine,688,"{""angle_deg"": 31.211036604872145, ""n_particles"": 688, ""name"": ""wafer_particles.pattern.C07_StraightLine"", ""offset_ratio"": 0.09988146674020171, ""schema_version"": ""wafer_particles.pattern_config.v1"", ""segment_half_length_ratio"": 0.59492280328479, ""wafer_radius_mm"": 150.0, ""width_ratio"": 0.039424775457683074}",243
sample_000244,C03_Ring,789,"{""n_particles"": 789, ""name"": ""wafer_particles.pattern.C03_Ring"", ""radius_ratio"": 0.48001167819898843, ""schema_version"": ""wafer_particles.pattern_config.v1"", ""wafer_radius_mm"": 150.0, ""width_ratio"": 0.13827275280331744}",244
sample_000245,C01_Uniform,1258,"{""n_particles"": 1258, ""name"": ""wafer_particles.pattern.C01_Uniform"", ""schema_version"": ""wafer_particles.pattern_config.v1"", ""wafer_radius_mm"": 150.0}",245
sample_000246,C04_Sector_Edge,750,"{""angle_center_rad"": 0.6533012521877217, ""angle_width_deg"": 57.71270860237442, ""edge_width_ratio"": 0.2738422838737064, ""n_particles"": 750, ""name"": ""wafer_particles.pattern.C04_Sector_Edge"", ""radial_beta_alpha"": 1.3038078866690872, ""radial_beta_beta"": 1.9822916128916257, ""schema_version"": ""wafer_particles.pattern_config.v1"", ""side"": ""right"", ""theta_vonmises_kappa"": 2.564943380615263, ""wafer_radius_mm"": 150.0}",246
sample_000247,C03_Ring,1211,"{""n_particles"": 1211, ""name"": ""wafer_particles.pattern.C03_Ring"", ""radius_ratio"": 0.8535574404255232, ""schema_version"": ""wafer_particles.pattern_config.v1"", ""wafer_radius_mm"": 150.0, ""width_ratio"": 0.0789569058711914}",247
sample_000248,C04_Sector_Edge,835,"{""angle_center_rad"": 1.1625540315633567, ""angle_width_deg"": 55.85254810550136, ""edge_width_ratio"": 0.07343310195690124, ""n_particles"": 835, ""name"": ""wafer_particles.pattern.C04_Sector_Edge"", ""radial_beta_alpha"": 2.213929855438389, ""radial_beta_beta"": 1.7600932826656734, ""schema_version"": ""wafer_particles.pattern_config.v1"", ""side"": ""right"", ""theta_vonmises_kappa"": 7.876177853393404, ""wafer_radius_mm"": 150.0}",248
sample_000249,C11_Hotspot_Elliptic,587,"{""center_angle"": ""random"", ""center_angle_rad"": 5.645629153549214, ""center_radius_ratio"": 0.7776540200280498, ""mode"": ""random"", ""n_particles"": 587, ""name"": ""wafer_particles.pattern.C11_Hotspot_Elliptic"", ""rotation_deg"": 30.0, ""rotation_rad"": 4.943342444799737, ""schema_version"": ""wafer_particles.pattern_config.v1"", ""sigma_x_ratio"": 0.07955772738513142, ""sigma_y_ratio"": 0.05441152939667881, ""wafer_radius_mm"": 150.0}",249
sample_000250,C01_Uniform,806,"{""n_particles"": 806, ""name"": ""wafer_particles.pattern.C01_Uniform"", ""schema_version"": ""wafer_particles.pattern_config.v1"", ""wafer_radius_mm"": 150.0}",250
sample_000251,C01_Uniform,1009,"{""n_particles"": 1009, ""name"": ""wafer_particles.pattern.C01_Uniform"", ""schema_version"": ""wafer_particles.pattern_config.v1"", ""wafer_radius_mm"": 150.0}",251
sample_000252,C01_Uniform,565,"{""n_particles"": 565, ""name"": ""wafer_particles.pattern.C01_Uniform"", ""schema_version"": ""wafer_particles.pattern_config.v1"", ""wafer_radius_mm"": 150.0}",252
sample_000253,C07_StraightLine,544,"{""angle_deg"": 21.916973187826077, ""n_particles"": 544, ""name"": ""wafer_particles.pattern.C07_StraightLine"", ""offset_ratio"": -0.18008411754790377, ""schema_version"": ""wafer_particles.pattern_config.v1"", ""segment_half_length_ratio"": 0.874617809390958, ""wafer_radius_mm"": 150.0, ""width_ratio"": 0.039864844814706334}",253
sample_000254,C03_Ring,798,"{""n_particles"": 798, ""name"": ""wafer_particles.pattern.C03_Ring"", ""radius_ratio"": 0.777135623991142, ""schema_version"": ""wafer_particles.pattern_config.v1"", ""wafer_radius_mm"": 150.0, ""width_ratio"": 0.08475726803593017}",254
sample_000255,C11_Hotspot_Elliptic,920,"{""center_angle"": ""random"", ""center_angle_rad"": 0.6571423251452009, ""center_radius_ratio"": 0.15676516903419477, ""mode"": ""random"", ""n_particles"": 920, ""name"": ""wafer_particles.pattern.C11_Hotspot_Elliptic"", ""rotation_deg"": 30.0, ""rotation_rad"": 6.002789376286179, ""schema_version"": ""wafer_particles.pattern_config.v1"", ""sigma_x_ratio"": 0.06164978644311359, ""sigma_y_ratio"": 0.03476447857297204, ""wafer_radius_mm"": 150.0}",255
sample_000256,C07_StraightLine,944,"{""angle_deg"": 5.1554147553923695, ""n_particles"": 944, ""name"": ""wafer_particles.pattern.C07_StraightLine"", ""offset_ratio"": 0.2779734216815268, ""schema_version"": ""wafer_particles.pattern_config.v1"", ""segment_half_length_ratio"": 0.49897690712077514, ""wafer_radius_mm"": 150.0, ""width_ratio"": 0.04541897089978271}",256
sample_000257,C01_Uniform,1462,"{""n_particles"": 1462, ""name"": ""wafer_particles.pattern.C01_Uniform"", ""schema_version"": ""wafer_particles.pattern_config.v1"", ""wafer_radius_mm"": 150.0}",257
sample_000258,C01_Uniform,1499,"{""n_particles"": 1499, ""name"": ""wafer_particles.pattern.C01_Uniform"", ""schema_version"": ""wafer_particles.pattern_config.v1"", ""wafer_radius_mm"": 150.0}",258
sample_000259,C07_StraightLine,661,"{""angle_deg"": 178.01431356359896, ""n_particles"": 661, ""name"": ""wafer_particles.pattern.C07_StraightLine"", ""offset_ratio"": 0.10316843757085825, ""schema_version"": ""wafer_particles.pattern_config.v1"", ""segment_half_length_ratio"": 0.7454744698872596, ""wafer_radius_mm"": 150.0, ""width_ratio"": 0.03037000178456839}",259
sample_000260,C11_Hotspot_Elliptic,818,"{""center_angle"": ""random"", ""center_angle_rad"": 1.97892298226884, ""center_radius_ratio"": 0.8929830084382573, ""mode"": ""random"", ""n_particles"": 818, ""name"": ""wafer_particles.pattern.C11_Hotspot_Elliptic"", ""rotation_deg"": 30.0, ""rotation_rad"": 4.895425717805357, ""schema_version"": ""wafer_particles.pattern_config.v1"", ""sigma_x_ratio"": 0.0788773124139763, ""sigma_y_ratio"": 0.07424086868656983, ""wafer_radius_mm"": 150.0}",260
sample_000261,C11_Hotspot_Elliptic,856,"{""center_angle"": ""random"", ""center_angle_rad"": 0.43542919405709984, ""center_radius_ratio"": 0.42212706626104024, ""mode"": ""random"", ""n_particles"": 856, ""name"": ""wafer_particles.pattern.C11_Hotspot_Elliptic"", ""rotation_deg"": 30.0, ""rotation_rad"": 4.819196676694007, ""schema_version"": ""wafer_particles.pattern_config.v1"", ""sigma_x_ratio"": 0.11921548525979825, ""sigma_y_ratio"": 0.036300292245373934, ""wafer_radius_mm"": 150.0}",261
sample_000262,C07_StraightLine,1337,"{""angle_deg"": 141.4868118069742, ""n_particles"": 1337, ""name"": ""wafer_particles.pattern.C07_StraightLine"", ""offset_ratio"": -0.1196394984273384, ""schema_version"": ""wafer_particles.pattern_config.v1"", ""segment_half_length_ratio"": 0.4825009659336287, ""wafer_radius_mm"": 150.0, ""width_ratio"": 0.026934021964262502}",262
sample_000263,C11_Hotspot_Elliptic,634,"{""center_angle"": ""random"", ""center_angle_rad"": 1.2404457676496154, ""center_radius_ratio"": 0.39726208026208304, ""mode"": ""random"", ""n_particles"": 634, ""name"": ""wafer_particles.pattern.C11_Hotspot_Elliptic"", ""rotation_deg"": 30.0, ""rotation_rad"": 3.9510650505832405, ""schema_version"": ""wafer_particles.pattern_config.v1"", ""sigma_x_ratio"": 0.106373482443322, ""sigma_y_ratio"": 0.07691132971740469, ""wafer_radius_mm"": 150.0}",263
sample_000264,C11_Hotspot_Elliptic,1098,"{""center_angle"": ""random"", ""center_angle_rad"": 0.72488588161952, ""center_radius_ratio"": 0.45911767536009823, ""mode"": ""random"", ""n_particles"": 1098, ""name"": ""wafer_particles.pattern.C11_Hotspot_Elliptic"", ""rotation_deg"": 30.0, ""rotation_rad"": 2.779625770630356, ""schema_version"": ""wafer_particles.pattern_config.v1"", ""sigma_x_ratio"": 0.10030744920754095, ""sigma_y_ratio"": 0.03481378952352957, ""wafer_radius_mm"": 150.0}",264
sample_000265,C01_Uniform,719,"{""n_particles"": 719, ""name"": ""wafer_particles.pattern.C01_Uniform"", ""schema_version"": ""wafer_particles.pattern_config.v1"", ""wafer_radius_mm"": 150.0}",265
sample_000266,C11_Hotspot_Elliptic,1057,"{""center_angle"": ""random"", ""center_angle_rad"": 2.183550078460323, ""center_radius_ratio"": 0.05808685130387753, ""mode"": ""random"", ""n_particles"": 1057, ""name"": ""wafer_particles.pattern.C11_Hotspot_Elliptic"", ""rotation_deg"": 30.0, ""rotation_rad"": 3.9030973181299893, ""schema_version"": ""wafer_particles.pattern_config.v1"", ""sigma_x_ratio"": 0.10552149670667262, ""sigma_y_ratio"": 0.07489280795429752, ""wafer_radius_mm"": 150.0}",266
sample_000267,C11_Hotspot_Elliptic,682,"{""center_angle"": ""random"", ""center_angle_rad"": 5.365065632265343, ""center_radius_ratio"": 0.7479818017825589, ""mode"": ""random"", ""n_particles"": 682, ""name"": ""wafer_particles.pattern.C11_Hotspot_Elliptic"", ""rotation_deg"": 30.0, ""rotation_rad"": 2.67673997915864, ""schema_version"": ""wafer_particles.pattern_config.v1"", ""sigma_x_ratio"": 0.05818051645872227, ""sigma_y_ratio"": 0.01217203216312966, ""wafer_radius_mm"": 150.0}",267
sample_000268,C07_StraightLine,512,"{""angle_deg"": 128.7155652676687, ""n_particles"": 512, ""name"": ""wafer_particles.pattern.C07_StraightLine"", ""offset_ratio"": 0.2959133482100695, ""schema_version"": ""wafer_particles.pattern_config.v1"", ""segment_half_length_ratio"": 0.7135123940785617, ""wafer_radius_mm"": 150.0, ""width_ratio"": 0.022377059612203647}",268
sample_000269,C03_Ring,612,"{""n_particles"": 612, ""name"": ""wafer_particles.pattern.C03_Ring"", ""radius_ratio"": 0.5765589627199144, ""schema_version"": ""wafer_particles.pattern_config.v1"", ""wafer_radius_mm"": 150.0, ""width_ratio"": 0.03225627795360327}",269
sample_000270,C04_Sector_Edge,1467,"{""angle_center_rad"": 0.002388251887086746, ""angle_width_deg"": 62.67323746052291, ""edge_width_ratio"": 0.26252643513452517, ""n_particles"": 1467, ""name"": ""wafer_particles.pattern.C04_Sector_Edge"", ""radial_beta_alpha"": 2.631987192728317, ""radial_beta_beta"": 3.2643029405511577, ""schema_version"": ""wafer_particles.pattern_config.v1"", ""side"": ""right"", ""theta_vonmises_kappa"": 2.4413452032716307, ""wafer_radius_mm"": 150.0}",270
sample_000271,C01_Uniform,745,"{""n_particles"": 745, ""name"": ""wafer_particles.pattern.C01_Uniform"", ""schema_version"": ""wafer_particles.pattern_config.v1"", ""wafer_radius_mm"": 150.0}",271
sample_000272,C11_Hotspot_Elliptic,770,"{""center_angle"": ""random"", ""center_angle_rad"": 1.2382301775209064, ""center_radius_ratio"": 0.6214485249653546, ""mode"": ""random"", ""n_particles"": 770, ""name"": ""wafer_particles.pattern.C11_Hotspot_Elliptic"", ""rotation_deg"": 30.0, ""rotation_rad"": 1.0100994872206155, ""schema_version"": ""wafer_particles.pattern_config.v1"", ""sigma_x_ratio"": 0.09448046560760005, ""sigma_y_ratio"": 0.039834388450535475, ""wafer_radius_mm"": 150.0}",272
sample_000273,C07_StraightLine,606,"{""angle_deg"": 88.20130159683677, ""n_particles"": 606, ""name"": ""wafer_particles.pattern.C07_StraightLine"", ""offset_ratio"": 0.2029141166691238, ""schema_version"": ""wafer_particles.pattern_config.v1"", ""segment_half_length_ratio"": 0.4064351139931165, ""wafer_radius_mm"": 150.0, ""width_ratio"": 0.03502975405546596}",273
sample_000274,C01_Uniform,1244,"{""n_particles"": 1244, ""name"": ""wafer_particles.pattern.C01_Uniform"", ""schema_version"": ""wafer_particles.pattern_config.v1"", ""wafer_radius_mm"": 150.0}",274
sample_000275,C01_Uniform,1121,"{""n_particles"": 1121, ""name"": ""wafer_particles.pattern.C01_Uniform"", ""schema_version"": ""wafer_particles.pattern_config.v1"", ""wafer_radius_mm"": 150.0}",275
sample_000276,C03_Ring,1458,"{""n_particles"": 1458, ""name"": ""wafer_particles.pattern.C03_Ring"", ""radius_ratio"": 0.45508476125321334, ""schema_version"": ""wafer_particles.pattern_config.v1"", ""wafer_radius_mm"": 150.0, ""width_ratio"": 0.07521187583857006}",276
sample_000277,C07_StraightLine,1494,"{""angle_deg"": 33.052969721273364, ""n_particles"": 1494, ""name"": ""wafer_particles.pattern.C07_StraightLine"", ""offset_ratio"": -0.29587314129586145, ""schema_version"": ""wafer_particles.pattern_config.v1"", ""segment_half_length_ratio"": 0.5503040783290987, ""wafer_radius_mm"": 150.0, ""width_ratio"": 0.005310371373599685}",277
sample_000278,C03_Ring,1380,"{""n_particles"": 1380, ""name"": ""wafer_particles.pattern.C03_Ring"", ""radius_ratio"": 0.7034873042632533, ""schema_version"": ""wafer_particles.pattern_config.v1"", ""wafer_radius_mm"": 150.0, ""width_ratio"": 0.16545057067703084}",278
sample_000279,C04_Sector_Edge,991,"{""angle_center_rad"": 3.87357563467865, ""angle_width_deg"": 33.052967149342535, ""edge_width_ratio"": 0.2786299370066161, ""n_particles"": 991, ""name"": ""wafer_particles.pattern.C04_Sector_Edge"", ""radial_beta_alpha"": 2.71098836568971, ""radial_beta_beta"": 2.528468532075187, ""schema_version"": ""wafer_particles.pattern_config.v1"", ""side"": ""right"", ""theta_vonmises_kappa"": 3.4393624141076318, ""wafer_radius_mm"": 150.0}",279
sample_000280,C03_Ring,1410,"{""n_particles"": 1410, ""name"": ""wafer_particles.pattern.C03_Ring"", ""radius_ratio"": 0.43506079484483634, ""schema_version"": ""wafer_particles.pattern_config.v1"", ""wafer_radius_mm"": 150.0, ""width_ratio"": 0.0876233269543523}",280
sample_000281,C11_Hotspot_Elliptic,1277,"{""center_angle"": ""random"", ""center_angle_rad"": 5.165780113788877, ""center_radius_ratio"": 0.883608341723376, ""mode"": ""random"", ""n_particles"": 1277, ""name"": ""wafer_particles.pattern.C11_Hotspot_Elliptic"", ""rotation_deg"": 30.0, ""rotation_rad"": 1.6267941958104013, ""schema_version"": ""wafer_particles.pattern_config.v1"", ""sigma_x_ratio"": 0.07519603582409334, ""sigma_y_ratio"": 0.0320215946891036, ""wafer_radius_mm"": 150.0}",281
sample_000282,C11_Hotspot_Elliptic,1327,"{""center_angle"": ""random"", ""center_angle_rad"": 1.1524294156634989, ""center_radius_ratio"": 0.6034792465093974, ""mode"": ""random"", ""n_particles"": 1327, ""name"": ""wafer_particles.pattern.C11_Hotspot_Elliptic"", ""rotation_deg"": 30.0, ""rotation_rad"": 0.8597077508209479, ""schema_version"": ""wafer_particles.pattern_config.v1"", ""sigma_x_ratio"": 0.0909689719046162, ""sigma_y_ratio"": 0.0711418665981233, ""wafer_radius_mm"": 150.0}",282
sample_000283,C04_Sector_Edge,1195,"{""angle_center_rad"": 4.971925159228616, ""angle_width_deg"": 43.4265955177014, ""edge_width_ratio"": 0.1590184424485192, ""n_particles"": 1195, ""name"": ""wafer_particles.pattern.C04_Sector_Edge"", ""radial_beta_alpha"": 3.27469676986905, ""radial_beta_beta"": 2.4297833029231897, ""schema_version"": ""wafer_particles.pattern_config.v1"", ""side"": ""right"", ""theta_vonmises_kappa"": 7.484540706421088, ""wafer_radius_mm"": 150.0}",283
sample_000284,C07_StraightLine,732,"{""angle_deg"": 131.68314453213856, ""n_particles"": 732, ""name"": ""wafer_particles.pattern.C07_StraightLine"", ""offset_ratio"": -0.11852148533629209, ""schema_version"": ""wafer_particles.pattern_config.v1"", ""segment_half_length_ratio"": 0.5551777593081828, ""wafer_radius_mm"": 150.0, ""width_ratio"": 0.005487959527998235}",284
sample_000285,C03_Ring,1000,"{""n_particles"": 1000, ""name"": ""wafer_particles.pattern.C03_Ring"", ""radius_ratio"": 0.7990508007415017, ""schema_version"": ""wafer_particles.pattern_config.v1"", ""wafer_radius_mm"": 150.0, ""width_ratio"": 0.18470575750533086}",285
sample_000286,C07_StraightLine,1071,"{""angle_deg"": 81.38473768350234, ""n_particles"": 1071, ""name"": ""wafer_particles.pattern.C07_StraightLine"", ""offset_ratio"": 0.0063751064068906516, ""schema_version"": ""wafer_particles.pattern_config.v1"", ""segment_half_length_ratio"": 0.5931880934471429, ""wafer_radius_mm"": 150.0, ""width_ratio"": 0.01528406554672421}",286
sample_000287,C04_Sector_Edge,1127,"{""angle_center_rad"": 3.96783437770456, ""angle_width_deg"": 77.5375412110696, ""edge_width_ratio"": 0.06700791968898982, ""n_particles"": 1127, ""name"": ""wafer_particles.pattern.C04_Sector_Edge"", ""radial_beta_alpha"": 2.277508053983418, ""radial_beta_beta"": 1.694893156552277, ""schema_version"": ""wafer_particles.pattern_config.v1"", ""side"": ""right"", ""theta_vonmises_kappa"": 3.9208928150489757, ""wafer_radius_mm"": 150.0}",287
sample_000288,C11_Hotspot_Elliptic,963,"{""center_angle"": ""random"", ""center_angle_rad"": 1.6024155454796702, ""center_radius_ratio"": 0.7014748747632479, ""mode"": ""random"", ""n_particles"": 963, ""name"": ""wafer_particles.pattern.C11_Hotspot_Elliptic"", ""rotation_deg"": 30.0, ""rotation_rad"": 1.7290568692989787, ""schema_version"": ""wafer_particles.pattern_config.v1"", ""sigma_x_ratio"": 0.09245839207832335, ""sigma_y_ratio"": 0.07997236116670975, ""wafer_radius_mm"": 150.0}",288
sample_000289,C07_StraightLine,780,"{""angle_deg"": 91.46741492781055, ""n_particles"": 780, ""name"": ""wafer_particles.pattern.C07_StraightLine"", ""offset_ratio"": 0.12715960193016723, ""schema_version"": ""wafer_particles.pattern_config.v1"", ""segment_half_length_ratio"": 0.5588319318486665, ""wafer_radius_mm"": 150.0, ""width_ratio"": 0.03990906333851774}",289
sample_000290,C07_StraightLine,972,"{""angle_deg"": 7.518543390652606, ""n_particles"": 972, ""name"": ""wafer_particles.pattern.C07_StraightLine"", ""offset_ratio"": -0.13132691670032348, ""schema_version"": ""wafer_particles.pattern_config.v1"", ""segment_half_length_ratio"": 0.7932708331109827, ""wafer_radius_mm"": 150.0, ""width_ratio"": 0.015697114141204314}",290
sample_000291,C04_Sector_Edge,795,"{""angle_center_rad"": 0.8673205929512284, ""angle_width_deg"": 53.550098750713516, ""edge_width_ratio"": 0.25364881286480834, ""n_particles"": 795, ""name"": ""wafer_particles.pattern.C04_Sector_Edge"", ""radial_beta_alpha"": 2.661069372518692, ""radial_beta_beta"": 2.333525170857949, ""schema_version"": ""wafer_particles.pattern_config.v1"", ""side"": ""right"", ""theta_vonmises_kappa"": 2.073834932778148, ""wafer_radius_mm"": 150.0}",291
sample_000292,C11_Hotspot_Elliptic,913,"{""center_angle"": ""random"", ""center_angle_rad"": 5.868288093260939, ""center_radius_ratio"": 0.814561062352085, ""mode"": ""random"", ""n_particles"": 913, ""name"": ""wafer_particles.pattern.C11_Hotspot_Elliptic"", ""rotation_deg"": 30.0, ""rotation_rad"": 3.4724338505885353, ""schema_version"": ""wafer_particles.pattern_config.v1"", ""sigma_x_ratio"": 0.06875045031041091, ""sigma_y_ratio"": 0.026114011638005356, ""wafer_radius_mm"": 150.0}",292
sample_000293,C07_StraightLine,661,"{""angle_deg"": 57.92419678609905, ""n_particles"": 661, ""name"": ""wafer_particles.pattern.C07_StraightLine"", ""offset_ratio"": 0.17589390336795757, ""schema_version"": ""wafer_particles.pattern_config.v1"", ""segment_half_length_ratio"": 0.8186902924315711, ""wafer_radius_mm"": 150.0, ""width_ratio"": 0.04191713364762848}",293
sample_000294,C04_Sector_Edge,1523,"{""angle_center_rad"": 2.67506550400298, ""angle_width_deg"": 31.442283436852648, ""edge_width_ratio"": 0.25937607601714324, ""n_particles"": 1523, ""name"": ""wafer_particles.pattern.C04_Sector_Edge"", ""radial_beta_alpha"": 1.3665886705020263, ""radial_beta_beta"": 3.0367644103052687, ""schema_version"": ""wafer_particles.pattern_config.v1"", ""side"": ""right"", ""theta_vonmises_kappa"": 6.979279644337085, ""wafer_radius_mm"": 150.0}",294
sample_000295,C01_Uniform,729,"{""n_particles"": 729, ""name"": ""wafer_particles.pattern.C01_Uniform"", ""schema_version"": ""wafer_particles.pattern_config.v1"", ""wafer_radius_mm"": 150.0}",295
sample_000296,C04_Sector_Edge,1085,"{""angle_center_rad"": 1.1994018611438382, ""angle_width_deg"": 64.37015815507291, ""edge_width_ratio"": 0.13293897004619948, ""n_particles"": 1085, ""name"": ""wafer_particles.pattern.C04_Sector_Edge"", ""radial_beta_alpha"": 2.243891455372216, ""radial_beta_beta"": 0.974791502571551, ""schema_version"": ""wafer_particles.pattern_config.v1"", ""side"": ""right"", ""theta_vonmises_kappa"": 2.044186008936304, ""wafer_radius_mm"": 150.0}",296
sample_000297,C01_Uniform,1528,"{""n_particles"": 1528, ""name"": ""wafer_particles.pattern.C01_Uniform"", ""schema_version"": ""wafer_particles.pattern_config.v1"", ""wafer_radius_mm"": 150.0}",297
sample_000298,C01_Uniform,836,"{""n_particles"": 836, ""name"": ""wafer_particles.pattern.C01_Uniform"", ""schema_version"": ""wafer_particles.pattern_config.v1"", ""wafer_radius_mm"": 150.0}",298
sample_000299,C07_StraightLine,901,"{""angle_deg"": 153.10559063093274, ""n_particles"": 901, ""name"": ""wafer_particles.pattern.C07_StraightLine"", ""offset_ratio"": 0.14916695771044963, ""schema_version"": ""wafer_particles.pattern_config.v1"", ""segment_half_length_ratio"": 0.4114889763365836, ""wafer_radius_mm"": 150.0, ""width_ratio"": 0.04439272603236461}",299
sample_000300,C01_Uniform,1325,"{""n_particles"": 1325, ""name"": ""wafer_particles.pattern.C01_Uniform"", ""schema_version"": ""wafer_particles.pattern_config.v1"", ""wafer_radius_mm"": 150.0}",300
sample_000301,C04_Sector_Edge,950,"{""angle_center_rad"": 5.706134291678042, ""angle_width_deg"": 37.45559662545379, ""edge_width_ratio"": 0.1348094928807983, ""n_particles"": 950, ""name"": ""wafer_particles.pattern.C04_Sector_Edge"", ""radial_beta_alpha"": 3.5230362626490033, ""radial_beta_beta"": 1.3784017026196276, ""schema_version"": ""wafer_particles.pattern_config.v1"", ""side"": ""right"", ""theta_vonmises_kappa"": 2.1051464743802497, ""wafer_radius_mm"": 150.0}",301
sample_000302,C11_Hotspot_Elliptic,914,"{""center_angle"": ""random"", ""center_angle_rad"": 2.2850226713505792, ""center_radius_ratio"": 0.24872943530507316, ""mode"": ""random"", ""n_particles"": 914, ""name"": ""wafer_particles.pattern.C11_Hotspot_Elliptic"", ""rotation_deg"": 30.0, ""rotation_rad"": 3.1089140296501285, ""schema_version"": ""wafer_particles.pattern_config.v1"", ""sigma_x_ratio"": 0.09967850334096777, ""sigma_y_ratio"": 0.049304422684624455, ""wafer_radius_mm"": 150.0}",302
sample_000303,C04_Sector_Edge,910,"{""angle_center_rad"": 3.603867855619221, ""angle_width_deg"": 45.083046895352204, ""edge_width_ratio"": 0.21747044210200056, ""n_particles"": 910, ""name"": ""wafer_particles.pattern.C04_Sector_Edge"", ""radial_beta_alpha"": 3.2162793309012434, ""radial_beta_beta"": 2.702473327259671, ""schema_version"": ""wafer_particles.pattern_config.v1"", ""side"": ""right"", ""theta_vonmises_kappa"": 3.2624592422006327, ""wafer_radius_mm"": 150.0}",303
sample_000304,C03_Ring,1483,"{""n_particles"": 1483, ""name"": ""wafer_particles.pattern.C03_Ring"", ""radius_ratio"": 0.7408252917146942, ""schema_version"": ""wafer_particles.pattern_config.v1"", ""wafer_radius_mm"": 150.0, ""width_ratio"": 0.10445389396786532}",304
sample_000305,C03_Ring,1205,"{""n_particles"": 1205, ""name"": ""wafer_particles.pattern.C03_Ring"", ""radius_ratio"": 0.7114290478220284, ""schema_version"": ""wafer_particles.pattern_config.v1"", ""wafer_radius_mm"": 150.0, ""width_ratio"": 0.058311491677166136}",305
sample_000306,C11_Hotspot_Elliptic,1439,"{""center_angle"": ""random"", ""center_angle_rad"": 3.919142988617283, ""center_radius_ratio"": 0.7423641065047544, ""mode"": ""random"", ""n_particles"": 1439, ""name"": ""wafer_particles.pattern.C11_Hotspot_Elliptic"", ""rotation_deg"": 30.0, ""rotation_rad"": 1.5514687566715943, ""schema_version"": ""wafer_particles.pattern_config.v1"", ""sigma_x_ratio"": 0.1072680780025971, ""sigma_y_ratio"": 0.03753114570303761, ""wafer_radius_mm"": 150.0}",306
sample_000307,C07_StraightLine,616,"{""angle_deg"": 154.2185546385635, ""n_particles"": 616, ""name"": ""wafer_particles.pattern.C07_StraightLine"", ""offset_ratio"": 0.24392001466723606, ""schema_version"": ""wafer_particles.pattern_config.v1"", ""segment_half_length_ratio"": 0.8888651183137555, ""wafer_radius_mm"": 150.0, ""width_ratio"": 0.026981181209087116}",307
sample_000308,C03_Ring,1152,"{""n_particles"": 1152, ""name"": ""wafer_particles.pattern.C03_Ring"", ""radius_ratio"": 0.8921565603914278, ""schema_version"": ""wafer_particles.pattern_config.v1"", ""wafer_radius_mm"": 150.0, ""width_ratio"": 0.10057493515946596}",308
sample_000309,C04_Sector_Edge,556,"{""angle_center_rad"": 4.9333612135640115, ""angle_width_deg"": 82.45856332413703, ""edge_width_ratio"": 0.12012815411028312, ""n_particles"": 556, ""name"": ""wafer_particles.pattern.C04_Sector_Edge"", ""radial_beta_alpha"": 2.4118912294770585, ""radial_beta_beta"": 2.147306188625918, ""schema_version"": ""wafer_particles.pattern_config.v1"", ""side"": ""right"", ""theta_vonmises_kappa"": 0.6328336710812801, ""wafer_radius_mm"": 150.0}",309
sample_000310,C03_Ring,974,"{""n_particles"": 974, ""name"": ""wafer_particles.pattern.C03_Ring"", ""radius_ratio"": 0.5724243197933144, ""schema_version"": ""wafer_particles.pattern_config.v1"", ""wafer_radius_mm"": 150.0, ""width_ratio"": 0.18999767214946872}",310
sample_000311,C04_Sector_Edge,1401,"{""angle_center_rad"": 1.8554673802690274, ""angle_width_deg"": 62.235699359353006, ""edge_width_ratio"": 0.28385850553825276, ""n_particles"": 1401, ""name"": ""wafer_particles.pattern.C04_Sector_Edge"", ""radial_beta_alpha"": 3.138943030154209, ""radial_beta_beta"": 2.6495281038914467, ""schema_version"": ""wafer_particles.pattern_config.v1"", ""side"": ""right"", ""theta_vonmises_kappa"": 1.4371323318494231, ""wafer_radius_mm"": 150.0}",311
sample_000312,C07_StraightLine,513,"{""angle_deg"": 4.51361840644566, ""n_particles"": 513, ""name"": ""wafer_particles.pattern.C07_StraightLine"", ""offset_ratio"": -0.27782272837174443, ""schema_version"": ""wafer_particles.pattern_config.v1"", ""segment_half_length_ratio"": 0.6768431077729375, ""wafer_radius_mm"": 150.0, ""width_ratio"": 0.007415880179228207}",312
sample_000313,C04_Sector_Edge,1157,"{""angle_center_rad"": 3.926863768360384, ""angle_width_deg"": 31.395990090677188, ""edge_width_ratio"": 0.2875829027271416, ""n_particles"": 1157, ""name"": ""wafer_particles.pattern.C04_Sector_Edge"", ""radial_beta_alpha"": 1.770987474333543, ""radial_beta_beta"": 2.659216222575566, ""schema_version"": ""wafer_particles.pattern_config.v1"", ""side"": ""right"", ""theta_vonmises_kappa"": 4.811719565157118, ""wafer_radius_mm"": 150.0}",313
sample_000314,C04_Sector_Edge,684,"{""angle_center_rad"": 3.735045318331864, ""angle_width_deg"": 49.84864863155995, ""edge_width_ratio"": 0.20966086157089725, ""n_particles"": 684, ""name"": ""wafer_particles.pattern.C04_Sector_Edge"", ""radial_beta_alpha"": 2.8131108122238855, ""radial_beta_beta"": 2.105570099900155, ""schema_version"": ""wafer_particles.pattern_config.v1"", ""side"": ""right"", ""theta_vonmises_kappa"": 4.547348437507674, ""wafer_radius_mm"": 150.0}",314
sample_000315,C07_StraightLine,805,"{""angle_deg"": 22.930707584607145, ""n_particles"": 805, ""name"": ""wafer_particles.pattern.C07_StraightLine"", ""offset_ratio"": -0.14877771826783173, ""schema_version"": ""wafer_particles.pattern_config.v1"", ""segment_half_length_ratio"": 0.8216399106796095, ""wafer_radius_mm"": 150.0, ""width_ratio"": 0.03858215343543082}",315
sample_000316,C04_Sector_Edge,1119,"{""angle_center_rad"": 6.256060202620473, ""angle_width_deg"": 80.65334417006787, ""edge_width_ratio"": 0.2767842735195829, ""n_particles"": 1119, ""name"": ""wafer_particles.pattern.C04_Sector_Edge"", ""radial_beta_alpha"": 3.565601404692928, ""radial_beta_beta"": 1.6633566076271344, ""schema_version"": ""wafer_particles.pattern_config.v1"", ""side"": ""right"", ""theta_vonmises_kappa"": 5.994141015838741, ""wafer_radius_mm"": 150.0}",316
sample_000317,C01_Uniform,823,"{""n_particles"": 823, ""name"": ""wafer_particles.pattern.C01_Uniform"", ""schema_version"": ""wafer_particles.pattern_config.v1"", ""wafer_radius_mm"": 150.0}",317
sample_000318,C03_Ring,523,"{""n_particles"": 523, ""name"": ""wafer_particles.pattern.C03_Ring"", ""radius_ratio"": 0.6757862330428153, ""schema_version"": ""wafer_particles.pattern_config.v1"", ""wafer_radius_mm"": 150.0, ""width_ratio"": 0.12345906405943688}",318
sample_000319,C07_StraightLine,519,"{""angle_deg"": 177.32333709330766, ""n_particles"": 519, ""name"": ""wafer_particles.pattern.C07_StraightLine"", ""offset_ratio"": -0.09985953844610376, ""schema_version"": ""wafer_particles.pattern_config.v1"", ""segment_half_length_ratio"": 0.4798739185521632, ""wafer_radius_mm"": 150.0, ""width_ratio"": 0.027355382184446407}",319
sample_000320,C01_Uniform,1505,"{""n_particles"": 1505, ""name"": ""wafer_particles.pattern.C01_Uniform"", ""schema_version"": ""wafer_particles.pattern_config.v1"", ""wafer_radius_mm"": 150.0}",320
sample_000321,C11_Hotspot_Elliptic,1258,"{""center_angle"": ""random"", ""center_angle_rad"": 1.5369674332074157, ""center_radius_ratio"": 0.45770206497371124, ""mode"": ""random"", ""n_particles"": 1258, ""name"": ""wafer_particles.pattern.C11_Hotspot_Elliptic"", ""rotation_deg"": 30.0, ""rotation_rad"": 0.6423459070047352, ""schema_version"": ""wafer_particles.pattern_config.v1"", ""sigma_x_ratio"": 0.05103121529944048, ""sigma_y_ratio"": 0.0774662766836287, ""wafer_radius_mm"": 150.0}",321
sample_000322,C07_StraightLine,1155,"{""angle_deg"": 75.88125537407676, ""n_particles"": 1155, ""name"": ""wafer_particles.pattern.C07_StraightLine"", ""offset_ratio"": 0.27884097043859796, ""schema_version"": ""wafer_particles.pattern_config.v1"", ""segment_half_length_ratio"": 0.7388463515902477, ""wafer_radius_mm"": 150.0, ""width_ratio"": 0.019791319565867712}",322
sample_000323,C01_Uniform,1445,"{""n_particles"": 1445, ""name"": ""wafer_particles.pattern.C01_Uniform"", ""schema_version"": ""wafer_particles.pattern_config.v1"", ""wafer_radius_mm"": 150.0}",323
sample_000324,C07_StraightLine,1401,"{""angle_deg"": 172.04359611331589, ""n_particles"": 1401, ""name"": ""wafer_particles.pattern.C07_StraightLine"", ""offset_ratio"": -0.060089596099272585, ""schema_version"": ""wafer_particles.pattern_config.v1"", ""segment_half_length_ratio"": 0.5216932271364904, ""wafer_radius_mm"": 150.0, ""width_ratio"": 0.014983580554700941}",324
sample_000325,C04_Sector_Edge,1293,"{""angle_center_rad"": 6.091003623381606, ""angle_width_deg"": 56.77663029231836, ""edge_width_ratio"": 0.14358698463634245, ""n_particles"": 1293, ""name"": ""wafer_particles.pattern.C04_Sector_Edge"", ""radial_beta_alpha"": 2.4261029321509335, ""radial_beta_beta"": 0.9294436313982459, ""schema_version"": ""wafer_particles.pattern_config.v1"", ""side"": ""right"", ""theta_vonmises_kappa"": 3.46539886860486, ""wafer_radius_mm"": 150.0}",325
sample_000326,C07_StraightLine,706,"{""angle_deg"": 28.85416895872869, ""n_particles"": 706, ""name"": ""wafer_particles.pattern.C07_StraightLine"", ""offset_ratio"": 0.22103429548338943, ""schema_version"": ""wafer_particles.pattern_config.v1"", ""segment_half_length_ratio"": 0.7610700245706099, ""wafer_radius_mm"": 150.0, ""width_ratio"": 0.02077391014783314}",326
sample_000327,C04_Sector_Edge,1350,"{""angle_center_rad"": 2.590828385139835, ""angle_width_deg"": 54.158819511252354, ""edge_width_ratio"": 0.2482429986487381, ""n_particles"": 1350, ""name"": ""wafer_particles.pattern.C04_Sector_Edge"", ""radial_beta_alpha"": 1.779075100803202, ""radial_beta_beta"": 2.075847524315253, ""schema_version"": ""wafer_particles.pattern_config.v1"", ""side"": ""right"", ""theta_vonmises_kappa"": 2.4061470828373013, ""wafer_radius_mm"": 150.0}",327
sample_000328,C11_Hotspot_Elliptic,1389,"{""center_angle"": ""random"", ""center_angle_rad"": 4.997392620391661, ""center_radius_ratio"": 0.5365164774330801, ""mode"": ""random"", ""n_particles"": 1389, ""name"": ""wafer_particles.pattern.C11_Hotspot_Elliptic"", ""rotation_deg"": 30.0, ""rotation_rad"": 4.628403667044077, ""schema_version"": ""wafer_particles.pattern_config.v1"", ""sigma_x_ratio"": 0.041144036949421356, ""sigma_y_ratio"": 0.07909871355564334, ""wafer_radius_mm"": 150.0}",328
sample_000329,C07_StraightLine,755,"{""angle_deg"": 8.773604749139546, ""n_particles"": 755, ""name"": ""wafer_particles.pattern.C07_StraightLine"", ""offset_ratio"": 0.17886940051163092, ""schema_version"": ""wafer_particles.pattern_config.v1"", ""segment_half_length_ratio"": 0.6404378362131871, ""wafer_radius_mm"": 150.0, ""width_ratio"": 0.013312892759874725}",329
sample_000330,C04_Sector_Edge,1531,"{""angle_center_rad"": 5.027241965660646, ""angle_width_deg"": 79.94683481220672, ""edge_width_ratio"": 0.2123273694452822, ""n_particles"": 1531, ""name"": ""wafer_particles.pattern.C04_Sector_Edge"", ""radial_beta_alpha"": 3.6434381361998636, ""radial_beta_beta"": 2.2363865163172343, ""schema_version"": ""wafer_particles.pattern_config.v1"", ""side"": ""right"", ""theta_vonmises_kappa"": 6.420383376457706, ""wafer_radius_mm"": 150.0}",330
sample_000331,C04_Sector_Edge,1133,"{""angle_center_rad"": 1.4264944768214192, ""angle_width_deg"": 68.91602547181111, ""edge_width_ratio"": 0.07635702675430096, ""n_particles"": 1133, ""name"": ""wafer_particles.pattern.C04_Sector_Edge"", ""radial_beta_alpha"": 2.9517656011029665, ""radial_beta_beta"": 2.9964167327498314, ""schema_version"": ""wafer_particles.pattern_config.v1"", ""side"": ""right"", ""theta_vonmises_kappa"": 3.2478175122251045, ""wafer_radius_mm"": 150.0}",331
sample_000332,C11_Hotspot_Elliptic,1004,"{""center_angle"": ""random"", ""center_angle_rad"": 2.755716839674408, ""center_radius_ratio"": 0.2860214309034154, ""mode"": ""random"", ""n_particles"": 1004, ""name"": ""wafer_particles.pattern.C11_Hotspot_Elliptic"", ""rotation_deg"": 30.0, ""rotation_rad"": 5.003401372077363, ""schema_version"": ""wafer_particles.pattern_config.v1"", ""sigma_x_ratio"": 0.07455784891886816, ""sigma_y_ratio"": 0.05115746254807895, ""wafer_radius_mm"": 150.0}",332
sample_000333,C07_StraightLine,573,"{""angle_deg"": 36.26316157541984, ""n_particles"": 573, ""name"": ""wafer_particles.pattern.C07_StraightLine"", ""offset_ratio"": 0.1656521589071378, ""schema_version"": ""wafer_particles.pattern_config.v1"", ""segment_half_length_ratio"": 0.7790363696433874, ""wafer_radius_mm"": 150.0, ""width_ratio"": 0.04862764841103351}",333
sample_000334,C11_Hotspot_Elliptic,1031,"{""center_angle"": ""random"", ""center_angle_rad"": 0.03569092563508671, ""center_radius_ratio"": 0.7154624739579979, ""mode"": ""random"", ""n_particles"": 1031, ""name"": ""wafer_particles.pattern.C11_Hotspot_Elliptic"", ""rotation_deg"": 30.0, ""rotation_rad"": 2.779580154127681, ""schema_version"": ""wafer_particles.pattern_config.v1"", ""sigma_x_ratio"": 0.11366684082253531, ""sigma_y_ratio"": 0.028499025891535683, ""wafer_radius_mm"": 150.0}",334
sample_000335,C11_Hotspot_Elliptic,874,"{""center_angle"": ""random"", ""center_angle_rad"": 0.11227681097456312, ""center_radius_ratio"": 0.40568774944415453, ""mode"": ""random"", ""n_particles"": 874, ""name"": ""wafer_particles.pattern.C11_Hotspot_Elliptic"", ""rotation_deg"": 30.0, ""rotation_rad"": 5.30143124418813, ""schema_version"": ""wafer_particles.pattern_config.v1"", ""sigma_x_ratio"": 0.11410314138225969, ""sigma_y_ratio"": 0.0481883849387681, ""wafer_radius_mm"": 150.0}",335
sample_000336,C11_Hotspot_Elliptic,1277,"{""center_angle"": ""random"", ""center_angle_rad"": 4.674375307475087, ""center_radius_ratio"": 0.43239229797254103, ""mode"": ""random"", ""n_particles"": 1277, ""name"": ""wafer_particles.pattern.C11_Hotspot_Elliptic"", ""rotation_deg"": 30.0, ""rotation_rad"": 4.242448311291541, ""schema_version"": ""wafer_particles.pattern_config.v1"", ""sigma_x_ratio"": 0.10216921218152278, ""sigma_y_ratio"": 0.059000773686209776, ""wafer_radius_mm"": 150.0}",336
sample_000337,C01_Uniform,1254,"{""n_particles"": 1254, ""name"": ""wafer_particles.pattern.C01_Uniform"", ""schema_version"": ""wafer_particles.pattern_config.v1"", ""wafer_radius_mm"": 150.0}",337
sample_000338,C11_Hotspot_Elliptic,521,"{""center_angle"": ""random"", ""center_angle_rad"": 4.761765511585951, ""center_radius_ratio"": 0.2567372195111174, ""mode"": ""random"", ""n_particles"": 521, ""name"": ""wafer_particles.pattern.C11_Hotspot_Elliptic"", ""rotation_deg"": 30.0, ""rotation_rad"": 1.6214649994964312, ""schema_version"": ""wafer_particles.pattern_config.v1"", ""sigma_x_ratio"": 0.033892682986582615, ""sigma_y_ratio"": 0.03008472850280077, ""wafer_radius_mm"": 150.0}",338
sample_000339,C03_Ring,1462,"{""n_particles"": 1462, ""name"": ""wafer_particles.pattern.C03_Ring"", ""radius_ratio"": 0.6678020132197551, ""schema_version"": ""wafer_particles.pattern_config.v1"", ""wafer_radius_mm"": 150.0, ""width_ratio"": 0.13697497668539207}",339
sample_000340,C11_Hotspot_Elliptic,1280,"{""center_angle"": ""random"", ""center_angle_rad"": 4.520981224845069, ""center_radius_ratio"": 0.6197524030597433, ""mode"": ""random"", ""n_particles"": 1280, ""name"": ""wafer_particles.pattern.C11_Hotspot_Elliptic"", ""rotation_deg"": 30.0, ""rotation_rad"": 3.5910598891374033, ""schema_version"": ""wafer_particles.pattern_config.v1"", ""sigma_x_ratio"": 0.03314614721098329, ""sigma_y_ratio"": 0.04007114434665827, ""wafer_radius_mm"": 150.0}",340
sample_000341,C11_Hotspot_Elliptic,646,"{""center_angle"": ""random"", ""center_angle_rad"": 0.1553635287417002, ""center_radius_ratio"": 0.16020116032732817, ""mode"": ""random"", ""n_particles"": 646, ""name"": ""wafer_particles.pattern.C11_Hotspot_Elliptic"", ""rotation_deg"": 30.0, ""rotation_rad"": 1.6316915561516327, ""schema_version"": ""wafer_particles.pattern_config.v1"", ""sigma_x_ratio"": 0.03599390249750556, ""sigma_y_ratio"": 0.025854615358695487, ""wafer_radius_mm"": 150.0}",341
sample_000342,C04_Sector_Edge,1064,"{""angle_center_rad"": 3.7379499260693176, ""angle_width_deg"": 67.98808964535563, ""edge_width_ratio"": 0.284468609450804, ""n_particles"": 1064, ""name"": ""wafer_particles.pattern.C04_Sector_Edge"", ""radial_beta_alpha"": 1.2976439589064235, ""radial_beta_beta"": 3.252672589264354, ""schema_version"": ""wafer_particles.pattern_config.v1"", ""side"": ""right"", ""theta_vonmises_kappa"": 6.449229739319455, ""wafer_radius_mm"": 150.0}",342
sample_000343,C04_Sector_Edge,1391,"{""angle_center_rad"": 1.5895153900953756, ""angle_width_deg"": 76.24188396250162, ""edge_width_ratio"": 0.15111588601484333, ""n_particles"": 1391, ""name"": ""wafer_particles.pattern.C04_Sector_Edge"", ""radial_beta_alpha"": 3.412686503564186, ""radial_beta_beta"": 2.515629959649194, ""schema_version"": ""wafer_particles.pattern_config.v1"", ""side"": ""right"", ""theta_vonmises_kappa"": 5.2967355311659965, ""wafer_radius_mm"": 150.0}",343
sample_000344,C11_Hotspot_Elliptic,972,"{""center_angle"": ""random"", ""center_angle_rad"": 2.9227055306322387, ""center_radius_ratio"": 0.45373116826732907, ""mode"": ""random"", ""n_particles"": 972, ""name"": ""wafer_particles.pattern.C11_Hotspot_Elliptic"", ""rotation_deg"": 30.0, ""rotation_rad"": 4.3855875136424824, ""schema_version"": ""wafer_particles.pattern_config.v1"", ""sigma_x_ratio"": 0.09857533603929743, ""sigma_y_ratio"": 0.04769718362007045, ""wafer_radius_mm"": 150.0}",344
sample_000345,C03_Ring,651,"{""n_particles"": 651, ""name"": ""wafer_particles.pattern.C03_Ring"", ""radius_ratio"": 0.49934580405550705, ""schema_version"": ""wafer_particles.pattern_config.v1"", ""wafer_radius_mm"": 150.0, ""width_ratio"": 0.17933341472602704}",345
sample_000346,C03_Ring,1400,"{""n_particles"": 1400, ""name"": ""wafer_particles.pattern.C03_Ring"", ""radius_ratio"": 0.5862648431210905, ""schema_version"": ""wafer_particles.pattern_config.v1"", ""wafer_radius_mm"": 150.0, ""width_ratio"": 0.022915128290460347}",346
sample_000347,C03_Ring,661,"{""n_particles"": 661, ""name"": ""wafer_particles.pattern.C03_Ring"", ""radius_ratio"": 0.625522940186424, ""schema_version"": ""wafer_particles.pattern_config.v1"", ""wafer_radius_mm"": 150.0, ""width_ratio"": 0.16462943233577643}",347
sample_000348,C11_Hotspot_Elliptic,758,"{""center_angle"": ""random"", ""center_angle_rad"": 2.957190265086546, ""center_radius_ratio"": 0.5617793313072272, ""mode"": ""random"", ""n_particles"": 758, ""name"": ""wafer_particles.pattern.C11_Hotspot_Elliptic"", ""rotation_deg"": 30.0, ""rotation_rad"": 3.696465494547905, ""schema_version"": ""wafer_particles.pattern_config.v1"", ""sigma_x_ratio"": 0.07039929915917106, ""sigma_y_ratio"": 0.016617923900354437, ""wafer_radius_mm"": 150.0}",348
sample_000349,C04_Sector_Edge,818,"{""angle_center_rad"": 4.386178650951852, ""angle_width_deg"": 59.72337376380007, ""edge_width_ratio"": 0.054150257604977034, ""n_particles"": 818, ""name"": ""wafer_particles.pattern.C04_Sector_Edge"", ""radial_beta_alpha"": 1.2347118989459465, ""radial_beta_beta"": 0.8983993424072354, ""schema_version"": ""wafer_particles.pattern_config.v1"", ""side"": ""right"", ""theta_vonmises_kappa"": 3.6818584658051083, ""wafer_radius_mm"": 150.0}",349
sample_000350,C04_Sector_Edge,1097,"{""angle_center_rad"": 0.8624609288565996, ""angle_width_deg"": 39.39427578618488, ""edge_width_ratio"": 0.20695246453689126, ""n_particles"": 1097, ""name"": ""wafer_particles.pattern.C04_Sector_Edge"", ""radial_beta_alpha"": 2.889089782354782, ""radial_beta_beta"": 2.4464859420431506, ""schema_version"": ""wafer_particles.pattern_config.v1"", ""side"": ""right"", ""theta_vonmises_kappa"": 8.28521844939518, ""wafer_radius_mm"": 150.0}",350
sample_000351,C07_StraightLine,1417,"{""angle_deg"": 135.7010227509856, ""n_particles"": 1417, ""name"": ""wafer_particles.pattern.C07_StraightLine"", ""offset_ratio"": 0.050481341605977614, ""schema_version"": ""wafer_particles.pattern_config.v1"", ""segment_half_length_ratio"": 0.8548450124065274, ""wafer_radius_mm"": 150.0, ""width_ratio"": 0.005455688724801783}",351
sample_000352,C04_Sector_Edge,881,"{""angle_center_rad"": 6.255827570026294, ""angle_width_deg"": 21.20029293652453, ""edge_width_ratio"": 0.28637448842446256, ""n_particles"": 881, ""name"": ""wafer_particles.pattern.C04_Sector_Edge"", ""radial_beta_alpha"": 3.6944221549917664, ""radial_beta_beta"": 1.702226083348986, ""schema_version"": ""wafer_particles.pattern_config.v1"", ""side"": ""right"", ""theta_vonmises_kappa"": 9.213740634866186, ""wafer_radius_mm"": 150.0}",352
sample_000353,C07_StraightLine,1095,"{""angle_deg"": 175.05722181269357, ""n_particles"": 1095, ""name"": ""wafer_particles.pattern.C07_StraightLine"", ""offset_ratio"": -0.14617038138448174, ""schema_version"": ""wafer_particles.pattern_config.v1"", ""segment_half_length_ratio"": 0.5464489672755561, ""wafer_radius_mm"": 150.0, ""width_ratio"": 0.036179062374641545}",353
sample_000354,C03_Ring,783,"{""n_particles"": 783, ""name"": ""wafer_particles.pattern.C03_Ring"", ""radius_ratio"": 0.7941298068486407, ""schema_version"": ""wafer_particles.pattern_config.v1"", ""wafer_radius_mm"": 150.0, ""width_ratio"": 0.020003492544213956}",354
sample_000355,C03_Ring,1514,"{""n_particles"": 1514, ""name"": ""wafer_particles.pattern.C03_Ring"", ""radius_ratio"": 0.6475033691903819, ""schema_version"": ""wafer_particles.pattern_config.v1"", ""wafer_radius_mm"": 150.0, ""width_ratio"": 0.16187741222238683}",355
sample_000356,C01_Uniform,839,"{""n_particles"": 839, ""name"": ""wafer_particles.pattern.C01_Uniform"", ""schema_version"": ""wafer_particles.pattern_config.v1"", ""wafer_radius_mm"": 150.0}",356
sample_000357,C04_Sector_Edge,704,"{""angle_center_rad"": 4.892383715922088, ""angle_width_deg"": 29.469178535966364, ""edge_width_ratio"": 0.11629208783587815, ""n_particles"": 704, ""name"": ""wafer_particles.pattern.C04_Sector_Edge"", ""radial_beta_alpha"": 2.5641888597918405, ""radial_beta_beta"": 2.116212238303423, ""schema_version"": ""wafer_particles.pattern_config.v1"", ""side"": ""right"", ""theta_vonmises_kappa"": 7.69120149809794, ""wafer_radius_mm"": 150.0}",357
sample_000358,C04_Sector_Edge,546,"{""angle_center_rad"": 2.954609154429228, ""angle_width_deg"": 75.44328074378964, ""edge_width_ratio"": 0.09218637370416206, ""n_particles"": 546, ""name"": ""wafer_particles.pattern.C04_Sector_Edge"", ""radial_beta_alpha"": 3.5786221087787142, ""radial_beta_beta"": 2.0721694677442852, ""schema_version"": ""wafer_particles.pattern_config.v1"", ""side"": ""right"", ""theta_vonmises_kappa"": 0.6091151969442953, ""wafer_radius_mm"": 150.0}",358
sample_000359,C07_StraightLine,1311,"{""angle_deg"": 86.37889343449564, ""n_particles"": 1311, ""name"": ""wafer_particles.pattern.C07_StraightLine"", ""offset_ratio"": -0.27346198421254597, ""schema_version"": ""wafer_particles.pattern_config.v1"", ""segment_half_length_ratio"": 0.8730519020120913, ""wafer_radius_mm"": 150.0, ""width_ratio"": 0.03489861552873775}",359
sample_000360,C11_Hotspot_Elliptic,1506,"{""center_angle"": ""random"", ""center_angle_rad"": 4.025802027411925, ""center_radius_ratio"": 0.8179659785560888, ""mode"": ""random"", ""n_particles"": 1506, ""name"": ""wafer_particles.pattern.C11_Hotspot_Elliptic"", ""rotation_deg"": 30.0, ""rotation_rad"": 2.3560547317957115, ""schema_version"": ""wafer_particles.pattern_config.v1"", ""sigma_x_ratio"": 0.0449572530249818, ""sigma_y_ratio"": 0.01993751226514958, ""wafer_radius_mm"": 150.0}",360
sample_000361,C03_Ring,1367,"{""n_particles"": 1367, ""name"": ""wafer_particles.pattern.C03_Ring"", ""radius_ratio"": 0.8670531268114428, ""schema_version"": ""wafer_particles.pattern_config.v1"", ""wafer_radius_mm"": 150.0, ""width_ratio"": 0.09116197831140865}",361
sample_000362,C11_Hotspot_Elliptic,1508,"{""center_angle"": ""random"", ""center_angle_rad"": 5.185507156268827, ""center_radius_ratio"": 0.7571012930977673, ""mode"": ""random"", ""n_particles"": 1508, ""name"": ""wafer_particles.pattern.C11_Hotspot_Elliptic"", ""rotation_deg"": 30.0, ""rotation_rad"": 5.080276500081726, ""schema_version"": ""wafer_particles.pattern_config.v1"", ""sigma_x_ratio"": 0.1089591970439568, ""sigma_y_ratio"": 0.0322312226352791, ""wafer_radius_mm"": 150.0}",362
sample_000363,C07_StraightLine,1015,"{""angle_deg"": 150.3163135378068, ""n_particles"": 1015, ""name"": ""wafer_particles.pattern.C07_StraightLine"", ""offset_ratio"": -0.24740250535831093, ""schema_version"": ""wafer_particles.pattern_config.v1"", ""segment_half_length_ratio"": 0.7204698239997515, ""wafer_radius_mm"": 150.0, ""width_ratio"": 0.008994985469603797}",363
sample_000364,C03_Ring,1427,"{""n_particles"": 1427, ""name"": ""wafer_particles.pattern.C03_Ring"", ""radius_ratio"": 0.4355527022547771, ""schema_version"": ""wafer_particles.pattern_config.v1"", ""wafer_radius_mm"": 150.0, ""width_ratio"": 0.08131273985769077}",364
sample_000365,C03_Ring,1471,"{""n_particles"": 1471, ""name"": ""wafer_particles.pattern.C03_Ring"", ""radius_ratio"": 0.6307740114860375, ""schema_version"": ""wafer_particles.pattern_config.v1"", ""wafer_radius_mm"": 150.0, ""width_ratio"": 0.06906629548295945}",365
sample_000366,C01_Uniform,1229,"{""n_particles"": 1229, ""name"": ""wafer_particles.pattern.C01_Uniform"", ""schema_version"": ""wafer_particles.pattern_config.v1"", ""wafer_radius_mm"": 150.0}",366
sample_000367,C04_Sector_Edge,788,"{""angle_center_rad"": 1.3269723107962728, ""angle_width_deg"": 82.33052957103476, ""edge_width_ratio"": 0.2839976947641754, ""n_particles"": 788, ""name"": ""wafer_particles.pattern.C04_Sector_Edge"", ""radial_beta_alpha"": 3.255426760960356, ""radial_beta_beta"": 2.139331402541231, ""schema_version"": ""wafer_particles.pattern_config.v1"", ""side"": ""right"", ""theta_vonmises_kappa"": 5.658772142392564, ""wafer_radius_mm"": 150.0}",367
sample_000368,C07_StraightLine,725,"{""angle_deg"": 28.33472920670629, ""n_particles"": 725, ""name"": ""wafer_particles.pattern.C07_StraightLine"", ""offset_ratio"": 0.027845001115725798, ""schema_version"": ""wafer_particles.pattern_config.v1"", ""segment_half_length_ratio"": 0.5148678204815558, ""wafer_radius_mm"": 150.0, ""width_ratio"": 0.025759569587164837}",368
sample_000369,C07_StraightLine,1402,"{""angle_deg"": 128.37296809681754, ""n_particles"": 1402, ""name"": ""wafer_particles.pattern.C07_StraightLine"", ""offset_ratio"": -0.014371483580779554, ""schema_version"": ""wafer_particles.pattern_config.v1"", ""segment_half_length_ratio"": 0.47813399794666567, ""wafer_radius_mm"": 150.0, ""width_ratio"": 0.03883694301644365}",369
sample_000370,C01_Uniform,1255,"{""n_particles"": 1255, ""name"": ""wafer_particles.pattern.C01_Uniform"", ""schema_version"": ""wafer_particles.pattern_config.v1"", ""wafer_radius_mm"": 150.0}",370
sample_000371,C04_Sector_Edge,568,"{""angle_center_rad"": 5.071188869093569, ""angle_width_deg"": 63.93186270367564, ""edge_width_ratio"": 0.13699182106092517, ""n_particles"": 568, ""name"": ""wafer_particles.pattern.C04_Sector_Edge"", ""radial_beta_alpha"": 3.9069110998121284, ""radial_beta_beta"": 1.9190298904498706, ""schema_version"": ""wafer_particles.pattern_config.v1"", ""side"": ""right"", ""theta_vonmises_kappa"": 7.149498584703319, ""wafer_radius_mm"": 150.0}",371
sample_000372,C11_Hotspot_Elliptic,640,"{""center_angle"": ""random"", ""center_angle_rad"": 5.7046548306415685, ""center_radius_ratio"": 0.29457152164069267, ""mode"": ""random"", ""n_particles"": 640, ""name"": ""wafer_particles.pattern.C11_Hotspot_Elliptic"", ""rotation_deg"": 30.0, ""rotation_rad"": 2.4149295337201098, ""schema_version"": ""wafer_particles.pattern_config.v1"", ""sigma_x_ratio"": 0.06643317734748855, ""sigma_y_ratio"": 0.06915595800335679, ""wafer_radius_mm"": 150.0}",372
sample_000373,C03_Ring,1355,"{""n_particles"": 1355, ""name"": ""wafer_particles.pattern.C03_Ring"", ""radius_ratio"": 0.5745449350508445, ""schema_version"": ""wafer_particles.pattern_config.v1"", ""wafer_radius_mm"": 150.0, ""width_ratio"": 0.07126548753688039}",373
sample_000374,C03_Ring,1500,"{""n_particles"": 1500, ""name"": ""wafer_particles.pattern.C03_Ring"", ""radius_ratio"": 0.46146024152569254, ""schema_version"": ""wafer_particles.pattern_config.v1"", ""wafer_radius_mm"": 150.0, ""width_ratio"": 0.09282076339992515}",374
sample_000375,C03_Ring,1407,"{""n_particles"": 1407, ""name"": ""wafer_particles.pattern.C03_Ring"", ""radius_ratio"": 0.8959906924395349, ""schema_version"": ""wafer_particles.pattern_config.v1"", ""wafer_radius_mm"": 150.0, ""width_ratio"": 0.09394129057497538}",375
sample_000376,C07_StraightLine,1488,"{""angle_deg"": 14.105203497053047, ""n_particles"": 1488, ""name"": ""wafer_particles.pattern.C07_StraightLine"", ""offset_ratio"": -0.27309005946820103, ""schema_version"": ""wafer_particles.pattern_config.v1"", ""segment_half_length_ratio"": 0.3689044869396314, ""wafer_radius_mm"": 150.0, ""width_ratio"": 0.037737993277636044}",376
sample_000377,C03_Ring,997,"{""n_particles"": 997, ""name"": ""wafer_particles.pattern.C03_Ring"", ""radius_ratio"": 0.7302835004316144, ""schema_version"": ""wafer_particles.pattern_config.v1"", ""wafer_radius_mm"": 150.0, ""width_ratio"": 0.06231465721204055}",377
sample_000378,C01_Uniform,844,"{""n_particles"": 844, ""name"": ""wafer_particles.pattern.C01_Uniform"", ""schema_version"": ""wafer_particles.pattern_config.v1"", ""wafer_radius_mm"": 150.0}",378
sample_000379,C11_Hotspot_Elliptic,698,"{""center_angle"": ""random"", ""center_angle_rad"": 2.9965539659608442, ""center_radius_ratio"": 0.0779403770261622, ""mode"": ""random"", ""n_particles"": 698, ""name"": ""wafer_particles.pattern.C11_Hotspot_Elliptic"", ""rotation_deg"": 30.0, ""rotation_rad"": 3.269872119524159, ""schema_version"": ""wafer_particles.pattern_config.v1"", ""sigma_x_ratio"": 0.09120294634020634, ""sigma_y_ratio"": 0.050449207569285316, ""wafer_radius_mm"": 150.0}",379
sample_000380,C03_Ring,1073,"{""n_particles"": 1073, ""name"": ""wafer_particles.pattern.C03_Ring"", ""radius_ratio"": 0.41183057191807654, ""schema_version"": ""wafer_particles.pattern_config.v1"", ""wafer_radius_mm"": 150.0, ""width_ratio"": 0.046328742367889045}",380
sample_000381,C11_Hotspot_Elliptic,1183,"{""center_angle"": ""random"", ""center_angle_rad"": 4.064902356422172, ""center_radius_ratio"": 0.2620610378241697, ""mode"": ""random"", ""n_particles"": 1183, ""name"": ""wafer_particles.pattern.C11_Hotspot_Elliptic"", ""rotation_deg"": 30.0, ""rotation_rad"": 5.337822532580891, ""schema_version"": ""wafer_particles.pattern_config.v1"", ""sigma_x_ratio"": 0.061147240616807055, ""sigma_y_ratio"": 0.07027924608792253, ""wafer_radius_mm"": 150.0}",381
sample_000382,C11_Hotspot_Elliptic,684,"{""center_angle"": ""random"", ""center_angle_rad"": 1.0098041709593264, ""center_radius_ratio"": 0.34947439781960066, ""mode"": ""random"", ""n_particles"": 684, ""name"": ""wafer_particles.pattern.C11_Hotspot_Elliptic"", ""rotation_deg"": 30.0, ""rotation_rad"": 3.1183041779933736, ""schema_version"": ""wafer_particles.pattern_config.v1"", ""sigma_x_ratio"": 0.06073237182876303, ""sigma_y_ratio"": 0.051390806923398515, ""wafer_radius_mm"": 150.0}",382
sample_000383,C07_StraightLine,890,"{""angle_deg"": 156.99530528447136, ""n_particles"": 890, ""name"": ""wafer_particles.pattern.C07_StraightLine"", ""offset_ratio"": 0.002467266855122885, ""schema_version"": ""wafer_particles.pattern_config.v1"", ""segment_half_length_ratio"": 0.7133188836312523, ""wafer_radius_mm"": 150.0, ""width_ratio"": 0.02758986583937144}",383
sample_000384,C04_Sector_Edge,1404,"{""angle_center_rad"": 0.7148444427672589, ""angle_width_deg"": 81.36509113412441, ""edge_width_ratio"": 0.14248413914774033, ""n_particles"": 1404, ""name"": ""wafer_particles.pattern.C04_Sector_Edge"", ""radial_beta_alpha"": 2.159213914605999, ""radial_beta_beta"": 3.1292722931493353, ""schema_version"": ""wafer_particles.pattern_config.v1"", ""side"": ""right"", ""theta_vonmises_kappa"": 3.4062919508902, ""wafer_radius_mm"": 150.0}",384
sample_000385,C03_Ring,701,"{""n_particles"": 701, ""name"": ""wafer_particles.pattern.C03_Ring"", ""radius_ratio"": 0.6585948804051791, ""schema_version"": ""wafer_particles.pattern_config.v1"", ""wafer_radius_mm"": 150.0, ""width_ratio"": 0.076600288877077}",385
sample_000386,C01_Uniform,855,"{""n_particles"": 855, ""name"": ""wafer_particles.pattern.C01_Uniform"", ""schema_version"": ""wafer_particles.pattern_config.v1"", ""wafer_radius_mm"": 150.0}",386
sample_000387,C03_Ring,1264,"{""n_particles"": 1264, ""name"": ""wafer_particles.pattern.C03_Ring"", ""radius_ratio"": 0.47261497358456295, ""schema_version"": ""wafer_particles.pattern_config.v1"", ""wafer_radius_mm"": 150.0, ""width_ratio"": 0.18045863731324527}",387
sample_000388,C03_Ring,835,"{""n_particles"": 835, ""name"": ""wafer_particles.pattern.C03_Ring"", ""radius_ratio"": 0.4256910344198783, ""schema_version"": ""wafer_particles.pattern_config.v1"", ""wafer_radius_mm"": 150.0, ""width_ratio"": 0.03920878141862601}",388
sample_000389,C07_StraightLine,662,"{""angle_deg"": 102.54714515838106, ""n_particles"": 662, ""name"": ""wafer_particles.pattern.C07_StraightLine"", ""offset_ratio"": -0.1800290850540484, ""schema_version"": ""wafer_particles.pattern_config.v1"", ""segment_half_length_ratio"": 0.31135899389329547, ""wafer_radius_mm"": 150.0, ""width_ratio"": 0.021600845372622305}",389
sample_000390,C07_StraightLine,1249,"{""angle_deg"": 18.96718083416282, ""n_particles"": 1249, ""name"": ""wafer_particles.pattern.C07_StraightLine"", ""offset_ratio"": 0.1665316314345388, ""schema_version"": ""wafer_particles.pattern_config.v1"", ""segment_half_length_ratio"": 0.5782568351205157, ""wafer_radius_mm"": 150.0, ""width_ratio"": 0.010113078822206245}",390
sample_000391,C04_Sector_Edge,1505,"{""angle_center_rad"": 4.528480238022993, ""angle_width_deg"": 43.45693375440676, ""edge_width_ratio"": 0.1431599129616829, ""n_particles"": 1505, ""name"": ""wafer_particles.pattern.C04_Sector_Edge"", ""radial_beta_alpha"": 3.944444183499848, ""radial_beta_beta"": 2.048398118302596, ""schema_version"": ""wafer_particles.pattern_config.v1"", ""side"": ""right"", ""theta_vonmises_kappa"": 4.87420605769519, ""wafer_radius_mm"": 150.0}",391
sample_000392,C11_Hotspot_Elliptic,1195,"{""center_angle"": ""random"", ""center_angle_rad"": 0.8961402711193454, ""center_radius_ratio"": 0.03222705909166166, ""mode"": ""random"", ""n_particles"": 1195, ""name"": ""wafer_particles.pattern.C11_Hotspot_Elliptic"", ""rotation_deg"": 30.0, ""rotation_rad"": 1.7569580813770433, ""schema_version"": ""wafer_particles.pattern_config.v1"", ""sigma_x_ratio"": 0.11305402378089428, ""sigma_y_ratio"": 0.04116514095256062, ""wafer_radius_mm"": 150.0}",392
sample_000393,C04_Sector_Edge,1213,"{""angle_center_rad"": 4.685428872214271, ""angle_width_deg"": 76.25068790603717, ""edge_width_ratio"": 0.22496159500884455, ""n_particles"": 1213, ""name"": ""wafer_particles.pattern.C04_Sector_Edge"", ""radial_beta_alpha"": 2.4275261903640506, ""radial_beta_beta"": 2.6832254820698607, ""schema_version"": ""wafer_particles.pattern_config.v1"", ""side"": ""right"", ""theta_vonmises_kappa"": 0.6017286890808007, ""wafer_radius_mm"": 150.0}",393
sample_000394,C01_Uniform,530,"{""n_particles"": 530, ""name"": ""wafer_particles.pattern.C01_Uniform"", ""schema_version"": ""wafer_particles.pattern_config.v1"", ""wafer_radius_mm"": 150.0}",394
sample_000395,C11_Hotspot_Elliptic,664,"{""center_angle"": ""random"", ""center_angle_rad"": 5.724978644223783, ""center_radius_ratio"": 0.5002693071613478, ""mode"": ""random"", ""n_particles"": 664, ""name"": ""wafer_particles.pattern.C11_Hotspot_Elliptic"", ""rotation_deg"": 30.0, ""rotation_rad"": 0.1506356701967994, ""schema_version"": ""wafer_particles.pattern_config.v1"", ""sigma_x_ratio"": 0.11603591324927678, ""sigma_y_ratio"": 0.02987132497975193, ""wafer_radius_mm"": 150.0}",395
sample_000396,C01_Uniform,1147,"{""n_particles"": 1147, ""name"": ""wafer_particles.pattern.C01_Uniform"", ""schema_version"": ""wafer_particles.pattern_config.v1"", ""wafer_radius_mm"": 150.0}",396
sample_000397,C01_Uniform,646,"{""n_particles"": 646, ""name"": ""wafer_particles.pattern.C01_Uniform"", ""schema_version"": ""wafer_particles.pattern_config.v1"", ""wafer_radius_mm"": 150.0}",397
sample_000398,C01_Uniform,1268,"{""n_particles"": 1268, ""name"": ""wafer_particles.pattern.C01_Uniform"", ""schema_version"": ""wafer_particles.pattern_config.v1"", ""wafer_radius_mm"": 150.0}",398
sample_000399,C01_Uniform,927,"{""n_particles"": 927, ""name"": ""wafer_particles.pattern.C01_Uniform"", ""schema_version"": ""wafer_particles.pattern_config.v1"", ""wafer_radius_mm"": 150.0}",399
sample_000400,C03_Ring,808,"{""n_particles"": 808, ""name"": ""wafer_particles.pattern.C03_Ring"", ""radius_ratio"": 0.8525941270492668, ""schema_version"": ""wafer_particles.pattern_config.v1"", ""wafer_radius_mm"": 150.0, ""width_ratio"": 0.11757187786864118}",400
sample_000401,C04_Sector_Edge,570,"{""angle_center_rad"": 4.311328754823569, ""angle_width_deg"": 51.0429145035341, ""edge_width_ratio"": 0.09207653408832119, ""n_particles"": 570, ""name"": ""wafer_particles.pattern.C04_Sector_Edge"", ""radial_beta_alpha"": 2.2426353622576785, ""radial_beta_beta"": 1.6593665805805422, ""schema_version"": ""wafer_particles.pattern_config.v1"", ""side"": ""right"", ""theta_vonmises_kappa"": 4.751527949336859, ""wafer_radius_mm"": 150.0}",401
sample_000402,C07_StraightLine,554,"{""angle_deg"": 169.0834342664521, ""n_particles"": 554, ""name"": ""wafer_particles.pattern.C07_StraightLine"", ""offset_ratio"": 0.03633995534963658, ""schema_version"": ""wafer_particles.pattern_config.v1"", ""segment_half_length_ratio"": 0.38273980684104847, ""wafer_radius_mm"": 150.0, ""width_ratio"": 0.005138727685061223}",402
sample_000403,C03_Ring,1095,"{""n_particles"": 1095, ""name"": ""wafer_particles.pattern.C03_Ring"", ""radius_ratio"": 0.7581207432684074, ""schema_version"": ""wafer_particles.pattern_config.v1"", ""wafer_radius_mm"": 150.0, ""width_ratio"": 0.1261520324202945}",403
sample_000404,C04_Sector_Edge,1462,"{""angle_center_rad"": 3.57523419697063, ""angle_width_deg"": 78.2894699050364, ""edge_width_ratio"": 0.15420883423518222, ""n_particles"": 1462, ""name"": ""wafer_particles.pattern.C04_Sector_Edge"", ""radial_beta_alpha"": 3.414055982285789, ""radial_beta_beta"": 3.249130845125455, ""schema_version"": ""wafer_particles.pattern_config.v1"", ""side"": ""right"", ""theta_vonmises_kappa"": 2.4498855095638756, ""wafer_radius_mm"": 150.0}",404
sample_000405,C04_Sector_Edge,1005,"{""angle_center_rad"": 2.2202149175163193, ""angle_width_deg"": 72.38376429621937, ""edge_width_ratio"": 0.11522225016778574, ""n_particles"": 1005, ""name"": ""wafer_particles.pattern.C04_Sector_Edge"", ""radial_beta_alpha"": 1.60590959852536, ""radial_beta_beta"": 2.3173661095204623, ""schema_version"": ""wafer_particles.pattern_config.v1"", ""side"": ""right"", ""theta_vonmises_kappa"": 3.3864936745248504, ""wafer_radius_mm"": 150.0}",405
sample_000406,C01_Uniform,1040,"{""n_particles"": 1040, ""name"": ""wafer_particles.pattern.C01_Uniform"", ""schema_version"": ""wafer_particles.pattern_config.v1"", ""wafer_radius_mm"": 150.0}",406
sample_000407,C07_StraightLine,1139,"{""angle_deg"": 179.30740403013968, ""n_particles"": 1139, ""name"": ""wafer_particles.pattern.C07_StraightLine"", ""offset_ratio"": -0.2550613240951998, ""schema_version"": ""wafer_particles.pattern_config.v1"", ""segment_half_length_ratio"": 0.41883825940527164, ""wafer_radius_mm"": 150.0, ""width_ratio"": 0.035510443532942505}",407
sample_000408,C03_Ring,1238,"{""n_particles"": 1238, ""name"": ""wafer_particles.pattern.C03_Ring"", ""radius_ratio"": 0.4837460184957767, ""schema_version"": ""wafer_particles.pattern_config.v1"", ""wafer_radius_mm"": 150.0, ""width_ratio"": 0.10380454386234683}",408
sample_000409,C03_Ring,1372,"{""n_particles"": 1372, ""name"": ""wafer_particles.pattern.C03_Ring"", ""radius_ratio"": 0.8576958064027898, ""schema_version"": ""wafer_particles.pattern_config.v1"", ""wafer_radius_mm"": 150.0, ""width_ratio"": 0.14552803897761066}",409
sample_000410,C03_Ring,936,"{""n_particles"": 936, ""name"": ""wafer_particles.pattern.C03_Ring"", ""radius_ratio"": 0.7804444049540843, ""schema_version"": ""wafer_particles.pattern_config.v1"", ""wafer_radius_mm"": 150.0, ""width_ratio"": 0.09605637944084511}",410
sample_000411,C03_Ring,1533,"{""n_particles"": 1533, ""name"": ""wafer_particles.pattern.C03_Ring"", ""radius_ratio"": 0.8645719457216408, ""schema_version"": ""wafer_particles.pattern_config.v1"", ""wafer_radius_mm"": 150.0, ""width_ratio"": 0.15546897813300056}",411
sample_000412,C01_Uniform,930,"{""n_particles"": 930, ""name"": ""wafer_particles.pattern.C01_Uniform"", ""schema_version"": ""wafer_particles.pattern_config.v1"", ""wafer_radius_mm"": 150.0}",412
sample_000413,C04_Sector_Edge,1123,"{""angle_center_rad"": 6.086346013765142, ""angle_width_deg"": 89.22236245043501, ""edge_width_ratio"": 0.07361944323239404, ""n_particles"": 1123, ""name"": ""wafer_particles.pattern.C04_Sector_Edge"", ""radial_beta_alpha"": 3.044591644578628, ""radial_beta_beta"": 1.0911103665688433, ""schema_version"": ""wafer_particles.pattern_config.v1"", ""side"": ""right"", ""theta_vonmises_kappa"": 9.529311980257866, ""wafer_radius_mm"": 150.0}",413
sample_000414,C11_Hotspot_Elliptic,1054,"{""center_angle"": ""random"", ""center_angle_rad"": 0.23078771060882128, ""center_radius_ratio"": 0.7888070158118491, ""mode"": ""random"", ""n_particles"": 1054, ""name"": ""wafer_particles.pattern.C11_Hotspot_Elliptic"", ""rotation_deg"": 30.0, ""rotation_rad"": 5.8833150462783195, ""schema_version"": ""wafer_particles.pattern_config.v1"", ""sigma_x_ratio"": 0.05691563589962413, ""sigma_y_ratio"": 0.05094134557781857, ""wafer_radius_mm"": 150.0}",414
sample_000415,C11_Hotspot_Elliptic,742,"{""center_angle"": ""random"", ""center_angle_rad"": 5.476292262712218, ""center_radius_ratio"": 0.7275529322013197, ""mode"": ""random"", ""n_particles"": 742, ""name"": ""wafer_particles.pattern.C11_Hotspot_Elliptic"", ""rotation_deg"": 30.0, ""rotation_rad"": 0.37200276972514257, ""schema_version"": ""wafer_particles.pattern_config.v1"", ""sigma_x_ratio"": 0.11635516687129512, ""sigma_y_ratio"": 0.06699655233833579, ""wafer_radius_mm"": 150.0}",415
sample_000416,C04_Sector_Edge,1270,"{""angle_center_rad"": 2.293525293128889, ""angle_width_deg"": 32.91563122249275, ""edge_width_ratio"": 0.26154416244102746, ""n_particles"": 1270, ""name"": ""wafer_particles.pattern.C04_Sector_Edge"", ""radial_beta_alpha"": 1.2349220534514314, ""radial_beta_beta"": 2.3128960263413827, ""schema_version"": ""wafer_particles.pattern_config.v1"", ""side"": ""right"", ""theta_vonmises_kappa"": 8.017018072111458, ""wafer_radius_mm"": 150.0}",416
sample_000417,C01_Uniform,1304,"{""n_particles"": 1304, ""name"": ""wafer_particles.pattern.C01_Uniform"", ""schema_version"": ""wafer_particles.pattern_config.v1"", ""wafer_radius_mm"": 150.0}",417
sample_000418,C07_StraightLine,1453,"{""angle_deg"": 41.65480391637687, ""n_particles"": 1453, ""name"": ""wafer_particles.pattern.C07_StraightLine"", ""offset_ratio"": -0.1276717634607475, ""schema_version"": ""wafer_particles.pattern_config.v1"", ""segment_half_length_ratio"": 0.30978320183142244, ""wafer_radius_mm"": 150.0, ""width_ratio"": 0.008361518582845638}",418
sample_000419,C03_Ring,799,"{""n_particles"": 799, ""name"": ""wafer_particles.pattern.C03_Ring"", ""radius_ratio"": 0.6347228758499304, ""schema_version"": ""wafer_particles.pattern_config.v1"", ""wafer_radius_mm"": 150.0, ""width_ratio"": 0.04910616897900672}",419
sample_000420,C03_Ring,798,"{""n_particles"": 798, ""name"": ""wafer_particles.pattern.C03_Ring"", ""radius_ratio"": 0.721256325632508, ""schema_version"": ""wafer_particles.pattern_config.v1"", ""wafer_radius_mm"": 150.0, ""width_ratio"": 0.06359893456728566}",420
sample_000421,C11_Hotspot_Elliptic,1315,"{""center_angle"": ""random"", ""center_angle_rad"": 5.449654454297288, ""center_radius_ratio"": 0.3074204026845543, ""mode"": ""random"", ""n_particles"": 1315, ""name"": ""wafer_particles.pattern.C11_Hotspot_Elliptic"", ""rotation_deg"": 30.0, ""rotation_rad"": 2.4133262977205705, ""schema_version"": ""wafer_particles.pattern_config.v1"", ""sigma_x_ratio"": 0.046237669937631405, ""sigma_y_ratio"": 0.026800880082552152, ""wafer_radius_mm"": 150.0}",421
sample_000422,C07_StraightLine,1420,"{""angle_deg"": 102.67574969998513, ""n_particles"": 1420, ""name"": ""wafer_particles.pattern.C07_StraightLine"", ""offset_ratio"": -0.03191958210201412, ""schema_version"": ""wafer_particles.pattern_config.v1"", ""segment_half_length_ratio"": 0.48110861697333474, ""wafer_radius_mm"": 150.0, ""width_ratio"": 0.048319210690403055}",422
sample_000423,C01_Uniform,783,"{""n_particles"": 783, ""name"": ""wafer_particles.pattern.C01_Uniform"", ""schema_version"": ""wafer_particles.pattern_config.v1"", ""wafer_radius_mm"": 150.0}",423
sample_000424,C04_Sector_Edge,592,"{""angle_center_rad"": 1.6978648369634, ""angle_width_deg"": 54.92580742465091, ""edge_width_ratio"": 0.09810343623786182, ""n_particles"": 592, ""name"": ""wafer_particles.pattern.C04_Sector_Edge"", ""radial_beta_alpha"": 3.362485064554728, ""radial_beta_beta"": 2.246942891998928, ""schema_version"": ""wafer_particles.pattern_config.v1"", ""side"": ""right"", ""theta_vonmises_kappa"": 8.799868846052824, ""wafer_radius_mm"": 150.0}",424
sample_000425,C03_Ring,1189,"{""n_particles"": 1189, ""name"": ""wafer_particles.pattern.C03_Ring"", ""radius_ratio"": 0.7042707026983276, ""schema_version"": ""wafer_particles.pattern_config.v1"", ""wafer_radius_mm"": 150.0, ""width_ratio"": 0.041810794869048776}",425
sample_000426,C11_Hotspot_Elliptic,1026,"{""center_angle"": ""random"", ""center_angle_rad"": 1.0839219768225483, ""center_radius_ratio"": 0.642060693527114, ""mode"": ""random"", ""n_particles"": 1026, ""name"": ""wafer_particles.pattern.C11_Hotspot_Elliptic"", ""rotation_deg"": 30.0, ""rotation_rad"": 5.381911745685535, ""schema_version"": ""wafer_particles.pattern_config.v1"", ""sigma_x_ratio"": 0.03744412756603807, ""sigma_y_ratio"": 0.05093388442149808, ""wafer_radius_mm"": 150.0}",426
sample_000427,C03_Ring,789,"{""n_particles"": 789, ""name"": ""wafer_particles.pattern.C03_Ring"", ""radius_ratio"": 0.7094451427231034, ""schema_version"": ""wafer_particles.pattern_config.v1"", ""wafer_radius_mm"": 150.0, ""width_ratio"": 0.08985037827852138}",427
sample_000428,C01_Uniform,588,"{""n_particles"": 588, ""name"": ""wafer_particles.pattern.C01_Uniform"", ""schema_version"": ""wafer_particles.pattern_config.v1"", ""wafer_radius_mm"": 150.0}",428
sample_000429,C04_Sector_Edge,576,"{""angle_center_rad"": 2.5858550722004487, ""angle_width_deg"": 23.504702567728465, ""edge_width_ratio"": 0.0902836544746911, ""n_particles"": 576, ""name"": ""wafer_particles.pattern.C04_Sector_Edge"", ""radial_beta_alpha"": 2.5983465050287773, ""radial_beta_beta"": 2.2543986408863734, ""schema_version"": ""wafer_particles.pattern_config.v1"", ""side"": ""right"", ""theta_vonmises_kappa"": 0.6830156325492435, ""wafer_radius_mm"": 150.0}",429
sample_000430,C07_StraightLine,1326,"{""angle_deg"": 21.02047267921964, ""n_particles"": 1326, ""name"": ""wafer_particles.pattern.C07_StraightLine"", ""offset_ratio"": -0.23098876930792928, ""schema_version"": ""wafer_particles.pattern_config.v1"", ""segment_half_length_ratio"": 0.4582760233275373, ""wafer_radius_mm"": 150.0, ""width_ratio"": 0.027922351732196624}",430
sample_000431,C01_Uniform,525,"{""n_particles"": 525, ""name"": ""wafer_particles.pattern.C01_Uniform"", ""schema_version"": ""wafer_particles.pattern_config.v1"", ""wafer_radius_mm"": 150.0}",431
sample_000432,C11_Hotspot_Elliptic,1138,"{""center_angle"": ""random"", ""center_angle_rad"": 5.582599630355718, ""center_radius_ratio"": 0.7647761175281335, ""mode"": ""random"", ""n_particles"": 1138, ""name"": ""wafer_particles.pattern.C11_Hotspot_Elliptic"", ""rotation_deg"": 30.0, ""rotation_rad"": 2.539806893275503, ""schema_version"": ""wafer_particles.pattern_config.v1"", ""sigma_x_ratio"": 0.05875919949510955, ""sigma_y_ratio"": 0.07882200673498979, ""wafer_radius_mm"": 150.0}",432
sample_000433,C03_Ring,1176,"{""n_particles"": 1176, ""name"": ""wafer_particles.pattern.C03_Ring"", ""radius_ratio"": 0.8137942340795685, ""schema_version"": ""wafer_particles.pattern_config.v1"", ""wafer_radius_mm"": 150.0, ""width_ratio"": 0.12391901596955293}",433
sample_000434,C04_Sector_Edge,1219,"{""angle_center_rad"": 5.228864059351445, ""angle_width_deg"": 64.32031354537907, ""edge_width_ratio"": 0.2607683285418223, ""n_particles"": 1219, ""name"": ""wafer_particles.pattern.C04_Sector_Edge"", ""radial_beta_alpha"": 1.335512973234879, ""radial_beta_beta"": 2.425793859443441, ""schema_version"": ""wafer_particles.pattern_config.v1"", ""side"": ""right"", ""theta_vonmises_kappa"": 3.6446197757327097, ""wafer_radius_mm"": 150.0}",434
sample_000435,C07_StraightLine,650,"{""angle_deg"": 95.9529741532782, ""n_particles"": 650, ""name"": ""wafer_particles.pattern.C07_StraightLine"", ""offset_ratio"": 0.002652340943303466, ""schema_version"": ""wafer_particles.pattern_config.v1"", ""segment_half_length_ratio"": 0.8396183701061899, ""wafer_radius_mm"": 150.0, ""width_ratio"": 0.008929908729801324}",435
sample_000436,C01_Uniform,599,"{""n_particles"": 599, ""name"": ""wafer_particles.pattern.C01_Uniform"", ""schema_version"": ""wafer_particles.pattern_config.v1"", ""wafer_radius_mm"": 150.0}",436
sample_000437,C07_StraightLine,1262,"{""angle_deg"": 67.07447788643174, ""n_particles"": 1262, ""name"": ""wafer_particles.pattern.C07_StraightLine"", ""offset_ratio"": 0.27545984734836265, ""schema_version"": ""wafer_particles.pattern_config.v1"", ""segment_half_length_ratio"": 0.7463583730168557, ""wafer_radius_mm"": 150.0, ""width_ratio"": 0.036282398992481465}",437
sample_000438,C01_Uniform,1225,"{""n_particles"": 1225, ""name"": ""wafer_particles.pattern.C01_Uniform"", ""schema_version"": ""wafer_particles.pattern_config.v1"", ""wafer_radius_mm"": 150.0}",438
sample_000439,C03_Ring,731,"{""n_particles"": 731, ""name"": ""wafer_particles.pattern.C03_Ring"", ""radius_ratio"": 0.7207649231228681, ""schema_version"": ""wafer_particles.pattern_config.v1"", ""wafer_radius_mm"": 150.0, ""width_ratio"": 0.09791909504780814}",439
sample_000440,C01_Uniform,694,"{""n_particles"": 694, ""name"": ""wafer_particles.pattern.C01_Uniform"", ""schema_version"": ""wafer_particles.pattern_config.v1"", ""wafer_radius_mm"": 150.0}",440
sample_000441,C01_Uniform,694,"{""n_particles"": 694, ""name"": ""wafer_particles.pattern.C01_Uniform"", ""schema_version"": ""wafer_particles.pattern_config.v1"", ""wafer_radius_mm"": 150.0}",441
sample_000442,C04_Sector_Edge,992,"{""angle_center_rad"": 4.105672791546049, ""angle_width_deg"": 58.92944269508482, ""edge_width_ratio"": 0.25144930959877054, ""n_particles"": 992, ""name"": ""wafer_particles.pattern.C04_Sector_Edge"", ""radial_beta_alpha"": 2.174579276297275, ""radial_beta_beta"": 1.8796015308354677, ""schema_version"": ""wafer_particles.pattern_config.v1"", ""side"": ""right"", ""theta_vonmises_kappa"": 1.247448685013492, ""wafer_radius_mm"": 150.0}",442
sample_000443,C11_Hotspot_Elliptic,603,"{""center_angle"": ""random"", ""center_angle_rad"": 0.672753083040453, ""center_radius_ratio"": 0.2596826059056361, ""mode"": ""random"", ""n_particles"": 603, ""name"": ""wafer_particles.pattern.C11_Hotspot_Elliptic"", ""rotation_deg"": 30.0, ""rotation_rad"": 1.4158610988288787, ""schema_version"": ""wafer_particles.pattern_config.v1"", ""sigma_x_ratio"": 0.11040931803043981, ""sigma_y_ratio"": 0.04510372437484281, ""wafer_radius_mm"": 150.0}",443
sample_000444,C07_StraightLine,1075,"{""angle_deg"": 13.232156774536946, ""n_particles"": 1075, ""name"": ""wafer_particles.pattern.C07_StraightLine"", ""offset_ratio"": -0.17891581993797623, ""schema_version"": ""wafer_particles.pattern_config.v1"", ""segment_half_length_ratio"": 0.700755788168505, ""wafer_radius_mm"": 150.0, ""width_ratio"": 0.006441318119753588}",444
sample_000445,C01_Uniform,567,"{""n_particles"": 567, ""name"": ""wafer_particles.pattern.C01_Uniform"", ""schema_version"": ""wafer_particles.pattern_config.v1"", ""wafer_radius_mm"": 150.0}",445
sample_000446,C07_StraightLine,647,"{""angle_deg"": 165.42858709588194, ""n_particles"": 647, ""name"": ""wafer_particles.pattern.C07_StraightLine"", ""offset_ratio"": -0.025855749319349808, ""schema_version"": ""wafer_particles.pattern_config.v1"", ""segment_half_length_ratio"": 0.4624980429553588, ""wafer_radius_mm"": 150.0, ""width_ratio"": 0.03066381290697268}",446
sample_000447,C07_StraightLine,908,"{""angle_deg"": 148.80829262302382, ""n_particles"": 908, ""name"": ""wafer_particles.pattern.C07_StraightLine"", ""offset_ratio"": -0.23145230442676795, ""schema_version"": ""wafer_particles.pattern_config.v1"", ""segment_half_length_ratio"": 0.35977670614433754, ""wafer_radius_mm"": 150.0, ""width_ratio"": 0.011386651633314582}",447
sample_000448,C01_Uniform,1206,"{""n_particles"": 1206, ""name"": ""wafer_particles.pattern.C01_Uniform"", ""schema_version"": ""wafer_particles.pattern_config.v1"", ""wafer_radius_mm"": 150.0}",448
sample_000449,C04_Sector_Edge,1241,"{""angle_center_rad"": 4.447512044948288, ""angle_width_deg"": 34.95974062000077, ""edge_width_ratio"": 0.10058085080671288, ""n_particles"": 1241, ""name"": ""wafer_particles.pattern.C04_Sector_Edge"", ""radial_beta_alpha"": 2.641219388030308, ""radial_beta_beta"": 2.384784368372772, ""schema_version"": ""wafer_particles.pattern_config.v1"", ""side"": ""right"", ""theta_vonmises_kappa"": 6.220315474148495, ""wafer_radius_mm"": 150.0}",449
sample_000450,C07_StraightLine,1412,"{""angle_deg"": 66.15725054673403, ""n_particles"": 1412, ""name"": ""wafer_particles.pattern.C07_StraightLine"", ""offset_ratio"": 0.14694239357329764, ""schema_version"": ""wafer_particles.pattern_config.v1"", ""segment_half_length_ratio"": 0.7682864681581236, ""wafer_radius_mm"": 150.0, ""width_ratio"": 0.02482193488457597}",450
sample_000451,C03_Ring,799,"{""n_particles"": 799, ""name"": ""wafer_particles.pattern.C03_Ring"", ""radius_ratio"": 0.6975745732803491, ""schema_version"": ""wafer_particles.pattern_config.v1"", ""wafer_radius_mm"": 150.0, ""width_ratio"": 0.0817829018491592}",451
sample_000452,C07_StraightLine,1072,"{""angle_deg"": 76.88869160970178, ""n_particles"": 1072, ""name"": ""wafer_particles.pattern.C07_StraightLine"", ""offset_ratio"": 0.07849350238835917, ""schema_version"": ""wafer_particles.pattern_config.v1"", ""segment_half_length_ratio"": 0.4733787344930211, ""wafer_radius_mm"": 150.0, ""width_ratio"": 0.027259880849969123}",452
sample_000453,C07_StraightLine,1480,"{""angle_deg"": 115.45213074310675, ""n_particles"": 1480, ""name"": ""wafer_particles.pattern.C07_StraightLine"", ""offset_ratio"": -0.20568253766129424, ""schema_version"": ""wafer_particles.pattern_config.v1"", ""segment_half_length_ratio"": 0.847344959931259, ""wafer_radius_mm"": 150.0, ""width_ratio"": 0.005974394795301102}",453
sample_000454,C03_Ring,795,"{""n_particles"": 795, ""name"": ""wafer_particles.pattern.C03_Ring"", ""radius_ratio"": 0.6212749291704779, ""schema_version"": ""wafer_particles.pattern_config.v1"", ""wafer_radius_mm"": 150.0, ""width_ratio"": 0.02439134927250143}",454
sample_000455,C01_Uniform,1217,"{""n_particles"": 1217, ""name"": ""wafer_particles.pattern.C01_Uniform"", ""schema_version"": ""wafer_particles.pattern_config.v1"", ""wafer_radius_mm"": 150.0}",455
sample_000456,C04_Sector_Edge,695,"{""angle_center_rad"": 1.781764374916886, ""angle_width_deg"": 64.76198491627903, ""edge_width_ratio"": 0.2792118926077086, ""n_particles"": 695, ""name"": ""wafer_particles.pattern.C04_Sector_Edge"", ""radial_beta_alpha"": 2.062653372511429, ""radial_beta_beta"": 1.961620022013405, ""schema_version"": ""wafer_particles.pattern_config.v1"", ""side"": ""right"", ""theta_vonmises_kappa"": 5.067529058863476, ""wafer_radius_mm"": 150.0}",456
sample_000457,C01_Uniform,1160,"{""n_particles"": 1160, ""name"": ""wafer_particles.pattern.C01_Uniform"", ""schema_version"": ""wafer_particles.pattern_config.v1"", ""wafer_radius_mm"": 150.0}",457
sample_000458,C07_StraightLine,527,"{""angle_deg"": 10.523750365891116, ""n_particles"": 527, ""name"": ""wafer_particles.pattern.C07_StraightLine"", ""offset_ratio"": -0.23543138604248182, ""schema_version"": ""wafer_particles.pattern_config.v1"", ""segment_half_length_ratio"": 0.5668796866717393, ""wafer_radius_mm"": 150.0, ""width_ratio"": 0.03496651508102147}",458
sample_000459,C04_Sector_Edge,1030,"{""angle_center_rad"": 1.646140180073954, ""angle_width_deg"": 55.54791584607459, ""edge_width_ratio"": 0.18373184523860903, ""n_particles"": 1030, ""name"": ""wafer_particles.pattern.C04_Sector_Edge"", ""radial_beta_alpha"": 1.513273648976921, ""radial_beta_beta"": 2.990898731614532, ""schema_version"": ""wafer_particles.pattern_config.v1"", ""side"": ""right"", ""theta_vonmises_kappa"": 6.740779923288431, ""wafer_radius_mm"": 150.0}",459
sample_000460,C01_Uniform,1141,"{""n_particles"": 1141, ""name"": ""wafer_particles.pattern.C01_Uniform"", ""schema_version"": ""wafer_particles.pattern_config.v1"", ""wafer_radius_mm"": 150.0}",460
sample_000461,C03_Ring,1496,"{""n_particles"": 1496, ""name"": ""wafer_particles.pattern.C03_Ring"", ""radius_ratio"": 0.6202071215367929, ""schema_version"": ""wafer_particles.pattern_config.v1"", ""wafer_radius_mm"": 150.0, ""width_ratio"": 0.12443016399597315}",461
sample_000462,C01_Uniform,1300,"{""n_particles"": 1300, ""name"": ""wafer_particles.pattern.C01_Uniform"", ""schema_version"": ""wafer_particles.pattern_config.v1"", ""wafer_radius_mm"": 150.0}",462
sample_000463,C04_Sector_Edge,994,"{""angle_center_rad"": 6.236454865064469, ""angle_width_deg"": 33.68445894556072, ""edge_width_ratio"": 0.14779149547382964, ""n_particles"": 994, ""name"": ""wafer_particles.pattern.C04_Sector_Edge"", ""radial_beta_alpha"": 1.845727951623173, ""radial_beta_beta"": 1.3558327136039403, ""schema_version"": ""wafer_particles.pattern_config.v1"", ""side"": ""right"", ""theta_vonmises_kappa"": 0.7155220958153108, ""wafer_radius_mm"": 150.0}",463
sample_000464,C03_Ring,1442,"{""n_particles"": 1442, ""name"": ""wafer_particles.pattern.C03_Ring"", ""radius_ratio"": 0.6106326792504013, ""schema_version"": ""wafer_particles.pattern_config.v1"", ""wafer_radius_mm"": 150.0, ""width_ratio"": 0.08019550389944725}",464
sample_000465,C11_Hotspot_Elliptic,1329,"{""center_angle"": ""random"", ""center_angle_rad"": 1.2160655992632599, ""center_radius_ratio"": 0.5034248799913833, ""mode"": ""random"", ""n_particles"": 1329, ""name"": ""wafer_particles.pattern.C11_Hotspot_Elliptic"", ""rotation_deg"": 30.0, ""rotation_rad"": 6.10731287981261, ""schema_version"": ""wafer_particles.pattern_config.v1"", ""sigma_x_ratio"": 0.07748194229520294, ""sigma_y_ratio"": 0.04593344746888975, ""wafer_radius_mm"": 150.0}",465
sample_000466,C07_StraightLine,1053,"{""angle_deg"": 34.44713664673997, ""n_particles"": 1053, ""name"": ""wafer_particles.pattern.C07_StraightLine"", ""offset_ratio"": -0.2306156031794536, ""schema_version"": ""wafer_particles.pattern_config.v1"", ""segment_half_length_ratio"": 0.7306894937580821, ""wafer_radius_mm"": 150.0, ""width_ratio"": 0.03366792093904576}",466
sample_000467,C04_Sector_Edge,594,"{""angle_center_rad"": 4.541651883078059, ""angle_width_deg"": 47.08193871047193, ""edge_width_ratio"": 0.22890015154635152, ""n_particles"": 594, ""name"": ""wafer_particles.pattern.C04_Sector_Edge"", ""radial_beta_alpha"": 2.8643009967920303, ""radial_beta_beta"": 0.8946711569826986, ""schema_version"": ""wafer_particles.pattern_config.v1"", ""side"": ""right"", ""theta_vonmises_kappa"": 9.552015584462842, ""wafer_radius_mm"": 150.0}",467
sample_000468,C03_Ring,1282,"{""n_particles"": 1282, ""name"": ""wafer_particles.pattern.C03_Ring"", ""radius_ratio"": 0.6305178775201328, ""schema_version"": ""wafer_particles.pattern_config.v1"", ""wafer_radius_mm"": 150.0, ""width_ratio"": 0.19307353673653718}",468
sample_000469,C07_StraightLine,1170,"{""angle_deg"": 127.07609641144276, ""n_particles"": 1170, ""name"": ""wafer_particles.pattern.C07_StraightLine"", ""offset_ratio"": -0.2054190367470921, ""schema_version"": ""wafer_particles.pattern_config.v1"", ""segment_half_length_ratio"": 0.4938740011754411, ""wafer_radius_mm"": 150.0, ""width_ratio"": 0.027456005906625343}",469
sample_000470,C03_Ring,1396,"{""n_particles"": 1396, ""name"": ""wafer_particles.pattern.C03_Ring"", ""radius_ratio"": 0.8539074307291109, ""schema_version"": ""wafer_particles.pattern_config.v1"", ""wafer_radius_mm"": 150.0, ""width_ratio"": 0.06274982211300412}",470
sample_000471,C01_Uniform,974,"{""n_particles"": 974, ""name"": ""wafer_particles.pattern.C01_Uniform"", ""schema_version"": ""wafer_particles.pattern_config.v1"", ""wafer_radius_mm"": 150.0}",471
sample_000472,C04_Sector_Edge,1393,"{""angle_center_rad"": 2.438059023828859, ""angle_width_deg"": 34.14480571215425, ""edge_width_ratio"": 0.2246939383095689, ""n_particles"": 1393, ""name"": ""wafer_particles.pattern.C04_Sector_Edge"", ""radial_beta_alpha"": 3.3433149006112197, ""radial_beta_beta"": 2.6482088104454258, ""schema_version"": ""wafer_particles.pattern_config.v1"", ""side"": ""right"", ""theta_vonmises_kappa"": 4.581599405977922, ""wafer_radius_mm"": 150.0}",472
sample_000473,C04_Sector_Edge,1401,"{""angle_center_rad"": 0.7045105948982782, ""angle_width_deg"": 47.61807667117979, ""edge_width_ratio"": 0.074711957928649, ""n_particles"": 1401, ""name"": ""wafer_particles.pattern.C04_Sector_Edge"", ""radial_beta_alpha"": 2.832951701546305, ""radial_beta_beta"": 3.310887569258698, ""schema_version"": ""wafer_particles.pattern_config.v1"", ""side"": ""right"", ""theta_vonmises_kappa"": 8.987132143106765, ""wafer_radius_mm"": 150.0}",473
sample_000474,C04_Sector_Edge,1049,"{""angle_center_rad"": 1.5314148401708305, ""angle_width_deg"": 33.596393917701874, ""edge_width_ratio"": 0.23470592169358767, ""n_particles"": 1049, ""name"": ""wafer_particles.pattern.C04_Sector_Edge"", ""radial_beta_alpha"": 3.163078176904984, ""radial_beta_beta"": 3.4743945209495735, ""schema_version"": ""wafer_particles.pattern_config.v1"", ""side"": ""right"", ""theta_vonmises_kappa"": 9.233967089843786, ""wafer_radius_mm"": 150.0}",474
sample_000475,C07_StraightLine,1088,"{""angle_deg"": 137.83565125836947, ""n_particles"": 1088, ""name"": ""wafer_particles.pattern.C07_StraightLine"", ""offset_ratio"": 0.28677501311663695, ""schema_version"": ""wafer_particles.pattern_config.v1"", ""segment_half_length_ratio"": 0.8115484594242555, ""wafer_radius_mm"": 150.0, ""width_ratio"": 0.016409345028828022}",475
sample_000476,C03_Ring,793,"{""n_particles"": 793, ""name"": ""wafer_particles.pattern.C03_Ring"", ""radius_ratio"": 0.6508673924579178, ""schema_version"": ""wafer_particles.pattern_config.v1"", ""wafer_radius_mm"": 150.0, ""width_ratio"": 0.028061057820398583}",476
sample_000477,C04_Sector_Edge,785,"{""angle_center_rad"": 0.3747865816504789, ""angle_width_deg"": 83.87306572917883, ""edge_width_ratio"": 0.07139888184887243, ""n_particles"": 785, ""name"": ""wafer_particles.pattern.C04_Sector_Edge"", ""radial_beta_alpha"": 1.3800698360138446, ""radial_beta_beta"": 1.836093195330935, ""schema_version"": ""wafer_particles.pattern_config.v1"", ""side"": ""right"", ""theta_vonmises_kappa"": 9.44224099464388, ""wafer_radius_mm"": 150.0}",477
sample_000478,C03_Ring,1396,"{""n_particles"": 1396, ""name"": ""wafer_particles.pattern.C03_Ring"", ""radius_ratio"": 0.5672058011279335, ""schema_version"": ""wafer_particles.pattern_config.v1"", ""wafer_radius_mm"": 150.0, ""width_ratio"": 0.14225073789636938}",478
sample_000479,C11_Hotspot_Elliptic,574,"{""center_angle"": ""random"", ""center_angle_rad"": 3.9157888518241912, ""center_radius_ratio"": 0.35818696014470996, ""mode"": ""random"", ""n_particles"": 574, ""name"": ""wafer_particles.pattern.C11_Hotspot_Elliptic"", ""rotation_deg"": 30.0, ""rotation_rad"": 5.580936807875495, ""schema_version"": ""wafer_particles.pattern_config.v1"", ""sigma_x_ratio"": 0.04054798745122647, ""sigma_y_ratio"": 0.058579723166522504, ""wafer_radius_mm"": 150.0}",479
sample_000480,C11_Hotspot_Elliptic,1521,"{""center_angle"": ""random"", ""center_angle_rad"": 2.6628284535449143, ""center_radius_ratio"": 0.28920616224367435, ""mode"": ""random"", ""n_particles"": 1521, ""name"": ""wafer_particles.pattern.C11_Hotspot_Elliptic"", ""rotation_deg"": 30.0, ""rotation_rad"": 1.918220346143475, ""schema_version"": ""wafer_particles.pattern_config.v1"", ""sigma_x_ratio"": 0.08161552451941417, ""sigma_y_ratio"": 0.07281461819427548, ""wafer_radius_mm"": 150.0}",480
sample_000481,C11_Hotspot_Elliptic,529,"{""center_angle"": ""random"", ""center_angle_rad"": 6.025834507374812, ""center_radius_ratio"": 0.5002149816034295, ""mode"": ""random"", ""n_particles"": 529, ""name"": ""wafer_particles.pattern.C11_Hotspot_Elliptic"", ""rotation_deg"": 30.0, ""rotation_rad"": 3.5973549642141176, ""schema_version"": ""wafer_particles.pattern_config.v1"", ""sigma_x_ratio"": 0.0787506564108161, ""sigma_y_ratio"": 0.06490697056550283, ""wafer_radius_mm"": 150.0}",481
sample_000482,C04_Sector_Edge,1402,"{""angle_center_rad"": 3.4633923543826404, ""angle_width_deg"": 21.887977432725897, ""edge_width_ratio"": 0.11443035188194679, ""n_particles"": 1402, ""name"": ""wafer_particles.pattern.C04_Sector_Edge"", ""radial_beta_alpha"": 1.6077520218485515, ""radial_beta_beta"": 2.6253124877412874, ""schema_version"": ""wafer_particles.pattern_config.v1"", ""side"": ""right"", ""theta_vonmises_kappa"": 3.8847076286927362, ""wafer_radius_mm"": 150.0}",482
sample_000483,C11_Hotspot_Elliptic,1345,"{""center_angle"": ""random"", ""center_angle_rad"": 5.24016306179138, ""center_radius_ratio"": 0.6376614224818811, ""mode"": ""random"", ""n_particles"": 1345, ""name"": ""wafer_particles.pattern.C11_Hotspot_Elliptic"", ""rotation_deg"": 30.0, ""rotation_rad"": 3.1776968099715477, ""schema_version"": ""wafer_particles.pattern_config.v1"", ""sigma_x_ratio"": 0.03984465950569521, ""sigma_y_ratio"": 0.023287225297491318, ""wafer_radius_mm"": 150.0}",483
sample_000484,C11_Hotspot_Elliptic,1233,"{""center_angle"": ""random"", ""center_angle_rad"": 0.1377729952499571, ""center_radius_ratio"": 0.7542351067997308, ""mode"": ""random"", ""n_particles"": 1233, ""name"": ""wafer_particles.pattern.C11_Hotspot_Elliptic"", ""rotation_deg"": 30.0, ""rotation_rad"": 2.5332326659572644, ""schema_version"": ""wafer_particles.pattern_config.v1"", ""sigma_x_ratio"": 0.08644836574059284, ""sigma_y_ratio"": 0.026934509549827026, ""wafer_radius_mm"": 150.0}",484
sample_000485,C07_StraightLine,1254,"{""angle_deg"": 89.89309909389976, ""n_particles"": 1254, ""name"": ""wafer_particles.pattern.C07_StraightLine"", ""offset_ratio"": -0.23444952985881004, ""schema_version"": ""wafer_particles.pattern_config.v1"", ""segment_half_length_ratio"": 0.4197042506856775, ""wafer_radius_mm"": 150.0, ""width_ratio"": 0.011140205739376793}",485
sample_000486,C04_Sector_Edge,1023,"{""angle_center_rad"": 2.5567225793524813, ""angle_width_deg"": 21.227589172531946, ""edge_width_ratio"": 0.25105355565411275, ""n_particles"": 1023, ""name"": ""wafer_particles.pattern.C04_Sector_Edge"", ""radial_beta_alpha"": 2.4950675508410676, ""radial_beta_beta"": 2.2780923470117678, ""schema_version"": ""wafer_particles.pattern_config.v1"", ""side"": ""right"", ""theta_vonmises_kappa"": 2.7525196931771503, ""wafer_radius_mm"": 150.0}",486
sample_000487,C04_Sector_Edge,775,"{""angle_center_rad"": 1.9287191851700494, ""angle_width_deg"": 57.052237885051696, ""edge_width_ratio"": 0.06590805478662633, ""n_particles"": 775, ""name"": ""wafer_particles.pattern.C04_Sector_Edge"", ""radial_beta_alpha"": 1.4965247129509012, ""radial_beta_beta"": 2.1522921419313645, ""schema_version"": ""wafer_particles.pattern_config.v1"", ""side"": ""right"", ""theta_vonmises_kappa"": 6.650986146519018, ""wafer_radius_mm"": 150.0}",487
sample_000488,C04_Sector_Edge,1424,"{""angle_center_rad"": 3.960822233157997, ""angle_width_deg"": 41.69819354197696, ""edge_width_ratio"": 0.09833556890961363, ""n_particles"": 1424, ""name"": ""wafer_particles.pattern.C04_Sector_Edge"", ""radial_beta_alpha"": 1.9426615036263497, ""radial_beta_beta"": 3.392956061067239, ""schema_version"": ""wafer_particles.pattern_config.v1"", ""side"": ""right"", ""theta_vonmises_kappa"": 5.542527318915103, ""wafer_radius_mm"": 150.0}",488
sample_000489,C01_Uniform,606,"{""n_particles"": 606, ""name"": ""wafer_particles.pattern.C01_Uniform"", ""schema_version"": ""wafer_particles.pattern_config.v1"", ""wafer_radius_mm"": 150.0}",489
sample_000490,C04_Sector_Edge,709,"{""angle_center_rad"": 4.359073314446105, ""angle_width_deg"": 30.44865796854413, ""edge_width_ratio"": 0.09580643422651204, ""n_particles"": 709, ""name"": ""wafer_particles.pattern.C04_Sector_Edge"", ""radial_beta_alpha"": 3.1648974464555435, ""radial_beta_beta"": 1.259564422179535, ""schema_version"": ""wafer_particles.pattern_config.v1"", ""side"": ""right"", ""theta_vonmises_kappa"": 9.010534664574605, ""wafer_radius_mm"": 150.0}",490
sample_000491,C04_Sector_Edge,1253,"{""angle_center_rad"": 2.30112445828367, ""angle_width_deg"": 25.790080007344915, ""edge_width_ratio"": 0.17305434130106007, ""n_particles"": 1253, ""name"": ""wafer_particles.pattern.C04_Sector_Edge"", ""radial_beta_alpha"": 1.2595172170686018, ""radial_beta_beta"": 1.692388785493098, ""schema_version"": ""wafer_particles.pattern_config.v1"", ""side"": ""right"", ""theta_vonmises_kappa"": 8.134943716932668, ""wafer_radius_mm"": 150.0}",491
sample_000492,C04_Sector_Edge,1400,"{""angle_center_rad"": 5.6871328795405685, ""angle_width_deg"": 54.92913154200528, ""edge_width_ratio"": 0.20255350405406758, ""n_particles"": 1400, ""name"": ""wafer_particles.pattern.C04_Sector_Edge"", ""radial_beta_alpha"": 3.4874780664331757, ""radial_beta_beta"": 2.9911432087879923, ""schema_version"": ""wafer_particles.pattern_config.v1"", ""side"": ""right"", ""theta_vonmises_kappa"": 3.0275785268208284, ""wafer_radius_mm"": 150.0}",492
sample_000493,C03_Ring,685,"{""n_particles"": 685, ""name"": ""wafer_particles.pattern.C03_Ring"", ""radius_ratio"": 0.6150749853716156, ""schema_version"": ""wafer_particles.pattern_config.v1"", ""wafer_radius_mm"": 150.0, ""width_ratio"": 0.07593748948861608}",493
sample_000494,C07_StraightLine,1380,"{""angle_deg"": 20.297641274491006, ""n_particles"": 1380, ""name"": ""wafer_particles.pattern.C07_StraightLine"", ""offset_ratio"": -0.1251827925764668, ""schema_version"": ""wafer_particles.pattern_config.v1"", ""segment_half_length_ratio"": 0.7646517060270408, ""wafer_radius_mm"": 150.0, ""width_ratio"": 0.035728245334947964}",494
sample_000495,C07_StraightLine,1521,"{""angle_deg"": 97.65699600122089, ""n_particles"": 1521, ""name"": ""wafer_particles.pattern.C07_StraightLine"", ""offset_ratio"": 0.19836777696742203, ""schema_version"": ""wafer_particles.pattern_config.v1"", ""segment_half_length_ratio"": 0.7020261202354667, ""wafer_radius_mm"": 150.0, ""width_ratio"": 0.012672778884986066}",495
sample_000496,C03_Ring,752,"{""n_particles"": 752, ""name"": ""wafer_particles.pattern.C03_Ring"", ""radius_ratio"": 0.7420326932921183, ""schema_version"": ""wafer_particles.pattern_config.v1"", ""wafer_radius_mm"": 150.0, ""width_ratio"": 0.09632759788168196}",496
sample_000497,C04_Sector_Edge,576,"{""angle_center_rad"": 5.795155512037201, ""angle_width_deg"": 53.33056083827342, ""edge_width_ratio"": 0.1910713598794317, ""n_particles"": 576, ""name"": ""wafer_particles.pattern.C04_Sector_Edge"", ""radial_beta_alpha"": 3.606855020726222, ""radial_beta_beta"": 1.0342004675685332, ""schema_version"": ""wafer_particles.pattern_config.v1"", ""side"": ""right"", ""theta_vonmises_kappa"": 6.6811092748972305, ""wafer_radius_mm"": 150.0}",497
sample_000498,C03_Ring,1227,"{""n_particles"": 1227, ""name"": ""wafer_particles.pattern.C03_Ring"", ""radius_ratio"": 0.4412241878907895, ""schema_version"": ""wafer_particles.pattern_config.v1"", ""wafer_radius_mm"": 150.0, ""width_ratio"": 0.19228568412521427}",498
sample_000499,C01_Uniform,1226,"{""n_particles"": 1226, ""name"": ""wafer_particles.pattern.C01_Uniform"", ""schema_version"": ""wafer_particles.pattern_config.v1"", ""wafer_radius_mm"": 150.0}",499
sample_000500,C03_Ring,678,"{""n_particles"": 678, ""name"": ""wafer_particles.pattern.C03_Ring"", ""radius_ratio"": 0.8356739382717622, ""schema_version"": ""wafer_particles.pattern_config.v1"", ""wafer_radius_mm"": 150.0, ""width_ratio"": 0.12875750040106002}",500
sample_000501,C07_StraightLine,585,"{""angle_deg"": 0.18230050139016463, ""n_particles"": 585, ""name"": ""wafer_particles.pattern.C07_StraightLine"", ""offset_ratio"": 0.2814317322794863, ""schema_version"": ""wafer_particles.pattern_config.v1"", ""segment_half_length_ratio"": 0.5035879150985862, ""wafer_radius_mm"": 150.0, ""width_ratio"": 0.01807051082293496}",501
sample_000502,C04_Sector_Edge,838,"{""angle_center_rad"": 5.22434854895512, ""angle_width_deg"": 30.437497326635558, ""edge_width_ratio"": 0.13036288339256824, ""n_particles"": 838, ""name"": ""wafer_particles.pattern.C04_Sector_Edge"", ""radial_beta_alpha"": 3.024659575040686, ""radial_beta_beta"": 1.1966224205810876, ""schema_version"": ""wafer_particles.pattern_config.v1"", ""side"": ""right"", ""theta_vonmises_kappa"": 0.8894464996257019, ""wafer_radius_mm"": 150.0}",502
sample_000503,C04_Sector_Edge,830,"{""angle_center_rad"": 3.639039686655214, ""angle_width_deg"": 65.81051786793802, ""edge_width_ratio"": 0.26562440968109663, ""n_particles"": 830, ""name"": ""wafer_particles.pattern.C04_Sector_Edge"", ""radial_beta_alpha"": 3.535505160453954, ""radial_beta_beta"": 2.2988729571438946, ""schema_version"": ""wafer_particles.pattern_config.v1"", ""side"": ""right"", ""theta_vonmises_kappa"": 4.3738552129068315, ""wafer_radius_mm"": 150.0}",503
sample_000504,C03_Ring,896,"{""n_particles"": 896, ""name"": ""wafer_particles.pattern.C03_Ring"", ""radius_ratio"": 0.5249518050685327, ""schema_version"": ""wafer_particles.pattern_config.v1"", ""wafer_radius_mm"": 150.0, ""width_ratio"": 0.0592556954945961}",504
sample_000505,C11_Hotspot_Elliptic,700,"{""center_angle"": ""random"", ""center_angle_rad"": 5.570118497378944, ""center_radius_ratio"": 0.5118501523988451, ""mode"": ""random"", ""n_particles"": 700, ""name"": ""wafer_particles.pattern.C11_Hotspot_Elliptic"", ""rotation_deg"": 30.0, ""rotation_rad"": 4.665373772626081, ""schema_version"": ""wafer_particles.pattern_config.v1"", ""sigma_x_ratio"": 0.08541644721413748, ""sigma_y_ratio"": 0.05456306689180966, ""wafer_radius_mm"": 150.0}",505
sample_000506,C03_Ring,1425,"{""n_particles"": 1425, ""name"": ""wafer_particles.pattern.C03_Ring"", ""radius_ratio"": 0.46223344327250654, ""schema_version"": ""wafer_particles.pattern_config.v1"", ""wafer_radius_mm"": 150.0, ""width_ratio"": 0.1391352583792544}",506
sample_000507,C03_Ring,746,"{""n_particles"": 746, ""name"": ""wafer_particles.pattern.C03_Ring"", ""radius_ratio"": 0.6566713285157503, ""schema_version"": ""wafer_particles.pattern_config.v1"", ""wafer_radius_mm"": 150.0, ""width_ratio"": 0.13072335342982722}",507
sample_000508,C04_Sector_Edge,1374,"{""angle_center_rad"": 2.2427638285922855, ""angle_width_deg"": 43.5092188169332, ""edge_width_ratio"": 0.07423139881968983, ""n_particles"": 1374, ""name"": ""wafer_particles.pattern.C04_Sector_Edge"", ""radial_beta_alpha"": 3.4645853046295576, ""radial_beta_beta"": 2.127143170606743, ""schema_version"": ""wafer_particles.pattern_config.v1"", ""side"": ""right"", ""theta_vonmises_kappa"": 5.77404702180417, ""wafer_radius_mm"": 150.0}",508
sample_000509,C07_StraightLine,1450,"{""angle_deg"": 48.6721857871042, ""n_particles"": 1450, ""name"": ""wafer_particles.pattern.C07_StraightLine"", ""offset_ratio"": 0.05025852001019976, ""schema_version"": ""wafer_particles.pattern_config.v1"", ""segment_half_length_ratio"": 0.6837263670241097, ""wafer_radius_mm"": 150.0, ""width_ratio"": 0.017596760829499278}",509
sample_000510,C03_Ring,803,"{""n_particles"": 803, ""name"": ""wafer_particles.pattern.C03_Ring"", ""radius_ratio"": 0.590319425161848, ""schema_version"": ""wafer_particles.pattern_config.v1"", ""wafer_radius_mm"": 150.0, ""width_ratio"": 0.18582490027801388}",510
sample_000511,C07_StraightLine,1208,"{""angle_deg"": 19.194594817020583, ""n_particles"": 1208, ""name"": ""wafer_particles.pattern.C07_StraightLine"", ""offset_ratio"": -0.14740902992736912, ""schema_version"": ""wafer_particles.pattern_config.v1"", ""segment_half_length_ratio"": 0.7710575899997728, ""wafer_radius_mm"": 150.0, ""width_ratio"": 0.03662018047330275}",511
sample_000512,C03_Ring,1031,"{""n_particles"": 1031, ""name"": ""wafer_particles.pattern.C03_Ring"", ""radius_ratio"": 0.45369127599164377, ""schema_version"": ""wafer_particles.pattern_config.v1"", ""wafer_radius_mm"": 150.0, ""width_ratio"": 0.08993983964406134}",512
sample_000513,C03_Ring,545,"{""n_particles"": 545, ""name"": ""wafer_particles.pattern.C03_Ring"", ""radius_ratio"": 0.6810037423564472, ""schema_version"": ""wafer_particles.pattern_config.v1"", ""wafer_radius_mm"": 150.0, ""width_ratio"": 0.17835481232485487}",513
sample_000514,C01_Uniform,1463,"{""n_particles"": 1463, ""name"": ""wafer_particles.pattern.C01_Uniform"", ""schema_version"": ""wafer_particles.pattern_config.v1"", ""wafer_radius_mm"": 150.0}",514
sample_000515,C11_Hotspot_Elliptic,545,"{""center_angle"": ""random"", ""center_angle_rad"": 0.5453660414494915, ""center_radius_ratio"": 0.1213401113631101, ""mode"": ""random"", ""n_particles"": 545, ""name"": ""wafer_particles.pattern.C11_Hotspot_Elliptic"", ""rotation_deg"": 30.0, ""rotation_rad"": 2.925109566637405, ""schema_version"": ""wafer_particles.pattern_config.v1"", ""sigma_x_ratio"": 0.07809218866529133, ""sigma_y_ratio"": 0.06286876471854216, ""wafer_radius_mm"": 150.0}",515
sample_000516,C04_Sector_Edge,713,"{""angle_center_rad"": 0.20224980787130253, ""angle_width_deg"": 49.784224869444465, ""edge_width_ratio"": 0.11643361716833019, ""n_particles"": 713, ""name"": ""wafer_particles.pattern.C04_Sector_Edge"", ""radial_beta_alpha"": 2.3424699717988338, ""radial_beta_beta"": 2.93642617875505, ""schema_version"": ""wafer_particles.pattern_config.v1"", ""side"": ""right"", ""theta_vonmises_kappa"": 7.577773252723177, ""wafer_radius_mm"": 150.0}",516
sample_000517,C07_StraightLine,1525,"{""angle_deg"": 56.70036358934598, ""n_particles"": 1525, ""name"": ""wafer_particles.pattern.C07_StraightLine"", ""offset_ratio"": 0.29558617622076594, ""schema_version"": ""wafer_particles.pattern_config.v1"", ""segment_half_length_ratio"": 0.39539733870516824, ""wafer_radius_mm"": 150.0, ""width_ratio"": 0.04459843895963922}",517
sample_000518,C04_Sector_Edge,1022,"{""angle_center_rad"": 3.2621479923089223, ""angle_width_deg"": 45.729105332686174, ""edge_width_ratio"": 0.15288335033912875, ""n_particles"": 1022, ""name"": ""wafer_particles.pattern.C04_Sector_Edge"", ""radial_beta_alpha"": 3.899778347923977, ""radial_beta_beta"": 1.3320898573832056, ""schema_version"": ""wafer_particles.pattern_config.v1"", ""side"": ""right"", ""theta_vonmises_kappa"": 8.16104669614044, ""wafer_radius_mm"": 150.0}",518
sample_000519,C01_Uniform,860,"{""n_particles"": 860, ""name"": ""wafer_particles.pattern.C01_Uniform"", ""schema_version"": ""wafer_particles.pattern_config.v1"", ""wafer_radius_mm"": 150.0}",519
sample_000520,C04_Sector_Edge,1374,"{""angle_center_rad"": 4.339276633445666, ""angle_width_deg"": 32.4622177634744, ""edge_width_ratio"": 0.20158906792877052, ""n_particles"": 1374, ""name"": ""wafer_particles.pattern.C04_Sector_Edge"", ""radial_beta_alpha"": 1.5980600361550246, ""radial_beta_beta"": 1.3861530666135402, ""schema_version"": ""wafer_particles.pattern_config.v1"", ""side"": ""right"", ""theta_vonmises_kappa"": 1.8217496725247808, ""wafer_radius_mm"": 150.0}",520
sample_000521,C11_Hotspot_Elliptic,1497,"{""center_angle"": ""random"", ""center_angle_rad"": 5.5713081407588705, ""center_radius_ratio"": 0.7711104267251548, ""mode"": ""random"", ""n_particles"": 1497, ""name"": ""wafer_particles.pattern.C11_Hotspot_Elliptic"", ""rotation_deg"": 30.0, ""rotation_rad"": 5.64107784767019, ""schema_version"": ""wafer_particles.pattern_config.v1"", ""sigma_x_ratio"": 0.11259971563939923, ""sigma_y_ratio"": 0.06378413479032899, ""wafer_radius_mm"": 150.0}",521
sample_000522,C03_Ring,1111,"{""n_particles"": 1111, ""name"": ""wafer_particles.pattern.C03_Ring"", ""radius_ratio"": 0.6773035110342425, ""schema_version"": ""wafer_particles.pattern_config.v1"", ""wafer_radius_mm"": 150.0, ""width_ratio"": 0.04107108643567635}",522
sample_000523,C04_Sector_Edge,712,"{""angle_center_rad"": 6.201234568860245, ""angle_width_deg"": 63.87967766889768, ""edge_width_ratio"": 0.21644496894256476, ""n_particles"": 712, ""name"": ""wafer_particles.pattern.C04_Sector_Edge"", ""radial_beta_alpha"": 3.3133199420570927, ""radial_beta_beta"": 1.5579795580761016, ""schema_version"": ""wafer_particles.pattern_config.v1"", ""side"": ""right"", ""theta_vonmises_kappa"": 2.959411194531812, ""wafer_radius_mm"": 150.0}",523
sample_000524,C03_Ring,1294,"{""n_particles"": 1294, ""name"": ""wafer_particles.pattern.C03_Ring"", ""radius_ratio"": 0.888556593871054, ""schema_version"": ""wafer_particles.pattern_config.v1"", ""wafer_radius_mm"": 150.0, ""width_ratio"": 0.19900930018574542}",524
sample_000525,C03_Ring,918,"{""n_particles"": 918, ""name"": ""wafer_particles.pattern.C03_Ring"", ""radius_ratio"": 0.48672300623779513, ""schema_version"": ""wafer_particles.pattern_config.v1"", ""wafer_radius_mm"": 150.0, ""width_ratio"": 0.034905705578909006}",525
sample_000526,C01_Uniform,1135,"{""n_particles"": 1135, ""name"": ""wafer_particles.pattern.C01_Uniform"", ""schema_version"": ""wafer_particles.pattern_config.v1"", ""wafer_radius_mm"": 150.0}",526
sample_000527,C03_Ring,966,"{""n_particles"": 966, ""name"": ""wafer_particles.pattern.C03_Ring"", ""radius_ratio"": 0.6641462060652055, ""schema_version"": ""wafer_particles.pattern_config.v1"", ""wafer_radius_mm"": 150.0, ""width_ratio"": 0.14383486570667048}",527
sample_000528,C07_StraightLine,991,"{""angle_deg"": 157.58155243279097, ""n_particles"": 991, ""name"": ""wafer_particles.pattern.C07_StraightLine"", ""offset_ratio"": 0.2549968993648975, ""schema_version"": ""wafer_particles.pattern_config.v1"", ""segment_half_length_ratio"": 0.5230674455955285, ""wafer_radius_mm"": 150.0, ""width_ratio"": 0.03532321109903909}",528
sample_000529,C11_Hotspot_Elliptic,571,"{""center_angle"": ""random"", ""center_angle_rad"": 4.115299743296785, ""center_radius_ratio"": 0.11017351853394602, ""mode"": ""random"", ""n_particles"": 571, ""name"": ""wafer_particles.pattern.C11_Hotspot_Elliptic"", ""rotation_deg"": 30.0, ""rotation_rad"": 0.4811099549525039, ""schema_version"": ""wafer_particles.pattern_config.v1"", ""sigma_x_ratio"": 0.10278142933946598, ""sigma_y_ratio"": 0.019800786172497267, ""wafer_radius_mm"": 150.0}",529
sample_000530,C07_StraightLine,1063,"{""angle_deg"": 8.935309855359053, ""n_particles"": 1063, ""name"": ""wafer_particles.pattern.C07_StraightLine"", ""offset_ratio"": -0.29918769147398405, ""schema_version"": ""wafer_particles.pattern_config.v1"", ""segment_half_length_ratio"": 0.6961231083679522, ""wafer_radius_mm"": 150.0, ""width_ratio"": 0.02421530598820106}",530
sample_000531,C01_Uniform,1504,"{""n_particles"": 1504, ""name"": ""wafer_particles.pattern.C01_Uniform"", ""schema_version"": ""wafer_particles.pattern_config.v1"", ""wafer_radius_mm"": 150.0}",531
sample_000532,C04_Sector_Edge,794,"{""angle_center_rad"": 1.9739105773886678, ""angle_width_deg"": 20.38503731353866, ""edge_width_ratio"": 0.13401386669965698, ""n_particles"": 794, ""name"": ""wafer_particles.pattern.C04_Sector_Edge"", ""radial_beta_alpha"": 1.490416409292829, ""radial_beta_beta"": 2.73813336029509, ""schema_version"": ""wafer_particles.pattern_config.v1"", ""side"": ""right"", ""theta_vonmises_kappa"": 0.706889240203294, ""wafer_radius_mm"": 150.0}",532
sample_000533,C04_Sector_Edge,772,"{""angle_center_rad"": 0.08104450156234697, ""angle_width_deg"": 57.95629998248218, ""edge_width_ratio"": 0.1937479418828713, ""n_particles"": 772, ""name"": ""wafer_particles.pattern.C04_Sector_Edge"", ""radial_beta_alpha"": 3.9693428540574445, ""radial_beta_beta"": 3.2557753352873213, ""schema_version"": ""wafer_particles.pattern_config.v1"", ""side"": ""right"", ""theta_vonmises_kappa"": 6.244522717057209, ""wafer_radius_mm"": 150.0}",533
sample_000534,C11_Hotspot_Elliptic,1098,"{""center_angle"": ""random"", ""center_angle_rad"": 0.9132539307786286, ""center_radius_ratio"": 0.05591456552117079, ""mode"": ""random"", ""n_particles"": 1098, ""name"": ""wafer_particles.pattern.C11_Hotspot_Elliptic"", ""rotation_deg"": 30.0, ""rotation_rad"": 3.8988597045009525, ""schema_version"": ""wafer_particles.pattern_config.v1"", ""sigma_x_ratio"": 0.09354709458470051, ""sigma_y_ratio"": 0.03985891120150727, ""wafer_radius_mm"": 150.0}",534
sample_000535,C11_Hotspot_Elliptic,1280,"{""center_angle"": ""random"", ""center_angle_rad"": 3.494036735856433, ""center_radius_ratio"": 0.13197262309043822, ""mode"": ""random"", ""n_particles"": 1280, ""name"": ""wafer_particles.pattern.C11_Hotspot_Elliptic"", ""rotation_deg"": 30.0, ""rotation_rad"": 4.386190756430347, ""schema_version"": ""wafer_particles.pattern_config.v1"", ""sigma_x_ratio"": 0.07761520497982922, ""sigma_y_ratio"": 0.06749272131646399, ""wafer_radius_mm"": 150.0}",535
sample_000536,C04_Sector_Edge,1136,"{""angle_center_rad"": 5.777632788422304, ""angle_width_deg"": 70.66296055532875, ""edge_width_ratio"": 0.1637291728415361, ""n_particles"": 1136, ""name"": ""wafer_particles.pattern.C04_Sector_Edge"", ""radial_beta_alpha"": 3.141692003006143, ""radial_beta_beta"": 1.380875494203514, ""schema_version"": ""wafer_particles.pattern_config.v1"", ""side"": ""right"", ""theta_vonmises_kappa"": 2.3132173292751093, ""wafer_radius_mm"": 150.0}",536
sample_000537,C04_Sector_Edge,688,"{""angle_center_rad"": 0.06268877287929138, ""angle_width_deg"": 20.3344970852475, ""edge_width_ratio"": 0.29443632174002465, ""n_particles"": 688, ""name"": ""wafer_particles.pattern.C04_Sector_Edge"", ""radial_beta_alpha"": 3.2209999541633563, ""radial_beta_beta"": 0.9771045745216884, ""schema_version"": ""wafer_particles.pattern_config.v1"", ""side"": ""right"", ""theta_vonmises_kappa"": 8.586193091109218, ""wafer_radius_mm"": 150.0}",537
sample_000538,C03_Ring,616,"{""n_particles"": 616, ""name"": ""wafer_particles.pattern.C03_Ring"", ""radius_ratio"": 0.42338619178629894, ""schema_version"": ""wafer_particles.pattern_config.v1"", ""wafer_radius_mm"": 150.0, ""width_ratio"": 0.15524870794126533}",538
sample_000539,C01_Uniform,711,"{""n_particles"": 711, ""name"": ""wafer_particles.pattern.C01_Uniform"", ""schema_version"": ""wafer_particles.pattern_config.v1"", ""wafer_radius_mm"": 150.0}",539
sample_000540,C04_Sector_Edge,1194,"{""angle_center_rad"": 1.2338674249204715, ""angle_width_deg"": 28.243528023285442, ""edge_width_ratio"": 0.06875041242463444, ""n_particles"": 1194, ""name"": ""wafer_particles.pattern.C04_Sector_Edge"", ""radial_beta_alpha"": 1.3454613741767965, ""radial_beta_beta"": 0.9076277616833144, ""schema_version"": ""wafer_particles.pattern_config.v1"", ""side"": ""right"", ""theta_vonmises_kappa"": 4.6583326516814445, ""wafer_radius_mm"": 150.0}",540
sample_000541,C04_Sector_Edge,1449,"{""angle_center_rad"": 3.261929669944755, ""angle_width_deg"": 66.81154613031784, ""edge_width_ratio"": 0.2156057504477497, ""n_particles"": 1449, ""name"": ""wafer_particles.pattern.C04_Sector_Edge"", ""radial_beta_alpha"": 2.3275741204803584, ""radial_beta_beta"": 0.9942764813093636, ""schema_version"": ""wafer_particles.pattern_config.v1"", ""side"": ""right"", ""theta_vonmises_kappa"": 1.6108918415454347, ""wafer_radius_mm"": 150.0}",541
sample_000542,C07_StraightLine,848,"{""angle_deg"": 61.35675435322548, ""n_particles"": 848, ""name"": ""wafer_particles.pattern.C07_StraightLine"", ""offset_ratio"": 0.0763946102184172, ""schema_version"": ""wafer_particles.pattern_config.v1"", ""segment_half_length_ratio"": 0.7927610905987506, ""wafer_radius_mm"": 150.0, ""width_ratio"": 0.019115634345584158}",542
sample_000543,C03_Ring,1133,"{""n_particles"": 1133, ""name"": ""wafer_particles.pattern.C03_Ring"", ""radius_ratio"": 0.7148016324027784, ""schema_version"": ""wafer_particles.pattern_config.v1"", ""wafer_radius_mm"": 150.0, ""width_ratio"": 0.09169838520889584}",543
sample_000544,C01_Uniform,654,"{""n_particles"": 654, ""name"": ""wafer_particles.pattern.C01_Uniform"", ""schema_version"": ""wafer_particles.pattern_config.v1"", ""wafer_radius_mm"": 150.0}",544
sample_000545,C11_Hotspot_Elliptic,1152,"{""center_angle"": ""random"", ""center_angle_rad"": 4.468305024278577, ""center_radius_ratio"": 0.34320758832871767, ""mode"": ""random"", ""n_particles"": 1152, ""name"": ""wafer_particles.pattern.C11_Hotspot_Elliptic"", ""rotation_deg"": 30.0, ""rotation_rad"": 1.3397110264660579, ""schema_version"": ""wafer_particles.pattern_config.v1"", ""sigma_x_ratio"": 0.0953919695390632, ""sigma_y_ratio"": 0.026981196749986634, ""wafer_radius_mm"": 150.0}",545
sample_000546,C07_StraightLine,986,"{""angle_deg"": 127.01404913028826, ""n_particles"": 986, ""name"": ""wafer_particles.pattern.C07_StraightLine"", ""offset_ratio"": -0.15286256249636004, ""schema_version"": ""wafer_particles.pattern_config.v1"", ""segment_half_length_ratio"": 0.6188169732246147, ""wafer_radius_mm"": 150.0, ""width_ratio"": 0.04373620142910932}",546
sample_000547,C07_StraightLine,885,"{""angle_deg"": 23.72996295929972, ""n_particles"": 885, ""name"": ""wafer_particles.pattern.C07_StraightLine"", ""offset_ratio"": -0.23820844675070296, ""schema_version"": ""wafer_particles.pattern_config.v1"", ""segment_half_length_ratio"": 0.6489209911753504, ""wafer_radius_mm"": 150.0, ""width_ratio"": 0.0422400271585023}",547
sample_000548,C07_StraightLine,1130,"{""angle_deg"": 104.11771968907196, ""n_particles"": 1130, ""name"": ""wafer_particles.pattern.C07_StraightLine"", ""offset_ratio"": -0.14999912175358568, ""schema_version"": ""wafer_particles.pattern_config.v1"", ""segment_half_length_ratio"": 0.7147972532253557, ""wafer_radius_mm"": 150.0, ""width_ratio"": 0.023474441539795044}",548
sample_000549,C11_Hotspot_Elliptic,1363,"{""center_angle"": ""random"", ""center_angle_rad"": 4.04263275208827, ""center_radius_ratio"": 0.5682415113045005, ""mode"": ""random"", ""n_particles"": 1363, ""name"": ""wafer_particles.pattern.C11_Hotspot_Elliptic"", ""rotation_deg"": 30.0, ""rotation_rad"": 6.141564806987268, ""schema_version"": ""wafer_particles.pattern_config.v1"", ""sigma_x_ratio"": 0.09963785221622552, ""sigma_y_ratio"": 0.079182505268798, ""wafer_radius_mm"": 150.0}",549
sample_000550,C11_Hotspot_Elliptic,1049,"{""center_angle"": ""random"", ""center_angle_rad"": 4.90848637238991, ""center_radius_ratio"": 0.3589517690010859, ""mode"": ""random"", ""n_particles"": 1049, ""name"": ""wafer_particles.pattern.C11_Hotspot_Elliptic"", ""rotation_deg"": 30.0, ""rotation_rad"": 0.7243928327249088, ""schema_version"": ""wafer_particles.pattern_config.v1"", ""sigma_x_ratio"": 0.08315652123589276, ""sigma_y_ratio"": 0.05195317859455674, ""wafer_radius_mm"": 150.0}",550
sample_000551,C01_Uniform,602,"{""n_particles"": 602, ""name"": ""wafer_particles.pattern.C01_Uniform"", ""schema_version"": ""wafer_particles.pattern_config.v1"", ""wafer_radius_mm"": 150.0}",551
sample_000552,C03_Ring,1239,"{""n_particles"": 1239, ""name"": ""wafer_particles.pattern.C03_Ring"", ""radius_ratio"": 0.6743084136601853, ""schema_version"": ""wafer_particles.pattern_config.v1"", ""wafer_radius_mm"": 150.0, ""width_ratio"": 0.06296406479653266}",552
sample_000553,C07_StraightLine,687,"{""angle_deg"": 97.21071724874334, ""n_particles"": 687, ""name"": ""wafer_particles.pattern.C07_StraightLine"", ""offset_ratio"": -0.2858004236064992, ""schema_version"": ""wafer_particles.pattern_config.v1"", ""segment_half_length_ratio"": 0.8019770542250371, ""wafer_radius_mm"": 150.0, ""width_ratio"": 0.037408397079982655}",553
sample_000554,C04_Sector_Edge,1043,"{""angle_center_rad"": 3.138181685061739, ""angle_width_deg"": 27.333156116399486, ""edge_width_ratio"": 0.10268218810522657, ""n_particles"": 1043, ""name"": ""wafer_particles.pattern.C04_Sector_Edge"", ""radial_beta_alpha"": 2.566025801383952, ""radial_beta_beta"": 1.8196206576935074, ""schema_version"": ""wafer_particles.pattern_config.v1"", ""side"": ""right"", ""theta_vonmises_kappa"": 6.594940368763392, ""wafer_radius_mm"": 150.0}",554
sample_000555,C07_StraightLine,1053,"{""angle_deg"": 41.8440198663715, ""n_particles"": 1053, ""name"": ""wafer_particles.pattern.C07_StraightLine"", ""offset_ratio"": -0.11049603693377588, ""schema_version"": ""wafer_particles.pattern_config.v1"", ""segment_half_length_ratio"": 0.7952167811843558, ""wafer_radius_mm"": 150.0, ""width_ratio"": 0.023978261824001326}",555
sample_000556,C01_Uniform,567,"{""n_particles"": 567, ""name"": ""wafer_particles.pattern.C01_Uniform"", ""schema_version"": ""wafer_particles.pattern_config.v1"", ""wafer_radius_mm"": 150.0}",556
sample_000557,C07_StraightLine,1322,"{""angle_deg"": 22.986808705521835, ""n_particles"": 1322, ""name"": ""wafer_particles.pattern.C07_StraightLine"", ""offset_ratio"": -0.14999257484334327, ""schema_version"": ""wafer_particles.pattern_config.v1"", ""segment_half_length_ratio"": 0.4073331368955193, ""wafer_radius_mm"": 150.0, ""width_ratio"": 0.010786697131081654}",557
sample_000558,C07_StraightLine,1256,"{""angle_deg"": 48.08359273426442, ""n_particles"": 1256, ""name"": ""wafer_particles.pattern.C07_StraightLine"", ""offset_ratio"": 0.023298284111947898, ""schema_version"": ""wafer_particles.pattern_config.v1"", ""segment_half_length_ratio"": 0.7728781826918838, ""wafer_radius_mm"": 150.0, ""width_ratio"": 0.04865309930842809}",558
sample_000559,C11_Hotspot_Elliptic,666,"{""center_angle"": ""random"", ""center_angle_rad"": 0.40924724480335073, ""center_radius_ratio"": 0.04257698291436275, ""mode"": ""random"", ""n_particles"": 666, ""name"": ""wafer_particles.pattern.C11_Hotspot_Elliptic"", ""rotation_deg"": 30.0, ""rotation_rad"": 1.3536223879273037, ""schema_version"": ""wafer_particles.pattern_config.v1"", ""sigma_x_ratio"": 0.0882767932268661, ""sigma_y_ratio"": 0.023258330023107673, ""wafer_radius_mm"": 150.0}",559
sample_000560,C01_Uniform,1444,"{""n_particles"": 1444, ""name"": ""wafer_particles.pattern.C01_Uniform"", ""schema_version"": ""wafer_particles.pattern_config.v1"", ""wafer_radius_mm"": 150.0}",560
sample_000561,C11_Hotspot_Elliptic,1366,"{""center_angle"": ""random"", ""center_angle_rad"": 3.446296070757696, ""center_radius_ratio"": 0.25470328791183355, ""mode"": ""random"", ""n_particles"": 1366, ""name"": ""wafer_particles.pattern.C11_Hotspot_Elliptic"", ""rotation_deg"": 30.0, ""rotation_rad"": 1.918435652224258, ""schema_version"": ""wafer_particles.pattern_config.v1"", ""sigma_x_ratio"": 0.04201668397013404, ""sigma_y_ratio"": 0.03487031918568919, ""wafer_radius_mm"": 150.0}",561
sample_000562,C11_Hotspot_Elliptic,1489,"{""center_angle"": ""random"", ""center_angle_rad"": 5.886393309285257, ""center_radius_ratio"": 0.5405991277255144, ""mode"": ""random"", ""n_particles"": 1489, ""name"": ""wafer_particles.pattern.C11_Hotspot_Elliptic"", ""rotation_deg"": 30.0, ""rotation_rad"": 5.779672163915162, ""schema_version"": ""wafer_particles.pattern_config.v1"", ""sigma_x_ratio"": 0.07066279435383041, ""sigma_y_ratio"": 0.0713104081765204, ""wafer_radius_mm"": 150.0}",562
sample_000563,C07_StraightLine,571,"{""angle_deg"": 179.43344904606064, ""n_particles"": 571, ""name"": ""wafer_particles.pattern.C07_StraightLine"", ""offset_ratio"": -0.04137573424862323, ""schema_version"": ""wafer_particles.pattern_config.v1"", ""segment_half_length_ratio"": 0.7767586183190056, ""wafer_radius_mm"": 150.0, ""width_ratio"": 0.03700506717928836}",563
sample_000564,C11_Hotspot_Elliptic,1318,"{""center_angle"": ""random"", ""center_angle_rad"": 5.745871460017398, ""center_radius_ratio"": 0.37043747842418634, ""mode"": ""random"", ""n_particles"": 1318, ""name"": ""wafer_particles.pattern.C11_Hotspot_Elliptic"", ""rotation_deg"": 30.0, ""rotation_rad"": 3.331981234964528, ""schema_version"": ""wafer_particles.pattern_config.v1"", ""sigma_x_ratio"": 0.1177826507854259, ""sigma_y_ratio"": 0.027611169245970867, ""wafer_radius_mm"": 150.0}",564
sample_000565,C03_Ring,941,"{""n_particles"": 941, ""name"": ""wafer_particles.pattern.C03_Ring"", ""radius_ratio"": 0.8276493394292006, ""schema_version"": ""wafer_particles.pattern_config.v1"", ""wafer_radius_mm"": 150.0, ""width_ratio"": 0.08939066846980795}",565
sample_000566,C03_Ring,1166,"{""n_particles"": 1166, ""name"": ""wafer_particles.pattern.C03_Ring"", ""radius_ratio"": 0.7064906812627532, ""schema_version"": ""wafer_particles.pattern_config.v1"", ""wafer_radius_mm"": 150.0, ""width_ratio"": 0.19555578288725853}",566
sample_000567,C03_Ring,1250,"{""n_particles"": 1250, ""name"": ""wafer_particles.pattern.C03_Ring"", ""radius_ratio"": 0.6973883491263114, ""schema_version"": ""wafer_particles.pattern_config.v1"", ""wafer_radius_mm"": 150.0, ""width_ratio"": 0.16936919749149607}",567
sample_000568,C04_Sector_Edge,1324,"{""angle_center_rad"": 2.3801758092990393, ""angle_width_deg"": 73.1110718480629, ""edge_width_ratio"": 0.25733329865314974, ""n_particles"": 1324, ""name"": ""wafer_particles.pattern.C04_Sector_Edge"", ""radial_beta_alpha"": 3.972748459724885, ""radial_beta_beta"": 3.2642388994055365, ""schema_version"": ""wafer_particles.pattern_config.v1"", ""side"": ""right"", ""theta_vonmises_kappa"": 4.6543620198484055, ""wafer_radius_mm"": 150.0}",568
sample_000569,C04_Sector_Edge,1484,"{""angle_center_rad"": 2.828148289172722, ""angle_width_deg"": 30.23546038587313, ""edge_width_ratio"": 0.2900771174242615, ""n_particles"": 1484, ""name"": ""wafer_particles.pattern.C04_Sector_Edge"", ""radial_beta_alpha"": 2.0005382390033866, ""radial_beta_beta"": 1.0046805329123165, ""schema_version"": ""wafer_particles.pattern_config.v1"", ""side"": ""right"", ""theta_vonmises_kappa"": 7.612054029537724, ""wafer_radius_mm"": 150.0}",569
sample_000570,C01_Uniform,1113,"{""n_particles"": 1113, ""name"": ""wafer_particles.pattern.C01_Uniform"", ""schema_version"": ""wafer_particles.pattern_config.v1"", ""wafer_radius_mm"": 150.0}",570
sample_000571,C11_Hotspot_Elliptic,555,"{""center_angle"": ""random"", ""center_angle_rad"": 5.629186000305246, ""center_radius_ratio"": 0.07379316293970126, ""mode"": ""random"", ""n_particles"": 555, ""name"": ""wafer_particles.pattern.C11_Hotspot_Elliptic"", ""rotation_deg"": 30.0, ""rotation_rad"": 4.855907645919976, ""schema_version"": ""wafer_particles.pattern_config.v1"", ""sigma_x_ratio"": 0.047652671306785105, ""sigma_y_ratio"": 0.024540042537892943, ""wafer_radius_mm"": 150.0}",571
sample_000572,C07_StraightLine,514,"{""angle_deg"": 152.02654659318804, ""n_particles"": 514, ""name"": ""wafer_particles.pattern.C07_StraightLine"", ""offset_ratio"": 0.09899258771467645, ""schema_version"": ""wafer_particles.pattern_config.v1"", ""segment_half_length_ratio"": 0.8390965557943622, ""wafer_radius_mm"": 150.0, ""width_ratio"": 0.04246996878416581}",572
sample_000573,C07_StraightLine,984,"{""angle_deg"": 22.801713889292692, ""n_particles"": 984, ""name"": ""wafer_particles.pattern.C07_StraightLine"", ""offset_ratio"": 0.21424844363739476, ""schema_version"": ""wafer_particles.pattern_config.v1"", ""segment_half_length_ratio"": 0.7161872034008709, ""wafer_radius_mm"": 150.0, ""width_ratio"": 0.016385361596219974}",573
sample_000574,C07_StraightLine,1363,"{""angle_deg"": 89.32289185034227, ""n_particles"": 1363, ""name"": ""wafer_particles.pattern.C07_StraightLine"", ""offset_ratio"": 0.2364924822234617, ""schema_version"": ""wafer_particles.pattern_config.v1"", ""segment_half_length_ratio"": 0.4234159778968107, ""wafer_radius_mm"": 150.0, ""width_ratio"": 0.032549259293625385}",574
sample_000575,C07_StraightLine,572,"{""angle_deg"": 58.96617356362452, ""n_particles"": 572, ""name"": ""wafer_particles.pattern.C07_StraightLine"", ""offset_ratio"": -0.1117287673645006, ""schema_version"": ""wafer_particles.pattern_config.v1"", ""segment_half_length_ratio"": 0.36330700968197405, ""wafer_radius_mm"": 150.0, ""width_ratio"": 0.020502467748600983}",575
sample_000576,C01_Uniform,1492,"{""n_particles"": 1492, ""name"": ""wafer_particles.pattern.C01_Uniform"", ""schema_version"": ""wafer_particles.pattern_config.v1"", ""wafer_radius_mm"": 150.0}",576
sample_000577,C01_Uniform,942,"{""n_particles"": 942, ""name"": ""wafer_particles.pattern.C01_Uniform"", ""schema_version"": ""wafer_particles.pattern_config.v1"", ""wafer_radius_mm"": 150.0}",577
sample_000578,C03_Ring,1436,"{""n_particles"": 1436, ""name"": ""wafer_particles.pattern.C03_Ring"", ""radius_ratio"": 0.8425524017257051, ""schema_version"": ""wafer_particles.pattern_config.v1"", ""wafer_radius_mm"": 150.0, ""width_ratio"": 0.1566459631628685}",578
sample_000579,C07_StraightLine,1457,"{""angle_deg"": 151.96195829037438, ""n_particles"": 1457, ""name"": ""wafer_particles.pattern.C07_StraightLine"", ""offset_ratio"": -0.28592481533541575, ""schema_version"": ""wafer_particles.pattern_config.v1"", ""segment_half_length_ratio"": 0.7449360364053464, ""wafer_radius_mm"": 150.0, ""width_ratio"": 0.027172362620229932}",579
sample_000580,C01_Uniform,1413,"{""n_particles"": 1413, ""name"": ""wafer_particles.pattern.C01_Uniform"", ""schema_version"": ""wafer_particles.pattern_config.v1"", ""wafer_radius_mm"": 150.0}",580
sample_000581,C01_Uniform,1141,"{""n_particles"": 1141, ""name"": ""wafer_particles.pattern.C01_Uniform"", ""schema_version"": ""wafer_particles.pattern_config.v1"", ""wafer_radius_mm"": 150.0}",581
sample_000582,C03_Ring,1277,"{""n_particles"": 1277, ""name"": ""wafer_particles.pattern.C03_Ring"", ""radius_ratio"": 0.8120429006566798, ""schema_version"": ""wafer_particles.pattern_config.v1"", ""wafer_radius_mm"": 150.0, ""width_ratio"": 0.07948818575635849}",582
sample_000583,C03_Ring,1070,"{""n_particles"": 1070, ""name"": ""wafer_particles.pattern.C03_Ring"", ""radius_ratio"": 0.651617079302432, ""schema_version"": ""wafer_particles.pattern_config.v1"", ""wafer_radius_mm"": 150.0, ""width_ratio"": 0.11259831962330581}",583
sample_000584,C01_Uniform,672,"{""n_particles"": 672, ""name"": ""wafer_particles.pattern.C01_Uniform"", ""schema_version"": ""wafer_particles.pattern_config.v1"", ""wafer_radius_mm"": 150.0}",584
sample_000585,C03_Ring,915,"{""n_particles"": 915, ""name"": ""wafer_particles.pattern.C03_Ring"", ""radius_ratio"": 0.6458370007174408, ""schema_version"": ""wafer_particles.pattern_config.v1"", ""wafer_radius_mm"": 150.0, ""width_ratio"": 0.08376018907702287}",585
sample_000586,C04_Sector_Edge,754,"{""angle_center_rad"": 1.0353903844437953, ""angle_width_deg"": 67.57804100314584, ""edge_width_ratio"": 0.08818748416131784, ""n_particles"": 754, ""name"": ""wafer_particles.pattern.C04_Sector_Edge"", ""radial_beta_alpha"": 3.4544672176364264, ""radial_beta_beta"": 2.258816699074842, ""schema_version"": ""wafer_particles.pattern_config.v1"", ""side"": ""right"", ""theta_vonmises_kappa"": 3.471180606959632, ""wafer_radius_mm"": 150.0}",586
sample_000587,C07_StraightLine,1528,"{""angle_deg"": 133.9136734803862, ""n_particles"": 1528, ""name"": ""wafer_particles.pattern.C07_StraightLine"", ""offset_ratio"": -0.04977038143306867, ""schema_version"": ""wafer_particles.pattern_config.v1"", ""segment_half_length_ratio"": 0.6946134826664698, ""wafer_radius_mm"": 150.0, ""width_ratio"": 0.03425751097795108}",587
sample_000588,C03_Ring,1062,"{""n_particles"": 1062, ""name"": ""wafer_particles.pattern.C03_Ring"", ""radius_ratio"": 0.6287772938595553, ""schema_version"": ""wafer_particles.pattern_config.v1"", ""wafer_radius_mm"": 150.0, ""width_ratio"": 0.17088264318712162}",588
sample_000589,C11_Hotspot_Elliptic,1232,"{""center_angle"": ""random"", ""center_angle_rad"": 4.13350452447248, ""center_radius_ratio"": 0.2986823145638812, ""mode"": ""random"", ""n_particles"": 1232, ""name"": ""wafer_particles.pattern.C11_Hotspot_Elliptic"", ""rotation_deg"": 30.0, ""rotation_rad"": 2.1298906633523673, ""schema_version"": ""wafer_particles.pattern_config.v1"", ""sigma_x_ratio"": 0.0752268782814775, ""sigma_y_ratio"": 0.03705761730553947, ""wafer_radius_mm"": 150.0}",589
sample_000590,C04_Sector_Edge,1078,"{""angle_center_rad"": 5.578773919718931, ""angle_width_deg"": 37.226910051092474, ""edge_width_ratio"": 0.10542366369819862, ""n_particles"": 1078, ""name"": ""wafer_particles.pattern.C04_Sector_Edge"", ""radial_beta_alpha"": 2.9336038794234423, ""radial_beta_beta"": 2.8741214702226, ""schema_version"": ""wafer_particles.pattern_config.v1"", ""side"": ""right"", ""theta_vonmises_kappa"": 7.387681396928665, ""wafer_radius_mm"": 150.0}",590
sample_000591,C11_Hotspot_Elliptic,651,"{""center_angle"": ""random"", ""center_angle_rad"": 4.562377184260348, ""center_radius_ratio"": 0.4048255803039947, ""mode"": ""random"", ""n_particles"": 651, ""name"": ""wafer_particles.pattern.C11_Hotspot_Elliptic"", ""rotation_deg"": 30.0, ""rotation_rad"": 2.835288200470645, ""schema_version"": ""wafer_particles.pattern_config.v1"", ""sigma_x_ratio"": 0.10348243160495782, ""sigma_y_ratio"": 0.017481708702785755, ""wafer_radius_mm"": 150.0}",591
sample_000592,C03_Ring,1439,"{""n_particles"": 1439, ""name"": ""wafer_particles.pattern.C03_Ring"", ""radius_ratio"": 0.6299406274189624, ""schema_version"": ""wafer_particles.pattern_config.v1"", ""wafer_radius_mm"": 150.0, ""width_ratio"": 0.05625289360672582}",592
sample_000593,C04_Sector_Edge,1370,"{""angle_center_rad"": 4.221378629160977, ""angle_width_deg"": 45.25210453991335, ""edge_width_ratio"": 0.2131932020397202, ""n_particles"": 1370, ""name"": ""wafer_particles.pattern.C04_Sector_Edge"", ""radial_beta_alpha"": 1.488490508718904, ""radial_beta_beta"": 3.2180686180040823, ""schema_version"": ""wafer_particles.pattern_config.v1"", ""side"": ""right"", ""theta_vonmises_kappa"": 9.32208437014117, ""wafer_radius_mm"": 150.0}",593
sample_000594,C01_Uniform,1320,"{""n_particles"": 1320, ""name"": ""wafer_particles.pattern.C01_Uniform"", ""schema_version"": ""wafer_particles.pattern_config.v1"", ""wafer_radius_mm"": 150.0}",594
sample_000595,C04_Sector_Edge,1048,"{""angle_center_rad"": 1.2883940748649785, ""angle_width_deg"": 74.2899369395515, ""edge_width_ratio"": 0.06681790034694567, ""n_particles"": 1048, ""name"": ""wafer_particles.pattern.C04_Sector_Edge"", ""radial_beta_alpha"": 3.652917753895312, ""radial_beta_beta"": 2.6010284756674174, ""schema_version"": ""wafer_particles.pattern_config.v1"", ""side"": ""right"", ""theta_vonmises_kappa"": 8.863477737529177, ""wafer_radius_mm"": 150.0}",595
sample_000596,C11_Hotspot_Elliptic,1411,"{""center_angle"": ""random"", ""center_angle_rad"": 0.1336994884504355, ""center_radius_ratio"": 0.834738787881557, ""mode"": ""random"", ""n_particles"": 1411, ""name"": ""wafer_particles.pattern.C11_Hotspot_Elliptic"", ""rotation_deg"": 30.0, ""rotation_rad"": 4.224326908322852, ""schema_version"": ""wafer_particles.pattern_config.v1"", ""sigma_x_ratio"": 0.04803621143879825, ""sigma_y_ratio"": 0.0796106722537613, ""wafer_radius_mm"": 150.0}",596
sample_000597,C01_Uniform,1344,"{""n_particles"": 1344, ""name"": ""wafer_particles.pattern.C01_Uniform"", ""schema_version"": ""wafer_particles.pattern_config.v1"", ""wafer_radius_mm"": 150.0}",597
sample_000598,C01_Uniform,1361,"{""n_particles"": 1361, ""name"": ""wafer_particles.pattern.C01_Uniform"", ""schema_version"": ""wafer_particles.pattern_config.v1"", ""wafer_radius_mm"": 150.0}",598
sample_000599,C01_Uniform,1069,"{""n_particles"": 1069, ""name"": ""wafer_particles.pattern.C01_Uniform"", ""schema_version"": ""wafer_particles.pattern_config.v1"", ""wafer_radius_mm"": 150.0}",599
sample_000600,C03_Ring,772,"{""n_particles"": 772, ""name"": ""wafer_particles.pattern.C03_Ring"", ""radius_ratio"": 0.4275687998895399, ""schema_version"": ""wafer_particles.pattern_config.v1"", ""wafer_radius_mm"": 150.0, ""width_ratio"": 0.1075790959485599}",600
sample_000601,C07_StraightLine,1108,"{""angle_deg"": 131.99667268277742, ""n_particles"": 1108, ""name"": ""wafer_particles.pattern.C07_StraightLine"", ""offset_ratio"": 0.266183704798507, ""schema_version"": ""wafer_particles.pattern_config.v1"", ""segment_half_length_ratio"": 0.34007678562099614, ""wafer_radius_mm"": 150.0, ""width_ratio"": 0.03453799625234987}",601
sample_000602,C07_StraightLine,1008,"{""angle_deg"": 116.82289980759475, ""n_particles"": 1008, ""name"": ""wafer_particles.pattern.C07_StraightLine"", ""offset_ratio"": 0.27740405651432304, ""schema_version"": ""wafer_particles.pattern_config.v1"", ""segment_half_length_ratio"": 0.6415677375960258, ""wafer_radius_mm"": 150.0, ""width_ratio"": 0.031192120155675605}",602
sample_000603,C03_Ring,761,"{""n_particles"": 761, ""name"": ""wafer_particles.pattern.C03_Ring"", ""radius_ratio"": 0.8341715707503528, ""schema_version"": ""wafer_particles.pattern_config.v1"", ""wafer_radius_mm"": 150.0, ""width_ratio"": 0.06667740998362073}",603
sample_000604,C03_Ring,907,"{""n_particles"": 907, ""name"": ""wafer_particles.pattern.C03_Ring"", ""radius_ratio"": 0.6849409675621221, ""schema_version"": ""wafer_particles.pattern_config.v1"", ""wafer_radius_mm"": 150.0, ""width_ratio"": 0.06455297724377128}",604
sample_000605,C11_Hotspot_Elliptic,868,"{""center_angle"": ""random"", ""center_angle_rad"": 2.1502183388178975, ""center_radius_ratio"": 0.12322665470318969, ""mode"": ""random"", ""n_particles"": 868, ""name"": ""wafer_particles.pattern.C11_Hotspot_Elliptic"", ""rotation_deg"": 30.0, ""rotation_rad"": 5.643369817193894, ""schema_version"": ""wafer_particles.pattern_config.v1"", ""sigma_x_ratio"": 0.043558028013871944, ""sigma_y_ratio"": 0.07975481638050876, ""wafer_radius_mm"": 150.0}",605
sample_000606,C07_StraightLine,1293,"{""angle_deg"": 56.25229974653273, ""n_particles"": 1293, ""name"": ""wafer_particles.pattern.C07_StraightLine"", ""offset_ratio"": 0.0810852643838933, ""schema_version"": ""wafer_particles.pattern_config.v1"", ""segment_half_length_ratio"": 0.3854629571618011, ""wafer_radius_mm"": 150.0, ""width_ratio"": 0.005677793213469392}",606
sample_000607,C07_StraightLine,712,"{""angle_deg"": 0.3555761301693394, ""n_particles"": 712, ""name"": ""wafer_particles.pattern.C07_StraightLine"", ""offset_ratio"": 0.0700571832854403, ""schema_version"": ""wafer_particles.pattern_config.v1"", ""segment_half_length_ratio"": 0.8813969723287689, ""wafer_radius_mm"": 150.0, ""width_ratio"": 0.030604546022274325}",607
sample_000608,C03_Ring,1392,"{""n_particles"": 1392, ""name"": ""wafer_particles.pattern.C03_Ring"", ""radius_ratio"": 0.5919464257385505, ""schema_version"": ""wafer_particles.pattern_config.v1"", ""wafer_radius_mm"": 150.0, ""width_ratio"": 0.05504360480486699}",608
sample_000609,C11_Hotspot_Elliptic,531,"{""center_angle"": ""random"", ""center_angle_rad"": 4.807634349343165, ""center_radius_ratio"": 0.0009966436595551854, ""mode"": ""random"", ""n_particles"": 531, ""name"": ""wafer_particles.pattern.C11_Hotspot_Elliptic"", ""rotation_deg"": 30.0, ""rotation_rad"": 3.638937878366785, ""schema_version"": ""wafer_particles.pattern_config.v1"", ""sigma_x_ratio"": 0.09903263036413547, ""sigma_y_ratio"": 0.041401655047014124, ""wafer_radius_mm"": 150.0}",609
sample_000610,C07_StraightLine,784,"{""angle_deg"": 167.02896313912038, ""n_particles"": 784, ""name"": ""wafer_particles.pattern.C07_StraightLine"", ""offset_ratio"": 0.05472355406152618, ""schema_version"": ""wafer_particles.pattern_config.v1"", ""segment_half_length_ratio"": 0.36444655449323327, ""wafer_radius_mm"": 150.0, ""width_ratio"": 0.007488213489114015}",610
sample_000611,C04_Sector_Edge,936,"{""angle_center_rad"": 5.0140792390049524, ""angle_width_deg"": 70.19100904825262, ""edge_width_ratio"": 0.25747535525480214, ""n_particles"": 936, ""name"": ""wafer_particles.pattern.C04_Sector_Edge"", ""radial_beta_alpha"": 1.4491649267912257, ""radial_beta_beta"": 3.402512837779792, ""schema_version"": ""wafer_particles.pattern_config.v1"", ""side"": ""right"", ""theta_vonmises_kappa"": 7.760879605934678, ""wafer_radius_mm"": 150.0}",611
sample_000612,C04_Sector_Edge,550,"{""angle_center_rad"": 3.6192627087879568, ""angle_width_deg"": 59.68150440381724, ""edge_width_ratio"": 0.2558026575389563, ""n_particles"": 550, ""name"": ""wafer_particles.pattern.C04_Sector_Edge"", ""radial_beta_alpha"": 2.8068962548319463, ""radial_beta_beta"": 1.0320947635262374, ""schema_version"": ""wafer_particles.pattern_config.v1"", ""side"": ""right"", ""theta_vonmises_kappa"": 3.9462910992787403, ""wafer_radius_mm"": 150.0}",612
sample_000613,C11_Hotspot_Elliptic,1455,"{""center_angle"": ""random"", ""center_angle_rad"": 2.326675108818967, ""center_radius_ratio"": 0.5463157221128242, ""mode"": ""random"", ""n_particles"": 1455, ""name"": ""wafer_particles.pattern.C11_Hotspot_Elliptic"", ""rotation_deg"": 30.0, ""rotation_rad"": 2.0835992069201206, ""schema_version"": ""wafer_particles.pattern_config.v1"", ""sigma_x_ratio"": 0.07110103410902877, ""sigma_y_ratio"": 0.010830334584643603, ""wafer_radius_mm"": 150.0}",613
sample_000614,C03_Ring,1364,"{""n_particles"": 1364, ""name"": ""wafer_particles.pattern.C03_Ring"", ""radius_ratio"": 0.5745469990698764, ""schema_version"": ""wafer_particles.pattern_config.v1"", ""wafer_radius_mm"": 150.0, ""width_ratio"": 0.08053259561957499}",614
sample_000615,C03_Ring,1068,"{""n_particles"": 1068, ""name"": ""wafer_particles.pattern.C03_Ring"", ""radius_ratio"": 0.5289216254400231, ""schema_version"": ""wafer_particles.pattern_config.v1"", ""wafer_radius_mm"": 150.0, ""width_ratio"": 0.166255892082979}",615
sample_000616,C03_Ring,628,"{""n_particles"": 628, ""name"": ""wafer_particles.pattern.C03_Ring"", ""radius_ratio"": 0.6958291970402407, ""schema_version"": ""wafer_particles.pattern_config.v1"", ""wafer_radius_mm"": 150.0, ""width_ratio"": 0.137933851546418}",616
sample_000617,C07_StraightLine,892,"{""angle_deg"": 134.61011122131, ""n_particles"": 892, ""name"": ""wafer_particles.pattern.C07_StraightLine"", ""offset_ratio"": -0.1198907614492575, ""schema_version"": ""wafer_particles.pattern_config.v1"", ""segment_half_length_ratio"": 0.38551685326746776, ""wafer_radius_mm"": 150.0, ""width_ratio"": 0.017616948116257282}",617
sample_000618,C01_Uniform,1458,"{""n_particles"": 1458, ""name"": ""wafer_particles.pattern.C01_Uniform"", ""schema_version"": ""wafer_particles.pattern_config.v1"", ""wafer_radius_mm"": 150.0}",618
sample_000619,C11_Hotspot_Elliptic,1502,"{""center_angle"": ""random"", ""center_angle_rad"": 0.3535376828528902, ""center_radius_ratio"": 0.5997672601727351, ""mode"": ""random"", ""n_particles"": 1502, ""name"": ""wafer_particles.pattern.C11_Hotspot_Elliptic"", ""rotation_deg"": 30.0, ""rotation_rad"": 3.724610789369691, ""schema_version"": ""wafer_particles.pattern_config.v1"", ""sigma_x_ratio"": 0.11092945201767239, ""sigma_y_ratio"": 0.036100976856172695, ""wafer_radius_mm"": 150.0}",619
sample_000620,C07_StraightLine,1064,"{""angle_deg"": 154.016981209417, ""n_particles"": 1064, ""name"": ""wafer_particles.pattern.C07_StraightLine"", ""offset_ratio"": -0.0736866110532452, ""schema_version"": ""wafer_particles.pattern_config.v1"", ""segment_half_length_ratio"": 0.3209926490922971, ""wafer_radius_mm"": 150.0, ""width_ratio"": 0.04227071594267662}",620
sample_000621,C11_Hotspot_Elliptic,1024,"{""center_angle"": ""random"", ""center_angle_rad"": 4.406678169008728, ""center_radius_ratio"": 0.3740303856169406, ""mode"": ""random"", ""n_particles"": 1024, ""name"": ""wafer_particles.pattern.C11_Hotspot_Elliptic"", ""rotation_deg"": 30.0, ""rotation_rad"": 2.9179273998701265, ""schema_version"": ""wafer_particles.pattern_config.v1"", ""sigma_x_ratio"": 0.0779393728751533, ""sigma_y_ratio"": 0.010315106522601005, ""wafer_radius_mm"": 150.0}",621
sample_000622,C11_Hotspot_Elliptic,884,"{""center_angle"": ""random"", ""center_angle_rad"": 0.6923422611230304, ""center_radius_ratio"": 0.42839947377419185, ""mode"": ""random"", ""n_particles"": 884, ""name"": ""wafer_particles.pattern.C11_Hotspot_Elliptic"", ""rotation_deg"": 30.0, ""rotation_rad"": 3.018192361674171, ""schema_version"": ""wafer_particles.pattern_config.v1"", ""sigma_x_ratio"": 0.09382327169683274, ""sigma_y_ratio"": 0.04642000325465191, ""wafer_radius_mm"": 150.0}",622
sample_000623,C04_Sector_Edge,1270,"{""angle_center_rad"": 5.695702051905219, ""angle_width_deg"": 66.0573873800463, ""edge_width_ratio"": 0.23420435856261157, ""n_particles"": 1270, ""name"": ""wafer_particles.pattern.C04_Sector_Edge"", ""radial_beta_alpha"": 1.8622999784915688, ""radial_beta_beta"": 2.5101946744182584, ""schema_version"": ""wafer_particles.pattern_config.v1"", ""side"": ""right"", ""theta_vonmises_kappa"": 1.4910369491934308, ""wafer_radius_mm"": 150.0}",623
sample_000624,C04_Sector_Edge,805,"{""angle_center_rad"": 4.199920612749184, ""angle_width_deg"": 82.40469205393373, ""edge_width_ratio"": 0.2647660328021375, ""n_particles"": 805, ""name"": ""wafer_particles.pattern.C04_Sector_Edge"", ""radial_beta_alpha"": 2.5923338046483773, ""radial_beta_beta"": 1.2635897550652262, ""schema_version"": ""wafer_particles.pattern_config.v1"", ""side"": ""right"", ""theta_vonmises_kappa"": 7.741585334580703, ""wafer_radius_mm"": 150.0}",624
sample_000625,C04_Sector_Edge,824,"{""angle_center_rad"": 4.8920893944307355, ""angle_width_deg"": 35.65486371331345, ""edge_width_ratio"": 0.11085611413625569, ""n_particles"": 824, ""name"": ""wafer_particles.pattern.C04_Sector_Edge"", ""radial_beta_alpha"": 3.6028510641486005, ""radial_beta_beta"": 2.6019067177337716, ""schema_version"": ""wafer_particles.pattern_config.v1"", ""side"": ""right"", ""theta_vonmises_kappa"": 8.113359526394396, ""wafer_radius_mm"": 150.0}",625
sample_000626,C07_StraightLine,1216,"{""angle_deg"": 8.557515460667274, ""n_particles"": 1216, ""name"": ""wafer_particles.pattern.C07_StraightLine"", ""offset_ratio"": -0.1808295606960415, ""schema_version"": ""wafer_particles.pattern_config.v1"", ""segment_half_length_ratio"": 0.4318373963554837, ""wafer_radius_mm"": 150.0, ""width_ratio"": 0.015310409042400264}",626
sample_000627,C11_Hotspot_Elliptic,886,"{""center_angle"": ""random"", ""center_angle_rad"": 4.152777080058107, ""center_radius_ratio"": 0.8448776052878373, ""mode"": ""random"", ""n_particles"": 886, ""name"": ""wafer_particles.pattern.C11_Hotspot_Elliptic"", ""rotation_deg"": 30.0, ""rotation_rad"": 1.9648624296355321, ""schema_version"": ""wafer_particles.pattern_config.v1"", ""sigma_x_ratio"": 0.10683354593153081, ""sigma_y_ratio"": 0.0179759308738816, ""wafer_radius_mm"": 150.0}",627
sample_000628,C03_Ring,910,"{""n_particles"": 910, ""name"": ""wafer_particles.pattern.C03_Ring"", ""radius_ratio"": 0.6050998768346311, ""schema_version"": ""wafer_particles.pattern_config.v1"", ""wafer_radius_mm"": 150.0, ""width_ratio"": 0.07377458918879778}",628
sample_000629,C01_Uniform,653,"{""n_particles"": 653, ""name"": ""wafer_particles.pattern.C01_Uniform"", ""schema_version"": ""wafer_particles.pattern_config.v1"", ""wafer_radius_mm"": 150.0}",629
sample_000630,C01_Uniform,910,"{""n_particles"": 910, ""name"": ""wafer_particles.pattern.C01_Uniform"", ""schema_version"": ""wafer_particles.pattern_config.v1"", ""wafer_radius_mm"": 150.0}",630
sample_000631,C07_StraightLine,1089,"{""angle_deg"": 64.12487034822729, ""n_particles"": 1089, ""name"": ""wafer_particles.pattern.C07_StraightLine"", ""offset_ratio"": -0.11776109318003816, ""schema_version"": ""wafer_particles.pattern_config.v1"", ""segment_half_length_ratio"": 0.8152280154481895, ""wafer_radius_mm"": 150.0, ""width_ratio"": 0.015205384112921126}",631
sample_000632,C07_StraightLine,1045,"{""angle_deg"": 47.260632932000505, ""n_particles"": 1045, ""name"": ""wafer_particles.pattern.C07_StraightLine"", ""offset_ratio"": 0.25565779662853644, ""schema_version"": ""wafer_particles.pattern_config.v1"", ""segment_half_length_ratio"": 0.773545499968255, ""wafer_radius_mm"": 150.0, ""width_ratio"": 0.048828481066908486}",632
sample_000633,C03_Ring,891,"{""n_particles"": 891, ""name"": ""wafer_particles.pattern.C03_Ring"", ""radius_ratio"": 0.8776627415566935, ""schema_version"": ""wafer_particles.pattern_config.v1"", ""wafer_radius_mm"": 150.0, ""width_ratio"": 0.18556387235335958}",633
sample_000634,C07_StraightLine,908,"{""angle_deg"": 117.48055459354539, ""n_particles"": 908, ""name"": ""wafer_particles.pattern.C07_StraightLine"", ""offset_ratio"": 0.035122083305384855, ""schema_version"": ""wafer_particles.pattern_config.v1"", ""segment_half_length_ratio"": 0.5901483440043286, ""wafer_radius_mm"": 150.0, ""width_ratio"": 0.032237303418561285}",634
sample_000635,C04_Sector_Edge,629,"{""angle_center_rad"": 3.272469031094246, ""angle_width_deg"": 60.344130823471296, ""edge_width_ratio"": 0.23153170353880614, ""n_particles"": 629, ""name"": ""wafer_particles.pattern.C04_Sector_Edge"", ""radial_beta_alpha"": 3.2621696173870047, ""radial_beta_beta"": 1.6202081017208507, ""schema_version"": ""wafer_particles.pattern_config.v1"", ""side"": ""right"", ""theta_vonmises_kappa"": 8.768434377773628, ""wafer_radius_mm"": 150.0}",635
sample_000636,C01_Uniform,1305,"{""n_particles"": 1305, ""name"": ""wafer_particles.pattern.C01_Uniform"", ""schema_version"": ""wafer_particles.pattern_config.v1"", ""wafer_radius_mm"": 150.0}",636
sample_000637,C03_Ring,803,"{""n_particles"": 803, ""name"": ""wafer_particles.pattern.C03_Ring"", ""radius_ratio"": 0.43473199848847005, ""schema_version"": ""wafer_particles.pattern_config.v1"", ""wafer_radius_mm"": 150.0, ""width_ratio"": 0.05890738897320183}",637
sample_000638,C11_Hotspot_Elliptic,1503,"{""center_angle"": ""random"", ""center_angle_rad"": 5.830114563191363, ""center_radius_ratio"": 0.0038406407428599465, ""mode"": ""random"", ""n_particles"": 1503, ""name"": ""wafer_particles.pattern.C11_Hotspot_Elliptic"", ""rotation_deg"": 30.0, ""rotation_rad"": 3.142462090259874, ""schema_version"": ""wafer_particles.pattern_config.v1"", ""sigma_x_ratio"": 0.05809131187726158, ""sigma_y_ratio"": 0.07745654026268704, ""wafer_radius_mm"": 150.0}",638
sample_000639,C01_Uniform,1037,"{""n_particles"": 1037, ""name"": ""wafer_particles.pattern.C01_Uniform"", ""schema_version"": ""wafer_particles.pattern_config.v1"", ""wafer_radius_mm"": 150.0}",639
sample_000640,C11_Hotspot_Elliptic,1021,"{""center_angle"": ""random"", ""center_angle_rad"": 0.16302155253577325, ""center_radius_ratio"": 0.4291818009936826, ""mode"": ""random"", ""n_particles"": 1021, ""name"": ""wafer_particles.pattern.C11_Hotspot_Elliptic"", ""rotation_deg"": 30.0, ""rotation_rad"": 1.3087983073161789, ""schema_version"": ""wafer_particles.pattern_config.v1"", ""sigma_x_ratio"": 0.06509514643576186, ""sigma_y_ratio"": 0.07753142519824521, ""wafer_radius_mm"": 150.0}",640
sample_000641,C11_Hotspot_Elliptic,1080,"{""center_angle"": ""random"", ""center_angle_rad"": 2.12906951317153, ""center_radius_ratio"": 0.5832349397438406, ""mode"": ""random"", ""n_particles"": 1080, ""name"": ""wafer_particles.pattern.C11_Hotspot_Elliptic"", ""rotation_deg"": 30.0, ""rotation_rad"": 3.2164798956693494, ""schema_version"": ""wafer_particles.pattern_config.v1"", ""sigma_x_ratio"": 0.05480977763754983, ""sigma_y_ratio"": 0.0501800034478084, ""wafer_radius_mm"": 150.0}",641
sample_000642,C11_Hotspot_Elliptic,1344,"{""center_angle"": ""random"", ""center_angle_rad"": 5.246936753282503, ""center_radius_ratio"": 0.0932687136565156, ""mode"": ""random"", ""n_particles"": 1344, ""name"": ""wafer_particles.pattern.C11_Hotspot_Elliptic"", ""rotation_deg"": 30.0, ""rotation_rad"": 0.21968205603042051, ""schema_version"": ""wafer_particles.pattern_config.v1"", ""sigma_x_ratio"": 0.06577815655756512, ""sigma_y_ratio"": 0.07674795237316295, ""wafer_radius_mm"": 150.0}",642
sample_000643,C11_Hotspot_Elliptic,927,"{""center_angle"": ""random"", ""center_angle_rad"": 5.496735233137735, ""center_radius_ratio"": 0.34107079898979975, ""mode"": ""random"", ""n_particles"": 927, ""name"": ""wafer_particles.pattern.C11_Hotspot_Elliptic"", ""rotation_deg"": 30.0, ""rotation_rad"": 1.2639040728649786, ""schema_version"": ""wafer_particles.pattern_config.v1"", ""sigma_x_ratio"": 0.10562413037908831, ""sigma_y_ratio"": 0.06843566921601356, ""wafer_radius_mm"": 150.0}",643
sample_000644,C07_StraightLine,1374,"{""angle_deg"": 111.4898816217512, ""n_particles"": 1374, ""name"": ""wafer_particles.pattern.C07_StraightLine"", ""offset_ratio"": 0.26528469592536236, ""schema_version"": ""wafer_particles.pattern_config.v1"", ""segment_half_length_ratio"": 0.6928199585469725, ""wafer_radius_mm"": 150.0, ""width_ratio"": 0.046661590396979084}",644
sample_000645,C11_Hotspot_Elliptic,1048,"{""center_angle"": ""random"", ""center_angle_rad"": 3.1831277205700808, ""center_radius_ratio"": 0.5272483982889292, ""mode"": ""random"", ""n_particles"": 1048, ""name"": ""wafer_particles.pattern.C11_Hotspot_Elliptic"", ""rotation_deg"": 30.0, ""rotation_rad"": 2.7712262314198406, ""schema_version"": ""wafer_particles.pattern_config.v1"", ""sigma_x_ratio"": 0.05149028840028759, ""sigma_y_ratio"": 0.07173822381067804, ""wafer_radius_mm"": 150.0}",645
sample_000646,C04_Sector_Edge,558,"{""angle_center_rad"": 0.9296515813343139, ""angle_width_deg"": 55.695857356613594, ""edge_width_ratio"": 0.20719262009778144, ""n_particles"": 558, ""name"": ""wafer_particles.pattern.C04_Sector_Edge"", ""radial_beta_alpha"": 1.368100343399184, ""radial_beta_beta"": 1.546026116326075, ""schema_version"": ""wafer_particles.pattern_config.v1"", ""side"": ""right"", ""theta_vonmises_kappa"": 6.030529943408583, ""wafer_radius_mm"": 150.0}",646
sample_000647,C07_StraightLine,842,"{""angle_deg"": 148.88570151621906, ""n_particles"": 842, ""name"": ""wafer_particles.pattern.C07_StraightLine"", ""offset_ratio"": 0.1365954994957546, ""schema_version"": ""wafer_particles.pattern_config.v1"", ""segment_half_length_ratio"": 0.33945335487439143, ""wafer_radius_mm"": 150.0, ""width_ratio"": 0.012940127866293068}",647
sample_000648,C07_StraightLine,1203,"{""angle_deg"": 163.92248560857735, ""n_particles"": 1203, ""name"": ""wafer_particles.pattern.C07_StraightLine"", ""offset_ratio"": 0.28623873258922033, ""schema_version"": ""wafer_particles.pattern_config.v1"", ""segment_half_length_ratio"": 0.57310859446529, ""wafer_radius_mm"": 150.0, ""width_ratio"": 0.024729066746172534}",648
sample_000649,C01_Uniform,1385,"{""n_particles"": 1385, ""name"": ""wafer_particles.pattern.C01_Uniform"", ""schema_version"": ""wafer_particles.pattern_config.v1"", ""wafer_radius_mm"": 150.0}",649
sample_000650,C01_Uniform,1193,"{""n_particles"": 1193, ""name"": ""wafer_particles.pattern.C01_Uniform"", ""schema_version"": ""wafer_particles.pattern_config.v1"", ""wafer_radius_mm"": 150.0}",650
sample_000651,C03_Ring,1276,"{""n_particles"": 1276, ""name"": ""wafer_particles.pattern.C03_Ring"", ""radius_ratio"": 0.4775529446885339, ""schema_version"": ""wafer_particles.pattern_config.v1"", ""wafer_radius_mm"": 150.0, ""width_ratio"": 0.06686689412321423}",651
sample_000652,C07_StraightLine,790,"{""angle_deg"": 58.1742543285675, ""n_particles"": 790, ""name"": ""wafer_particles.pattern.C07_StraightLine"", ""offset_ratio"": -0.2590690529983471, ""schema_version"": ""wafer_particles.pattern_config.v1"", ""segment_half_length_ratio"": 0.602488123552066, ""wafer_radius_mm"": 150.0, ""width_ratio"": 0.00980321547074391}",652
sample_000653,C04_Sector_Edge,759,"{""angle_center_rad"": 5.390339938516378, ""angle_width_deg"": 29.941893252133767, ""edge_width_ratio"": 0.17986579257676266, ""n_particles"": 759, ""name"": ""wafer_particles.pattern.C04_Sector_Edge"", ""radial_beta_alpha"": 3.112721444503958, ""radial_beta_beta"": 0.8587998011291024, ""schema_version"": ""wafer_particles.pattern_config.v1"", ""side"": ""right"", ""theta_vonmises_kappa"": 9.306750033031372, ""wafer_radius_mm"": 150.0}",653
sample_000654,C11_Hotspot_Elliptic,1336,"{""center_angle"": ""random"", ""center_angle_rad"": 3.1385527323776077, ""center_radius_ratio"": 0.2096184188240551, ""mode"": ""random"", ""n_particles"": 1336, ""name"": ""wafer_particles.pattern.C11_Hotspot_Elliptic"", ""rotation_deg"": 30.0, ""rotation_rad"": 0.4658466896060472, ""schema_version"": ""wafer_particles.pattern_config.v1"", ""sigma_x_ratio"": 0.10194954400884237, ""sigma_y_ratio"": 0.03553719163630039, ""wafer_radius_mm"": 150.0}",654
sample_000655,C01_Uniform,1071,"{""n_particles"": 1071, ""name"": ""wafer_particles.pattern.C01_Uniform"", ""schema_version"": ""wafer_particles.pattern_config.v1"", ""wafer_radius_mm"": 150.0}",655
sample_000656,C11_Hotspot_Elliptic,1084,"{""center_angle"": ""random"", ""center_angle_rad"": 2.065839358609705, ""center_radius_ratio"": 0.8500739682547218, ""mode"": ""random"", ""n_particles"": 1084, ""name"": ""wafer_particles.pattern.C11_Hotspot_Elliptic"", ""rotation_deg"": 30.0, ""rotation_rad"": 4.6935982256772535, ""schema_version"": ""wafer_particles.pattern_config.v1"", ""sigma_x_ratio"": 0.11618780603133401, ""sigma_y_ratio"": 0.07671016776211696, ""wafer_radius_mm"": 150.0}",656
sample_000657,C11_Hotspot_Elliptic,1287,"{""center_angle"": ""random"", ""center_angle_rad"": 2.488755203011517, ""center_radius_ratio"": 0.718267907453317, ""mode"": ""random"", ""n_particles"": 1287, ""name"": ""wafer_particles.pattern.C11_Hotspot_Elliptic"", ""rotation_deg"": 30.0, ""rotation_rad"": 3.3437090386782495, ""schema_version"": ""wafer_particles.pattern_config.v1"", ""sigma_x_ratio"": 0.10026196122463067, ""sigma_y_ratio"": 0.06300309176572594, ""wafer_radius_mm"": 150.0}",657
sample_000658,C01_Uniform,1463,"{""n_particles"": 1463, ""name"": ""wafer_particles.pattern.C01_Uniform"", ""schema_version"": ""wafer_particles.pattern_config.v1"", ""wafer_radius_mm"": 150.0}",658
sample_000659,C03_Ring,1193,"{""n_particles"": 1193, ""name"": ""wafer_particles.pattern.C03_Ring"", ""radius_ratio"": 0.561137564550458, ""schema_version"": ""wafer_particles.pattern_config.v1"", ""wafer_radius_mm"": 150.0, ""width_ratio"": 0.13031059864385838}",659
sample_000660,C04_Sector_Edge,1017,"{""angle_center_rad"": 4.699202903223362, ""angle_width_deg"": 68.4169371874153, ""edge_width_ratio"": 0.2816127413050949, ""n_particles"": 1017, ""name"": ""wafer_particles.pattern.C04_Sector_Edge"", ""radial_beta_alpha"": 2.230936079801718, ""radial_beta_beta"": 3.2845646994174844, ""schema_version"": ""wafer_particles.pattern_config.v1"", ""side"": ""right"", ""theta_vonmises_kappa"": 6.8416934580475, ""wafer_radius_mm"": 150.0}",660
sample_000661,C11_Hotspot_Elliptic,990,"{""center_angle"": ""random"", ""center_angle_rad"": 4.881086404247209, ""center_radius_ratio"": 0.7383363257177611, ""mode"": ""random"", ""n_particles"": 990, ""name"": ""wafer_particles.pattern.C11_Hotspot_Elliptic"", ""rotation_deg"": 30.0, ""rotation_rad"": 0.14672069111573172, ""schema_version"": ""wafer_particles.pattern_config.v1"", ""sigma_x_ratio"": 0.11148558053194399, ""sigma_y_ratio"": 0.04883853478610577, ""wafer_radius_mm"": 150.0}",661
sample_000662,C04_Sector_Edge,576,"{""angle_center_rad"": 0.6477874152424743, ""angle_width_deg"": 51.99980536199588, ""edge_width_ratio"": 0.14467913334097088, ""n_particles"": 576, ""name"": ""wafer_particles.pattern.C04_Sector_Edge"", ""radial_beta_alpha"": 2.4312148503815068, ""radial_beta_beta"": 3.3828362181631952, ""schema_version"": ""wafer_particles.pattern_config.v1"", ""side"": ""right"", ""theta_vonmises_kappa"": 4.371403785859082, ""wafer_radius_mm"": 150.0}",662
sample_000663,C03_Ring,824,"{""n_particles"": 824, ""name"": ""wafer_particles.pattern.C03_Ring"", ""radius_ratio"": 0.6978001498269972, ""schema_version"": ""wafer_particles.pattern_config.v1"", ""wafer_radius_mm"": 150.0, ""width_ratio"": 0.16223394485612333}",663
sample_000664,C11_Hotspot_Elliptic,1328,"{""center_angle"": ""random"", ""center_angle_rad"": 0.8273914841602636, ""center_radius_ratio"": 0.6390027685664624, ""mode"": ""random"", ""n_particles"": 1328, ""name"": ""wafer_particles.pattern.C11_Hotspot_Elliptic"", ""rotation_deg"": 30.0, ""rotation_rad"": 3.1956242622023625, ""schema_version"": ""wafer_particles.pattern_config.v1"", ""sigma_x_ratio"": 0.11805222452754421, ""sigma_y_ratio"": 0.05990801223171117, ""wafer_radius_mm"": 150.0}",664
sample_000665,C07_StraightLine,1042,"{""angle_deg"": 165.13862255224558, ""n_particles"": 1042, ""name"": ""wafer_particles.pattern.C07_StraightLine"", ""offset_ratio"": -0.03223776941739448, ""schema_version"": ""wafer_particles.pattern_config.v1"", ""segment_half_length_ratio"": 0.6804978540712672, ""wafer_radius_mm"": 150.0, ""width_ratio"": 0.03808828196388981}",665
sample_000666,C03_Ring,1121,"{""n_particles"": 1121, ""name"": ""wafer_particles.pattern.C03_Ring"", ""radius_ratio"": 0.4633445150522831, ""schema_version"": ""wafer_particles.pattern_config.v1"", ""wafer_radius_mm"": 150.0, ""width_ratio"": 0.03459090332422478}",666
sample_000667,C03_Ring,513,"{""n_particles"": 513, ""name"": ""wafer_particles.pattern.C03_Ring"", ""radius_ratio"": 0.4512336133245462, ""schema_version"": ""wafer_particles.pattern_config.v1"", ""wafer_radius_mm"": 150.0, ""width_ratio"": 0.05017633782200354}",667
sample_000668,C03_Ring,1273,"{""n_particles"": 1273, ""name"": ""wafer_particles.pattern.C03_Ring"", ""radius_ratio"": 0.6883068837126026, ""schema_version"": ""wafer_particles.pattern_config.v1"", ""wafer_radius_mm"": 150.0, ""width_ratio"": 0.030491526229505655}",668
sample_000669,C07_StraightLine,1467,"{""angle_deg"": 176.57839168442058, ""n_particles"": 1467, ""name"": ""wafer_particles.pattern.C07_StraightLine"", ""offset_ratio"": -0.05829417420977434, ""schema_version"": ""wafer_particles.pattern_config.v1"", ""segment_half_length_ratio"": 0.41458248871874814, ""wafer_radius_mm"": 150.0, ""width_ratio"": 0.04621954993491171}",669
sample_000670,C04_Sector_Edge,865,"{""angle_center_rad"": 5.272410150492602, ""angle_width_deg"": 30.93709471822938, ""edge_width_ratio"": 0.1995399536579065, ""n_particles"": 865, ""name"": ""wafer_particles.pattern.C04_Sector_Edge"", ""radial_beta_alpha"": 1.79585136899812, ""radial_beta_beta"": 3.2934306255300507, ""schema_version"": ""wafer_particles.pattern_config.v1"", ""side"": ""right"", ""theta_vonmises_kappa"": 6.003039023733637, ""wafer_radius_mm"": 150.0}",670
sample_000671,C03_Ring,1266,"{""n_particles"": 1266, ""name"": ""wafer_particles.pattern.C03_Ring"", ""radius_ratio"": 0.8299670167395397, ""schema_version"": ""wafer_particles.pattern_config.v1"", ""wafer_radius_mm"": 150.0, ""width_ratio"": 0.08991867764111017}",671
sample_000672,C01_Uniform,919,"{""n_particles"": 919, ""name"": ""wafer_particles.pattern.C01_Uniform"", ""schema_version"": ""wafer_particles.pattern_config.v1"", ""wafer_radius_mm"": 150.0}",672
sample_000673,C11_Hotspot_Elliptic,1473,"{""center_angle"": ""random"", ""center_angle_rad"": 4.508925299748224, ""center_radius_ratio"": 0.2891130619120092, ""mode"": ""random"", ""n_particles"": 1473, ""name"": ""wafer_particles.pattern.C11_Hotspot_Elliptic"", ""rotation_deg"": 30.0, ""rotation_rad"": 1.3347639181629951, ""schema_version"": ""wafer_particles.pattern_config.v1"", ""sigma_x_ratio"": 0.03954583419348354, ""sigma_y_ratio"": 0.04768612499220522, ""wafer_radius_mm"": 150.0}",673
sample_000674,C07_StraightLine,795,"{""angle_deg"": 134.2735645270437, ""n_particles"": 795, ""name"": ""wafer_particles.pattern.C07_StraightLine"", ""offset_ratio"": -0.13646541059337156, ""schema_version"": ""wafer_particles.pattern_config.v1"", ""segment_half_length_ratio"": 0.8801279371564577, ""wafer_radius_mm"": 150.0, ""width_ratio"": 0.030306904323330303}",674
sample_000675,C01_Uniform,943,"{""n_particles"": 943, ""name"": ""wafer_particles.pattern.C01_Uniform"", ""schema_version"": ""wafer_particles.pattern_config.v1"", ""wafer_radius_mm"": 150.0}",675
sample_000676,C04_Sector_Edge,1025,"{""angle_center_rad"": 2.55323324045007, ""angle_width_deg"": 48.565748084049005, ""edge_width_ratio"": 0.10665596505165877, ""n_particles"": 1025, ""name"": ""wafer_particles.pattern.C04_Sector_Edge"", ""radial_beta_alpha"": 2.310668856513667, ""radial_beta_beta"": 2.0824424158146955, ""schema_version"": ""wafer_particles.pattern_config.v1"", ""side"": ""right"", ""theta_vonmises_kappa"": 7.655211490506088, ""wafer_radius_mm"": 150.0}",676
sample_000677,C07_StraightLine,1496,"{""angle_deg"": 108.49713195971641, ""n_particles"": 1496, ""name"": ""wafer_particles.pattern.C07_StraightLine"", ""offset_ratio"": 0.09074241952991946, ""schema_version"": ""wafer_particles.pattern_config.v1"", ""segment_half_length_ratio"": 0.3588722549100469, ""wafer_radius_mm"": 150.0, ""width_ratio"": 0.01873348188400442}",677
sample_000678,C11_Hotspot_Elliptic,1194,"{""center_angle"": ""random"", ""center_angle_rad"": 4.743617628264246, ""center_radius_ratio"": 0.056703063418321764, ""mode"": ""random"", ""n_particles"": 1194, ""name"": ""wafer_particles.pattern.C11_Hotspot_Elliptic"", ""rotation_deg"": 30.0, ""rotation_rad"": 4.585960742373988, ""schema_version"": ""wafer_particles.pattern_config.v1"", ""sigma_x_ratio"": 0.1114095896268943, ""sigma_y_ratio"": 0.016935655195299836, ""wafer_radius_mm"": 150.0}",678
sample_000679,C04_Sector_Edge,838,"{""angle_center_rad"": 3.7138711757559517, ""angle_width_deg"": 76.21925019439226, ""edge_width_ratio"": 0.09029627770876618, ""n_particles"": 838, ""name"": ""wafer_particles.pattern.C04_Sector_Edge"", ""radial_beta_alpha"": 2.9658661804239275, ""radial_beta_beta"": 1.156477133948831, ""schema_version"": ""wafer_particles.pattern_config.v1"", ""side"": ""right"", ""theta_vonmises_kappa"": 1.6366456455521412, ""wafer_radius_mm"": 150.0}",679
sample_000680,C11_Hotspot_Elliptic,919,"{""center_angle"": ""random"", ""center_angle_rad"": 0.49373748588270866, ""center_radius_ratio"": 0.8436743352695297, ""mode"": ""random"", ""n_particles"": 919, ""name"": ""wafer_particles.pattern.C11_Hotspot_Elliptic"", ""rotation_deg"": 30.0, ""rotation_rad"": 5.076390015982388, ""schema_version"": ""wafer_particles.pattern_config.v1"", ""sigma_x_ratio"": 0.09015086578533678, ""sigma_y_ratio"": 0.0392088063648598, ""wafer_radius_mm"": 150.0}",680
sample_000681,C11_Hotspot_Elliptic,1199,"{""center_angle"": ""random"", ""center_angle_rad"": 0.6354577865409056, ""center_radius_ratio"": 0.7934795228411076, ""mode"": ""random"", ""n_particles"": 1199, ""name"": ""wafer_particles.pattern.C11_Hotspot_Elliptic"", ""rotation_deg"": 30.0, ""rotation_rad"": 5.088262580383175, ""schema_version"": ""wafer_particles.pattern_config.v1"", ""sigma_x_ratio"": 0.06778406587381311, ""sigma_y_ratio"": 0.06347379444914669, ""wafer_radius_mm"": 150.0}",681
sample_000682,C03_Ring,1071,"{""n_particles"": 1071, ""name"": ""wafer_particles.pattern.C03_Ring"", ""radius_ratio"": 0.7537782962656023, ""schema_version"": ""wafer_particles.pattern_config.v1"", ""wafer_radius_mm"": 150.0, ""width_ratio"": 0.17387568092940817}",682
sample_000683,C07_StraightLine,673,"{""angle_deg"": 49.65850292227183, ""n_particles"": 673, ""name"": ""wafer_particles.pattern.C07_StraightLine"", ""offset_ratio"": -0.1280639754523829, ""schema_version"": ""wafer_particles.pattern_config.v1"", ""segment_half_length_ratio"": 0.6130709787673696, ""wafer_radius_mm"": 150.0, ""width_ratio"": 0.049554321135679556}",683
sample_000684,C01_Uniform,797,"{""n_particles"": 797, ""name"": ""wafer_particles.pattern.C01_Uniform"", ""schema_version"": ""wafer_particles.pattern_config.v1"", ""wafer_radius_mm"": 150.0}",684
sample_000685,C07_StraightLine,1224,"{""angle_deg"": 142.99858568676464, ""n_particles"": 1224, ""name"": ""wafer_particles.pattern.C07_StraightLine"", ""offset_ratio"": 0.03972571865637892, ""schema_version"": ""wafer_particles.pattern_config.v1"", ""segment_half_length_ratio"": 0.4771742495393432, ""wafer_radius_mm"": 150.0, ""width_ratio"": 0.033981399388455354}",685
sample_000686,C11_Hotspot_Elliptic,827,"{""center_angle"": ""random"", ""center_angle_rad"": 1.996980440767143, ""center_radius_ratio"": 0.3553180521661373, ""mode"": ""random"", ""n_particles"": 827, ""name"": ""wafer_particles.pattern.C11_Hotspot_Elliptic"", ""rotation_deg"": 30.0, ""rotation_rad"": 0.5758894765583344, ""schema_version"": ""wafer_particles.pattern_config.v1"", ""sigma_x_ratio"": 0.09565712067453414, ""sigma_y_ratio"": 0.04652016771619003, ""wafer_radius_mm"": 150.0}",686
sample_000687,C01_Uniform,1206,"{""n_particles"": 1206, ""name"": ""wafer_particles.pattern.C01_Uniform"", ""schema_version"": ""wafer_particles.pattern_config.v1"", ""wafer_radius_mm"": 150.0}",687
sample_000688,C04_Sector_Edge,1516,"{""angle_center_rad"": 3.9263094411873585, ""angle_width_deg"": 88.20152900719975, ""edge_width_ratio"": 0.10252366122681038, ""n_particles"": 1516, ""name"": ""wafer_particles.pattern.C04_Sector_Edge"", ""radial_beta_alpha"": 2.7954003122192557, ""radial_beta_beta"": 1.0195923260359856, ""schema_version"": ""wafer_particles.pattern_config.v1"", ""side"": ""right"", ""theta_vonmises_kappa"": 2.6009047594123644, ""wafer_radius_mm"": 150.0}",688
sample_000689,C07_StraightLine,1073,"{""angle_deg"": 67.90313626197249, ""n_particles"": 1073, ""name"": ""wafer_particles.pattern.C07_StraightLine"", ""offset_ratio"": 0.2709287667862404, ""schema_version"": ""wafer_particles.pattern_config.v1"", ""segment_half_length_ratio"": 0.4326122582224945, ""wafer_radius_mm"": 150.0, ""width_ratio"": 0.048239751603830726}",689
sample_000690,C01_Uniform,1318,"{""n_particles"": 1318, ""name"": ""wafer_particles.pattern.C01_Uniform"", ""schema_version"": ""wafer_particles.pattern_config.v1"", ""wafer_radius_mm"": 150.0}",690
sample_000691,C04_Sector_Edge,642,"{""angle_center_rad"": 3.509242522365945, ""angle_width_deg"": 76.85333780200678, ""edge_width_ratio"": 0.21433760516593658, ""n_particles"": 642, ""name"": ""wafer_particles.pattern.C04_Sector_Edge"", ""radial_beta_alpha"": 2.726779702788207, ""radial_beta_beta"": 1.3055897573883808, ""schema_version"": ""wafer_particles.pattern_config.v1"", ""side"": ""right"", ""theta_vonmises_kappa"": 8.773318811452503, ""wafer_radius_mm"": 150.0}",691
sample_000692,C07_StraightLine,797,"{""angle_deg"": 14.45803685969443, ""n_particles"": 797, ""name"": ""wafer_particles.pattern.C07_StraightLine"", ""offset_ratio"": 0.05743244603880093, ""schema_version"": ""wafer_particles.pattern_config.v1"", ""segment_half_length_ratio"": 0.4187013141045293, ""wafer_radius_mm"": 150.0, ""width_ratio"": 0.014178157903422133}",692
sample_000693,C01_Uniform,1436,"{""n_particles"": 1436, ""name"": ""wafer_particles.pattern.C01_Uniform"", ""schema_version"": ""wafer_particles.pattern_config.v1"", ""wafer_radius_mm"": 150.0}",693
sample_000694,C03_Ring,1380,"{""n_particles"": 1380, ""name"": ""wafer_particles.pattern.C03_Ring"", ""radius_ratio"": 0.7491910490287539, ""schema_version"": ""wafer_particles.pattern_config.v1"", ""wafer_radius_mm"": 150.0, ""width_ratio"": 0.1382559397292638}",694
sample_000695,C01_Uniform,679,"{""n_particles"": 679, ""name"": ""wafer_particles.pattern.C01_Uniform"", ""schema_version"": ""wafer_particles.pattern_config.v1"", ""wafer_radius_mm"": 150.0}",695
sample_000696,C07_StraightLine,1336,"{""angle_deg"": 30.306327151667556, ""n_particles"": 1336, ""name"": ""wafer_particles.pattern.C07_StraightLine"", ""offset_ratio"": -0.28307527732212573, ""schema_version"": ""wafer_particles.pattern_config.v1"", ""segment_half_length_ratio"": 0.8997272053538523, ""wafer_radius_mm"": 150.0, ""width_ratio"": 0.04224238607189073}",696
sample_000697,C01_Uniform,1090,"{""n_particles"": 1090, ""name"": ""wafer_particles.pattern.C01_Uniform"", ""schema_version"": ""wafer_particles.pattern_config.v1"", ""wafer_radius_mm"": 150.0}",697
sample_000698,C11_Hotspot_Elliptic,567,"{""center_angle"": ""random"", ""center_angle_rad"": 2.373324553674306, ""center_radius_ratio"": 0.7320171252604769, ""mode"": ""random"", ""n_particles"": 567, ""name"": ""wafer_particles.pattern.C11_Hotspot_Elliptic"", ""rotation_deg"": 30.0, ""rotation_rad"": 5.806281163741379, ""schema_version"": ""wafer_particles.pattern_config.v1"", ""sigma_x_ratio"": 0.09712617476686046, ""sigma_y_ratio"": 0.04888163369693703, ""wafer_radius_mm"": 150.0}",698
sample_000699,C11_Hotspot_Elliptic,963,"{""center_angle"": ""random"", ""center_angle_rad"": 4.960275808382037, ""center_radius_ratio"": 0.3298899944597074, ""mode"": ""random"", ""n_particles"": 963, ""name"": ""wafer_particles.pattern.C11_Hotspot_Elliptic"", ""rotation_deg"": 30.0, ""rotation_rad"": 0.513266393336741, ""schema_version"": ""wafer_particles.pattern_config.v1"", ""sigma_x_ratio"": 0.11351953996668937, ""sigma_y_ratio"": 0.07274165623611158, ""wafer_radius_mm"": 150.0}",699
sample_000700,C04_Sector_Edge,567,"{""angle_center_rad"": 3.8387156676718157, ""angle_width_deg"": 71.00049766926642, ""edge_width_ratio"": 0.15923110322148637, ""n_particles"": 567, ""name"": ""wafer_particles.pattern.C04_Sector_Edge"", ""radial_beta_alpha"": 3.900913087106951, ""radial_beta_beta"": 2.7327446330568854, ""schema_version"": ""wafer_particles.pattern_config.v1"", ""side"": ""right"", ""theta_vonmises_kappa"": 4.269173239724763, ""wafer_radius_mm"": 150.0}",700
sample_000701,C03_Ring,929,"{""n_particles"": 929, ""name"": ""wafer_particles.pattern.C03_Ring"", ""radius_ratio"": 0.4829849448638998, ""schema_version"": ""wafer_particles.pattern_config.v1"", ""wafer_radius_mm"": 150.0, ""width_ratio"": 0.06267967210049}",701
sample_000702,C01_Uniform,604,"{""n_particles"": 604, ""name"": ""wafer_particles.pattern.C01_Uniform"", ""schema_version"": ""wafer_particles.pattern_config.v1"", ""wafer_radius_mm"": 150.0}",702
sample_000703,C03_Ring,1033,"{""n_particles"": 1033, ""name"": ""wafer_particles.pattern.C03_Ring"", ""radius_ratio"": 0.70386032602561, ""schema_version"": ""wafer_particles.pattern_config.v1"", ""wafer_radius_mm"": 150.0, ""width_ratio"": 0.04342290839839681}",703
sample_000704,C04_Sector_Edge,986,"{""angle_center_rad"": 2.8484313477980123, ""angle_width_deg"": 44.85549215796513, ""edge_width_ratio"": 0.17177737089874412, ""n_particles"": 986, ""name"": ""wafer_particles.pattern.C04_Sector_Edge"", ""radial_beta_alpha"": 1.620312751410203, ""radial_beta_beta"": 0.9112695159173029, ""schema_version"": ""wafer_particles.pattern_config.v1"", ""side"": ""right"", ""theta_vonmises_kappa"": 1.3148080308894083, ""wafer_radius_mm"": 150.0}",704
sample_000705,C03_Ring,545,"{""n_particles"": 545, ""name"": ""wafer_particles.pattern.C03_Ring"", ""radius_ratio"": 0.47699280306240743, ""schema_version"": ""wafer_particles.pattern_config.v1"", ""wafer_radius_mm"": 150.0, ""width_ratio"": 0.09598513427612068}",705
sample_000706,C01_Uniform,1278,"{""n_particles"": 1278, ""name"": ""wafer_particles.pattern.C01_Uniform"", ""schema_version"": ""wafer_particles.pattern_config.v1"", ""wafer_radius_mm"": 150.0}",706
sample_000707,C03_Ring,541,"{""n_particles"": 541, ""name"": ""wafer_particles.pattern.C03_Ring"", ""radius_ratio"": 0.4952223537395149, ""schema_version"": ""wafer_particles.pattern_config.v1"", ""wafer_radius_mm"": 150.0, ""width_ratio"": 0.10224774748870855}",707
sample_000708,C03_Ring,1322,"{""n_particles"": 1322, ""name"": ""wafer_particles.pattern.C03_Ring"", ""radius_ratio"": 0.452292283578971, ""schema_version"": ""wafer_particles.pattern_config.v1"", ""wafer_radius_mm"": 150.0, ""width_ratio"": 0.07886800637736795}",708
sample_000709,C07_StraightLine,1156,"{""angle_deg"": 51.132794814966644, ""n_particles"": 1156, ""name"": ""wafer_particles.pattern.C07_StraightLine"", ""offset_ratio"": 0.1620582590132678, ""schema_version"": ""wafer_particles.pattern_config.v1"", ""segment_half_length_ratio"": 0.6285462065072072, ""wafer_radius_mm"": 150.0, ""width_ratio"": 0.022506959673094757}",709
sample_000710,C01_Uniform,617,"{""n_particles"": 617, ""name"": ""wafer_particles.pattern.C01_Uniform"", ""schema_version"": ""wafer_particles.pattern_config.v1"", ""wafer_radius_mm"": 150.0}",710
sample_000711,C01_Uniform,1234,"{""n_particles"": 1234, ""name"": ""wafer_particles.pattern.C01_Uniform"", ""schema_version"": ""wafer_particles.pattern_config.v1"", ""wafer_radius_mm"": 150.0}",711
sample_000712,C11_Hotspot_Elliptic,1005,"{""center_angle"": ""random"", ""center_angle_rad"": 5.073938184734118, ""center_radius_ratio"": 0.804508621079361, ""mode"": ""random"", ""n_particles"": 1005, ""name"": ""wafer_particles.pattern.C11_Hotspot_Elliptic"", ""rotation_deg"": 30.0, ""rotation_rad"": 5.955032903738265, ""schema_version"": ""wafer_particles.pattern_config.v1"", ""sigma_x_ratio"": 0.11872880899301352, ""sigma_y_ratio"": 0.052458691760730675, ""wafer_radius_mm"": 150.0}",712
sample_000713,C01_Uniform,940,"{""n_particles"": 940, ""name"": ""wafer_particles.pattern.C01_Uniform"", ""schema_version"": ""wafer_particles.pattern_config.v1"", ""wafer_radius_mm"": 150.0}",713
sample_000714,C03_Ring,815,"{""n_particles"": 815, ""name"": ""wafer_particles.pattern.C03_Ring"", ""radius_ratio"": 0.6671281353164555, ""schema_version"": ""wafer_particles.pattern_config.v1"", ""wafer_radius_mm"": 150.0, ""width_ratio"": 0.17801132621302454}",714
sample_000715,C01_Uniform,1044,"{""n_particles"": 1044, ""name"": ""wafer_particles.pattern.C01_Uniform"", ""schema_version"": ""wafer_particles.pattern_config.v1"", ""wafer_radius_mm"": 150.0}",715
sample_000716,C03_Ring,1094,"{""n_particles"": 1094, ""name"": ""wafer_particles.pattern.C03_Ring"", ""radius_ratio"": 0.4019002566311493, ""schema_version"": ""wafer_particles.pattern_config.v1"", ""wafer_radius_mm"": 150.0, ""width_ratio"": 0.17865966898911526}",716
sample_000717,C11_Hotspot_Elliptic,1278,"{""center_angle"": ""random"", ""center_angle_rad"": 1.8004748345122208, ""center_radius_ratio"": 0.865177677260698, ""mode"": ""random"", ""n_particles"": 1278, ""name"": ""wafer_particles.pattern.C11_Hotspot_Elliptic"", ""rotation_deg"": 30.0, ""rotation_rad"": 2.871465652288908, ""schema_version"": ""wafer_particles.pattern_config.v1"", ""sigma_x_ratio"": 0.10026354705692536, ""sigma_y_ratio"": 0.02627932178120109, ""wafer_radius_mm"": 150.0}",717
sample_000718,C01_Uniform,1510,"{""n_particles"": 1510, ""name"": ""wafer_particles.pattern.C01_Uniform"", ""schema_version"": ""wafer_particles.pattern_config.v1"", ""wafer_radius_mm"": 150.0}",718
sample_000719,C03_Ring,581,"{""n_particles"": 581, ""name"": ""wafer_particles.pattern.C03_Ring"", ""radius_ratio"": 0.47899621170868867, ""schema_version"": ""wafer_particles.pattern_config.v1"", ""wafer_radius_mm"": 150.0, ""width_ratio"": 0.04358290142706251}",719
sample_000720,C07_StraightLine,655,"{""angle_deg"": 89.47831237718074, ""n_particles"": 655, ""name"": ""wafer_particles.pattern.C07_StraightLine"", ""offset_ratio"": 0.06151741371511876, ""schema_version"": ""wafer_particles.pattern_config.v1"", ""segment_half_length_ratio"": 0.7477948265672127, ""wafer_radius_mm"": 150.0, ""width_ratio"": 0.034731415650854996}",720
sample_000721,C07_StraightLine,1225,"{""angle_deg"": 34.07621752428084, ""n_particles"": 1225, ""name"": ""wafer_particles.pattern.C07_StraightLine"", ""offset_ratio"": -0.12993225533229633, ""schema_version"": ""wafer_particles.pattern_config.v1"", ""segment_half_length_ratio"": 0.8415362185453479, ""wafer_radius_mm"": 150.0, ""width_ratio"": 0.021800821728531754}",721
sample_000722,C03_Ring,895,"{""n_particles"": 895, ""name"": ""wafer_particles.pattern.C03_Ring"", ""radius_ratio"": 0.6875530299148414, ""schema_version"": ""wafer_particles.pattern_config.v1"", ""wafer_radius_mm"": 150.0, ""width_ratio"": 0.06319471514370964}",722
sample_000723,C04_Sector_Edge,1067,"{""angle_center_rad"": 2.669275564915106, ""angle_width_deg"": 70.97631427225376, ""edge_width_ratio"": 0.20896473381429292, ""n_particles"": 1067, ""name"": ""wafer_particles.pattern.C04_Sector_Edge"", ""radial_beta_alpha"": 1.82975719265163, ""radial_beta_beta"": 2.0837047453009783, ""schema_version"": ""wafer_particles.pattern_config.v1"", ""side"": ""right"", ""theta_vonmises_kappa"": 1.8559210824296892, ""wafer_radius_mm"": 150.0}",723
sample_000724,C04_Sector_Edge,833,"{""angle_center_rad"": 2.194313023167305, ""angle_width_deg"": 82.10504453436545, ""edge_width_ratio"": 0.26807183989453437, ""n_particles"": 833, ""name"": ""wafer_particles.pattern.C04_Sector_Edge"", ""radial_beta_alpha"": 2.0018636484637264, ""radial_beta_beta"": 2.138242106507242, ""schema_version"": ""wafer_particles.pattern_config.v1"", ""side"": ""right"", ""theta_vonmises_kappa"": 5.1860061223200145, ""wafer_radius_mm"": 150.0}",724
sample_000725,C04_Sector_Edge,1445,"{""angle_center_rad"": 4.181333907033049, ""angle_width_deg"": 28.991847946989086, ""edge_width_ratio"": 0.29026132146753614, ""n_particles"": 1445, ""name"": ""wafer_particles.pattern.C04_Sector_Edge"", ""radial_beta_alpha"": 1.7311324744550647, ""radial_beta_beta"": 1.2464823098004454, ""schema_version"": ""wafer_particles.pattern_config.v1"", ""side"": ""right"", ""theta_vonmises_kappa"": 9.687266823193356, ""wafer_radius_mm"": 150.0}",725
sample_000726,C07_StraightLine,807,"{""angle_deg"": 142.2471941827332, ""n_particles"": 807, ""name"": ""wafer_particles.pattern.C07_StraightLine"", ""offset_ratio"": 0.2758270923562242, ""schema_version"": ""wafer_particles.pattern_config.v1"", ""segment_half_length_ratio"": 0.8462611275303358, ""wafer_radius_mm"": 150.0, ""width_ratio"": 0.042156160679835936}",726
sample_000727,C03_Ring,936,"{""n_particles"": 936, ""name"": ""wafer_particles.pattern.C03_Ring"", ""radius_ratio"": 0.8015901386235249, ""schema_version"": ""wafer_particles.pattern_config.v1"", ""wafer_radius_mm"": 150.0, ""width_ratio"": 0.024541388912713687}",727
sample_000728,C04_Sector_Edge,1430,"{""angle_center_rad"": 0.6856335903138898, ""angle_width_deg"": 69.61511906667776, ""edge_width_ratio"": 0.24968666961569208, ""n_particles"": 1430, ""name"": ""wafer_particles.pattern.C04_Sector_Edge"", ""radial_beta_alpha"": 3.0641620367675033, ""radial_beta_beta"": 1.6914332913853292, ""schema_version"": ""wafer_particles.pattern_config.v1"", ""side"": ""right"", ""theta_vonmises_kappa"": 6.769035840816846, ""wafer_radius_mm"": 150.0}",728
sample_000729,C04_Sector_Edge,1053,"{""angle_center_rad"": 1.0154731340388674, ""angle_width_deg"": 57.48266007207961, ""edge_width_ratio"": 0.13825735753228557, ""n_particles"": 1053, ""name"": ""wafer_particles.pattern.C04_Sector_Edge"", ""radial_beta_alpha"": 2.9841453904007893, ""radial_beta_beta"": 1.9098446881770232, ""schema_version"": ""wafer_particles.pattern_config.v1"", ""side"": ""right"", ""theta_vonmises_kappa"": 3.46200027484371, ""wafer_radius_mm"": 150.0}",729
sample_000730,C11_Hotspot_Elliptic,517,"{""center_angle"": ""random"", ""center_angle_rad"": 3.580665848965671, ""center_radius_ratio"": 0.6499595847782027, ""mode"": ""random"", ""n_particles"": 517, ""name"": ""wafer_particles.pattern.C11_Hotspot_Elliptic"", ""rotation_deg"": 30.0, ""rotation_rad"": 5.549857259910655, ""schema_version"": ""wafer_particles.pattern_config.v1"", ""sigma_x_ratio"": 0.11304156309743583, ""sigma_y_ratio"": 0.01600055271344562, ""wafer_radius_mm"": 150.0}",730
sample_000731,C11_Hotspot_Elliptic,974,"{""center_angle"": ""random"", ""center_angle_rad"": 1.6500989410900861, ""center_radius_ratio"": 0.12587651784002515, ""mode"": ""random"", ""n_particles"": 974, ""name"": ""wafer_particles.pattern.C11_Hotspot_Elliptic"", ""rotation_deg"": 30.0, ""rotation_rad"": 0.8733756530794464, ""schema_version"": ""wafer_particles.pattern_config.v1"", ""sigma_x_ratio"": 0.04331503083001279, ""sigma_y_ratio"": 0.055200565023772616, ""wafer_radius_mm"": 150.0}",731
sample_000732,C11_Hotspot_Elliptic,513,"{""center_angle"": ""random"", ""center_angle_rad"": 5.74750391126515, ""center_radius_ratio"": 0.47169818149445275, ""mode"": ""random"", ""n_particles"": 513, ""name"": ""wafer_particles.pattern.C11_Hotspot_Elliptic"", ""rotation_deg"": 30.0, ""rotation_rad"": 4.835384854713855, ""schema_version"": ""wafer_particles.pattern_config.v1"", ""sigma_x_ratio"": 0.05502273836780129, ""sigma_y_ratio"": 0.03947447633120291, ""wafer_radius_mm"": 150.0}",732
sample_000733,C03_Ring,1054,"{""n_particles"": 1054, ""name"": ""wafer_particles.pattern.C03_Ring"", ""radius_ratio"": 0.8674694504268157, ""schema_version"": ""wafer_particles.pattern_config.v1"", ""wafer_radius_mm"": 150.0, ""width_ratio"": 0.1486128883043642}",733
sample_000734,C04_Sector_Edge,1484,"{""angle_center_rad"": 2.671604626452284, ""angle_width_deg"": 63.88320168418125, ""edge_width_ratio"": 0.1697249687958754, ""n_particles"": 1484, ""name"": ""wafer_particles.pattern.C04_Sector_Edge"", ""radial_beta_alpha"": 2.3690553201497853, ""radial_beta_beta"": 1.81666796163434, ""schema_version"": ""wafer_particles.pattern_config.v1"", ""side"": ""right"", ""theta_vonmises_kappa"": 8.70376526698519, ""wafer_radius_mm"": 150.0}",734
sample_000735,C03_Ring,810,"{""n_particles"": 810, ""name"": ""wafer_particles.pattern.C03_Ring"", ""radius_ratio"": 0.4154689074761767, ""schema_version"": ""wafer_particles.pattern_config.v1"", ""wafer_radius_mm"": 150.0, ""width_ratio"": 0.07510144699176825}",735
sample_000736,C01_Uniform,1086,"{""n_particles"": 1086, ""name"": ""wafer_particles.pattern.C01_Uniform"", ""schema_version"": ""wafer_particles.pattern_config.v1"", ""wafer_radius_mm"": 150.0}",736
sample_000737,C11_Hotspot_Elliptic,894,"{""center_angle"": ""random"", ""center_angle_rad"": 2.4949524149728037, ""center_radius_ratio"": 0.36055107741916453, ""mode"": ""random"", ""n_particles"": 894, ""name"": ""wafer_particles.pattern.C11_Hotspot_Elliptic"", ""rotation_deg"": 30.0, ""rotation_rad"": 5.37534354606137, ""schema_version"": ""wafer_particles.pattern_config.v1"", ""sigma_x_ratio"": 0.09881071386094413, ""sigma_y_ratio"": 0.024574889587833805, ""wafer_radius_mm"": 150.0}",737
sample_000738,C04_Sector_Edge,713,"{""angle_center_rad"": 2.231919777407062, ""angle_width_deg"": 70.4294469680261, ""edge_width_ratio"": 0.21939479155667785, ""n_particles"": 713, ""name"": ""wafer_particles.pattern.C04_Sector_Edge"", ""radial_beta_alpha"": 1.9087416767058722, ""radial_beta_beta"": 1.8398939223058808, ""schema_version"": ""wafer_particles.pattern_config.v1"", ""side"": ""right"", ""theta_vonmises_kappa"": 9.49574428726147, ""wafer_radius_mm"": 150.0}",738
sample_000739,C11_Hotspot_Elliptic,597,"{""center_angle"": ""random"", ""center_angle_rad"": 0.4490884520544846, ""center_radius_ratio"": 0.8373296169538499, ""mode"": ""random"", ""n_particles"": 597, ""name"": ""wafer_particles.pattern.C11_Hotspot_Elliptic"", ""rotation_deg"": 30.0, ""rotation_rad"": 6.11807904045995, ""schema_version"": ""wafer_particles.pattern_config.v1"", ""sigma_x_ratio"": 0.055828688455890924, ""sigma_y_ratio"": 0.025214687055903753, ""wafer_radius_mm"": 150.0}",739
sample_000740,C11_Hotspot_Elliptic,854,"{""center_angle"": ""random"", ""center_angle_rad"": 5.337686247298698, ""center_radius_ratio"": 0.6873364270223724, ""mode"": ""random"", ""n_particles"": 854, ""name"": ""wafer_particles.pattern.C11_Hotspot_Elliptic"", ""rotation_deg"": 30.0, ""rotation_rad"": 1.1133228291295714, ""schema_version"": ""wafer_particles.pattern_config.v1"", ""sigma_x_ratio"": 0.0607153988299987, ""sigma_y_ratio"": 0.05847049060210828, ""wafer_radius_mm"": 150.0}",740
sample_000741,C04_Sector_Edge,1246,"{""angle_center_rad"": 0.3718969739595052, ""angle_width_deg"": 82.38479491107492, ""edge_width_ratio"": 0.08824500335650919, ""n_particles"": 1246, ""name"": ""wafer_particles.pattern.C04_Sector_Edge"", ""radial_beta_alpha"": 3.4394594277092025, ""radial_beta_beta"": 2.9189730514871224, ""schema_version"": ""wafer_particles.pattern_config.v1"", ""side"": ""right"", ""theta_vonmises_kappa"": 4.163200432653212, ""wafer_radius_mm"": 150.0}",741
sample_000742,C01_Uniform,585,"{""n_particles"": 585, ""name"": ""wafer_particles.pattern.C01_Uniform"", ""schema_version"": ""wafer_particles.pattern_config.v1"", ""wafer_radius_mm"": 150.0}",742
sample_000743,C11_Hotspot_Elliptic,1529,"{""center_angle"": ""random"", ""center_angle_rad"": 2.8766164436260033, ""center_radius_ratio"": 0.44851586693679174, ""mode"": ""random"", ""n_particles"": 1529, ""name"": ""wafer_particles.pattern.C11_Hotspot_Elliptic"", ""rotation_deg"": 30.0, ""rotation_rad"": 1.5345741011532514, ""schema_version"": ""wafer_particles.pattern_config.v1"", ""sigma_x_ratio"": 0.06305313778773797, ""sigma_y_ratio"": 0.016418745796246192, ""wafer_radius_mm"": 150.0}",743
sample_000744,C04_Sector_Edge,1053,"{""angle_center_rad"": 5.1841626906902825, ""angle_width_deg"": 31.35171636312904, ""edge_width_ratio"": 0.24546340369707054, ""n_particles"": 1053, ""name"": ""wafer_particles.pattern.C04_Sector_Edge"", ""radial_beta_alpha"": 3.0515448022222724, ""radial_beta_beta"": 1.3520805745370328, ""schema_version"": ""wafer_particles.pattern_config.v1"", ""side"": ""right"", ""theta_vonmises_kappa"": 4.448120474666779, ""wafer_radius_mm"": 150.0}",744
sample_000745,C04_Sector_Edge,540,"{""angle_center_rad"": 3.4957633658447542, ""angle_width_deg"": 67.45865534306742, ""edge_width_ratio"": 0.050840142727859625, ""n_particles"": 540, ""name"": ""wafer_particles.pattern.C04_Sector_Edge"", ""radial_beta_alpha"": 3.365842878118042, ""radial_beta_beta"": 2.655474161139138, ""schema_version"": ""wafer_particles.pattern_config.v1"", ""side"": ""right"", ""theta_vonmises_kappa"": 0.8070030008881252, ""wafer_radius_mm"": 150.0}",745
sample_000746,C11_Hotspot_Elliptic,765,"{""center_angle"": ""random"", ""center_angle_rad"": 3.844787634156535, ""center_radius_ratio"": 0.19883703761432212, ""mode"": ""random"", ""n_particles"": 765, ""name"": ""wafer_particles.pattern.C11_Hotspot_Elliptic"", ""rotation_deg"": 30.0, ""rotation_rad"": 4.004598525539612, ""schema_version"": ""wafer_particles.pattern_config.v1"", ""sigma_x_ratio"": 0.07694161626301425, ""sigma_y_ratio"": 0.04109469070249099, ""wafer_radius_mm"": 150.0}",746
sample_000747,C03_Ring,562,"{""n_particles"": 562, ""name"": ""wafer_particles.pattern.C03_Ring"", ""radius_ratio"": 0.7401948220003438, ""schema_version"": ""wafer_particles.pattern_config.v1"", ""wafer_radius_mm"": 150.0, ""width_ratio"": 0.12698883437910108}",747
sample_000748,C07_StraightLine,591,"{""angle_deg"": 35.438214925243386, ""n_particles"": 591, ""name"": ""wafer_particles.pattern.C07_StraightLine"", ""offset_ratio"": -0.03171312340235194, ""schema_version"": ""wafer_particles.pattern_config.v1"", ""segment_half_length_ratio"": 0.3485738863615315, ""wafer_radius_mm"": 150.0, ""width_ratio"": 0.012620492375574279}",748
sample_000749,C01_Uniform,1507,"{""n_particles"": 1507, ""name"": ""wafer_particles.pattern.C01_Uniform"", ""schema_version"": ""wafer_particles.pattern_config.v1"", ""wafer_radius_mm"": 150.0}",749
sample_000750,C11_Hotspot_Elliptic,768,"{""center_angle"": ""random"", ""center_angle_rad"": 1.104658954427763, ""center_radius_ratio"": 0.032710300073364416, ""mode"": ""random"", ""n_particles"": 768, ""name"": ""wafer_particles.pattern.C11_Hotspot_Elliptic"", ""rotation_deg"": 30.0, ""rotation_rad"": 0.8923760805484717, ""schema_version"": ""wafer_particles.pattern_config.v1"", ""sigma_x_ratio"": 0.04164215136338569, ""sigma_y_ratio"": 0.05225213402843461, ""wafer_radius_mm"": 150.0}",750
sample_000751,C01_Uniform,1115,"{""n_particles"": 1115, ""name"": ""wafer_particles.pattern.C01_Uniform"", ""schema_version"": ""wafer_particles.pattern_config.v1"", ""wafer_radius_mm"": 150.0}",751
sample_000752,C07_StraightLine,760,"{""angle_deg"": 35.16934476749354, ""n_particles"": 760, ""name"": ""wafer_particles.pattern.C07_StraightLine"", ""offset_ratio"": -0.13383296445030027, ""schema_version"": ""wafer_particles.pattern_config.v1"", ""segment_half_length_ratio"": 0.38081437475842883, ""wafer_radius_mm"": 150.0, ""width_ratio"": 0.02126843580587056}",752
sample_000753,C04_Sector_Edge,1046,"{""angle_center_rad"": 5.699506686414133, ""angle_width_deg"": 71.98493549619405, ""edge_width_ratio"": 0.055303571369552454, ""n_particles"": 1046, ""name"": ""wafer_particles.pattern.C04_Sector_Edge"", ""radial_beta_alpha"": 1.2416114028611438, ""radial_beta_beta"": 1.8882024394669308, ""schema_version"": ""wafer_particles.pattern_config.v1"", ""side"": ""right"", ""theta_vonmises_kappa"": 4.215105934776128, ""wafer_radius_mm"": 150.0}",753
sample_000754,C04_Sector_Edge,894,"{""angle_center_rad"": 0.3389334906818267, ""angle_width_deg"": 39.27320424002348, ""edge_width_ratio"": 0.10749045900847366, ""n_particles"": 894, ""name"": ""wafer_particles.pattern.C04_Sector_Edge"", ""radial_beta_alpha"": 2.010125377475235, ""radial_beta_beta"": 1.3307155965239543, ""schema_version"": ""wafer_particles.pattern_config.v1"", ""side"": ""right"", ""theta_vonmises_kappa"": 5.543546800447401, ""wafer_radius_mm"": 150.0}",754
sample_000755,C01_Uniform,547,"{""n_particles"": 547, ""name"": ""wafer_particles.pattern.C01_Uniform"", ""schema_version"": ""wafer_particles.pattern_config.v1"", ""wafer_radius_mm"": 150.0}",755
sample_000756,C07_StraightLine,970,"{""angle_deg"": 115.2166576127224, ""n_particles"": 970, ""name"": ""wafer_particles.pattern.C07_StraightLine"", ""offset_ratio"": 0.005907394738339067, ""schema_version"": ""wafer_particles.pattern_config.v1"", ""segment_half_length_ratio"": 0.31005382864810077, ""wafer_radius_mm"": 150.0, ""width_ratio"": 0.02809646565123325}",756
sample_000757,C11_Hotspot_Elliptic,1195,"{""center_angle"": ""random"", ""center_angle_rad"": 3.257958117757644, ""center_radius_ratio"": 0.29269582527591975, ""mode"": ""random"", ""n_particles"": 1195, ""name"": ""wafer_particles.pattern.C11_Hotspot_Elliptic"", ""rotation_deg"": 30.0, ""rotation_rad"": 2.763325960561394, ""schema_version"": ""wafer_particles.pattern_config.v1"", ""sigma_x_ratio"": 0.07119545770131883, ""sigma_y_ratio"": 0.0345830649663993, ""wafer_radius_mm"": 150.0}",757
sample_000758,C03_Ring,682,"{""n_particles"": 682, ""name"": ""wafer_particles.pattern.C03_Ring"", ""radius_ratio"": 0.7231348136466811, ""schema_version"": ""wafer_particles.pattern_config.v1"", ""wafer_radius_mm"": 150.0, ""width_ratio"": 0.17440504325410308}",758
sample_000759,C01_Uniform,690,"{""n_particles"": 690, ""name"": ""wafer_particles.pattern.C01_Uniform"", ""schema_version"": ""wafer_particles.pattern_config.v1"", ""wafer_radius_mm"": 150.0}",759
sample_000760,C11_Hotspot_Elliptic,1518,"{""center_angle"": ""random"", ""center_angle_rad"": 6.227650103428582, ""center_radius_ratio"": 0.4287611107905394, ""mode"": ""random"", ""n_particles"": 1518, ""name"": ""wafer_particles.pattern.C11_Hotspot_Elliptic"", ""rotation_deg"": 30.0, ""rotation_rad"": 0.3093280976234849, ""schema_version"": ""wafer_particles.pattern_config.v1"", ""sigma_x_ratio"": 0.05177482107345841, ""sigma_y_ratio"": 0.020902214033937966, ""wafer_radius_mm"": 150.0}",760
sample_000761,C01_Uniform,914,"{""n_particles"": 914, ""name"": ""wafer_particles.pattern.C01_Uniform"", ""schema_version"": ""wafer_particles.pattern_config.v1"", ""wafer_radius_mm"": 150.0}",761
sample_000762,C03_Ring,1220,"{""n_particles"": 1220, ""name"": ""wafer_particles.pattern.C03_Ring"", ""radius_ratio"": 0.6170111363941165, ""schema_version"": ""wafer_particles.pattern_config.v1"", ""wafer_radius_mm"": 150.0, ""width_ratio"": 0.060085689672323556}",762
sample_000763,C11_Hotspot_Elliptic,1048,"{""center_angle"": ""random"", ""center_angle_rad"": 0.09561854597353506, ""center_radius_ratio"": 0.7774097442450552, ""mode"": ""random"", ""n_particles"": 1048, ""name"": ""wafer_particles.pattern.C11_Hotspot_Elliptic"", ""rotation_deg"": 30.0, ""rotation_rad"": 3.625909125188262, ""schema_version"": ""wafer_particles.pattern_config.v1"", ""sigma_x_ratio"": 0.11277390638602533, ""sigma_y_ratio"": 0.04174711694271983, ""wafer_radius_mm"": 150.0}",763
sample_000764,C04_Sector_Edge,863,"{""angle_center_rad"": 0.3859399367240354, ""angle_width_deg"": 80.37210708649195, ""edge_width_ratio"": 0.13427320084584704, ""n_particles"": 863, ""name"": ""wafer_particles.pattern.C04_Sector_Edge"", ""radial_beta_alpha"": 3.8142437067301076, ""radial_beta_beta"": 1.7407988671026895, ""schema_version"": ""wafer_particles.pattern_config.v1"", ""side"": ""right"", ""theta_vonmises_kappa"": 1.4663203255648478, ""wafer_radius_mm"": 150.0}",764
sample_000765,C11_Hotspot_Elliptic,1393,"{""center_angle"": ""random"", ""center_angle_rad"": 5.684246899131267, ""center_radius_ratio"": 0.1330210190969351, ""mode"": ""random"", ""n_particles"": 1393, ""name"": ""wafer_particles.pattern.C11_Hotspot_Elliptic"", ""rotation_deg"": 30.0, ""rotation_rad"": 4.414488303228678, ""schema_version"": ""wafer_particles.pattern_config.v1"", ""sigma_x_ratio"": 0.09901004376001908, ""sigma_y_ratio"": 0.060695997757883036, ""wafer_radius_mm"": 150.0}",765
sample_000766,C04_Sector_Edge,1194,"{""angle_center_rad"": 1.4258601208500206, ""angle_width_deg"": 66.12494919014176, ""edge_width_ratio"": 0.18456662270284035, ""n_particles"": 1194, ""name"": ""wafer_particles.pattern.C04_Sector_Edge"", ""radial_beta_alpha"": 1.9196556241093532, ""radial_beta_beta"": 2.2730129826060317, ""schema_version"": ""wafer_particles.pattern_config.v1"", ""side"": ""right"", ""theta_vonmises_kappa"": 9.972913862748097, ""wafer_radius_mm"": 150.0}",766
sample_000767,C04_Sector_Edge,734,"{""angle_center_rad"": 1.5169113871516344, ""angle_width_deg"": 53.1269942813488, ""edge_width_ratio"": 0.25715840326020034, ""n_particles"": 734, ""name"": ""wafer_particles.pattern.C04_Sector_Edge"", ""radial_beta_alpha"": 2.979195788633724, ""radial_beta_beta"": 1.8877783949540574, ""schema_version"": ""wafer_particles.pattern_config.v1"", ""side"": ""right"", ""theta_vonmises_kappa"": 8.082859336044613, ""wafer_radius_mm"": 150.0}",767
sample_000768,C11_Hotspot_Elliptic,666,"{""center_angle"": ""random"", ""center_angle_rad"": 3.878637411786371, ""center_radius_ratio"": 0.05390756989309366, ""mode"": ""random"", ""n_particles"": 666, ""name"": ""wafer_particles.pattern.C11_Hotspot_Elliptic"", ""rotation_deg"": 30.0, ""rotation_rad"": 3.4107583109602535, ""schema_version"": ""wafer_particles.pattern_config.v1"", ""sigma_x_ratio"": 0.04786880068991485, ""sigma_y_ratio"": 0.03217373107246434, ""wafer_radius_mm"": 150.0}",768
sample_000769,C07_StraightLine,1043,"{""angle_deg"": 104.29438291497083, ""n_particles"": 1043, ""name"": ""wafer_particles.pattern.C07_StraightLine"", ""offset_ratio"": -0.21722863045251045, ""schema_version"": ""wafer_particles.pattern_config.v1"", ""segment_half_length_ratio"": 0.36202828902256695, ""wafer_radius_mm"": 150.0, ""width_ratio"": 0.008397732012903955}",769
sample_000770,C03_Ring,548,"{""n_particles"": 548, ""name"": ""wafer_particles.pattern.C03_Ring"", ""radius_ratio"": 0.825666157462145, ""schema_version"": ""wafer_particles.pattern_config.v1"", ""wafer_radius_mm"": 150.0, ""width_ratio"": 0.17193355742010008}",770
sample_000771,C11_Hotspot_Elliptic,1236,"{""center_angle"": ""random"", ""center_angle_rad"": 1.4241242101653087, ""center_radius_ratio"": 0.3100580306729142, ""mode"": ""random"", ""n_particles"": 1236, ""name"": ""wafer_particles.pattern.C11_Hotspot_Elliptic"", ""rotation_deg"": 30.0, ""rotation_rad"": 3.2491545315324224, ""schema_version"": ""wafer_particles.pattern_config.v1"", ""sigma_x_ratio"": 0.10061565313912382, ""sigma_y_ratio"": 0.04225680431908862, ""wafer_radius_mm"": 150.0}",771
sample_000772,C03_Ring,563,"{""n_particles"": 563, ""name"": ""wafer_particles.pattern.C03_Ring"", ""radius_ratio"": 0.41175585589714714, ""schema_version"": ""wafer_particles.pattern_config.v1"", ""wafer_radius_mm"": 150.0, ""width_ratio"": 0.04533780436490155}",772
sample_000773,C04_Sector_Edge,827,"{""angle_center_rad"": 2.2784726008295193, ""angle_width_deg"": 45.082083292755826, ""edge_width_ratio"": 0.11600572834165722, ""n_particles"": 827, ""name"": ""wafer_particles.pattern.C04_Sector_Edge"", ""radial_beta_alpha"": 1.5020624229207404, ""radial_beta_beta"": 1.9312412794018767, ""schema_version"": ""wafer_particles.pattern_config.v1"", ""side"": ""right"", ""theta_vonmises_kappa"": 2.1734066834422414, ""wafer_radius_mm"": 150.0}",773
sample_000774,C03_Ring,1185,"{""n_particles"": 1185, ""name"": ""wafer_particles.pattern.C03_Ring"", ""radius_ratio"": 0.8755293967547909, ""schema_version"": ""wafer_particles.pattern_config.v1"", ""wafer_radius_mm"": 150.0, ""width_ratio"": 0.15953543136924486}",774
sample_000775,C11_Hotspot_Elliptic,1347,"{""center_angle"": ""random"", ""center_angle_rad"": 4.994828333236158, ""center_radius_ratio"": 0.4836524490817443, ""mode"": ""random"", ""n_particles"": 1347, ""name"": ""wafer_particles.pattern.C11_Hotspot_Elliptic"", ""rotation_deg"": 30.0, ""rotation_rad"": 6.027296648963639, ""schema_version"": ""wafer_particles.pattern_config.v1"", ""sigma_x_ratio"": 0.11463437877927027, ""sigma_y_ratio"": 0.044982219775842755, ""wafer_radius_mm"": 150.0}",775
sample_000776,C07_StraightLine,568,"{""angle_deg"": 60.01044289075273, ""n_particles"": 568, ""name"": ""wafer_particles.pattern.C07_StraightLine"", ""offset_ratio"": 0.2436411100413905, ""schema_version"": ""wafer_particles.pattern_config.v1"", ""segment_half_length_ratio"": 0.8551745507045672, ""wafer_radius_mm"": 150.0, ""width_ratio"": 0.03387000974769466}",776
sample_000777,C11_Hotspot_Elliptic,557,"{""center_angle"": ""random"", ""center_angle_rad"": 2.6589719223497252, ""center_radius_ratio"": 0.7006895798483319, ""mode"": ""random"", ""n_particles"": 557, ""name"": ""wafer_particles.pattern.C11_Hotspot_Elliptic"", ""rotation_deg"": 30.0, ""rotation_rad"": 0.5844429333837974, ""schema_version"": ""wafer_particles.pattern_config.v1"", ""sigma_x_ratio"": 0.045626235006229476, ""sigma_y_ratio"": 0.019935828872741812, ""wafer_radius_mm"": 150.0}",777
sample_000778,C01_Uniform,864,"{""n_particles"": 864, ""name"": ""wafer_particles.pattern.C01_Uniform"", ""schema_version"": ""wafer_particles.pattern_config.v1"", ""wafer_radius_mm"": 150.0}",778
sample_000779,C07_StraightLine,868,"{""angle_deg"": 105.97013438735576, ""n_particles"": 868, ""name"": ""wafer_particles.pattern.C07_StraightLine"", ""offset_ratio"": -0.14723549964043994, ""schema_version"": ""wafer_particles.pattern_config.v1"", ""segment_half_length_ratio"": 0.7377079965251975, ""wafer_radius_mm"": 150.0, ""width_ratio"": 0.008044841952772035}",779
sample_000780,C01_Uniform,1230,"{""n_particles"": 1230, ""name"": ""wafer_particles.pattern.C01_Uniform"", ""schema_version"": ""wafer_particles.pattern_config.v1"", ""wafer_radius_mm"": 150.0}",780
sample_000781,C04_Sector_Edge,990,"{""angle_center_rad"": 3.780110472907332, ""angle_width_deg"": 40.5176621592781, ""edge_width_ratio"": 0.12678849840221929, ""n_particles"": 990, ""name"": ""wafer_particles.pattern.C04_Sector_Edge"", ""radial_beta_alpha"": 2.967404706368926, ""radial_beta_beta"": 2.385301722809243, ""schema_version"": ""wafer_particles.pattern_config.v1"", ""side"": ""right"", ""theta_vonmises_kappa"": 4.745526287443059, ""wafer_radius_mm"": 150.0}",781
sample_000782,C04_Sector_Edge,564,"{""angle_center_rad"": 2.3044854291085706, ""angle_width_deg"": 41.74601740908743, ""edge_width_ratio"": 0.145846661262157, ""n_particles"": 564, ""name"": ""wafer_particles.pattern.C04_Sector_Edge"", ""radial_beta_alpha"": 1.9282367214305343, ""radial_beta_beta"": 1.998795928699088, ""schema_version"": ""wafer_particles.pattern_config.v1"", ""side"": ""right"", ""theta_vonmises_kappa"": 6.233126442393215, ""wafer_radius_mm"": 150.0}",782
sample_000783,C04_Sector_Edge,1301,"{""angle_center_rad"": 2.6570559466595154, ""angle_width_deg"": 30.333146914563137, ""edge_width_ratio"": 0.23629274657862753, ""n_particles"": 1301, ""name"": ""wafer_particles.pattern.C04_Sector_Edge"", ""radial_beta_alpha"": 3.28461047984361, ""radial_beta_beta"": 1.9187279005855413, ""schema_version"": ""wafer_particles.pattern_config.v1"", ""side"": ""right"", ""theta_vonmises_kappa"": 9.562911063146776, ""wafer_radius_mm"": 150.0}",783
sample_000784,C01_Uniform,1053,"{""n_particles"": 1053, ""name"": ""wafer_particles.pattern.C01_Uniform"", ""schema_version"": ""wafer_particles.pattern_config.v1"", ""wafer_radius_mm"": 150.0}",784
sample_000785,C01_Uniform,873,"{""n_particles"": 873, ""name"": ""wafer_particles.pattern.C01_Uniform"", ""schema_version"": ""wafer_particles.pattern_config.v1"", ""wafer_radius_mm"": 150.0}",785
sample_000786,C07_StraightLine,1258,"{""angle_deg"": 111.63638695667112, ""n_particles"": 1258, ""name"": ""wafer_particles.pattern.C07_StraightLine"", ""offset_ratio"": 0.07439318105802462, ""schema_version"": ""wafer_particles.pattern_config.v1"", ""segment_half_length_ratio"": 0.5656855908526504, ""wafer_radius_mm"": 150.0, ""width_ratio"": 0.03647702668787242}",786
sample_000787,C04_Sector_Edge,967,"{""angle_center_rad"": 5.249473168929172, ""angle_width_deg"": 32.54665071554136, ""edge_width_ratio"": 0.11767271018049123, ""n_particles"": 967, ""name"": ""wafer_particles.pattern.C04_Sector_Edge"", ""radial_beta_alpha"": 2.02065906200865, ""radial_beta_beta"": 3.215908958411462, ""schema_version"": ""wafer_particles.pattern_config.v1"", ""side"": ""right"", ""theta_vonmises_kappa"": 4.545598274521889, ""wafer_radius_mm"": 150.0}",787
sample_000788,C04_Sector_Edge,577,"{""angle_center_rad"": 2.267242289515328, ""angle_width_deg"": 78.31342751253595, ""edge_width_ratio"": 0.15863908241787572, ""n_particles"": 577, ""name"": ""wafer_particles.pattern.C04_Sector_Edge"", ""radial_beta_alpha"": 3.9020549655500014, ""radial_beta_beta"": 0.8389149420885629, ""schema_version"": ""wafer_particles.pattern_config.v1"", ""side"": ""right"", ""theta_vonmises_kappa"": 5.00088469187146, ""wafer_radius_mm"": 150.0}",788
sample_000789,C01_Uniform,1068,"{""n_particles"": 1068, ""name"": ""wafer_particles.pattern.C01_Uniform"", ""schema_version"": ""wafer_particles.pattern_config.v1"", ""wafer_radius_mm"": 150.0}",789
sample_000790,C04_Sector_Edge,557,"{""angle_center_rad"": 3.991869940909133, ""angle_width_deg"": 40.5064047783081, ""edge_width_ratio"": 0.1459015811491126, ""n_particles"": 557, ""name"": ""wafer_particles.pattern.C04_Sector_Edge"", ""radial_beta_alpha"": 1.5787722040341388, ""radial_beta_beta"": 2.7296654349240166, ""schema_version"": ""wafer_particles.pattern_config.v1"", ""side"": ""right"", ""theta_vonmises_kappa"": 9.865791500979453, ""wafer_radius_mm"": 150.0}",790
sample_000791,C07_StraightLine,1462,"{""angle_deg"": 161.00619873451, ""n_particles"": 1462, ""name"": ""wafer_particles.pattern.C07_StraightLine"", ""offset_ratio"": 0.06519424482442998, ""schema_version"": ""wafer_particles.pattern_config.v1"", ""segment_half_length_ratio"": 0.8675383719259222, ""wafer_radius_mm"": 150.0, ""width_ratio"": 0.040050001417900535}",791
sample_000792,C07_StraightLine,958,"{""angle_deg"": 13.19197548008977, ""n_particles"": 958, ""name"": ""wafer_particles.pattern.C07_StraightLine"", ""offset_ratio"": -0.027808262279504448, ""schema_version"": ""wafer_particles.pattern_config.v1"", ""segment_half_length_ratio"": 0.8321542802012178, ""wafer_radius_mm"": 150.0, ""width_ratio"": 0.025938019604441243}",792
sample_000793,C03_Ring,1307,"{""n_particles"": 1307, ""name"": ""wafer_particles.pattern.C03_Ring"", ""radius_ratio"": 0.5591190036147242, ""schema_version"": ""wafer_particles.pattern_config.v1"", ""wafer_radius_mm"": 150.0, ""width_ratio"": 0.15487353827228192}",793
sample_000794,C07_StraightLine,1445,"{""angle_deg"": 87.05892778977179, ""n_particles"": 1445, ""name"": ""wafer_particles.pattern.C07_StraightLine"", ""offset_ratio"": 0.1114180889527322, ""schema_version"": ""wafer_particles.pattern_config.v1"", ""segment_half_length_ratio"": 0.4073497940728128, ""wafer_radius_mm"": 150.0, ""width_ratio"": 0.03848586979866839}",794
sample_000795,C04_Sector_Edge,975,"{""angle_center_rad"": 0.6693657453544422, ""angle_width_deg"": 43.63624460501907, ""edge_width_ratio"": 0.2539791200752983, ""n_particles"": 975, ""name"": ""wafer_particles.pattern.C04_Sector_Edge"", ""radial_beta_alpha"": 2.447152978738668, ""radial_beta_beta"": 2.2729288725325216, ""schema_version"": ""wafer_particles.pattern_config.v1"", ""side"": ""right"", ""theta_vonmises_kappa"": 7.549788161447556, ""wafer_radius_mm"": 150.0}",795
sample_000796,C04_Sector_Edge,824,"{""angle_center_rad"": 0.03242605726725603, ""angle_width_deg"": 85.6330882388205, ""edge_width_ratio"": 0.1967280356252838, ""n_particles"": 824, ""name"": ""wafer_particles.pattern.C04_Sector_Edge"", ""radial_beta_alpha"": 1.820016050270079, ""radial_beta_beta"": 2.746568403412512, ""schema_version"": ""wafer_particles.pattern_config.v1"", ""side"": ""right"", ""theta_vonmises_kappa"": 2.2224396107177316, ""wafer_radius_mm"": 150.0}",796
sample_000797,C01_Uniform,861,"{""n_particles"": 861, ""name"": ""wafer_particles.pattern.C01_Uniform"", ""schema_version"": ""wafer_particles.pattern_config.v1"", ""wafer_radius_mm"": 150.0}",797
sample_000798,C04_Sector_Edge,980,"{""angle_center_rad"": 1.6383659876400776, ""angle_width_deg"": 61.86877903593078, ""edge_width_ratio"": 0.2594385212310402, ""n_particles"": 980, ""name"": ""wafer_particles.pattern.C04_Sector_Edge"", ""radial_beta_alpha"": 3.730112660028807, ""radial_beta_beta"": 2.3014115626111953, ""schema_version"": ""wafer_particles.pattern_config.v1"", ""side"": ""right"", ""theta_vonmises_kappa"": 4.6784887402633055, ""wafer_radius_mm"": 150.0}",798
sample_000799,C04_Sector_Edge,780,"{""angle_center_rad"": 3.1359637706135692, ""angle_width_deg"": 56.78693461576985, ""edge_width_ratio"": 0.17232815791708694, ""n_particles"": 780, ""name"": ""wafer_particles.pattern.C04_Sector_Edge"", ""radial_beta_alpha"": 3.4019102143278213, ""radial_beta_beta"": 1.9146058283101446, ""schema_version"": ""wafer_particles.pattern_config.v1"", ""side"": ""right"", ""theta_vonmises_kappa"": 5.007720198512151, ""wafer_radius_mm"": 150.0}",799
sample_000800,C03_Ring,1238,"{""n_particles"": 1238, ""name"": ""wafer_particles.pattern.C03_Ring"", ""radius_ratio"": 0.44389249490185023, ""schema_version"": ""wafer_particles.pattern_config.v1"", ""wafer_radius_mm"": 150.0, ""width_ratio"": 0.19146253297304305}",800
sample_000801,C01_Uniform,1259,"{""n_particles"": 1259, ""name"": ""wafer_particles.pattern.C01_Uniform"", ""schema_version"": ""wafer_particles.pattern_config.v1"", ""wafer_radius_mm"": 150.0}",801
sample_000802,C11_Hotspot_Elliptic,898,"{""center_angle"": ""random"", ""center_angle_rad"": 4.6580711703200235, ""center_radius_ratio"": 0.4053397226399057, ""mode"": ""random"", ""n_particles"": 898, ""name"": ""wafer_particles.pattern.C11_Hotspot_Elliptic"", ""rotation_deg"": 30.0, ""rotation_rad"": 4.620043900433594, ""schema_version"": ""wafer_particles.pattern_config.v1"", ""sigma_x_ratio"": 0.054103647818694575, ""sigma_y_ratio"": 0.07483927399212582, ""wafer_radius_mm"": 150.0}",802
sample_000803,C11_Hotspot_Elliptic,625,"{""center_angle"": ""random"", ""center_angle_rad"": 0.18348417701100214, ""center_radius_ratio"": 0.16430792134072858, ""mode"": ""random"", ""n_particles"": 625, ""name"": ""wafer_particles.pattern.C11_Hotspot_Elliptic"", ""rotation_deg"": 30.0, ""rotation_rad"": 5.981929664231941, ""schema_version"": ""wafer_particles.pattern_config.v1"", ""sigma_x_ratio"": 0.0575742554437286, ""sigma_y_ratio"": 0.027696528473021634, ""wafer_radius_mm"": 150.0}",803
sample_000804,C07_StraightLine,958,"{""angle_deg"": 7.356812302094098, ""n_particles"": 958, ""name"": ""wafer_particles.pattern.C07_StraightLine"", ""offset_ratio"": -0.21096554714642668, ""schema_version"": ""wafer_particles.pattern_config.v1"", ""segment_half_length_ratio"": 0.313151086446909, ""wafer_radius_mm"": 150.0, ""width_ratio"": 0.04126917966130061}",804
sample_000805,C11_Hotspot_Elliptic,1042,"{""center_angle"": ""random"", ""center_angle_rad"": 4.990302441402301, ""center_radius_ratio"": 0.8818066322751915, ""mode"": ""random"", ""n_particles"": 1042, ""name"": ""wafer_particles.pattern.C11_Hotspot_Elliptic"", ""rotation_deg"": 30.0, ""rotation_rad"": 5.267119991697258, ""schema_version"": ""wafer_particles.pattern_config.v1"", ""sigma_x_ratio"": 0.064374125749937, ""sigma_y_ratio"": 0.047128495148511834, ""wafer_radius_mm"": 150.0}",805
sample_000806,C03_Ring,692,"{""n_particles"": 692, ""name"": ""wafer_particles.pattern.C03_Ring"", ""radius_ratio"": 0.8582615383429549, ""schema_version"": ""wafer_particles.pattern_config.v1"", ""wafer_radius_mm"": 150.0, ""width_ratio"": 0.11395735093177406}",806
sample_000807,C03_Ring,1182,"{""n_particles"": 1182, ""name"": ""wafer_particles.pattern.C03_Ring"", ""radius_ratio"": 0.5279356921544152, ""schema_version"": ""wafer_particles.pattern_config.v1"", ""wafer_radius_mm"": 150.0, ""width_ratio"": 0.1673540367604433}",807
sample_000808,C07_StraightLine,1403,"{""angle_deg"": 104.18497312485215, ""n_particles"": 1403, ""name"": ""wafer_particles.pattern.C07_StraightLine"", ""offset_ratio"": 0.1713222969686467, ""schema_version"": ""wafer_particles.pattern_config.v1"", ""segment_half_length_ratio"": 0.5490023141232303, ""wafer_radius_mm"": 150.0, ""width_ratio"": 0.04906140772256895}",808
sample_000809,C03_Ring,1526,"{""n_particles"": 1526, ""name"": ""wafer_particles.pattern.C03_Ring"", ""radius_ratio"": 0.8142638469706646, ""schema_version"": ""wafer_particles.pattern_config.v1"", ""wafer_radius_mm"": 150.0, ""width_ratio"": 0.05272815397994873}",809
sample_000810,C04_Sector_Edge,576,"{""angle_center_rad"": 4.6622080711831995, ""angle_width_deg"": 87.81512799535821, ""edge_width_ratio"": 0.22595892821877073, ""n_particles"": 576, ""name"": ""wafer_particles.pattern.C04_Sector_Edge"", ""radial_beta_alpha"": 2.6904511911505034, ""radial_beta_beta"": 3.2162123575314734, ""schema_version"": ""wafer_particles.pattern_config.v1"", ""side"": ""right"", ""theta_vonmises_kappa"": 4.802390462271438, ""wafer_radius_mm"": 150.0}",810
sample_000811,C04_Sector_Edge,1354,"{""angle_center_rad"": 1.5216580278370613, ""angle_width_deg"": 46.404010365203234, ""edge_width_ratio"": 0.16431559456028633, ""n_particles"": 1354, ""name"": ""wafer_particles.pattern.C04_Sector_Edge"", ""radial_beta_alpha"": 2.6938667131284353, ""radial_beta_beta"": 2.9736734848972546, ""schema_version"": ""wafer_particles.pattern_config.v1"", ""side"": ""right"", ""theta_vonmises_kappa"": 8.010851839948776, ""wafer_radius_mm"": 150.0}",811
sample_000812,C04_Sector_Edge,1241,"{""angle_center_rad"": 4.638976810771824, ""angle_width_deg"": 89.82289061624634, ""edge_width_ratio"": 0.24035349543933204, ""n_particles"": 1241, ""name"": ""wafer_particles.pattern.C04_Sector_Edge"", ""radial_beta_alpha"": 1.9395134273403625, ""radial_beta_beta"": 2.7075839977758243, ""schema_version"": ""wafer_particles.pattern_config.v1"", ""side"": ""right"", ""theta_vonmises_kappa"": 6.5807383581721375, ""wafer_radius_mm"": 150.0}",812
sample_000813,C03_Ring,969,"{""n_particles"": 969, ""name"": ""wafer_particles.pattern.C03_Ring"", ""radius_ratio"": 0.49405317731278997, ""schema_version"": ""wafer_particles.pattern_config.v1"", ""wafer_radius_mm"": 150.0, ""width_ratio"": 0.14181016248457853}",813
sample_000814,C01_Uniform,977,"{""n_particles"": 977, ""name"": ""wafer_particles.pattern.C01_Uniform"", ""schema_version"": ""wafer_particles.pattern_config.v1"", ""wafer_radius_mm"": 150.0}",814
sample_000815,C11_Hotspot_Elliptic,1318,"{""center_angle"": ""random"", ""center_angle_rad"": 5.556345049157355, ""center_radius_ratio"": 0.5926060857889339, ""mode"": ""random"", ""n_particles"": 1318, ""name"": ""wafer_particles.pattern.C11_Hotspot_Elliptic"", ""rotation_deg"": 30.0, ""rotation_rad"": 4.1088840207218, ""schema_version"": ""wafer_particles.pattern_config.v1"", ""sigma_x_ratio"": 0.10779409188345747, ""sigma_y_ratio"": 0.06877889562944355, ""wafer_radius_mm"": 150.0}",815
sample_000816,C07_StraightLine,1277,"{""angle_deg"": 133.37975525066665, ""n_particles"": 1277, ""name"": ""wafer_particles.pattern.C07_StraightLine"", ""offset_ratio"": -0.09793544444305513, ""schema_version"": ""wafer_particles.pattern_config.v1"", ""segment_half_length_ratio"": 0.5206058425156372, ""wafer_radius_mm"": 150.0, ""width_ratio"": 0.019366277819250648}",816
sample_000817,C01_Uniform,730,"{""n_particles"": 730, ""name"": ""wafer_particles.pattern.C01_Uniform"", ""schema_version"": ""wafer_particles.pattern_config.v1"", ""wafer_radius_mm"": 150.0}",817
sample_000818,C04_Sector_Edge,661,"{""angle_center_rad"": 6.054181801695276, ""angle_width_deg"": 43.47551929022794, ""edge_width_ratio"": 0.0725842098699586, ""n_particles"": 661, ""name"": ""wafer_particles.pattern.C04_Sector_Edge"", ""radial_beta_alpha"": 3.8238781038013316, ""radial_beta_beta"": 2.5126135790456874, ""schema_version"": ""wafer_particles.pattern_config.v1"", ""side"": ""right"", ""theta_vonmises_kappa"": 9.543969039073751, ""wafer_radius_mm"": 150.0}",818
sample_000819,C07_StraightLine,696,"{""angle_deg"": 165.50181685654474, ""n_particles"": 696, ""name"": ""wafer_particles.pattern.C07_StraightLine"", ""offset_ratio"": 0.04102294741844098, ""schema_version"": ""wafer_particles.pattern_config.v1"", ""segment_half_length_ratio"": 0.84921783672925, ""wafer_radius_mm"": 150.0, ""width_ratio"": 0.033145926760865085}",819
sample_000820,C03_Ring,1320,"{""n_particles"": 1320, ""name"": ""wafer_particles.pattern.C03_Ring"", ""radius_ratio"": 0.71897513592369, ""schema_version"": ""wafer_particles.pattern_config.v1"", ""wafer_radius_mm"": 150.0, ""width_ratio"": 0.0461586193425339}",820
sample_000821,C11_Hotspot_Elliptic,569,"{""center_angle"": ""random"", ""center_angle_rad"": 2.4301373731630145, ""center_radius_ratio"": 0.4906876441821223, ""mode"": ""random"", ""n_particles"": 569, ""name"": ""wafer_particles.pattern.C11_Hotspot_Elliptic"", ""rotation_deg"": 30.0, ""rotation_rad"": 2.3780763628311066, ""schema_version"": ""wafer_particles.pattern_config.v1"", ""sigma_x_ratio"": 0.05876324175432613, ""sigma_y_ratio"": 0.05622498548334104, ""wafer_radius_mm"": 150.0}",821
sample_000822,C01_Uniform,1063,"{""n_particles"": 1063, ""name"": ""wafer_particles.pattern.C01_Uniform"", ""schema_version"": ""wafer_particles.pattern_config.v1"", ""wafer_radius_mm"": 150.0}",822
sample_000823,C04_Sector_Edge,1403,"{""angle_center_rad"": 0.059025910670027534, ""angle_width_deg"": 20.429243654301235, ""edge_width_ratio"": 0.19577725382806477, ""n_particles"": 1403, ""name"": ""wafer_particles.pattern.C04_Sector_Edge"", ""radial_beta_alpha"": 3.84940438075035, ""radial_beta_beta"": 3.383380285811789, ""schema_version"": ""wafer_particles.pattern_config.v1"", ""side"": ""right"", ""theta_vonmises_kappa"": 4.02910687200207, ""wafer_radius_mm"": 150.0}",823
sample_000824,C11_Hotspot_Elliptic,1357,"{""center_angle"": ""random"", ""center_angle_rad"": 2.024021983010109, ""center_radius_ratio"": 0.380867072662825, ""mode"": ""random"", ""n_particles"": 1357, ""name"": ""wafer_particles.pattern.C11_Hotspot_Elliptic"", ""rotation_deg"": 30.0, ""rotation_rad"": 5.087904833934525, ""schema_version"": ""wafer_particles.pattern_config.v1"", ""sigma_x_ratio"": 0.0796164507081868, ""sigma_y_ratio"": 0.07413256523886863, ""wafer_radius_mm"": 150.0}",824
sample_000825,C07_StraightLine,981,"{""angle_deg"": 26.839885765748697, ""n_particles"": 981, ""name"": ""wafer_particles.pattern.C07_StraightLine"", ""offset_ratio"": 0.20115433613272954, ""schema_version"": ""wafer_particles.pattern_config.v1"", ""segment_half_length_ratio"": 0.5957386215206115, ""wafer_radius_mm"": 150.0, ""width_ratio"": 0.016602483556443566}",825
sample_000826,C11_Hotspot_Elliptic,1247,"{""center_angle"": ""random"", ""center_angle_rad"": 3.3085407395451116, ""center_radius_ratio"": 0.5850745286272232, ""mode"": ""random"", ""n_particles"": 1247, ""name"": ""wafer_particles.pattern.C11_Hotspot_Elliptic"", ""rotation_deg"": 30.0, ""rotation_rad"": 5.147891251945968, ""schema_version"": ""wafer_particles.pattern_config.v1"", ""sigma_x_ratio"": 0.0965888611042311, ""sigma_y_ratio"": 0.042880648326362555, ""wafer_radius_mm"": 150.0}",826
sample_000827,C07_StraightLine,1029,"{""angle_deg"": 78.78038204111816, ""n_particles"": 1029, ""name"": ""wafer_particles.pattern.C07_StraightLine"", ""offset_ratio"": 0.008529932723133293, ""schema_version"": ""wafer_particles.pattern_config.v1"", ""segment_half_length_ratio"": 0.6382355532610213, ""wafer_radius_mm"": 150.0, ""width_ratio"": 0.04278932349085926}",827
sample_000828,C01_Uniform,1284,"{""n_particles"": 1284, ""name"": ""wafer_particles.pattern.C01_Uniform"", ""schema_version"": ""wafer_particles.pattern_config.v1"", ""wafer_radius_mm"": 150.0}",828
sample_000829,C04_Sector_Edge,1282,"{""angle_center_rad"": 4.600756129048831, ""angle_width_deg"": 22.647034457377455, ""edge_width_ratio"": 0.10259449444019401, ""n_particles"": 1282, ""name"": ""wafer_particles.pattern.C04_Sector_Edge"", ""radial_beta_alpha"": 1.669574146171684, ""radial_beta_beta"": 3.4441558424673335, ""schema_version"": ""wafer_particles.pattern_config.v1"", ""side"": ""right"", ""theta_vonmises_kappa"": 9.83459872092124, ""wafer_radius_mm"": 150.0}",829
sample_000830,C01_Uniform,532,"{""n_particles"": 532, ""name"": ""wafer_particles.pattern.C01_Uniform"", ""schema_version"": ""wafer_particles.pattern_config.v1"", ""wafer_radius_mm"": 150.0}",830
sample_000831,C03_Ring,1426,"{""n_particles"": 1426, ""name"": ""wafer_particles.pattern.C03_Ring"", ""radius_ratio"": 0.6384593199056829, ""schema_version"": ""wafer_particles.pattern_config.v1"", ""wafer_radius_mm"": 150.0, ""width_ratio"": 0.18510731028830787}",831
sample_000832,C03_Ring,1497,"{""n_particles"": 1497, ""name"": ""wafer_particles.pattern.C03_Ring"", ""radius_ratio"": 0.7327453225586882, ""schema_version"": ""wafer_particles.pattern_config.v1"", ""wafer_radius_mm"": 150.0, ""width_ratio"": 0.11710588706471015}",832
sample_000833,C11_Hotspot_Elliptic,681,"{""center_angle"": ""random"", ""center_angle_rad"": 1.1171322833294686, ""center_radius_ratio"": 0.2001178769246122, ""mode"": ""random"", ""n_particles"": 681, ""name"": ""wafer_particles.pattern.C11_Hotspot_Elliptic"", ""rotation_deg"": 30.0, ""rotation_rad"": 2.303415391735996, ""schema_version"": ""wafer_particles.pattern_config.v1"", ""sigma_x_ratio"": 0.05185933358572484, ""sigma_y_ratio"": 0.03860428500065055, ""wafer_radius_mm"": 150.0}",833
sample_000834,C01_Uniform,1389,"{""n_particles"": 1389, ""name"": ""wafer_particles.pattern.C01_Uniform"", ""schema_version"": ""wafer_particles.pattern_config.v1"", ""wafer_radius_mm"": 150.0}",834
sample_000835,C11_Hotspot_Elliptic,1402,"{""center_angle"": ""random"", ""center_angle_rad"": 1.6390806285728743, ""center_radius_ratio"": 0.8840389850747656, ""mode"": ""random"", ""n_particles"": 1402, ""name"": ""wafer_particles.pattern.C11_Hotspot_Elliptic"", ""rotation_deg"": 30.0, ""rotation_rad"": 4.673140726311458, ""schema_version"": ""wafer_particles.pattern_config.v1"", ""sigma_x_ratio"": 0.053618090577295316, ""sigma_y_ratio"": 0.035837267420239696, ""wafer_radius_mm"": 150.0}",835
sample_000836,C07_StraightLine,719,"{""angle_deg"": 33.27287770198949, ""n_particles"": 719, ""name"": ""wafer_particles.pattern.C07_StraightLine"", ""offset_ratio"": -0.11611177601381462, ""schema_version"": ""wafer_particles.pattern_config.v1"", ""segment_half_length_ratio"": 0.5374690565090383, ""wafer_radius_mm"": 150.0, ""width_ratio"": 0.013436775241523351}",836
sample_000837,C11_Hotspot_Elliptic,1446,"{""center_angle"": ""random"", ""center_angle_rad"": 0.30343475421329374, ""center_radius_ratio"": 0.6842874187103921, ""mode"": ""random"", ""n_particles"": 1446, ""name"": ""wafer_particles.pattern.C11_Hotspot_Elliptic"", ""rotation_deg"": 30.0, ""rotation_rad"": 3.9205974721162193, ""schema_version"": ""wafer_particles.pattern_config.v1"", ""sigma_x_ratio"": 0.06504362546534577, ""sigma_y_ratio"": 0.06525509313263227, ""wafer_radius_mm"": 150.0}",837
sample_000838,C11_Hotspot_Elliptic,1433,"{""center_angle"": ""random"", ""center_angle_rad"": 5.196834665449851, ""center_radius_ratio"": 0.12411209700673778, ""mode"": ""random"", ""n_particles"": 1433, ""name"": ""wafer_particles.pattern.C11_Hotspot_Elliptic"", ""rotation_deg"": 30.0, ""rotation_rad"": 5.747335275081079, ""schema_version"": ""wafer_particles.pattern_config.v1"", ""sigma_x_ratio"": 0.04626517788712419, ""sigma_y_ratio"": 0.04141224907461955, ""wafer_radius_mm"": 150.0}",838
sample_000839,C11_Hotspot_Elliptic,959,"{""center_angle"": ""random"", ""center_angle_rad"": 3.324754395887564, ""center_radius_ratio"": 0.404669446833452, ""mode"": ""random"", ""n_particles"": 959, ""name"": ""wafer_particles.pattern.C11_Hotspot_Elliptic"", ""rotation_deg"": 30.0, ""rotation_rad"": 5.753937664962221, ""schema_version"": ""wafer_particles.pattern_config.v1"", ""sigma_x_ratio"": 0.0976447623491832, ""sigma_y_ratio"": 0.018728169035414955, ""wafer_radius_mm"": 150.0}",839
sample_000840,C03_Ring,742,"{""n_particles"": 742, ""name"": ""wafer_particles.pattern.C03_Ring"", ""radius_ratio"": 0.5899158869851576, ""schema_version"": ""wafer_particles.pattern_config.v1"", ""wafer_radius_mm"": 150.0, ""width_ratio"": 0.07783834309371428}",840
sample_000841,C03_Ring,864,"{""n_particles"": 864, ""name"": ""wafer_particles.pattern.C03_Ring"", ""radius_ratio"": 0.5311485788626027, ""schema_version"": ""wafer_particles.pattern_config.v1"", ""wafer_radius_mm"": 150.0, ""width_ratio"": 0.0556741002802357}",841
sample_000842,C01_Uniform,1185,"{""n_particles"": 1185, ""name"": ""wafer_particles.pattern.C01_Uniform"", ""schema_version"": ""wafer_particles.pattern_config.v1"", ""wafer_radius_mm"": 150.0}",842
sample_000843,C04_Sector_Edge,731,"{""angle_center_rad"": 5.949322206791366, ""angle_width_deg"": 86.55232172699704, ""edge_width_ratio"": 0.09956931492665731, ""n_particles"": 731, ""name"": ""wafer_particles.pattern.C04_Sector_Edge"", ""radial_beta_alpha"": 3.4821487631879755, ""radial_beta_beta"": 3.4286154156641917, ""schema_version"": ""wafer_particles.pattern_config.v1"", ""side"": ""right"", ""theta_vonmises_kappa"": 9.972713018590978, ""wafer_radius_mm"": 150.0}",843
sample_000844,C01_Uniform,1030,"{""n_particles"": 1030, ""name"": ""wafer_particles.pattern.C01_Uniform"", ""schema_version"": ""wafer_particles.pattern_config.v1"", ""wafer_radius_mm"": 150.0}",844
sample_000845,C11_Hotspot_Elliptic,1240,"{""center_angle"": ""random"", ""center_angle_rad"": 4.259815879190264, ""center_radius_ratio"": 0.06125199199284666, ""mode"": ""random"", ""n_particles"": 1240, ""name"": ""wafer_particles.pattern.C11_Hotspot_Elliptic"", ""rotation_deg"": 30.0, ""rotation_rad"": 5.859513807179953, ""schema_version"": ""wafer_particles.pattern_config.v1"", ""sigma_x_ratio"": 0.040943330521448336, ""sigma_y_ratio"": 0.03631604191377148, ""wafer_radius_mm"": 150.0}",845
sample_000846,C01_Uniform,1193,"{""n_particles"": 1193, ""name"": ""wafer_particles.pattern.C01_Uniform"", ""schema_version"": ""wafer_particles.pattern_config.v1"", ""wafer_radius_mm"": 150.0}",846
sample_000847,C11_Hotspot_Elliptic,1087,"{""center_angle"": ""random"", ""center_angle_rad"": 4.993765734070654, ""center_radius_ratio"": 0.8667120740344918, ""mode"": ""random"", ""n_particles"": 1087, ""name"": ""wafer_particles.pattern.C11_Hotspot_Elliptic"", ""rotation_deg"": 30.0, ""rotation_rad"": 3.064459611617206, ""schema_version"": ""wafer_particles.pattern_config.v1"", ""sigma_x_ratio"": 0.07261594749319265, ""sigma_y_ratio"": 0.07384629215500123, ""wafer_radius_mm"": 150.0}",847
sample_000848,C01_Uniform,526,"{""n_particles"": 526, ""name"": ""wafer_particles.pattern.C01_Uniform"", ""schema_version"": ""wafer_particles.pattern_config.v1"", ""wafer_radius_mm"": 150.0}",848
sample_000849,C11_Hotspot_Elliptic,1457,"{""center_angle"": ""random"", ""center_angle_rad"": 3.725400952977587, ""center_radius_ratio"": 0.8326633430115445, ""mode"": ""random"", ""n_particles"": 1457, ""name"": ""wafer_particles.pattern.C11_Hotspot_Elliptic"", ""rotation_deg"": 30.0, ""rotation_rad"": 1.9674548532355545, ""schema_version"": ""wafer_particles.pattern_config.v1"", ""sigma_x_ratio"": 0.04426290769046513, ""sigma_y_ratio"": 0.03902650823766892, ""wafer_radius_mm"": 150.0}",849
sample_000850,C04_Sector_Edge,1054,"{""angle_center_rad"": 4.1276119231316235, ""angle_width_deg"": 51.92857899765309, ""edge_width_ratio"": 0.2458805812284774, ""n_particles"": 1054, ""name"": ""wafer_particles.pattern.C04_Sector_Edge"", ""radial_beta_alpha"": 2.8945052404373213, ""radial_beta_beta"": 1.9541958196148723, ""schema_version"": ""wafer_particles.pattern_config.v1"", ""side"": ""right"", ""theta_vonmises_kappa"": 1.7906372239825075, ""wafer_radius_mm"": 150.0}",850
sample_000851,C04_Sector_Edge,732,"{""angle_center_rad"": 2.0832433119397824, ""angle_width_deg"": 20.507131244584038, ""edge_width_ratio"": 0.27666508804937917, ""n_particles"": 732, ""name"": ""wafer_particles.pattern.C04_Sector_Edge"", ""radial_beta_alpha"": 1.9540326373662587, ""radial_beta_beta"": 1.0704532417927344, ""schema_version"": ""wafer_particles.pattern_config.v1"", ""side"": ""right"", ""theta_vonmises_kappa"": 6.857697084248761, ""wafer_radius_mm"": 150.0}",851
sample_000852,C11_Hotspot_Elliptic,1410,"{""center_angle"": ""random"", ""center_angle_rad"": 4.961946068998398, ""center_radius_ratio"": 0.5303745252013752, ""mode"": ""random"", ""n_particles"": 1410, ""name"": ""wafer_particles.pattern.C11_Hotspot_Elliptic"", ""rotation_deg"": 30.0, ""rotation_rad"": 0.8868316101196777, ""schema_version"": ""wafer_particles.pattern_config.v1"", ""sigma_x_ratio"": 0.07244990516334515, ""sigma_y_ratio"": 0.03896905759559481, ""wafer_radius_mm"": 150.0}",852
sample_000853,C11_Hotspot_Elliptic,1349,"{""center_angle"": ""random"", ""center_angle_rad"": 5.6224270990999505, ""center_radius_ratio"": 0.6801482194636573, ""mode"": ""random"", ""n_particles"": 1349, ""name"": ""wafer_particles.pattern.C11_Hotspot_Elliptic"", ""rotation_deg"": 30.0, ""rotation_rad"": 4.515743785559834, ""schema_version"": ""wafer_particles.pattern_config.v1"", ""sigma_x_ratio"": 0.09009860527772287, ""sigma_y_ratio"": 0.06546099086902415, ""wafer_radius_mm"": 150.0}",853
sample_000854,C01_Uniform,1489,"{""n_particles"": 1489, ""name"": ""wafer_particles.pattern.C01_Uniform"", ""schema_version"": ""wafer_particles.pattern_config.v1"", ""wafer_radius_mm"": 150.0}",854
sample_000855,C03_Ring,1491,"{""n_particles"": 1491, ""name"": ""wafer_particles.pattern.C03_Ring"", ""radius_ratio"": 0.5273996785665804, ""schema_version"": ""wafer_particles.pattern_config.v1"", ""wafer_radius_mm"": 150.0, ""width_ratio"": 0.07940390437644111}",855
sample_000856,C03_Ring,1227,"{""n_particles"": 1227, ""name"": ""wafer_particles.pattern.C03_Ring"", ""radius_ratio"": 0.8025083842180853, ""schema_version"": ""wafer_particles.pattern_config.v1"", ""wafer_radius_mm"": 150.0, ""width_ratio"": 0.06149267703198576}",856
sample_000857,C07_StraightLine,1254,"{""angle_deg"": 143.56370281408854, ""n_particles"": 1254, ""name"": ""wafer_particles.pattern.C07_StraightLine"", ""offset_ratio"": 0.0949144035686676, ""schema_version"": ""wafer_particles.pattern_config.v1"", ""segment_half_length_ratio"": 0.784351208037757, ""wafer_radius_mm"": 150.0, ""width_ratio"": 0.02302473341372829}",857
sample_000858,C11_Hotspot_Elliptic,1162,"{""center_angle"": ""random"", ""center_angle_rad"": 3.38852618281799, ""center_radius_ratio"": 0.4476364714584311, ""mode"": ""random"", ""n_particles"": 1162, ""name"": ""wafer_particles.pattern.C11_Hotspot_Elliptic"", ""rotation_deg"": 30.0, ""rotation_rad"": 4.334445928475126, ""schema_version"": ""wafer_particles.pattern_config.v1"", ""sigma_x_ratio"": 0.10346871061769275, ""sigma_y_ratio"": 0.03634139753857441, ""wafer_radius_mm"": 150.0}",858
sample_000859,C11_Hotspot_Elliptic,886,"{""center_angle"": ""random"", ""center_angle_rad"": 3.2526851067036855, ""center_radius_ratio"": 0.021611987554727485, ""mode"": ""random"", ""n_particles"": 886, ""name"": ""wafer_particles.pattern.C11_Hotspot_Elliptic"", ""rotation_deg"": 30.0, ""rotation_rad"": 5.688713385418761, ""schema_version"": ""wafer_particles.pattern_config.v1"", ""sigma_x_ratio"": 0.06872206090955224, ""sigma_y_ratio"": 0.049151143645352884, ""wafer_radius_mm"": 150.0}",859
sample_000860,C01_Uniform,707,"{""n_particles"": 707, ""name"": ""wafer_particles.pattern.C01_Uniform"", ""schema_version"": ""wafer_particles.pattern_config.v1"", ""wafer_radius_mm"": 150.0}",860
sample_000861,C03_Ring,1296,"{""n_particles"": 1296, ""name"": ""wafer_particles.pattern.C03_Ring"", ""radius_ratio"": 0.5228592124662059, ""schema_version"": ""wafer_particles.pattern_config.v1"", ""wafer_radius_mm"": 150.0, ""width_ratio"": 0.07395725824157921}",861
sample_000862,C11_Hotspot_Elliptic,704,"{""center_angle"": ""random"", ""center_angle_rad"": 4.625256745113714, ""center_radius_ratio"": 0.8479716638248401, ""mode"": ""random"", ""n_particles"": 704, ""name"": ""wafer_particles.pattern.C11_Hotspot_Elliptic"", ""rotation_deg"": 30.0, ""rotation_rad"": 0.8181461534408464, ""schema_version"": ""wafer_particles.pattern_config.v1"", ""sigma_x_ratio"": 0.08347765363819803, ""sigma_y_ratio"": 0.05252962253209035, ""wafer_radius_mm"": 150.0}",862
sample_000863,C04_Sector_Edge,1489,"{""angle_center_rad"": 4.858695106815291, ""angle_width_deg"": 23.98182074374908, ""edge_width_ratio"": 0.1859161702501695, ""n_particles"": 1489, ""name"": ""wafer_particles.pattern.C04_Sector_Edge"", ""radial_beta_alpha"": 3.2988558444097213, ""radial_beta_beta"": 3.3637126083036444, ""schema_version"": ""wafer_particles.pattern_config.v1"", ""side"": ""right"", ""theta_vonmises_kappa"": 3.535902513932265, ""wafer_radius_mm"": 150.0}",863
sample_000864,C11_Hotspot_Elliptic,1265,"{""center_angle"": ""random"", ""center_angle_rad"": 0.28838694342278615, ""center_radius_ratio"": 0.29443042287125476, ""mode"": ""random"", ""n_particles"": 1265, ""name"": ""wafer_particles.pattern.C11_Hotspot_Elliptic"", ""rotation_deg"": 30.0, ""rotation_rad"": 1.5760804448052912, ""schema_version"": ""wafer_particles.pattern_config.v1"", ""sigma_x_ratio"": 0.08800783014201538, ""sigma_y_ratio"": 0.026960633231786844, ""wafer_radius_mm"": 150.0}",864
sample_000865,C03_Ring,1249,"{""n_particles"": 1249, ""name"": ""wafer_particles.pattern.C03_Ring"", ""radius_ratio"": 0.5753865183413942, ""schema_version"": ""wafer_particles.pattern_config.v1"", ""wafer_radius_mm"": 150.0, ""width_ratio"": 0.17500776970695295}",865
sample_000866,C01_Uniform,720,"{""n_particles"": 720, ""name"": ""wafer_particles.pattern.C01_Uniform"", ""schema_version"": ""wafer_particles.pattern_config.v1"", ""wafer_radius_mm"": 150.0}",866
sample_000867,C01_Uniform,1269,"{""n_particles"": 1269, ""name"": ""wafer_particles.pattern.C01_Uniform"", ""schema_version"": ""wafer_particles.pattern_config.v1"", ""wafer_radius_mm"": 150.0}",867
sample_000868,C07_StraightLine,605,"{""angle_deg"": 117.06007416494384, ""n_particles"": 605, ""name"": ""wafer_particles.pattern.C07_StraightLine"", ""offset_ratio"": -0.042317661192967315, ""schema_version"": ""wafer_particles.pattern_config.v1"", ""segment_half_length_ratio"": 0.32052965332119554, ""wafer_radius_mm"": 150.0, ""width_ratio"": 0.04000392140452696}",868
sample_000869,C01_Uniform,513,"{""n_particles"": 513, ""name"": ""wafer_particles.pattern.C01_Uniform"", ""schema_version"": ""wafer_particles.pattern_config.v1"", ""wafer_radius_mm"": 150.0}",869
sample_000870,C11_Hotspot_Elliptic,564,"{""center_angle"": ""random"", ""center_angle_rad"": 2.334576422919988, ""center_radius_ratio"": 0.006260411337613714, ""mode"": ""random"", ""n_particles"": 564, ""name"": ""wafer_particles.pattern.C11_Hotspot_Elliptic"", ""rotation_deg"": 30.0, ""rotation_rad"": 1.351897270832574, ""schema_version"": ""wafer_particles.pattern_config.v1"", ""sigma_x_ratio"": 0.0993123790952919, ""sigma_y_ratio"": 0.06723137399555734, ""wafer_radius_mm"": 150.0}",870
sample_000871,C07_StraightLine,627,"{""angle_deg"": 27.393268302296242, ""n_particles"": 627, ""name"": ""wafer_particles.pattern.C07_StraightLine"", ""offset_ratio"": -0.13904635191222872, ""schema_version"": ""wafer_particles.pattern_config.v1"", ""segment_half_length_ratio"": 0.670663826010617, ""wafer_radius_mm"": 150.0, ""width_ratio"": 0.02702628724996779}",871
sample_000872,C07_StraightLine,600,"{""angle_deg"": 105.47445204847409, ""n_particles"": 600, ""name"": ""wafer_particles.pattern.C07_StraightLine"", ""offset_ratio"": -0.015121876417954483, ""schema_version"": ""wafer_particles.pattern_config.v1"", ""segment_half_length_ratio"": 0.3002940193599715, ""wafer_radius_mm"": 150.0, ""width_ratio"": 0.02704780378871942}",872
sample_000873,C01_Uniform,1029,"{""n_particles"": 1029, ""name"": ""wafer_particles.pattern.C01_Uniform"", ""schema_version"": ""wafer_particles.pattern_config.v1"", ""wafer_radius_mm"": 150.0}",873
sample_000874,C04_Sector_Edge,1114,"{""angle_center_rad"": 6.080982143976978, ""angle_width_deg"": 49.282130750777625, ""edge_width_ratio"": 0.08307688442454579, ""n_particles"": 1114, ""name"": ""wafer_particles.pattern.C04_Sector_Edge"", ""radial_beta_alpha"": 3.736675406531985, ""radial_beta_beta"": 2.145981941406849, ""schema_version"": ""wafer_particles.pattern_config.v1"", ""side"": ""right"", ""theta_vonmises_kappa"": 3.2863771248366476, ""wafer_radius_mm"": 150.0}",874
sample_000875,C07_StraightLine,922,"{""angle_deg"": 157.15929330199916, ""n_particles"": 922, ""name"": ""wafer_particles.pattern.C07_StraightLine"", ""offset_ratio"": 0.2594053071253785, ""schema_version"": ""wafer_particles.pattern_config.v1"", ""segment_half_length_ratio"": 0.6965653940017058, ""wafer_radius_mm"": 150.0, ""width_ratio"": 0.04653420546516822}",875
sample_000876,C04_Sector_Edge,1507,"{""angle_center_rad"": 3.7187338078774537, ""angle_width_deg"": 67.31884978666572, ""edge_width_ratio"": 0.1169478870401272, ""n_particles"": 1507, ""name"": ""wafer_particles.pattern.C04_Sector_Edge"", ""radial_beta_alpha"": 3.1187635007035146, ""radial_beta_beta"": 2.6501910793592316, ""schema_version"": ""wafer_particles.pattern_config.v1"", ""side"": ""right"", ""theta_vonmises_kappa"": 1.6297075709647821, ""wafer_radius_mm"": 150.0}",876
sample_000877,C11_Hotspot_Elliptic,1292,"{""center_angle"": ""random"", ""center_angle_rad"": 3.733067817486035, ""center_radius_ratio"": 0.5766886319432881, ""mode"": ""random"", ""n_particles"": 1292, ""name"": ""wafer_particles.pattern.C11_Hotspot_Elliptic"", ""rotation_deg"": 30.0, ""rotation_rad"": 3.464840949258674, ""schema_version"": ""wafer_particles.pattern_config.v1"", ""sigma_x_ratio"": 0.042864086256334054, ""sigma_y_ratio"": 0.0383971339651494, ""wafer_radius_mm"": 150.0}",877
sample_000878,C07_StraightLine,1330,"{""angle_deg"": 158.73530332896135, ""n_particles"": 1330, ""name"": ""wafer_particles.pattern.C07_StraightLine"", ""offset_ratio"": 0.09622167340095311, ""schema_version"": ""wafer_particles.pattern_config.v1"", ""segment_half_length_ratio"": 0.7842127074681144, ""wafer_radius_mm"": 150.0, ""width_ratio"": 0.01271043417195853}",878
sample_000879,C03_Ring,605,"{""n_particles"": 605, ""name"": ""wafer_particles.pattern.C03_Ring"", ""radius_ratio"": 0.5245116381485979, ""schema_version"": ""wafer_particles.pattern_config.v1"", ""wafer_radius_mm"": 150.0, ""width_ratio"": 0.030203385631175868}",879
sample_000880,C07_StraightLine,1481,"{""angle_deg"": 93.19742718528246, ""n_particles"": 1481, ""name"": ""wafer_particles.pattern.C07_StraightLine"", ""offset_ratio"": -0.0631910822073086, ""schema_version"": ""wafer_particles.pattern_config.v1"", ""segment_half_length_ratio"": 0.5384373790339398, ""wafer_radius_mm"": 150.0, ""width_ratio"": 0.04404921382425846}",880
sample_000881,C01_Uniform,1022,"{""n_particles"": 1022, ""name"": ""wafer_particles.pattern.C01_Uniform"", ""schema_version"": ""wafer_particles.pattern_config.v1"", ""wafer_radius_mm"": 150.0}",881
sample_000882,C03_Ring,804,"{""n_particles"": 804, ""name"": ""wafer_particles.pattern.C03_Ring"", ""radius_ratio"": 0.7633925954625391, ""schema_version"": ""wafer_particles.pattern_config.v1"", ""wafer_radius_mm"": 150.0, ""width_ratio"": 0.07301969298851724}",882
sample_000883,C04_Sector_Edge,698,"{""angle_center_rad"": 3.22311647043653, ""angle_width_deg"": 65.45632204953569, ""edge_width_ratio"": 0.28362215955730224, ""n_particles"": 698, ""name"": ""wafer_particles.pattern.C04_Sector_Edge"", ""radial_beta_alpha"": 3.9743731045402395, ""radial_beta_beta"": 2.5066951688050607, ""schema_version"": ""wafer_particles.pattern_config.v1"", ""side"": ""right"", ""theta_vonmises_kappa"": 5.954892367804451, ""wafer_radius_mm"": 150.0}",883
sample_000884,C01_Uniform,1122,"{""n_particles"": 1122, ""name"": ""wafer_particles.pattern.C01_Uniform"", ""schema_version"": ""wafer_particles.pattern_config.v1"", ""wafer_radius_mm"": 150.0}",884
sample_000885,C01_Uniform,855,"{""n_particles"": 855, ""name"": ""wafer_particles.pattern.C01_Uniform"", ""schema_version"": ""wafer_particles.pattern_config.v1"", ""wafer_radius_mm"": 150.0}",885
sample_000886,C01_Uniform,1319,"{""n_particles"": 1319, ""name"": ""wafer_particles.pattern.C01_Uniform"", ""schema_version"": ""wafer_particles.pattern_config.v1"", ""wafer_radius_mm"": 150.0}",886
sample_000887,C01_Uniform,854,"{""n_particles"": 854, ""name"": ""wafer_particles.pattern.C01_Uniform"", ""schema_version"": ""wafer_particles.pattern_config.v1"", ""wafer_radius_mm"": 150.0}",887
sample_000888,C01_Uniform,1516,"{""n_particles"": 1516, ""name"": ""wafer_particles.pattern.C01_Uniform"", ""schema_version"": ""wafer_particles.pattern_config.v1"", ""wafer_radius_mm"": 150.0}",888
sample_000889,C04_Sector_Edge,747,"{""angle_center_rad"": 0.7843923934808341, ""angle_width_deg"": 55.26376750433997, ""edge_width_ratio"": 0.19755446526363352, ""n_particles"": 747, ""name"": ""wafer_particles.pattern.C04_Sector_Edge"", ""radial_beta_alpha"": 2.4641787322575315, ""radial_beta_beta"": 0.9078850049640241, ""schema_version"": ""wafer_particles.pattern_config.v1"", ""side"": ""right"", ""theta_vonmises_kappa"": 4.5115915362373045, ""wafer_radius_mm"": 150.0}",889
sample_000890,C04_Sector_Edge,1472,"{""angle_center_rad"": 2.236492283851635, ""angle_width_deg"": 63.85081769563294, ""edge_width_ratio"": 0.19524460000713584, ""n_particles"": 1472, ""name"": ""wafer_particles.pattern.C04_Sector_Edge"", ""radial_beta_alpha"": 2.0828026763266285, ""radial_beta_beta"": 2.5871236188046725, ""schema_version"": ""wafer_particles.pattern_config.v1"", ""side"": ""right"", ""theta_vonmises_kappa"": 4.848453269193137, ""wafer_radius_mm"": 150.0}",890
sample_000891,C11_Hotspot_Elliptic,982,"{""center_angle"": ""random"", ""center_angle_rad"": 3.608606666541374, ""center_radius_ratio"": 0.7645802918502312, ""mode"": ""random"", ""n_particles"": 982, ""name"": ""wafer_particles.pattern.C11_Hotspot_Elliptic"", ""rotation_deg"": 30.0, ""rotation_rad"": 2.495121140172153, ""schema_version"": ""wafer_particles.pattern_config.v1"", ""sigma_x_ratio"": 0.11699643483887409, ""sigma_y_ratio"": 0.07521479735106454, ""wafer_radius_mm"": 150.0}",891
sample_000892,C11_Hotspot_Elliptic,954,"{""center_angle"": ""random"", ""center_angle_rad"": 1.6730338470077606, ""center_radius_ratio"": 0.5281026566919804, ""mode"": ""random"", ""n_particles"": 954, ""name"": ""wafer_particles.pattern.C11_Hotspot_Elliptic"", ""rotation_deg"": 30.0, ""rotation_rad"": 2.4486080248191064, ""schema_version"": ""wafer_particles.pattern_config.v1"", ""sigma_x_ratio"": 0.05612597445702862, ""sigma_y_ratio"": 0.023156607091467836, ""wafer_radius_mm"": 150.0}",892
sample_000893,C04_Sector_Edge,599,"{""angle_center_rad"": 4.96693380895649, ""angle_width_deg"": 59.40220554898604, ""edge_width_ratio"": 0.12728091716025014, ""n_particles"": 599, ""name"": ""wafer_particles.pattern.C04_Sector_Edge"", ""radial_beta_alpha"": 3.8305782836669087, ""radial_beta_beta"": 2.784392423127301, ""schema_version"": ""wafer_particles.pattern_config.v1"", ""side"": ""right"", ""theta_vonmises_kappa"": 0.6111625505515887, ""wafer_radius_mm"": 150.0}",893
sample_000894,C11_Hotspot_Elliptic,867,"{""center_angle"": ""random"", ""center_angle_rad"": 0.7390382604835666, ""center_radius_ratio"": 0.2691276996277006, ""mode"": ""random"", ""n_particles"": 867, ""name"": ""wafer_particles.pattern.C11_Hotspot_Elliptic"", ""rotation_deg"": 30.0, ""rotation_rad"": 2.2780943017266138, ""schema_version"": ""wafer_particles.pattern_config.v1"", ""sigma_x_ratio"": 0.04298816805178972, ""sigma_y_ratio"": 0.04949806003374634, ""wafer_radius_mm"": 150.0}",894
sample_000895,C01_Uniform,1265,"{""n_particles"": 1265, ""name"": ""wafer_particles.pattern.C01_Uniform"", ""schema_version"": ""wafer_particles.pattern_config.v1"", ""wafer_radius_mm"": 150.0}",895
sample_000896,C01_Uniform,1437,"{""n_particles"": 1437, ""name"": ""wafer_particles.pattern.C01_Uniform"", ""schema_version"": ""wafer_particles.pattern_config.v1"", ""wafer_radius_mm"": 150.0}",896
sample_000897,C03_Ring,1354,"{""n_particles"": 1354, ""name"": ""wafer_particles.pattern.C03_Ring"", ""radius_ratio"": 0.891631407858885, ""schema_version"": ""wafer_particles.pattern_config.v1"", ""wafer_radius_mm"": 150.0, ""width_ratio"": 0.034060383871790265}",897
sample_000898,C01_Uniform,998,"{""n_particles"": 998, ""name"": ""wafer_particles.pattern.C01_Uniform"", ""schema_version"": ""wafer_particles.pattern_config.v1"", ""wafer_radius_mm"": 150.0}",898
sample_000899,C11_Hotspot_Elliptic,1099,"{""center_angle"": ""random"", ""center_angle_rad"": 4.091281972252887, ""center_radius_ratio"": 0.727108321807805, ""mode"": ""random"", ""n_particles"": 1099, ""name"": ""wafer_particles.pattern.C11_Hotspot_Elliptic"", ""rotation_deg"": 30.0, ""rotation_rad"": 5.253944538514286, ""schema_version"": ""wafer_particles.pattern_config.v1"", ""sigma_x_ratio"": 0.08815823905373754, ""sigma_y_ratio"": 0.07748074292027077, ""wafer_radius_mm"": 150.0}",899
sample_000900,C01_Uniform,943,"{""n_particles"": 943, ""name"": ""wafer_particles.pattern.C01_Uniform"", ""schema_version"": ""wafer_particles.pattern_config.v1"", ""wafer_radius_mm"": 150.0}",900
sample_000901,C03_Ring,992,"{""n_particles"": 992, ""name"": ""wafer_particles.pattern.C03_Ring"", ""radius_ratio"": 0.42775985912095327, ""schema_version"": ""wafer_particles.pattern_config.v1"", ""wafer_radius_mm"": 150.0, ""width_ratio"": 0.1133558084423229}",901
sample_000902,C07_StraightLine,1418,"{""angle_deg"": 134.58724312818677, ""n_particles"": 1418, ""name"": ""wafer_particles.pattern.C07_StraightLine"", ""offset_ratio"": 0.17193923464517075, ""schema_version"": ""wafer_particles.pattern_config.v1"", ""segment_half_length_ratio"": 0.7602651385396835, ""wafer_radius_mm"": 150.0, ""width_ratio"": 0.01572610902320718}",902
sample_000903,C03_Ring,971,"{""n_particles"": 971, ""name"": ""wafer_particles.pattern.C03_Ring"", ""radius_ratio"": 0.4534315545619304, ""schema_version"": ""wafer_particles.pattern_config.v1"", ""wafer_radius_mm"": 150.0, ""width_ratio"": 0.042728413407319935}",903
sample_000904,C03_Ring,820,"{""n_particles"": 820, ""name"": ""wafer_particles.pattern.C03_Ring"", ""radius_ratio"": 0.6482846088652314, ""schema_version"": ""wafer_particles.pattern_config.v1"", ""wafer_radius_mm"": 150.0, ""width_ratio"": 0.04278560426585594}",904
sample_000905,C07_StraightLine,1385,"{""angle_deg"": 123.16947613490477, ""n_particles"": 1385, ""name"": ""wafer_particles.pattern.C07_StraightLine"", ""offset_ratio"": 0.28499127670621555, ""schema_version"": ""wafer_particles.pattern_config.v1"", ""segment_half_length_ratio"": 0.5893535458715564, ""wafer_radius_mm"": 150.0, ""width_ratio"": 0.04746855519166083}",905
sample_000906,C11_Hotspot_Elliptic,802,"{""center_angle"": ""random"", ""center_angle_rad"": 1.0281639730271204, ""center_radius_ratio"": 0.8548528307117462, ""mode"": ""random"", ""n_particles"": 802, ""name"": ""wafer_particles.pattern.C11_Hotspot_Elliptic"", ""rotation_deg"": 30.0, ""rotation_rad"": 1.3069488092013035, ""schema_version"": ""wafer_particles.pattern_config.v1"", ""sigma_x_ratio"": 0.05107205434361896, ""sigma_y_ratio"": 0.018620365051357158, ""wafer_radius_mm"": 150.0}",906
sample_000907,C07_StraightLine,1088,"{""angle_deg"": 147.80518519275728, ""n_particles"": 1088, ""name"": ""wafer_particles.pattern.C07_StraightLine"", ""offset_ratio"": -0.09821221072001082, ""schema_version"": ""wafer_particles.pattern_config.v1"", ""segment_half_length_ratio"": 0.5405666608636356, ""wafer_radius_mm"": 150.0, ""width_ratio"": 0.01648294406594747}",907
sample_000908,C11_Hotspot_Elliptic,934,"{""center_angle"": ""random"", ""center_angle_rad"": 4.1897033335994065, ""center_radius_ratio"": 0.20168079598321584, ""mode"": ""random"", ""n_particles"": 934, ""name"": ""wafer_particles.pattern.C11_Hotspot_Elliptic"", ""rotation_deg"": 30.0, ""rotation_rad"": 2.5731211969076133, ""schema_version"": ""wafer_particles.pattern_config.v1"", ""sigma_x_ratio"": 0.09384857926992192, ""sigma_y_ratio"": 0.045063677528017695, ""wafer_radius_mm"": 150.0}",908
sample_000909,C11_Hotspot_Elliptic,1239,"{""center_angle"": ""random"", ""center_angle_rad"": 4.537233331670803, ""center_radius_ratio"": 0.4353804540511636, ""mode"": ""random"", ""n_particles"": 1239, ""name"": ""wafer_particles.pattern.C11_Hotspot_Elliptic"", ""rotation_deg"": 30.0, ""rotation_rad"": 4.108345927675075, ""schema_version"": ""wafer_particles.pattern_config.v1"", ""sigma_x_ratio"": 0.0801074603902883, ""sigma_y_ratio"": 0.02738133848319165, ""wafer_radius_mm"": 150.0}",909
sample_000910,C01_Uniform,1436,"{""n_particles"": 1436, ""name"": ""wafer_particles.pattern.C01_Uniform"", ""schema_version"": ""wafer_particles.pattern_config.v1"", ""wafer_radius_mm"": 150.0}",910
sample_000911,C11_Hotspot_Elliptic,528,"{""center_angle"": ""random"", ""center_angle_rad"": 1.3065710665011683, ""center_radius_ratio"": 0.11270101530676398, ""mode"": ""random"", ""n_particles"": 528, ""name"": ""wafer_particles.pattern.C11_Hotspot_Elliptic"", ""rotation_deg"": 30.0, ""rotation_rad"": 0.8016712613523149, ""schema_version"": ""wafer_particles.pattern_config.v1"", ""sigma_x_ratio"": 0.08073822111933077, ""sigma_y_ratio"": 0.04471501000881112, ""wafer_radius_mm"": 150.0}",911
sample_000912,C01_Uniform,798,"{""n_particles"": 798, ""name"": ""wafer_particles.pattern.C01_Uniform"", ""schema_version"": ""wafer_particles.pattern_config.v1"", ""wafer_radius_mm"": 150.0}",912
sample_000913,C07_StraightLine,1394,"{""angle_deg"": 10.314231177584638, ""n_particles"": 1394, ""name"": ""wafer_particles.pattern.C07_StraightLine"", ""offset_ratio"": -0.07099138592570736, ""schema_version"": ""wafer_particles.pattern_config.v1"", ""segment_half_length_ratio"": 0.5325382279937555, ""wafer_radius_mm"": 150.0, ""width_ratio"": 0.009513399585441978}",913
sample_000914,C07_StraightLine,1223,"{""angle_deg"": 26.214591017585004, ""n_particles"": 1223, ""name"": ""wafer_particles.pattern.C07_StraightLine"", ""offset_ratio"": -0.1754448902133952, ""schema_version"": ""wafer_particles.pattern_config.v1"", ""segment_half_length_ratio"": 0.4635931453295328, ""wafer_radius_mm"": 150.0, ""width_ratio"": 0.018741123158046536}",914
sample_000915,C03_Ring,738,"{""n_particles"": 738, ""name"": ""wafer_particles.pattern.C03_Ring"", ""radius_ratio"": 0.8748474431592905, ""schema_version"": ""wafer_particles.pattern_config.v1"", ""wafer_radius_mm"": 150.0, ""width_ratio"": 0.12449771799973687}",915
sample_000916,C03_Ring,1516,"{""n_particles"": 1516, ""name"": ""wafer_particles.pattern.C03_Ring"", ""radius_ratio"": 0.6515527235068265, ""schema_version"": ""wafer_particles.pattern_config.v1"", ""wafer_radius_mm"": 150.0, ""width_ratio"": 0.14437419774399182}",916
sample_000917,C01_Uniform,887,"{""n_particles"": 887, ""name"": ""wafer_particles.pattern.C01_Uniform"", ""schema_version"": ""wafer_particles.pattern_config.v1"", ""wafer_radius_mm"": 150.0}",917
sample_000918,C11_Hotspot_Elliptic,1265,"{""center_angle"": ""random"", ""center_angle_rad"": 2.4351678717485354, ""center_radius_ratio"": 0.4334923585825691, ""mode"": ""random"", ""n_particles"": 1265, ""name"": ""wafer_particles.pattern.C11_Hotspot_Elliptic"", ""rotation_deg"": 30.0, ""rotation_rad"": 3.6691233164730472, ""schema_version"": ""wafer_particles.pattern_config.v1"", ""sigma_x_ratio"": 0.05783308369744122, ""sigma_y_ratio"": 0.037596464728418696, ""wafer_radius_mm"": 150.0}",918
sample_000919,C04_Sector_Edge,1219,"{""angle_center_rad"": 3.1442629786399983, ""angle_width_deg"": 46.53413461117147, ""edge_width_ratio"": 0.2764720905041664, ""n_particles"": 1219, ""name"": ""wafer_particles.pattern.C04_Sector_Edge"", ""radial_beta_alpha"": 1.2940940467850413, ""radial_beta_beta"": 1.2010791442376716, ""schema_version"": ""wafer_particles.pattern_config.v1"", ""side"": ""right"", ""theta_vonmises_kappa"": 7.515532694091158, ""wafer_radius_mm"": 150.0}",919
sample_000920,C04_Sector_Edge,519,"{""angle_center_rad"": 0.14763754646933286, ""angle_width_deg"": 86.58430736022063, ""edge_width_ratio"": 0.10357769989640501, ""n_particles"": 519, ""name"": ""wafer_particles.pattern.C04_Sector_Edge"", ""radial_beta_alpha"": 3.8804656478222554, ""radial_beta_beta"": 0.9203388806734704, ""schema_version"": ""wafer_particles.pattern_config.v1"", ""side"": ""right"", ""theta_vonmises_kappa"": 1.1082139374720146, ""wafer_radius_mm"": 150.0}",920
sample_000921,C01_Uniform,1323,"{""n_particles"": 1323, ""name"": ""wafer_particles.pattern.C01_Uniform"", ""schema_version"": ""wafer_particles.pattern_config.v1"", ""wafer_radius_mm"": 150.0}",921
sample_000922,C07_StraightLine,605,"{""angle_deg"": 160.83735142946563, ""n_particles"": 605, ""name"": ""wafer_particles.pattern.C07_StraightLine"", ""offset_ratio"": 0.04094298586467987, ""schema_version"": ""wafer_particles.pattern_config.v1"", ""segment_half_length_ratio"": 0.3607889878253089, ""wafer_radius_mm"": 150.0, ""width_ratio"": 0.026810722770240856}",922
sample_000923,C07_StraightLine,944,"{""angle_deg"": 126.18166334063558, ""n_particles"": 944, ""name"": ""wafer_particles.pattern.C07_StraightLine"", ""offset_ratio"": 0.1255764366425951, ""schema_version"": ""wafer_particles.pattern_config.v1"", ""segment_half_length_ratio"": 0.726513575130298, ""wafer_radius_mm"": 150.0, ""width_ratio"": 0.03435493258866366}",923
sample_000924,C04_Sector_Edge,1233,"{""angle_center_rad"": 5.525167098142826, ""angle_width_deg"": 62.44649037196861, ""edge_width_ratio"": 0.09842634920522018, ""n_particles"": 1233, ""name"": ""wafer_particles.pattern.C04_Sector_Edge"", ""radial_beta_alpha"": 1.2679633007202702, ""radial_beta_beta"": 3.1974586312277102, ""schema_version"": ""wafer_particles.pattern_config.v1"", ""side"": ""right"", ""theta_vonmises_kappa"": 5.992059296502975, ""wafer_radius_mm"": 150.0}",924
sample_000925,C03_Ring,1526,"{""n_particles"": 1526, ""name"": ""wafer_particles.pattern.C03_Ring"", ""radius_ratio"": 0.7326135448394806, ""schema_version"": ""wafer_particles.pattern_config.v1"", ""wafer_radius_mm"": 150.0, ""width_ratio"": 0.1938411196446178}",925
sample_000926,C03_Ring,730,"{""n_particles"": 730, ""name"": ""wafer_particles.pattern.C03_Ring"", ""radius_ratio"": 0.75323911856727, ""schema_version"": ""wafer_particles.pattern_config.v1"", ""wafer_radius_mm"": 150.0, ""width_ratio"": 0.07149347042832813}",926
sample_000927,C11_Hotspot_Elliptic,794,"{""center_angle"": ""random"", ""center_angle_rad"": 4.131860600878655, ""center_radius_ratio"": 0.31323493304158273, ""mode"": ""random"", ""n_particles"": 794, ""name"": ""wafer_particles.pattern.C11_Hotspot_Elliptic"", ""rotation_deg"": 30.0, ""rotation_rad"": 2.6995118527380475, ""schema_version"": ""wafer_particles.pattern_config.v1"", ""sigma_x_ratio"": 0.07749201131991512, ""sigma_y_ratio"": 0.030926322664178628, ""wafer_radius_mm"": 150.0}",927
sample_000928,C01_Uniform,1387,"{""n_particles"": 1387, ""name"": ""wafer_particles.pattern.C01_Uniform"", ""schema_version"": ""wafer_particles.pattern_config.v1"", ""wafer_radius_mm"": 150.0}",928
sample_000929,C11_Hotspot_Elliptic,756,"{""center_angle"": ""random"", ""center_angle_rad"": 0.4531302548570717, ""center_radius_ratio"": 0.5165175730933721, ""mode"": ""random"", ""n_particles"": 756, ""name"": ""wafer_particles.pattern.C11_Hotspot_Elliptic"", ""rotation_deg"": 30.0, ""rotation_rad"": 3.714319305698057, ""schema_version"": ""wafer_particles.pattern_config.v1"", ""sigma_x_ratio"": 0.11913399598884028, ""sigma_y_ratio"": 0.05554944862452597, ""wafer_radius_mm"": 150.0}",929
sample_000930,C04_Sector_Edge,744,"{""angle_center_rad"": 5.3424133214668315, ""angle_width_deg"": 47.65978740523509, ""edge_width_ratio"": 0.050581864877540614, ""n_particles"": 744, ""name"": ""wafer_particles.pattern.C04_Sector_Edge"", ""radial_beta_alpha"": 1.5236015963826115, ""radial_beta_beta"": 2.348915947530417, ""schema_version"": ""wafer_particles.pattern_config.v1"", ""side"": ""right"", ""theta_vonmises_kappa"": 7.692046542260714, ""wafer_radius_mm"": 150.0}",930
sample_000931,C03_Ring,915,"{""n_particles"": 915, ""name"": ""wafer_particles.pattern.C03_Ring"", ""radius_ratio"": 0.7220166535339028, ""schema_version"": ""wafer_particles.pattern_config.v1"", ""wafer_radius_mm"": 150.0, ""width_ratio"": 0.05232029194773212}",931
sample_000932,C01_Uniform,601,"{""n_particles"": 601, ""name"": ""wafer_particles.pattern.C01_Uniform"", ""schema_version"": ""wafer_particles.pattern_config.v1"", ""wafer_radius_mm"": 150.0}",932
sample_000933,C01_Uniform,1358,"{""n_particles"": 1358, ""name"": ""wafer_particles.pattern.C01_Uniform"", ""schema_version"": ""wafer_particles.pattern_config.v1"", ""wafer_radius_mm"": 150.0}",933
sample_000934,C01_Uniform,1313,"{""n_particles"": 1313, ""name"": ""wafer_particles.pattern.C01_Uniform"", ""schema_version"": ""wafer_particles.pattern_config.v1"", ""wafer_radius_mm"": 150.0}",934
sample_000935,C03_Ring,1265,"{""n_particles"": 1265, ""name"": ""wafer_particles.pattern.C03_Ring"", ""radius_ratio"": 0.5338605803649112, ""schema_version"": ""wafer_particles.pattern_config.v1"", ""wafer_radius_mm"": 150.0, ""width_ratio"": 0.1897434542819693}",935
sample_000936,C03_Ring,1492,"{""n_particles"": 1492, ""name"": ""wafer_particles.pattern.C03_Ring"", ""radius_ratio"": 0.4408354154848697, ""schema_version"": ""wafer_particles.pattern_config.v1"", ""wafer_radius_mm"": 150.0, ""width_ratio"": 0.052136144322399255}",936
sample_000937,C03_Ring,1075,"{""n_particles"": 1075, ""name"": ""wafer_particles.pattern.C03_Ring"", ""radius_ratio"": 0.5237931870631506, ""schema_version"": ""wafer_particles.pattern_config.v1"", ""wafer_radius_mm"": 150.0, ""width_ratio"": 0.11741283320429126}",937
sample_000938,C03_Ring,762,"{""n_particles"": 762, ""name"": ""wafer_particles.pattern.C03_Ring"", ""radius_ratio"": 0.46701466631772215, ""schema_version"": ""wafer_particles.pattern_config.v1"", ""wafer_radius_mm"": 150.0, ""width_ratio"": 0.06720427647019647}",938
sample_000939,C03_Ring,655,"{""n_particles"": 655, ""name"": ""wafer_particles.pattern.C03_Ring"", ""radius_ratio"": 0.8022109144828347, ""schema_version"": ""wafer_particles.pattern_config.v1"", ""wafer_radius_mm"": 150.0, ""width_ratio"": 0.10658501293674048}",939
sample_000940,C01_Uniform,1277,"{""n_particles"": 1277, ""name"": ""wafer_particles.pattern.C01_Uniform"", ""schema_version"": ""wafer_particles.pattern_config.v1"", ""wafer_radius_mm"": 150.0}",940
sample_000941,C07_StraightLine,1437,"{""angle_deg"": 6.725359402343118, ""n_particles"": 1437, ""name"": ""wafer_particles.pattern.C07_StraightLine"", ""offset_ratio"": -0.11510286832802921, ""schema_version"": ""wafer_particles.pattern_config.v1"", ""segment_half_length_ratio"": 0.5519243570071847, ""wafer_radius_mm"": 150.0, ""width_ratio"": 0.016938921616505228}",941
sample_000942,C04_Sector_Edge,1157,"{""angle_center_rad"": 0.6555478801080921, ""angle_width_deg"": 24.20183250105172, ""edge_width_ratio"": 0.09794198870656791, ""n_particles"": 1157, ""name"": ""wafer_particles.pattern.C04_Sector_Edge"", ""radial_beta_alpha"": 3.909833321683579, ""radial_beta_beta"": 1.2429608351542827, ""schema_version"": ""wafer_particles.pattern_config.v1"", ""side"": ""right"", ""theta_vonmises_kappa"": 7.722141186056363, ""wafer_radius_mm"": 150.0}",942
sample_000943,C07_StraightLine,1486,"{""angle_deg"": 134.6041698147336, ""n_particles"": 1486, ""name"": ""wafer_particles.pattern.C07_StraightLine"", ""offset_ratio"": -0.26209575558337694, ""schema_version"": ""wafer_particles.pattern_config.v1"", ""segment_half_length_ratio"": 0.7883821903259055, ""wafer_radius_mm"": 150.0, ""width_ratio"": 0.03410133331437862}",943
sample_000944,C03_Ring,1475,"{""n_particles"": 1475, ""name"": ""wafer_particles.pattern.C03_Ring"", ""radius_ratio"": 0.6771732506161835, ""schema_version"": ""wafer_particles.pattern_config.v1"", ""wafer_radius_mm"": 150.0, ""width_ratio"": 0.11106864216163895}",944
sample_000945,C11_Hotspot_Elliptic,1497,"{""center_angle"": ""random"", ""center_angle_rad"": 5.323728698514717, ""center_radius_ratio"": 0.1340026191253107, ""mode"": ""random"", ""n_particles"": 1497, ""name"": ""wafer_particles.pattern.C11_Hotspot_Elliptic"", ""rotation_deg"": 30.0, ""rotation_rad"": 1.9347282674328548, ""schema_version"": ""wafer_particles.pattern_config.v1"", ""sigma_x_ratio"": 0.10668367253553508, ""sigma_y_ratio"": 0.0460068002175641, ""wafer_radius_mm"": 150.0}",945
sample_000946,C11_Hotspot_Elliptic,1291,"{""center_angle"": ""random"", ""center_angle_rad"": 2.879742930690641, ""center_radius_ratio"": 0.4696254496126705, ""mode"": ""random"", ""n_particles"": 1291, ""name"": ""wafer_particles.pattern.C11_Hotspot_Elliptic"", ""rotation_deg"": 30.0, ""rotation_rad"": 6.150779928606449, ""schema_version"": ""wafer_particles.pattern_config.v1"", ""sigma_x_ratio"": 0.06928669632437733, ""sigma_y_ratio"": 0.037564248555085264, ""wafer_radius_mm"": 150.0}",946
sample_000947,C03_Ring,855,"{""n_particles"": 855, ""name"": ""wafer_particles.pattern.C03_Ring"", ""radius_ratio"": 0.8080442529413325, ""schema_version"": ""wafer_particles.pattern_config.v1"", ""wafer_radius_mm"": 150.0, ""width_ratio"": 0.1235333652308631}",947
sample_000948,C11_Hotspot_Elliptic,643,"{""center_angle"": ""random"", ""center_angle_rad"": 6.209662332567491, ""center_radius_ratio"": 0.6201640679674565, ""mode"": ""random"", ""n_particles"": 643, ""name"": ""wafer_particles.pattern.C11_Hotspot_Elliptic"", ""rotation_deg"": 30.0, ""rotation_rad"": 1.3533382919336685, ""schema_version"": ""wafer_particles.pattern_config.v1"", ""sigma_x_ratio"": 0.04026121094615159, ""sigma_y_ratio"": 0.06090055980551343, ""wafer_radius_mm"": 150.0}",948
sample_000949,C04_Sector_Edge,715,"{""angle_center_rad"": 0.5395746627887981, ""angle_width_deg"": 43.18071832659106, ""edge_width_ratio"": 0.0613136798147315, ""n_particles"": 715, ""name"": ""wafer_particles.pattern.C04_Sector_Edge"", ""radial_beta_alpha"": 3.2241828222582756, ""radial_beta_beta"": 0.9271806399559794, ""schema_version"": ""wafer_particles.pattern_config.v1"", ""side"": ""right"", ""theta_vonmises_kappa"": 2.150168304841212, ""wafer_radius_mm"": 150.0}",949
sample_000950,C04_Sector_Edge,1425,"{""angle_center_rad"": 4.828681702601169, ""angle_width_deg"": 23.74113538317132, ""edge_width_ratio"": 0.08256217760137564, ""n_particles"": 1425, ""name"": ""wafer_particles.pattern.C04_Sector_Edge"", ""radial_beta_alpha"": 2.8272350962530117, ""radial_beta_beta"": 3.1973336243420647, ""schema_version"": ""wafer_particles.pattern_config.v1"", ""side"": ""right"", ""theta_vonmises_kappa"": 3.4256446951689448, ""wafer_radius_mm"": 150.0}",950
sample_000951,C07_StraightLine,1088,"{""angle_deg"": 153.82871668785188, ""n_particles"": 1088, ""name"": ""wafer_particles.pattern.C07_StraightLine"", ""offset_ratio"": -0.010789581039003071, ""schema_version"": ""wafer_particles.pattern_config.v1"", ""segment_half_length_ratio"": 0.7433798959310245, ""wafer_radius_mm"": 150.0, ""width_ratio"": 0.0075159193613806045}",951
sample_000952,C04_Sector_Edge,599,"{""angle_center_rad"": 2.4702288466867826, ""angle_width_deg"": 33.39979208013744, ""edge_width_ratio"": 0.13356712882210653, ""n_particles"": 599, ""name"": ""wafer_particles.pattern.C04_Sector_Edge"", ""radial_beta_alpha"": 1.8640983783484, ""radial_beta_beta"": 2.8769645014830747, ""schema_version"": ""wafer_particles.pattern_config.v1"", ""side"": ""right"", ""theta_vonmises_kappa"": 0.7926220851877543, ""wafer_radius_mm"": 150.0}",952
sample_000953,C01_Uniform,687,"{""n_particles"": 687, ""name"": ""wafer_particles.pattern.C01_Uniform"", ""schema_version"": ""wafer_particles.pattern_config.v1"", ""wafer_radius_mm"": 150.0}",953
sample_000954,C04_Sector_Edge,1018,"{""angle_center_rad"": 0.7368224159793219, ""angle_width_deg"": 40.0107806652364, ""edge_width_ratio"": 0.27016672179157813, ""n_particles"": 1018, ""name"": ""wafer_particles.pattern.C04_Sector_Edge"", ""radial_beta_alpha"": 3.5503693436142294, ""radial_beta_beta"": 2.7137776945073973, ""schema_version"": ""wafer_particles.pattern_config.v1"", ""side"": ""right"", ""theta_vonmises_kappa"": 5.717943578002897, ""wafer_radius_mm"": 150.0}",954
sample_000955,C01_Uniform,766,"{""n_particles"": 766, ""name"": ""wafer_particles.pattern.C01_Uniform"", ""schema_version"": ""wafer_particles.pattern_config.v1"", ""wafer_radius_mm"": 150.0}",955
sample_000956,C03_Ring,635,"{""n_particles"": 635, ""name"": ""wafer_particles.pattern.C03_Ring"", ""radius_ratio"": 0.7741719337290178, ""schema_version"": ""wafer_particles.pattern_config.v1"", ""wafer_radius_mm"": 150.0, ""width_ratio"": 0.17252202433257335}",956
sample_000957,C03_Ring,605,"{""n_particles"": 605, ""name"": ""wafer_particles.pattern.C03_Ring"", ""radius_ratio"": 0.8939512325369199, ""schema_version"": ""wafer_particles.pattern_config.v1"", ""wafer_radius_mm"": 150.0, ""width_ratio"": 0.13518204465222242}",957
sample_000958,C03_Ring,820,"{""n_particles"": 820, ""name"": ""wafer_particles.pattern.C03_Ring"", ""radius_ratio"": 0.8238256528168225, ""schema_version"": ""wafer_particles.pattern_config.v1"", ""wafer_radius_mm"": 150.0, ""width_ratio"": 0.04614029837096998}",958
sample_000959,C04_Sector_Edge,617,"{""angle_center_rad"": 2.3988456727765457, ""angle_width_deg"": 61.9346474033634, ""edge_width_ratio"": 0.28210771823470987, ""n_particles"": 617, ""name"": ""wafer_particles.pattern.C04_Sector_Edge"", ""radial_beta_alpha"": 2.3618189706369526, ""radial_beta_beta"": 2.3213496465171657, ""schema_version"": ""wafer_particles.pattern_config.v1"", ""side"": ""right"", ""theta_vonmises_kappa"": 5.842483473584404, ""wafer_radius_mm"": 150.0}",959
sample_000960,C07_StraightLine,737,"{""angle_deg"": 9.217003665887384, ""n_particles"": 737, ""name"": ""wafer_particles.pattern.C07_StraightLine"", ""offset_ratio"": -0.008679215859432543, ""schema_version"": ""wafer_particles.pattern_config.v1"", ""segment_half_length_ratio"": 0.41317406353626285, ""wafer_radius_mm"": 150.0, ""width_ratio"": 0.03351710909107158}",960
sample_000961,C11_Hotspot_Elliptic,512,"{""center_angle"": ""random"", ""center_angle_rad"": 3.186764789219189, ""center_radius_ratio"": 0.3781061899495528, ""mode"": ""random"", ""n_particles"": 512, ""name"": ""wafer_particles.pattern.C11_Hotspot_Elliptic"", ""rotation_deg"": 30.0, ""rotation_rad"": 3.1976623434041844, ""schema_version"": ""wafer_particles.pattern_config.v1"", ""sigma_x_ratio"": 0.044618095312474945, ""sigma_y_ratio"": 0.04922782783844454, ""wafer_radius_mm"": 150.0}",961
sample_000962,C07_StraightLine,1008,"{""angle_deg"": 40.57907707831598, ""n_particles"": 1008, ""name"": ""wafer_particles.pattern.C07_StraightLine"", ""offset_ratio"": 0.14899005213496092, ""schema_version"": ""wafer_particles.pattern_config.v1"", ""segment_half_length_ratio"": 0.8208499644102991, ""wafer_radius_mm"": 150.0, ""width_ratio"": 0.033540715488665156}",962
sample_000963,C03_Ring,612,"{""n_particles"": 612, ""name"": ""wafer_particles.pattern.C03_Ring"", ""radius_ratio"": 0.6474851640111983, ""schema_version"": ""wafer_particles.pattern_config.v1"", ""wafer_radius_mm"": 150.0, ""width_ratio"": 0.058444756659709635}",963
sample_000964,C01_Uniform,1367,"{""n_particles"": 1367, ""name"": ""wafer_particles.pattern.C01_Uniform"", ""schema_version"": ""wafer_particles.pattern_config.v1"", ""wafer_radius_mm"": 150.0}",964
sample_000965,C04_Sector_Edge,1023,"{""angle_center_rad"": 0.7754002968496386, ""angle_width_deg"": 53.18663614014275, ""edge_width_ratio"": 0.1031900123153691, ""n_particles"": 1023, ""name"": ""wafer_particles.pattern.C04_Sector_Edge"", ""radial_beta_alpha"": 2.042155463946553, ""radial_beta_beta"": 2.194485167360342, ""schema_version"": ""wafer_particles.pattern_config.v1"", ""side"": ""right"", ""theta_vonmises_kappa"": 5.773718906742089, ""wafer_radius_mm"": 150.0}",965
sample_000966,C07_StraightLine,992,"{""angle_deg"": 13.131064872450985, ""n_particles"": 992, ""name"": ""wafer_particles.pattern.C07_StraightLine"", ""offset_ratio"": -0.2957463840414666, ""schema_version"": ""wafer_particles.pattern_config.v1"", ""segment_half_length_ratio"": 0.47771174855309195, ""wafer_radius_mm"": 150.0, ""width_ratio"": 0.021366557231876727}",966
sample_000967,C03_Ring,1448,"{""n_particles"": 1448, ""name"": ""wafer_particles.pattern.C03_Ring"", ""radius_ratio"": 0.5872156362370444, ""schema_version"": ""wafer_particles.pattern_config.v1"", ""wafer_radius_mm"": 150.0, ""width_ratio"": 0.08130233532668121}",967
sample_000968,C11_Hotspot_Elliptic,588,"{""center_angle"": ""random"", ""center_angle_rad"": 5.696743442706249, ""center_radius_ratio"": 0.8515592241495556, ""mode"": ""random"", ""n_particles"": 588, ""name"": ""wafer_particles.pattern.C11_Hotspot_Elliptic"", ""rotation_deg"": 30.0, ""rotation_rad"": 4.014019467022225, ""schema_version"": ""wafer_particles.pattern_config.v1"", ""sigma_x_ratio"": 0.09009471501587406, ""sigma_y_ratio"": 0.049398821550906746, ""wafer_radius_mm"": 150.0}",968
sample_000969,C11_Hotspot_Elliptic,1304,"{""center_angle"": ""random"", ""center_angle_rad"": 1.5207092832317388, ""center_radius_ratio"": 0.39449184403713455, ""mode"": ""random"", ""n_particles"": 1304, ""name"": ""wafer_particles.pattern.C11_Hotspot_Elliptic"", ""rotation_deg"": 30.0, ""rotation_rad"": 1.8630871712098482, ""schema_version"": ""wafer_particles.pattern_config.v1"", ""sigma_x_ratio"": 0.0798335803964602, ""sigma_y_ratio"": 0.03210662457554316, ""wafer_radius_mm"": 150.0}",969
sample_000970,C07_StraightLine,751,"{""angle_deg"": 136.46947395140805, ""n_particles"": 751, ""name"": ""wafer_particles.pattern.C07_StraightLine"", ""offset_ratio"": -0.2950493574849981, ""schema_version"": ""wafer_particles.pattern_config.v1"", ""segment_half_length_ratio"": 0.5099590072940592, ""wafer_radius_mm"": 150.0, ""width_ratio"": 0.034148996053926246}",970
sample_000971,C03_Ring,1431,"{""n_particles"": 1431, ""name"": ""wafer_particles.pattern.C03_Ring"", ""radius_ratio"": 0.7068812157395608, ""schema_version"": ""wafer_particles.pattern_config.v1"", ""wafer_radius_mm"": 150.0, ""width_ratio"": 0.09858171194949068}",971
sample_000972,C04_Sector_Edge,1053,"{""angle_center_rad"": 4.03822347214675, ""angle_width_deg"": 75.4040674403582, ""edge_width_ratio"": 0.21780990529267746, ""n_particles"": 1053, ""name"": ""wafer_particles.pattern.C04_Sector_Edge"", ""radial_beta_alpha"": 3.4497114682786707, ""radial_beta_beta"": 2.345264642253997, ""schema_version"": ""wafer_particles.pattern_config.v1"", ""side"": ""right"", ""theta_vonmises_kappa"": 0.6964915193390873, ""wafer_radius_mm"": 150.0}",972
sample_000973,C03_Ring,1012,"{""n_particles"": 1012, ""name"": ""wafer_particles.pattern.C03_Ring"", ""radius_ratio"": 0.5007142772771189, ""schema_version"": ""wafer_particles.pattern_config.v1"", ""wafer_radius_mm"": 150.0, ""width_ratio"": 0.17404119062208145}",973
sample_000974,C01_Uniform,1423,"{""n_particles"": 1423, ""name"": ""wafer_particles.pattern.C01_Uniform"", ""schema_version"": ""wafer_particles.pattern_config.v1"", ""wafer_radius_mm"": 150.0}",974
sample_000975,C01_Uniform,761,"{""n_particles"": 761, ""name"": ""wafer_particles.pattern.C01_Uniform"", ""schema_version"": ""wafer_particles.pattern_config.v1"", ""wafer_radius_mm"": 150.0}",975
sample_000976,C11_Hotspot_Elliptic,872,"{""center_angle"": ""random"", ""center_angle_rad"": 5.677271125655741, ""center_radius_ratio"": 0.5761688520504614, ""mode"": ""random"", ""n_particles"": 872, ""name"": ""wafer_particles.pattern.C11_Hotspot_Elliptic"", ""rotation_deg"": 30.0, ""rotation_rad"": 5.305932486657343, ""schema_version"": ""wafer_particles.pattern_config.v1"", ""sigma_x_ratio"": 0.09389721073516265, ""sigma_y_ratio"": 0.03736312304025463, ""wafer_radius_mm"": 150.0}",976
sample_000977,C03_Ring,770,"{""n_particles"": 770, ""name"": ""wafer_particles.pattern.C03_Ring"", ""radius_ratio"": 0.7386745959380174, ""schema_version"": ""wafer_particles.pattern_config.v1"", ""wafer_radius_mm"": 150.0, ""width_ratio"": 0.16512770092509205}",977
sample_000978,C01_Uniform,1097,"{""n_particles"": 1097, ""name"": ""wafer_particles.pattern.C01_Uniform"", ""schema_version"": ""wafer_particles.pattern_config.v1"", ""wafer_radius_mm"": 150.0}",978
sample_000979,C07_StraightLine,891,"{""angle_deg"": 87.28511856651397, ""n_particles"": 891, ""name"": ""wafer_particles.pattern.C07_StraightLine"", ""offset_ratio"": 0.027329557088363432, ""schema_version"": ""wafer_particles.pattern_config.v1"", ""segment_half_length_ratio"": 0.8796125081303385, ""wafer_radius_mm"": 150.0, ""width_ratio"": 0.035302663121172854}",979
sample_000980,C07_StraightLine,1165,"{""angle_deg"": 22.734744244381616, ""n_particles"": 1165, ""name"": ""wafer_particles.pattern.C07_StraightLine"", ""offset_ratio"": 0.06270128462623542, ""schema_version"": ""wafer_particles.pattern_config.v1"", ""segment_half_length_ratio"": 0.898822574952461, ""wafer_radius_mm"": 150.0, ""width_ratio"": 0.037806889430780255}",980
sample_000981,C07_StraightLine,788,"{""angle_deg"": 1.6273680381581568, ""n_particles"": 788, ""name"": ""wafer_particles.pattern.C07_StraightLine"", ""offset_ratio"": -0.2558209770311943, ""schema_version"": ""wafer_particles.pattern_config.v1"", ""segment_half_length_ratio"": 0.8982267077284278, ""wafer_radius_mm"": 150.0, ""width_ratio"": 0.02570727582852834}",981
sample_000982,C04_Sector_Edge,1324,"{""angle_center_rad"": 0.1815936319520606, ""angle_width_deg"": 43.125699233089364, ""edge_width_ratio"": 0.146348343843551, ""n_particles"": 1324, ""name"": ""wafer_particles.pattern.C04_Sector_Edge"", ""radial_beta_alpha"": 2.7251793639249495, ""radial_beta_beta"": 0.8392273967716948, ""schema_version"": ""wafer_particles.pattern_config.v1"", ""side"": ""right"", ""theta_vonmises_kappa"": 6.355526649133117, ""wafer_radius_mm"": 150.0}",982
sample_000983,C01_Uniform,1104,"{""n_particles"": 1104, ""name"": ""wafer_particles.pattern.C01_Uniform"", ""schema_version"": ""wafer_particles.pattern_config.v1"", ""wafer_radius_mm"": 150.0}",983
sample_000984,C01_Uniform,1338,"{""n_particles"": 1338, ""name"": ""wafer_particles.pattern.C01_Uniform"", ""schema_version"": ""wafer_particles.pattern_config.v1"", ""wafer_radius_mm"": 150.0}",984
sample_000985,C11_Hotspot_Elliptic,955,"{""center_angle"": ""random"", ""center_angle_rad"": 2.8973108161707217, ""center_radius_ratio"": 0.6599711918682862, ""mode"": ""random"", ""n_particles"": 955, ""name"": ""wafer_particles.pattern.C11_Hotspot_Elliptic"", ""rotation_deg"": 30.0, ""rotation_rad"": 4.95983557987067, ""schema_version"": ""wafer_particles.pattern_config.v1"", ""sigma_x_ratio"": 0.035424860827351384, ""sigma_y_ratio"": 0.057765177233558625, ""wafer_radius_mm"": 150.0}",985
sample_000986,C01_Uniform,1322,"{""n_particles"": 1322, ""name"": ""wafer_particles.pattern.C01_Uniform"", ""schema_version"": ""wafer_particles.pattern_config.v1"", ""wafer_radius_mm"": 150.0}",986
sample_000987,C04_Sector_Edge,905,"{""angle_center_rad"": 3.9898165699242356, ""angle_width_deg"": 45.16950904534902, ""edge_width_ratio"": 0.19818871347428707, ""n_particles"": 905, ""name"": ""wafer_particles.pattern.C04_Sector_Edge"", ""radial_beta_alpha"": 3.688353948891767, ""radial_beta_beta"": 2.1991721801790227, ""schema_version"": ""wafer_particles.pattern_config.v1"", ""side"": ""right"", ""theta_vonmises_kappa"": 4.768578525927775, ""wafer_radius_mm"": 150.0}",987
sample_000988,C07_StraightLine,1265,"{""angle_deg"": 79.3985546340752, ""n_particles"": 1265, ""name"": ""wafer_particles.pattern.C07_StraightLine"", ""offset_ratio"": -0.04192816201959898, ""schema_version"": ""wafer_particles.pattern_config.v1"", ""segment_half_length_ratio"": 0.5449968571890437, ""wafer_radius_mm"": 150.0, ""width_ratio"": 0.015288376387822083}",988
sample_000989,C04_Sector_Edge,1234,"{""angle_center_rad"": 4.829625927292698, ""angle_width_deg"": 72.97944912100085, ""edge_width_ratio"": 0.19441295091323052, ""n_particles"": 1234, ""name"": ""wafer_particles.pattern.C04_Sector_Edge"", ""radial_beta_alpha"": 2.94130811432069, ""radial_beta_beta"": 1.5889588829691088, ""schema_version"": ""wafer_particles.pattern_config.v1"", ""side"": ""right"", ""theta_vonmises_kappa"": 9.787629564846979, ""wafer_radius_mm"": 150.0}",989
sample_000990,C07_StraightLine,604,"{""angle_deg"": 140.74729789831704, ""n_particles"": 604, ""name"": ""wafer_particles.pattern.C07_StraightLine"", ""offset_ratio"": 0.2220997140610929, ""schema_version"": ""wafer_particles.pattern_config.v1"", ""segment_half_length_ratio"": 0.4753770753103466, ""wafer_radius_mm"": 150.0, ""width_ratio"": 0.016800896807574957}",990
sample_000991,C07_StraightLine,557,"{""angle_deg"": 32.40813871499309, ""n_particles"": 557, ""name"": ""wafer_particles.pattern.C07_StraightLine"", ""offset_ratio"": -0.13216677463247822, ""schema_version"": ""wafer_particles.pattern_config.v1"", ""segment_half_length_ratio"": 0.7884586859059366, ""wafer_radius_mm"": 150.0, ""width_ratio"": 0.037061399719204004}",991
sample_000992,C07_StraightLine,1404,"{""angle_deg"": 169.94548966688714, ""n_particles"": 1404, ""name"": ""wafer_particles.pattern.C07_StraightLine"", ""offset_ratio"": -0.2166084045096269, ""schema_version"": ""wafer_particles.pattern_config.v1"", ""segment_half_length_ratio"": 0.8360317928502834, ""wafer_radius_mm"": 150.0, ""width_ratio"": 0.04439298996792263}",992
sample_000993,C03_Ring,1180,"{""n_particles"": 1180, ""name"": ""wafer_particles.pattern.C03_Ring"", ""radius_ratio"": 0.7171710492718365, ""schema_version"": ""wafer_particles.pattern_config.v1"", ""wafer_radius_mm"": 150.0, ""width_ratio"": 0.031517780093264856}",993
sample_000994,C03_Ring,1509,"{""n_particles"": 1509, ""name"": ""wafer_particles.pattern.C03_Ring"", ""radius_ratio"": 0.8752271933923121, ""schema_version"": ""wafer_particles.pattern_config.v1"", ""wafer_radius_mm"": 150.0, ""width_ratio"": 0.1679244475654085}",994
sample_000995,C11_Hotspot_Elliptic,643,"{""center_angle"": ""random"", ""center_angle_rad"": 3.226633584088914, ""center_radius_ratio"": 0.6371908383633732, ""mode"": ""random"", ""n_particles"": 643, ""name"": ""wafer_particles.pattern.C11_Hotspot_Elliptic"", ""rotation_deg"": 30.0, ""rotation_rad"": 3.166856644280937, ""schema_version"": ""wafer_particles.pattern_config.v1"", ""sigma_x_ratio"": 0.11484201015350141, ""sigma_y_ratio"": 0.04272252869975041, ""wafer_radius_mm"": 150.0}",995
sample_000996,C07_StraightLine,905,"{""angle_deg"": 64.10404008979916, ""n_particles"": 905, ""name"": ""wafer_particles.pattern.C07_StraightLine"", ""offset_ratio"": -0.2866666020133551, ""schema_version"": ""wafer_particles.pattern_config.v1"", ""segment_half_length_ratio"": 0.38376667370124035, ""wafer_radius_mm"": 150.0, ""width_ratio"": 0.047603190645233544}",996
sample_000997,C01_Uniform,1153,"{""n_particles"": 1153, ""name"": ""wafer_particles.pattern.C01_Uniform"", ""schema_version"": ""wafer_particles.pattern_config.v1"", ""wafer_radius_mm"": 150.0}",997
sample_000998,C11_Hotspot_Elliptic,964,"{""center_angle"": ""random"", ""center_angle_rad"": 2.2499189310577927, ""center_radius_ratio"": 0.8761537265708005, ""mode"": ""random"", ""n_particles"": 964, ""name"": ""wafer_particles.pattern.C11_Hotspot_Elliptic"", ""rotation_deg"": 30.0, ""rotation_rad"": 1.2846605905425132, ""schema_version"": ""wafer_particles.pattern_config.v1"", ""sigma_x_ratio"": 0.04973026942234538, ""sigma_y_ratio"": 0.01971106431112109, ""wafer_radius_mm"": 150.0}",998
sample_000999,C11_Hotspot_Elliptic,685,"{""center_angle"": ""random"", ""center_angle_rad"": 5.350013020555004, ""center_radius_ratio"": 0.7060707629542607, ""mode"": ""random"", ""n_particles"": 685, ""name"": ""wafer_particles.pattern.C11_Hotspot_Elliptic"", ""rotation_deg"": 30.0, ""rotation_rad"": 3.6909716180955403, ""schema_version"": ""wafer_particles.pattern_config.v1"", ""sigma_x_ratio"": 0.08836851021442825, ""sigma_y_ratio"": 0.05783430009925215, ""wafer_radius_mm"": 150.0}",999
