sample_id,label,n_particles,pattern_params,seed_offset
sample_000000,C07_StraightLine,109,"{""angle_deg"": 26.532751500185235, ""n_particles"": 109, ""name"": ""wafer_particles.pattern.C07_StraightLine"", ""offset_ratio"": 0.2503010795891412, ""schema_version"": ""wafer_particles.pattern_config.v1"", ""segment_half_length_ratio"": 0.792323853932041, ""wafer_radius_mm"": 150.0, ""width_ratio"": 0.016906395736383344}",0
sample_000001,C04_Sector_Edge,110,"{""angle_center_rad"": 4.907651202200273, ""angle_width_deg"": 24.70415984954921, ""edge_width_ratio"": 0.26632616525976965, ""n_particles"": 110, ""name"": ""wafer_particles.pattern.C04_Sector_Edge"", ""radial_beta_alpha"": 2.4044616018347282, ""radial_beta_beta"": 1.152224065689168, ""schema_version"": ""wafer_particles.pattern_config.v1"", ""side"": ""right"", ""theta_vonmises_kappa"": 6.5852766864015955, ""wafer_radius_mm"": 150.0}",1
sample_000002,C04_Sector_Edge,78,"{""angle_center_rad"": 2.1564733001202536, ""angle_width_deg"": 81.63952617058683, ""edge_width_ratio"": 0.07783816180216176, ""n_particles"": 78, ""name"": ""wafer_particles.pattern.C04_Sector_Edge"", ""radial_beta_alpha"": 1.2488101271399186, ""radial_beta_beta"": 1.8901141161406156, ""schema_version"": ""wafer_particles.pattern_config.v1"", ""side"": ""right"", ""theta_vonmises_kappa"": 5.986559656810051, ""wafer_radius_mm"": 150.0}",2
sample_000003,C01_Uniform,181,"{""n_particles"": 181, ""name"": ""wafer_particles.pattern.C01_Uniform"", ""schema_version"": ""wafer_particles.pattern_config.v1"", ""wafer_radius_mm"": 150.0}",3
sample_000004,C02_EdgeBiased,113,"{""edge_bias"": 2.5574035982355205, ""n_particles"": 113, ""name"": ""wafer_particles.pattern.C02_EdgeBiased"", ""schema_version"": ""wafer_particles.pattern_config.v1"", ""wafer_radius_mm"": 150.0}",4
sample_000005,C02_EdgeBiased,164,"{""edge_bias"": 1.52571418654076, ""n_particles"": 164, ""name"": ""wafer_particles.pattern.C02_EdgeBiased"", ""schema_version"": ""wafer_particles.pattern_config.v1"", ""wafer_radius_mm"": 150.0}",5
sample_000006,C08_CurvedScratch,72,"{""angle_center_deg"": 0.0, ""angle_center_rad"": 2.9301241699432867, ""arc_radius_ratio"": 0.488612709759365, ""n_particles"": 72, ""name"": ""wafer_particles.pattern.C08_CurvedScratch"", ""schema_version"": ""wafer_particles.pattern_config.v1"", ""span_deg"": 147.92681265351442, ""wafer_radius_mm"": 150.0, ""width_ratio"": 0.03774049847961729}",6
sample_000007,C05_Sector_Internal,117,"{""angle_center_rad"": 0.535358858318839, ""angle_width_deg"": 58.68810569231959, ""edge_margin_norm"": 0.05, ""n_particles"": 117, ""name"": ""wafer_particles.pattern.C05_Sector_Internal"", ""r_inner_ratio"": 0.3323456479853587, ""r_outer_ratio"": 0.6846796517842536, ""radial_beta_alpha"": 3.716855259945671, ""radial_beta_beta"": 3.6955349431874867, ""schema_version"": ""wafer_particles.pattern_config.v1"", ""theta_vonmises_kappa"": 7.697283358784212, ""wafer_radius_mm"": 150.0}",7
sample_000008,C07_StraightLine,173,"{""angle_deg"": 3.683617072683858, ""n_particles"": 173, ""name"": ""wafer_particles.pattern.C07_StraightLine"", ""offset_ratio"": -0.07182136431260124, ""schema_version"": ""wafer_particles.pattern_config.v1"", ""segment_half_length_ratio"": 0.30752237538573013, ""wafer_radius_mm"": 150.0, ""width_ratio"": 0.03760966828093387}",8
sample_000009,C04_Sector_Edge,33,"{""angle_center_rad"": 2.9909720370735347, ""angle_width_deg"": 63.42550963280228, ""edge_width_ratio"": 0.2261924086731859, ""n_particles"": 33, ""name"": ""wafer_particles.pattern.C04_Sector_Edge"", ""radial_beta_alpha"": 1.7274544877462839, ""radial_beta_beta"": 0.8345694571102185, ""schema_version"": ""wafer_particles.pattern_config.v1"", ""side"": ""right"", ""theta_vonmises_kappa"": 2.031592559410441, ""wafer_radius_mm"": 150.0}",9
sample_000010,C02_EdgeBiased,73,"{""edge_bias"": 1.562392510104012, ""n_particles"": 73, ""name"": ""wafer_particles.pattern.C02_EdgeBiased"", ""schema_version"": ""wafer_particles.pattern_config.v1"", ""wafer_radius_mm"": 150.0}",10
sample_000011,C04_Sector_Edge,147,"{""angle_center_rad"": 4.6597239052592565, ""angle_width_deg"": 48.02012546367307, ""edge_width_ratio"": 0.11262191279343108, ""n_particles"": 147, ""name"": ""wafer_particles.pattern.C04_Sector_Edge"", ""radial_beta_alpha"": 2.9803213252217486, ""radial_beta_beta"": 3.376341908506673, ""schema_version"": ""wafer_particles.pattern_config.v1"", ""side"": ""right"", ""theta_vonmises_kappa"": 1.817937401372628, ""wafer_radius_mm"": 150.0}",11
sample_000012,C04_Sector_Edge,14,"{""angle_center_rad"": 0.7737308251046766, ""angle_width_deg"": 26.039707483594402, ""edge_width_ratio"": 0.09222910580319242, ""n_particles"": 14, ""name"": ""wafer_particles.pattern.C04_Sector_Edge"", ""radial_beta_alpha"": 1.5349540636791663, ""radial_beta_beta"": 2.5406929210898004, ""schema_version"": ""wafer_particles.pattern_config.v1"", ""side"": ""right"", ""theta_vonmises_kappa"": 8.960428274039705, ""wafer_radius_mm"": 150.0}",12
sample_000013,C05_Sector_Internal,69,"{""angle_center_rad"": 4.881412342990255, ""angle_width_deg"": 78.45605784675058, ""edge_margin_norm"": 0.05, ""n_particles"": 69, ""name"": ""wafer_particles.pattern.C05_Sector_Internal"", ""r_inner_ratio"": 0.3788215735587903, ""r_outer_ratio"": 0.7521216605112591, ""radial_beta_alpha"": 3.9589812817023344, ""radial_beta_beta"": 2.969063245131859, ""schema_version"": ""wafer_particles.pattern_config.v1"", ""theta_vonmises_kappa"": 5.154374682827256, ""wafer_radius_mm"": 150.0}",13
sample_000014,C08_CurvedScratch,106,"{""angle_center_deg"": 0.0, ""angle_center_rad"": 3.790557782552255, ""arc_radius_ratio"": 0.471444875111455, ""n_particles"": 106, ""name"": ""wafer_particles.pattern.C08_CurvedScratch"", ""schema_version"": ""wafer_particles.pattern_config.v1"", ""span_deg"": 131.3293428547398, ""wafer_radius_mm"": 150.0, ""width_ratio"": 0.03277599457056584}",14
sample_000015,C09_Spiral,19,"{""end_r_ratio"": 0.7043403374664571, ""n_particles"": 19, ""name"": ""wafer_particles.pattern.C09_Spiral"", ""schema_version"": ""wafer_particles.pattern_config.v1"", ""start_r_ratio"": 0.15297241344273468, ""theta_max"": 17.538183248934217, ""wafer_radius_mm"": 150.0, ""width_ratio"": 0.027038450356125496}",15
sample_000016,C03_Ring,119,"{""n_particles"": 119, ""name"": ""wafer_particles.pattern.C03_Ring"", ""radius_ratio"": 0.7814391028597834, ""schema_version"": ""wafer_particles.pattern_config.v1"", ""wafer_radius_mm"": 150.0, ""width_ratio"": 0.16760185213724102}",16
sample_000017,C10_Hotspot_Iso,72,"{""center_angle"": ""random"", ""center_angle_rad"": 1.1030554840166098, ""center_radius_ratio"": 0.6877201328357149, ""mode"": ""random"", ""n_particles"": 72, ""name"": ""wafer_particles.pattern.C10_Hotspot_Iso"", ""schema_version"": ""wafer_particles.pattern_config.v1"", ""sigma_ratio"": 0.10783009650272175, ""wafer_radius_mm"": 150.0}",17
sample_000018,C03_Ring,173,"{""n_particles"": 173, ""name"": ""wafer_particles.pattern.C03_Ring"", ""radius_ratio"": 0.8988961144000069, ""schema_version"": ""wafer_particles.pattern_config.v1"", ""wafer_radius_mm"": 150.0, ""width_ratio"": 0.16083881596919172}",18
sample_000019,C06_RadialLines,66,"{""angular_jitter_deg"": 3.3073902199039233, ""n_lines"": 6, ""n_particles"": 66, ""name"": ""wafer_particles.pattern.C06_RadialLines"", ""r_max_ratio"": 0.9371937344794428, ""r_min_ratio"": 0.10418029883102115, ""schema_version"": ""wafer_particles.pattern_config.v1"", ""sigma_perp_ratio"": 0.004198812196087193, ""wafer_radius_mm"": 150.0}",19
sample_000020,C08_CurvedScratch,22,"{""angle_center_deg"": 0.0, ""angle_center_rad"": 1.1637376878975776, ""arc_radius_ratio"": 0.8350211731093151, ""n_particles"": 22, ""name"": ""wafer_particles.pattern.C08_CurvedScratch"", ""schema_version"": ""wafer_particles.pattern_config.v1"", ""span_deg"": 106.37610893066443, ""wafer_radius_mm"": 150.0, ""width_ratio"": 0.011427182142775535}",20
sample_000021,C01_Uniform,35,"{""n_particles"": 35, ""name"": ""wafer_particles.pattern.C01_Uniform"", ""schema_version"": ""wafer_particles.pattern_config.v1"", ""wafer_radius_mm"": 150.0}",21
sample_000022,C04_Sector_Edge,193,"{""angle_center_rad"": 5.686188529722356, ""angle_width_deg"": 78.20154968128173, ""edge_width_ratio"": 0.11884961480676563, ""n_particles"": 193, ""name"": ""wafer_particles.pattern.C04_Sector_Edge"", ""radial_beta_alpha"": 1.7061614920624542, ""radial_beta_beta"": 1.93606383466906, ""schema_version"": ""wafer_particles.pattern_config.v1"", ""side"": ""right"", ""theta_vonmises_kappa"": 6.579509405219872, ""wafer_radius_mm"": 150.0}",22
sample_000023,C05_Sector_Internal,136,"{""angle_center_rad"": 4.144562446442234, ""angle_width_deg"": 56.52440036929198, ""edge_margin_norm"": 0.05, ""n_particles"": 136, ""name"": ""wafer_particles.pattern.C05_Sector_Internal"", ""r_inner_ratio"": 0.3163322131319686, ""r_outer_ratio"": 0.6575605075408051, ""radial_beta_alpha"": 1.3496600114312587, ""radial_beta_beta"": 2.6390848450791036, ""schema_version"": ""wafer_particles.pattern_config.v1"", ""theta_vonmises_kappa"": 5.514387431087775, ""wafer_radius_mm"": 150.0}",23
sample_000024,C07_StraightLine,146,"{""angle_deg"": 12.988354042349112, ""n_particles"": 146, ""name"": ""wafer_particles.pattern.C07_StraightLine"", ""offset_ratio"": -0.275416833059811, ""schema_version"": ""wafer_particles.pattern_config.v1"", ""segment_half_length_ratio"": 0.6170164297247338, ""wafer_radius_mm"": 150.0, ""width_ratio"": 0.0495925310773032}",24
sample_000025,C10_Hotspot_Iso,73,"{""center_angle"": ""random"", ""center_angle_rad"": 4.890114819244643, ""center_radius_ratio"": 0.021183874122294034, ""mode"": ""random"", ""n_particles"": 73, ""name"": ""wafer_particles.pattern.C10_Hotspot_Iso"", ""schema_version"": ""wafer_particles.pattern_config.v1"", ""sigma_ratio"": 0.03657631432318788, ""wafer_radius_mm"": 150.0}",25
sample_000026,C08_CurvedScratch,104,"{""angle_center_deg"": 0.0, ""angle_center_rad"": 2.2682630333394114, ""arc_radius_ratio"": 0.8996102082782735, ""n_particles"": 104, ""name"": ""wafer_particles.pattern.C08_CurvedScratch"", ""schema_version"": ""wafer_particles.pattern_config.v1"", ""span_deg"": 147.61189839441352, ""wafer_radius_mm"": 150.0, ""width_ratio"": 0.04369842627068611}",26
sample_000027,C03_Ring,165,"{""n_particles"": 165, ""name"": ""wafer_particles.pattern.C03_Ring"", ""radius_ratio"": 0.6149563716128097, ""schema_version"": ""wafer_particles.pattern_config.v1"", ""wafer_radius_mm"": 150.0, ""width_ratio"": 0.15491714312824476}",27
sample_000028,C08_CurvedScratch,112,"{""angle_center_deg"": 0.0, ""angle_center_rad"": 3.57603432820514, ""arc_radius_ratio"": 0.7162299189835684, ""n_particles"": 112, ""name"": ""wafer_particles.pattern.C08_CurvedScratch"", ""schema_version"": ""wafer_particles.pattern_config.v1"", ""span_deg"": 112.56423724931436, ""wafer_radius_mm"": 150.0, ""width_ratio"": 0.03871004993443471}",28
sample_000029,C01_Uniform,20,"{""n_particles"": 20, ""name"": ""wafer_particles.pattern.C01_Uniform"", ""schema_version"": ""wafer_particles.pattern_config.v1"", ""wafer_radius_mm"": 150.0}",29
sample_000030,C09_Spiral,107,"{""end_r_ratio"": 0.9127018049478116, ""n_particles"": 107, ""name"": ""wafer_particles.pattern.C09_Spiral"", ""schema_version"": ""wafer_particles.pattern_config.v1"", ""start_r_ratio"": 0.06897863661609778, ""theta_max"": 17.342609450152718, ""wafer_radius_mm"": 150.0, ""width_ratio"": 0.009749511477740959}",30
sample_000031,C02_EdgeBiased,92,"{""edge_bias"": 2.625597646432778, ""n_particles"": 92, ""name"": ""wafer_particles.pattern.C02_EdgeBiased"", ""schema_version"": ""wafer_particles.pattern_config.v1"", ""wafer_radius_mm"": 150.0}",31
sample_000032,C09_Spiral,57,"{""end_r_ratio"": 0.752185680337074, ""n_particles"": 57, ""name"": ""wafer_particles.pattern.C09_Spiral"", ""schema_version"": ""wafer_particles.pattern_config.v1"", ""start_r_ratio"": 0.15666346742265896, ""theta_max"": 17.28030059087339, ""wafer_radius_mm"": 150.0, ""width_ratio"": 0.032267606818947366}",32
sample_000033,C07_StraightLine,31,"{""angle_deg"": 105.31936299676542, ""n_particles"": 31, ""name"": ""wafer_particles.pattern.C07_StraightLine"", ""offset_ratio"": 0.058271799631215024, ""schema_version"": ""wafer_particles.pattern_config.v1"", ""segment_half_length_ratio"": 0.34338792450345923, ""wafer_radius_mm"": 150.0, ""width_ratio"": 0.013878888381501382}",33
sample_000034,C08_CurvedScratch,164,"{""angle_center_deg"": 0.0, ""angle_center_rad"": 4.913458110427853, ""arc_radius_ratio"": 0.6569809515809542, ""n_particles"": 164, ""name"": ""wafer_particles.pattern.C08_CurvedScratch"", ""schema_version"": ""wafer_particles.pattern_config.v1"", ""span_deg"": 144.15594947055405, ""wafer_radius_mm"": 150.0, ""width_ratio"": 0.03896397648584685}",34
sample_000035,C05_Sector_Internal,146,"{""angle_center_rad"": 0.8760348493200905, ""angle_width_deg"": 107.63261404857816, ""edge_margin_norm"": 0.05, ""n_particles"": 146, ""name"": ""wafer_particles.pattern.C05_Sector_Internal"", ""r_inner_ratio"": 0.10904367737316208, ""r_outer_ratio"": 0.7861643320683318, ""radial_beta_alpha"": 2.266465380540561, ""radial_beta_beta"": 2.3967299205976325, ""schema_version"": ""wafer_particles.pattern_config.v1"", ""theta_vonmises_kappa"": 0.8066104188862114, ""wafer_radius_mm"": 150.0}",35
sample_000036,C09_Spiral,70,"{""end_r_ratio"": 0.901788154058624, ""n_particles"": 70, ""name"": ""wafer_particles.pattern.C09_Spiral"", ""schema_version"": ""wafer_particles.pattern_config.v1"", ""start_r_ratio"": 0.07942600529617841, ""theta_max"": 16.76060406309834, ""wafer_radius_mm"": 150.0, ""width_ratio"": 0.042022325330816374}",36
sample_000037,C09_Spiral,178,"{""end_r_ratio"": 0.9578534755007325, ""n_particles"": 178, ""name"": ""wafer_particles.pattern.C09_Spiral"", ""schema_version"": ""wafer_particles.pattern_config.v1"", ""start_r_ratio"": 0.02819745292186162, ""theta_max"": 11.324871498148777, ""wafer_radius_mm"": 150.0, ""width_ratio"": 0.02561810530436662}",37
sample_000038,C02_EdgeBiased,166,"{""edge_bias"": 1.8987600548301329, ""n_particles"": 166, ""name"": ""wafer_particles.pattern.C02_EdgeBiased"", ""schema_version"": ""wafer_particles.pattern_config.v1"", ""wafer_radius_mm"": 150.0}",38
sample_000039,C06_RadialLines,172,"{""angular_jitter_deg"": 3.7949515788272232, ""n_lines"": 6, ""n_particles"": 172, ""name"": ""wafer_particles.pattern.C06_RadialLines"", ""r_max_ratio"": 0.8209689883214419, ""r_min_ratio"": 0.16261111794996358, ""schema_version"": ""wafer_particles.pattern_config.v1"", ""sigma_perp_ratio"": 0.02279997384364544, ""wafer_radius_mm"": 150.0}",39
sample_000040,C07_StraightLine,132,"{""angle_deg"": 105.47776004390116, ""n_particles"": 132, ""name"": ""wafer_particles.pattern.C07_StraightLine"", ""offset_ratio"": 0.217545251553289, ""schema_version"": ""wafer_particles.pattern_config.v1"", ""segment_half_length_ratio"": 0.3823493827106433, ""wafer_radius_mm"": 150.0, ""width_ratio"": 0.04150367114703467}",40
sample_000041,C03_Ring,84,"{""n_particles"": 84, ""name"": ""wafer_particles.pattern.C03_Ring"", ""radius_ratio"": 0.40347400520626986, ""schema_version"": ""wafer_particles.pattern_config.v1"", ""wafer_radius_mm"": 150.0, ""width_ratio"": 0.19723606854720196}",41
sample_000042,C04_Sector_Edge,178,"{""angle_center_rad"": 4.600430520773261, ""angle_width_deg"": 80.17536486744038, ""edge_width_ratio"": 0.27609823791271804, ""n_particles"": 178, ""name"": ""wafer_particles.pattern.C04_Sector_Edge"", ""radial_beta_alpha"": 2.364343051026777, ""radial_beta_beta"": 1.821457023642157, ""schema_version"": ""wafer_particles.pattern_config.v1"", ""side"": ""right"", ""theta_vonmises_kappa"": 6.70176113484974, ""wafer_radius_mm"": 150.0}",42
sample_000043,C02_EdgeBiased,176,"{""edge_bias"": 2.9370195004553774, ""n_particles"": 176, ""name"": ""wafer_particles.pattern.C02_EdgeBiased"", ""schema_version"": ""wafer_particles.pattern_config.v1"", ""wafer_radius_mm"": 150.0}",43
sample_000044,C01_Uniform,18,"{""n_particles"": 18, ""name"": ""wafer_particles.pattern.C01_Uniform"", ""schema_version"": ""wafer_particles.pattern_config.v1"", ""wafer_radius_mm"": 150.0}",44
sample_000045,C06_RadialLines,33,"{""angular_jitter_deg"": 2.8181662229001536, ""n_lines"": 4, ""n_particles"": 33, ""name"": ""wafer_particles.pattern.C06_RadialLines"", ""r_max_ratio"": 0.840436519592616, ""r_min_ratio"": 0.23571058590984945, ""schema_version"": ""wafer_particles.pattern_config.v1"", ""sigma_perp_ratio"": 0.005175803917888975, ""wafer_radius_mm"": 150.0}",45
sample_000046,C03_Ring,142,"{""n_particles"": 142, ""name"": ""wafer_particles.pattern.C03_Ring"", ""radius_ratio"": 0.8345018823711605, ""schema_version"": ""wafer_particles.pattern_config.v1"", ""wafer_radius_mm"": 150.0, ""width_ratio"": 0.13702831086105113}",46
sample_000047,C08_CurvedScratch,144,"{""angle_center_deg"": 0.0, ""angle_center_rad"": 1.8816535088006707, ""arc_radius_ratio"": 0.7493176883323958, ""n_particles"": 144, ""name"": ""wafer_particles.pattern.C08_CurvedScratch"", ""schema_version"": ""wafer_particles.pattern_config.v1"", ""span_deg"": 78.55244546135523, ""wafer_radius_mm"": 150.0, ""width_ratio"": 0.01066386914066956}",47
sample_000048,C07_StraightLine,44,"{""angle_deg"": 24.450321260214537, ""n_particles"": 44, ""name"": ""wafer_particles.pattern.C07_StraightLine"", ""offset_ratio"": 0.2712205260604792, ""schema_version"": ""wafer_particles.pattern_config.v1"", ""segment_half_length_ratio"": 0.5412970546908981, ""wafer_radius_mm"": 150.0, ""width_ratio"": 0.027895452479252625}",48
sample_000049,C08_CurvedScratch,156,"{""angle_center_deg"": 0.0, ""angle_center_rad"": 1.179713018354995, ""arc_radius_ratio"": 0.49821115464029114, ""n_particles"": 156, ""name"": ""wafer_particles.pattern.C08_CurvedScratch"", ""schema_version"": ""wafer_particles.pattern_config.v1"", ""span_deg"": 133.52901939419462, ""wafer_radius_mm"": 150.0, ""width_ratio"": 0.030411729350440016}",49
sample_000050,C01_Uniform,69,"{""n_particles"": 69, ""name"": ""wafer_particles.pattern.C01_Uniform"", ""schema_version"": ""wafer_particles.pattern_config.v1"", ""wafer_radius_mm"": 150.0}",50
sample_000051,C06_RadialLines,99,"{""angular_jitter_deg"": 1.3866633516010292, ""n_lines"": 6, ""n_particles"": 99, ""name"": ""wafer_particles.pattern.C06_RadialLines"", ""r_max_ratio"": 0.8503154443825157, ""r_min_ratio"": 0.20646877282663417, ""schema_version"": ""wafer_particles.pattern_config.v1"", ""sigma_perp_ratio"": 0.02935629997695466, ""wafer_radius_mm"": 150.0}",51
sample_000052,C10_Hotspot_Iso,81,"{""center_angle"": ""random"", ""center_angle_rad"": 0.2862675817734964, ""center_radius_ratio"": 0.6954030904241486, ""mode"": ""random"", ""n_particles"": 81, ""name"": ""wafer_particles.pattern.C10_Hotspot_Iso"", ""schema_version"": ""wafer_particles.pattern_config.v1"", ""sigma_ratio"": 0.10749639629113243, ""wafer_radius_mm"": 150.0}",52
sample_000053,C07_StraightLine,169,"{""angle_deg"": 20.368590918596638, ""n_particles"": 169, ""name"": ""wafer_particles.pattern.C07_StraightLine"", ""offset_ratio"": -0.0178605361265298, ""schema_version"": ""wafer_particles.pattern_config.v1"", ""segment_half_length_ratio"": 0.7741083225784106, ""wafer_radius_mm"": 150.0, ""width_ratio"": 0.043632471138041355}",53
sample_000054,C05_Sector_Internal,169,"{""angle_center_rad"": 4.543963431526713, ""angle_width_deg"": 113.20456034896502, ""edge_margin_norm"": 0.05, ""n_particles"": 169, ""name"": ""wafer_particles.pattern.C05_Sector_Internal"", ""r_inner_ratio"": 0.399138509055691, ""r_outer_ratio"": 0.5332029816155897, ""radial_beta_alpha"": 1.945346165425074, ""radial_beta_beta"": 3.7730502031772573, ""schema_version"": ""wafer_particles.pattern_config.v1"", ""theta_vonmises_kappa"": 6.692081247671043, ""wafer_radius_mm"": 150.0}",54
sample_000055,C01_Uniform,123,"{""n_particles"": 123, ""name"": ""wafer_particles.pattern.C01_Uniform"", ""schema_version"": ""wafer_particles.pattern_config.v1"", ""wafer_radius_mm"": 150.0}",55
sample_000056,C05_Sector_Internal,93,"{""angle_center_rad"": 5.124825244711509, ""angle_width_deg"": 77.43409660931903, ""edge_margin_norm"": 0.05, ""n_particles"": 93, ""name"": ""wafer_particles.pattern.C05_Sector_Internal"", ""r_inner_ratio"": 0.05610272161598771, ""r_outer_ratio"": 0.5514400518455997, ""radial_beta_alpha"": 2.281442238332884, ""radial_beta_beta"": 2.311196890093831, ""schema_version"": ""wafer_particles.pattern_config.v1"", ""theta_vonmises_kappa"": 1.9253107059885513, ""wafer_radius_mm"": 150.0}",56
sample_000057,C02_EdgeBiased,157,"{""edge_bias"": 2.2026918421181576, ""n_particles"": 157, ""name"": ""wafer_particles.pattern.C02_EdgeBiased"", ""schema_version"": ""wafer_particles.pattern_config.v1"", ""wafer_radius_mm"": 150.0}",57
sample_000058,C03_Ring,49,"{""n_particles"": 49, ""name"": ""wafer_particles.pattern.C03_Ring"", ""radius_ratio"": 0.4298010247941639, ""schema_version"": ""wafer_particles.pattern_config.v1"", ""wafer_radius_mm"": 150.0, ""width_ratio"": 0.1703294893174578}",58
sample_000059,C08_CurvedScratch,25,"{""angle_center_deg"": 0.0, ""angle_center_rad"": 4.36834229380315, ""arc_radius_ratio"": 0.5232846348174611, ""n_particles"": 25, ""name"": ""wafer_particles.pattern.C08_CurvedScratch"", ""schema_version"": ""wafer_particles.pattern_config.v1"", ""span_deg"": 77.33261196865969, ""wafer_radius_mm"": 150.0, ""width_ratio"": 0.03128003062392856}",59
sample_000060,C08_CurvedScratch,164,"{""angle_center_deg"": 0.0, ""angle_center_rad"": 1.4437750354480727, ""arc_radius_ratio"": 0.8776512882996854, ""n_particles"": 164, ""name"": ""wafer_particles.pattern.C08_CurvedScratch"", ""schema_version"": ""wafer_particles.pattern_config.v1"", ""span_deg"": 121.98970485452845, ""wafer_radius_mm"": 150.0, ""width_ratio"": 0.027737631021912037}",60
sample_000061,C08_CurvedScratch,17,"{""angle_center_deg"": 0.0, ""angle_center_rad"": 3.1207050295276075, ""arc_radius_ratio"": 0.6858706898823502, ""n_particles"": 17, ""name"": ""wafer_particles.pattern.C08_CurvedScratch"", ""schema_version"": ""wafer_particles.pattern_config.v1"", ""span_deg"": 143.0662770072435, ""wafer_radius_mm"": 150.0, ""width_ratio"": 0.030894671919483526}",61
sample_000062,C05_Sector_Internal,15,"{""angle_center_rad"": 5.23276773425409, ""angle_width_deg"": 57.294380451780334, ""edge_margin_norm"": 0.05, ""n_particles"": 15, ""name"": ""wafer_particles.pattern.C05_Sector_Internal"", ""r_inner_ratio"": 0.2998931242484042, ""r_outer_ratio"": 0.5446965217570048, ""radial_beta_alpha"": 1.3310262616555735, ""radial_beta_beta"": 1.3292525281359964, ""schema_version"": ""wafer_particles.pattern_config.v1"", ""theta_vonmises_kappa"": 1.4651378770255632, ""wafer_radius_mm"": 150.0}",62
sample_000063,C07_StraightLine,145,"{""angle_deg"": 28.98822819513087, ""n_particles"": 145, ""name"": ""wafer_particles.pattern.C07_StraightLine"", ""offset_ratio"": -0.0749455600383031, ""schema_version"": ""wafer_particles.pattern_config.v1"", ""segment_half_length_ratio"": 0.7624603316128574, ""wafer_radius_mm"": 150.0, ""width_ratio"": 0.03231402722075942}",63
sample_000064,C01_Uniform,179,"{""n_particles"": 179, ""name"": ""wafer_particles.pattern.C01_Uniform"", ""schema_version"": ""wafer_particles.pattern_config.v1"", ""wafer_radius_mm"": 150.0}",64
sample_000065,C04_Sector_Edge,91,"{""angle_center_rad"": 0.5319010790639512, ""angle_width_deg"": 50.12632349815325, ""edge_width_ratio"": 0.16270861372189155, ""n_particles"": 91, ""name"": ""wafer_particles.pattern.C04_Sector_Edge"", ""radial_beta_alpha"": 2.712987196277258, ""radial_beta_beta"": 1.5335198185505508, ""schema_version"": ""wafer_particles.pattern_config.v1"", ""side"": ""right"", ""theta_vonmises_kappa"": 5.858615705293624, ""wafer_radius_mm"": 150.0}",65
sample_000066,C06_RadialLines,161,"{""angular_jitter_deg"": 1.299772921950958, ""n_lines"": 4, ""n_particles"": 161, ""name"": ""wafer_particles.pattern.C06_RadialLines"", ""r_max_ratio"": 0.9866320788849069, ""r_min_ratio"": 0.2693622744811994, ""schema_version"": ""wafer_particles.pattern_config.v1"", ""sigma_perp_ratio"": 0.026032451070188003, ""wafer_radius_mm"": 150.0}",66
sample_000067,C04_Sector_Edge,13,"{""angle_center_rad"": 3.108714638000086, ""angle_width_deg"": 59.877841916885345, ""edge_width_ratio"": 0.12561513590526058, ""n_particles"": 13, ""name"": ""wafer_particles.pattern.C04_Sector_Edge"", ""radial_beta_alpha"": 1.5439729642438826, ""radial_beta_beta"": 2.6252224047005583, ""schema_version"": ""wafer_particles.pattern_config.v1"", ""side"": ""right"", ""theta_vonmises_kappa"": 4.376881268388555, ""wafer_radius_mm"": 150.0}",67
sample_000068,C09_Spiral,160,"{""end_r_ratio"": 0.866240053914086, ""n_particles"": 160, ""name"": ""wafer_particles.pattern.C09_Spiral"", ""schema_version"": ""wafer_particles.pattern_config.v1"", ""start_r_ratio"": 0.2794743627383296, ""theta_max"": 14.633631271088435, ""wafer_radius_mm"": 150.0, ""width_ratio"": 0.025639748337615346}",68
sample_000069,C04_Sector_Edge,38,"{""angle_center_rad"": 0.1275128859988509, ""angle_width_deg"": 83.90788464056068, ""edge_width_ratio"": 0.20720553156487265, ""n_particles"": 38, ""name"": ""wafer_particles.pattern.C04_Sector_Edge"", ""radial_beta_alpha"": 1.8444178615924909, ""radial_beta_beta"": 2.1822010678461234, ""schema_version"": ""wafer_particles.pattern_config.v1"", ""side"": ""right"", ""theta_vonmises_kappa"": 4.2719501560480815, ""wafer_radius_mm"": 150.0}",69
sample_000070,C09_Spiral,181,"{""end_r_ratio"": 0.9388594777996744, ""n_particles"": 181, ""name"": ""wafer_particles.pattern.C09_Spiral"", ""schema_version"": ""wafer_particles.pattern_config.v1"", ""start_r_ratio"": 0.22636617578003115, ""theta_max"": 6.879748923525732, ""wafer_radius_mm"": 150.0, ""width_ratio"": 0.007377979314485456}",70
sample_000071,C07_StraightLine,188,"{""angle_deg"": 118.43753638430998, ""n_particles"": 188, ""name"": ""wafer_particles.pattern.C07_StraightLine"", ""offset_ratio"": 0.2508260558125307, ""schema_version"": ""wafer_particles.pattern_config.v1"", ""segment_half_length_ratio"": 0.4805631204171901, ""wafer_radius_mm"": 150.0, ""width_ratio"": 0.01011645241107116}",71
sample_000072,C01_Uniform,99,"{""n_particles"": 99, ""name"": ""wafer_particles.pattern.C01_Uniform"", ""schema_version"": ""wafer_particles.pattern_config.v1"", ""wafer_radius_mm"": 150.0}",72
sample_000073,C09_Spiral,53,"{""end_r_ratio"": 0.7645768188234069, ""n_particles"": 53, ""name"": ""wafer_particles.pattern.C09_Spiral"", ""schema_version"": ""wafer_particles.pattern_config.v1"", ""start_r_ratio"": 0.12950166168708738, ""theta_max"": 14.034037478232625, ""wafer_radius_mm"": 150.0, ""width_ratio"": 0.04871610490528584}",73
sample_000074,C10_Hotspot_Iso,91,"{""center_angle"": ""random"", ""center_angle_rad"": 4.9826021970708405, ""center_radius_ratio"": 0.2242486600215241, ""mode"": ""random"", ""n_particles"": 91, ""name"": ""wafer_particles.pattern.C10_Hotspot_Iso"", ""schema_version"": ""wafer_particles.pattern_config.v1"", ""sigma_ratio"": 0.030598728071368302, ""wafer_radius_mm"": 150.0}",74
sample_000075,C08_CurvedScratch,98,"{""angle_center_deg"": 0.0, ""angle_center_rad"": 3.393315147441871, ""arc_radius_ratio"": 0.8291676496561008, ""n_particles"": 98, ""name"": ""wafer_particles.pattern.C08_CurvedScratch"", ""schema_version"": ""wafer_particles.pattern_config.v1"", ""span_deg"": 89.31424887016155, ""wafer_radius_mm"": 150.0, ""width_ratio"": 0.03159002606589196}",75
sample_000076,C03_Ring,39,"{""n_particles"": 39, ""name"": ""wafer_particles.pattern.C03_Ring"", ""radius_ratio"": 0.6706466973918603, ""schema_version"": ""wafer_particles.pattern_config.v1"", ""wafer_radius_mm"": 150.0, ""width_ratio"": 0.1269461263686253}",76
sample_000077,C01_Uniform,80,"{""n_particles"": 80, ""name"": ""wafer_particles.pattern.C01_Uniform"", ""schema_version"": ""wafer_particles.pattern_config.v1"", ""wafer_radius_mm"": 150.0}",77
sample_000078,C06_RadialLines,110,"{""angular_jitter_deg"": 0.8030868646118838, ""n_lines"": 8, ""n_particles"": 110, ""name"": ""wafer_particles.pattern.C06_RadialLines"", ""r_max_ratio"": 0.8163689421854937, ""r_min_ratio"": 0.024121933070853162, ""schema_version"": ""wafer_particles.pattern_config.v1"", ""sigma_perp_ratio"": 0.027055150916344667, ""wafer_radius_mm"": 150.0}",78
sample_000079,C01_Uniform,147,"{""n_particles"": 147, ""name"": ""wafer_particles.pattern.C01_Uniform"", ""schema_version"": ""wafer_particles.pattern_config.v1"", ""wafer_radius_mm"": 150.0}",79
sample_000080,C05_Sector_Internal,26,"{""angle_center_rad"": 5.8883952487002675, ""angle_width_deg"": 96.73891247069022, ""edge_margin_norm"": 0.05, ""n_particles"": 26, ""name"": ""wafer_particles.pattern.C05_Sector_Internal"", ""r_inner_ratio"": 0.1467922073237087, ""r_outer_ratio"": 0.8390532307154046, ""radial_beta_alpha"": 1.6321096699081943, ""radial_beta_beta"": 3.573440020246126, ""schema_version"": ""wafer_particles.pattern_config.v1"", ""theta_vonmises_kappa"": 3.7895759987013964, ""wafer_radius_mm"": 150.0}",80
sample_000081,C08_CurvedScratch,144,"{""angle_center_deg"": 0.0, ""angle_center_rad"": 1.674838434535635, ""arc_radius_ratio"": 0.5319126003785254, ""n_particles"": 144, ""name"": ""wafer_particles.pattern.C08_CurvedScratch"", ""schema_version"": ""wafer_particles.pattern_config.v1"", ""span_deg"": 118.81020988388717, ""wafer_radius_mm"": 150.0, ""width_ratio"": 0.03519347556826904}",81
sample_000082,C10_Hotspot_Iso,184,"{""center_angle"": ""random"", ""center_angle_rad"": 2.7300544225276453, ""center_radius_ratio"": 0.12370658047022896, ""mode"": ""random"", ""n_particles"": 184, ""name"": ""wafer_particles.pattern.C10_Hotspot_Iso"", ""schema_version"": ""wafer_particles.pattern_config.v1"", ""sigma_ratio"": 0.11865663086699903, ""wafer_radius_mm"": 150.0}",82
sample_000083,C08_CurvedScratch,131,"{""angle_center_deg"": 0.0, ""angle_center_rad"": 5.1978958799994315, ""arc_radius_ratio"": 0.43032497367199485, ""n_particles"": 131, ""name"": ""wafer_particles.pattern.C08_CurvedScratch"", ""schema_version"": ""wafer_particles.pattern_config.v1"", ""span_deg"": 148.5737156713635, ""wafer_radius_mm"": 150.0, ""width_ratio"": 0.033932476566207334}",83
sample_000084,C07_StraightLine,182,"{""angle_deg"": 171.29870009991754, ""n_particles"": 182, ""name"": ""wafer_particles.pattern.C07_StraightLine"", ""offset_ratio"": -0.2628465341091738, ""schema_version"": ""wafer_particles.pattern_config.v1"", ""segment_half_length_ratio"": 0.5127597316809499, ""wafer_radius_mm"": 150.0, ""width_ratio"": 0.04991036057039112}",84
sample_000085,C02_EdgeBiased,137,"{""edge_bias"": 2.85767855352528, ""n_particles"": 137, ""name"": ""wafer_particles.pattern.C02_EdgeBiased"", ""schema_version"": ""wafer_particles.pattern_config.v1"", ""wafer_radius_mm"": 150.0}",85
sample_000086,C06_RadialLines,64,"{""angular_jitter_deg"": 0.31644440676936225, ""n_lines"": 6, ""n_particles"": 64, ""name"": ""wafer_particles.pattern.C06_RadialLines"", ""r_max_ratio"": 0.8753837417784402, ""r_min_ratio"": 0.130523811501954, ""schema_version"": ""wafer_particles.pattern_config.v1"", ""sigma_perp_ratio"": 0.02894945963180794, ""wafer_radius_mm"": 150.0}",86
sample_000087,C05_Sector_Internal,190,"{""angle_center_rad"": 2.191444843777848, ""angle_width_deg"": 75.1025995307544, ""edge_margin_norm"": 0.05, ""n_particles"": 190, ""name"": ""wafer_particles.pattern.C05_Sector_Internal"", ""r_inner_ratio"": 0.28392440872367924, ""r_outer_ratio"": 0.7388126165870034, ""radial_beta_alpha"": 2.7059326943524944, ""radial_beta_beta"": 3.62473558959614, ""schema_version"": ""wafer_particles.pattern_config.v1"", ""theta_vonmises_kappa"": 6.736472261991729, ""wafer_radius_mm"": 150.0}",87
sample_000088,C05_Sector_Internal,178,"{""angle_center_rad"": 5.499234985584643, ""angle_width_deg"": 78.2835801765674, ""edge_margin_norm"": 0.05, ""n_particles"": 178, ""name"": ""wafer_particles.pattern.C05_Sector_Internal"", ""r_inner_ratio"": 0.11462494912464316, ""r_outer_ratio"": 0.8178128502187937, ""radial_beta_alpha"": 1.7507025595646892, ""radial_beta_beta"": 1.582781837565749, ""schema_version"": ""wafer_particles.pattern_config.v1"", ""theta_vonmises_kappa"": 4.136971263804919, ""wafer_radius_mm"": 150.0}",88
sample_000089,C03_Ring,135,"{""n_particles"": 135, ""name"": ""wafer_particles.pattern.C03_Ring"", ""radius_ratio"": 0.7644139546310734, ""schema_version"": ""wafer_particles.pattern_config.v1"", ""wafer_radius_mm"": 150.0, ""width_ratio"": 0.03999986412546203}",89
sample_000090,C09_Spiral,147,"{""end_r_ratio"": 0.953562712258301, ""n_particles"": 147, ""name"": ""wafer_particles.pattern.C09_Spiral"", ""schema_version"": ""wafer_particles.pattern_config.v1"", ""start_r_ratio"": 0.006552645756849618, ""theta_max"": 7.467298530654969, ""wafer_radius_mm"": 150.0, ""width_ratio"": 0.029255146517324433}",90
sample_000091,C07_StraightLine,186,"{""angle_deg"": 13.634029992121857, ""n_particles"": 186, ""name"": ""wafer_particles.pattern.C07_StraightLine"", ""offset_ratio"": 0.03432159939320516, ""schema_version"": ""wafer_particles.pattern_config.v1"", ""segment_half_length_ratio"": 0.8753223117114203, ""wafer_radius_mm"": 150.0, ""width_ratio"": 0.04208155176018522}",91
sample_000092,C03_Ring,182,"{""n_particles"": 182, ""name"": ""wafer_particles.pattern.C03_Ring"", ""radius_ratio"": 0.616743498154964, ""schema_version"": ""wafer_particles.pattern_config.v1"", ""wafer_radius_mm"": 150.0, ""width_ratio"": 0.1490041266125212}",92
sample_000093,C02_EdgeBiased,43,"{""edge_bias"": 2.881658543953419, ""n_particles"": 43, ""name"": ""wafer_particles.pattern.C02_EdgeBiased"", ""schema_version"": ""wafer_particles.pattern_config.v1"", ""wafer_radius_mm"": 150.0}",93
sample_000094,C05_Sector_Internal,90,"{""angle_center_rad"": 3.5952875691562936, ""angle_width_deg"": 113.23441982401765, ""edge_margin_norm"": 0.05, ""n_particles"": 90, ""name"": ""wafer_particles.pattern.C05_Sector_Internal"", ""r_inner_ratio"": 0.0991496984966871, ""r_outer_ratio"": 0.5529364190331152, ""radial_beta_alpha"": 1.8217193202253616, ""radial_beta_beta"": 1.8925741780678003, ""schema_version"": ""wafer_particles.pattern_config.v1"", ""theta_vonmises_kappa"": 4.665685354908481, ""wafer_radius_mm"": 150.0}",94
sample_000095,C01_Uniform,146,"{""n_particles"": 146, ""name"": ""wafer_particles.pattern.C01_Uniform"", ""schema_version"": ""wafer_particles.pattern_config.v1"", ""wafer_radius_mm"": 150.0}",95
sample_000096,C01_Uniform,177,"{""n_particles"": 177, ""name"": ""wafer_particles.pattern.C01_Uniform"", ""schema_version"": ""wafer_particles.pattern_config.v1"", ""wafer_radius_mm"": 150.0}",96
sample_000097,C07_StraightLine,18,"{""angle_deg"": 52.78474949191225, ""n_particles"": 18, ""name"": ""wafer_particles.pattern.C07_StraightLine"", ""offset_ratio"": 0.2067389727721557, ""schema_version"": ""wafer_particles.pattern_config.v1"", ""segment_half_length_ratio"": 0.7204946082208601, ""wafer_radius_mm"": 150.0, ""width_ratio"": 0.04689238146089432}",97
sample_000098,C10_Hotspot_Iso,143,"{""center_angle"": ""random"", ""center_angle_rad"": 0.9360248728895726, ""center_radius_ratio"": 0.6913003066967195, ""mode"": ""random"", ""n_particles"": 143, ""name"": ""wafer_particles.pattern.C10_Hotspot_Iso"", ""schema_version"": ""wafer_particles.pattern_config.v1"", ""sigma_ratio"": 0.09340754152096149, ""wafer_radius_mm"": 150.0}",98
sample_000099,C10_Hotspot_Iso,173,"{""center_angle"": ""random"", ""center_angle_rad"": 3.7384921272514897, ""center_radius_ratio"": 0.5307735562959763, ""mode"": ""random"", ""n_particles"": 173, ""name"": ""wafer_particles.pattern.C10_Hotspot_Iso"", ""schema_version"": ""wafer_particles.pattern_config.v1"", ""sigma_ratio"": 0.08076026121889311, ""wafer_radius_mm"": 150.0}",99
sample_000100,C01_Uniform,92,"{""n_particles"": 92, ""name"": ""wafer_particles.pattern.C01_Uniform"", ""schema_version"": ""wafer_particles.pattern_config.v1"", ""wafer_radius_mm"": 150.0}",100
sample_000101,C01_Uniform,178,"{""n_particles"": 178, ""name"": ""wafer_particles.pattern.C01_Uniform"", ""schema_version"": ""wafer_particles.pattern_config.v1"", ""wafer_radius_mm"": 150.0}",101
sample_000102,C07_StraightLine,18,"{""angle_deg"": 0.8540110442518722, ""n_particles"": 18, ""name"": ""wafer_particles.pattern.C07_StraightLine"", ""offset_ratio"": 0.024869539435990327, ""schema_version"": ""wafer_particles.pattern_config.v1"", ""segment_half_length_ratio"": 0.7284958893983159, ""wafer_radius_mm"": 150.0, ""width_ratio"": 0.042391094992773846}",102
sample_000103,C06_RadialLines,116,"{""angular_jitter_deg"": 2.95653013009985, ""n_lines"": 4, ""n_particles"": 116, ""name"": ""wafer_particles.pattern.C06_RadialLines"", ""r_max_ratio"": 0.8002336161662753, ""r_min_ratio"": 0.010787589379375162, ""schema_version"": ""wafer_particles.pattern_config.v1"", ""sigma_perp_ratio"": 0.0052273934145323385, ""wafer_radius_mm"": 150.0}",103
sample_000104,C09_Spiral,133,"{""end_r_ratio"": 0.8868653040563119, ""n_particles"": 133, ""name"": ""wafer_particles.pattern.C09_Spiral"", ""schema_version"": ""wafer_particles.pattern_config.v1"", ""start_r_ratio"": 0.04714371870072569, ""theta_max"": 12.733738894434087, ""wafer_radius_mm"": 150.0, ""width_ratio"": 0.005694356077790094}",104
sample_000105,C03_Ring,72,"{""n_particles"": 72, ""name"": ""wafer_particles.pattern.C03_Ring"", ""radius_ratio"": 0.894406642038553, ""schema_version"": ""wafer_particles.pattern_config.v1"", ""wafer_radius_mm"": 150.0, ""width_ratio"": 0.18170696078273643}",105
sample_000106,C06_RadialLines,94,"{""angular_jitter_deg"": 1.7951552514528086, ""n_lines"": 4, ""n_particles"": 94, ""name"": ""wafer_particles.pattern.C06_RadialLines"", ""r_max_ratio"": 0.9006682985039414, ""r_min_ratio"": 0.07677516391540685, ""schema_version"": ""wafer_particles.pattern_config.v1"", ""sigma_perp_ratio"": 0.018343602690868894, ""wafer_radius_mm"": 150.0}",106
sample_000107,C05_Sector_Internal,68,"{""angle_center_rad"": 1.441245795059186, ""angle_width_deg"": 62.531327712935905, ""edge_margin_norm"": 0.05, ""n_particles"": 68, ""name"": ""wafer_particles.pattern.C05_Sector_Internal"", ""r_inner_ratio"": 0.2903762841843744, ""r_outer_ratio"": 0.8094564014720571, ""radial_beta_alpha"": 2.9558929148268502, ""radial_beta_beta"": 3.340431731732648, ""schema_version"": ""wafer_particles.pattern_config.v1"", ""theta_vonmises_kappa"": 7.806658230702334, ""wafer_radius_mm"": 150.0}",107
sample_000108,C09_Spiral,35,"{""end_r_ratio"": 0.8703700710831757, ""n_particles"": 35, ""name"": ""wafer_particles.pattern.C09_Spiral"", ""schema_version"": ""wafer_particles.pattern_config.v1"", ""start_r_ratio"": 0.0009882275625612725, ""theta_max"": 12.411083933471067, ""wafer_radius_mm"": 150.0, ""width_ratio"": 0.025662274005937687}",108
sample_000109,C06_RadialLines,165,"{""angular_jitter_deg"": 3.516657655911727, ""n_lines"": 8, ""n_particles"": 165, ""name"": ""wafer_particles.pattern.C06_RadialLines"", ""r_max_ratio"": 0.9688096873941159, ""r_min_ratio"": 0.26371641820908814, ""schema_version"": ""wafer_particles.pattern_config.v1"", ""sigma_perp_ratio"": 0.01999010640014678, ""wafer_radius_mm"": 150.0}",109
sample_000110,C03_Ring,66,"{""n_particles"": 66, ""name"": ""wafer_particles.pattern.C03_Ring"", ""radius_ratio"": 0.5239351944865533, ""schema_version"": ""wafer_particles.pattern_config.v1"", ""wafer_radius_mm"": 150.0, ""width_ratio"": 0.0955455941934985}",110
sample_000111,C01_Uniform,99,"{""n_particles"": 99, ""name"": ""wafer_particles.pattern.C01_Uniform"", ""schema_version"": ""wafer_particles.pattern_config.v1"", ""wafer_radius_mm"": 150.0}",111
sample_000112,C05_Sector_Internal,196,"{""angle_center_rad"": 6.127194471760911, ""angle_width_deg"": 90.81559158967642, ""edge_margin_norm"": 0.05, ""n_particles"": 196, ""name"": ""wafer_particles.pattern.C05_Sector_Internal"", ""r_inner_ratio"": 0.0988042370284126, ""r_outer_ratio"": 0.6160818818763556, ""radial_beta_alpha"": 2.8144898614531373, ""radial_beta_beta"": 3.23166627649535, ""schema_version"": ""wafer_particles.pattern_config.v1"", ""theta_vonmises_kappa"": 6.092230309834327, ""wafer_radius_mm"": 150.0}",112
sample_000113,C03_Ring,41,"{""n_particles"": 41, ""name"": ""wafer_particles.pattern.C03_Ring"", ""radius_ratio"": 0.8485074818069485, ""schema_version"": ""wafer_particles.pattern_config.v1"", ""wafer_radius_mm"": 150.0, ""width_ratio"": 0.09532198218273669}",113
sample_000114,C09_Spiral,30,"{""end_r_ratio"": 0.720441638885886, ""n_particles"": 30, ""name"": ""wafer_particles.pattern.C09_Spiral"", ""schema_version"": ""wafer_particles.pattern_config.v1"", ""start_r_ratio"": 0.05412894953038011, ""theta_max"": 7.627362465185229, ""wafer_radius_mm"": 150.0, ""width_ratio"": 0.01792400881176623}",114
sample_000115,C02_EdgeBiased,39,"{""edge_bias"": 1.433257975094672, ""n_particles"": 39, ""name"": ""wafer_particles.pattern.C02_EdgeBiased"", ""schema_version"": ""wafer_particles.pattern_config.v1"", ""wafer_radius_mm"": 150.0}",115
sample_000116,C01_Uniform,122,"{""n_particles"": 122, ""name"": ""wafer_particles.pattern.C01_Uniform"", ""schema_version"": ""wafer_particles.pattern_config.v1"", ""wafer_radius_mm"": 150.0}",116
sample_000117,C08_CurvedScratch,44,"{""angle_center_deg"": 0.0, ""angle_center_rad"": 3.4717992167300027, ""arc_radius_ratio"": 0.7981007780416851, ""n_particles"": 44, ""name"": ""wafer_particles.pattern.C08_CurvedScratch"", ""schema_version"": ""wafer_particles.pattern_config.v1"", ""span_deg"": 155.36603562841393, ""wafer_radius_mm"": 150.0, ""width_ratio"": 0.014584046251873475}",117
sample_000118,C05_Sector_Internal,131,"{""angle_center_rad"": 2.6602009167679963, ""angle_width_deg"": 64.85993219007631, ""edge_margin_norm"": 0.05, ""n_particles"": 131, ""name"": ""wafer_particles.pattern.C05_Sector_Internal"", ""r_inner_ratio"": 0.17129801119377253, ""r_outer_ratio"": 0.7472853261840021, ""radial_beta_alpha"": 3.137996714550259, ""radial_beta_beta"": 1.589503924261324, ""schema_version"": ""wafer_particles.pattern_config.v1"", ""theta_vonmises_kappa"": 2.8765434405921626, ""wafer_radius_mm"": 150.0}",118
sample_000119,C08_CurvedScratch,108,"{""angle_center_deg"": 0.0, ""angle_center_rad"": 5.1507713356517995, ""arc_radius_ratio"": 0.8403651091885541, ""n_particles"": 108, ""name"": ""wafer_particles.pattern.C08_CurvedScratch"", ""schema_version"": ""wafer_particles.pattern_config.v1"", ""span_deg"": 109.78767000714018, ""wafer_radius_mm"": 150.0, ""width_ratio"": 0.041412902783418}",119
sample_000120,C04_Sector_Edge,171,"{""angle_center_rad"": 0.6520294256489341, ""angle_width_deg"": 55.425258532889515, ""edge_width_ratio"": 0.134088659119942, ""n_particles"": 171, ""name"": ""wafer_particles.pattern.C04_Sector_Edge"", ""radial_beta_alpha"": 1.6142520162231397, ""radial_beta_beta"": 1.7010923018223982, ""schema_version"": ""wafer_particles.pattern_config.v1"", ""side"": ""right"", ""theta_vonmises_kappa"": 9.920519761632537, ""wafer_radius_mm"": 150.0}",120
sample_000121,C09_Spiral,178,"{""end_r_ratio"": 0.8212659802610575, ""n_particles"": 178, ""name"": ""wafer_particles.pattern.C09_Spiral"", ""schema_version"": ""wafer_particles.pattern_config.v1"", ""start_r_ratio"": 0.122472082924645, ""theta_max"": 8.824073492174497, ""wafer_radius_mm"": 150.0, ""width_ratio"": 0.02524626863533917}",121
sample_000122,C08_CurvedScratch,180,"{""angle_center_deg"": 0.0, ""angle_center_rad"": 3.6619725598649713, ""arc_radius_ratio"": 0.6319704680231031, ""n_particles"": 180, ""name"": ""wafer_particles.pattern.C08_CurvedScratch"", ""schema_version"": ""wafer_particles.pattern_config.v1"", ""span_deg"": 72.44261002405997, ""wafer_radius_mm"": 150.0, ""width_ratio"": 0.04093569180299319}",122
sample_000123,C09_Spiral,164,"{""end_r_ratio"": 0.9509003719456506, ""n_particles"": 164, ""name"": ""wafer_particles.pattern.C09_Spiral"", ""schema_version"": ""wafer_particles.pattern_config.v1"", ""start_r_ratio"": 0.15264817877280493, ""theta_max"": 7.484002295801807, ""wafer_radius_mm"": 150.0, ""width_ratio"": 0.035546953306001605}",123
sample_000124,C03_Ring,25,"{""n_particles"": 25, ""name"": ""wafer_particles.pattern.C03_Ring"", ""radius_ratio"": 0.6941981579084167, ""schema_version"": ""wafer_particles.pattern_config.v1"", ""wafer_radius_mm"": 150.0, ""width_ratio"": 0.10376640992937218}",124
sample_000125,C06_RadialLines,66,"{""angular_jitter_deg"": 2.436557078863331, ""n_lines"": 4, ""n_particles"": 66, ""name"": ""wafer_particles.pattern.C06_RadialLines"", ""r_max_ratio"": 0.9415406151364375, ""r_min_ratio"": 0.06459063078093476, ""schema_version"": ""wafer_particles.pattern_config.v1"", ""sigma_perp_ratio"": 0.02805850933279104, ""wafer_radius_mm"": 150.0}",125
sample_000126,C05_Sector_Internal,163,"{""angle_center_rad"": 6.107167974548985, ""angle_width_deg"": 94.21206922138616, ""edge_margin_norm"": 0.05, ""n_particles"": 163, ""name"": ""wafer_particles.pattern.C05_Sector_Internal"", ""r_inner_ratio"": 0.21874991560680151, ""r_outer_ratio"": 0.7988268539003237, ""radial_beta_alpha"": 3.8345056028049473, ""radial_beta_beta"": 2.936666867371435, ""schema_version"": ""wafer_particles.pattern_config.v1"", ""theta_vonmises_kappa"": 5.082799766832364, ""wafer_radius_mm"": 150.0}",126
sample_000127,C07_StraightLine,44,"{""angle_deg"": 23.825021140753055, ""n_particles"": 44, ""name"": ""wafer_particles.pattern.C07_StraightLine"", ""offset_ratio"": 0.2803128234803926, ""schema_version"": ""wafer_particles.pattern_config.v1"", ""segment_half_length_ratio"": 0.48702931922813125, ""wafer_radius_mm"": 150.0, ""width_ratio"": 0.01003320743201417}",127
sample_000128,C08_CurvedScratch,33,"{""angle_center_deg"": 0.0, ""angle_center_rad"": 6.162784824314251, ""arc_radius_ratio"": 0.42673582501997626, ""n_particles"": 33, ""name"": ""wafer_particles.pattern.C08_CurvedScratch"", ""schema_version"": ""wafer_particles.pattern_config.v1"", ""span_deg"": 88.57021225765787, ""wafer_radius_mm"": 150.0, ""width_ratio"": 0.018568537876551723}",128
sample_000129,C10_Hotspot_Iso,194,"{""center_angle"": ""random"", ""center_angle_rad"": 5.917872169499611, ""center_radius_ratio"": 0.48943925887537415, ""mode"": ""random"", ""n_particles"": 194, ""name"": ""wafer_particles.pattern.C10_Hotspot_Iso"", ""schema_version"": ""wafer_particles.pattern_config.v1"", ""sigma_ratio"": 0.0699480400761863, ""wafer_radius_mm"": 150.0}",129
sample_000130,C08_CurvedScratch,73,"{""angle_center_deg"": 0.0, ""angle_center_rad"": 2.3320830262820254, ""arc_radius_ratio"": 0.7349014556172746, ""n_particles"": 73, ""name"": ""wafer_particles.pattern.C08_CurvedScratch"", ""schema_version"": ""wafer_particles.pattern_config.v1"", ""span_deg"": 36.03926284322281, ""wafer_radius_mm"": 150.0, ""width_ratio"": 0.017688835811223644}",130
sample_000131,C06_RadialLines,62,"{""angular_jitter_deg"": 1.4037035348260236, ""n_lines"": 6, ""n_particles"": 62, ""name"": ""wafer_particles.pattern.C06_RadialLines"", ""r_max_ratio"": 0.8850518453261418, ""r_min_ratio"": 0.10276937241275673, ""schema_version"": ""wafer_particles.pattern_config.v1"", ""sigma_perp_ratio"": 0.012871021475355793, ""wafer_radius_mm"": 150.0}",131
sample_000132,C04_Sector_Edge,121,"{""angle_center_rad"": 0.6179468137063179, ""angle_width_deg"": 72.00096305245324, ""edge_width_ratio"": 0.05916819058631935, ""n_particles"": 121, ""name"": ""wafer_particles.pattern.C04_Sector_Edge"", ""radial_beta_alpha"": 3.6481988278814126, ""radial_beta_beta"": 0.9292919320326634, ""schema_version"": ""wafer_particles.pattern_config.v1"", ""side"": ""right"", ""theta_vonmises_kappa"": 8.010537996816424, ""wafer_radius_mm"": 150.0}",132
sample_000133,C01_Uniform,10,"{""n_particles"": 10, ""name"": ""wafer_particles.pattern.C01_Uniform"", ""schema_version"": ""wafer_particles.pattern_config.v1"", ""wafer_radius_mm"": 150.0}",133
sample_000134,C01_Uniform,119,"{""n_particles"": 119, ""name"": ""wafer_particles.pattern.C01_Uniform"", ""schema_version"": ""wafer_particles.pattern_config.v1"", ""wafer_radius_mm"": 150.0}",134
sample_000135,C06_RadialLines,190,"{""angular_jitter_deg"": 3.7797954087934507, ""n_lines"": 4, ""n_particles"": 190, ""name"": ""wafer_particles.pattern.C06_RadialLines"", ""r_max_ratio"": 0.8985483736346402, ""r_min_ratio"": 0.2198247191946189, ""schema_version"": ""wafer_particles.pattern_config.v1"", ""sigma_perp_ratio"": 0.011606260524148475, ""wafer_radius_mm"": 150.0}",135
sample_000136,C02_EdgeBiased,116,"{""edge_bias"": 3.337676052303141, ""n_particles"": 116, ""name"": ""wafer_particles.pattern.C02_EdgeBiased"", ""schema_version"": ""wafer_particles.pattern_config.v1"", ""wafer_radius_mm"": 150.0}",136
sample_000137,C07_StraightLine,158,"{""angle_deg"": 155.33356043471912, ""n_particles"": 158, ""name"": ""wafer_particles.pattern.C07_StraightLine"", ""offset_ratio"": 0.07510907566724119, ""schema_version"": ""wafer_particles.pattern_config.v1"", ""segment_half_length_ratio"": 0.6829825206803739, ""wafer_radius_mm"": 150.0, ""width_ratio"": 0.011918141761068902}",137
sample_000138,C02_EdgeBiased,32,"{""edge_bias"": 1.3966705802199715, ""n_particles"": 32, ""name"": ""wafer_particles.pattern.C02_EdgeBiased"", ""schema_version"": ""wafer_particles.pattern_config.v1"", ""wafer_radius_mm"": 150.0}",138
sample_000139,C04_Sector_Edge,139,"{""angle_center_rad"": 0.6623746374224229, ""angle_width_deg"": 67.88698503428868, ""edge_width_ratio"": 0.2818676175540747, ""n_particles"": 139, ""name"": ""wafer_particles.pattern.C04_Sector_Edge"", ""radial_beta_alpha"": 3.2192288472154504, ""radial_beta_beta"": 1.2561135330991178, ""schema_version"": ""wafer_particles.pattern_config.v1"", ""side"": ""right"", ""theta_vonmises_kappa"": 5.633362691540444, ""wafer_radius_mm"": 150.0}",139
sample_000140,C07_StraightLine,102,"{""angle_deg"": 63.27345609486612, ""n_particles"": 102, ""name"": ""wafer_particles.pattern.C07_StraightLine"", ""offset_ratio"": 0.12544416851004464, ""schema_version"": ""wafer_particles.pattern_config.v1"", ""segment_half_length_ratio"": 0.45740104448493696, ""wafer_radius_mm"": 150.0, ""width_ratio"": 0.011630942526122979}",140
sample_000141,C10_Hotspot_Iso,137,"{""center_angle"": ""random"", ""center_angle_rad"": 4.311067970553296, ""center_radius_ratio"": 0.5833830187324096, ""mode"": ""random"", ""n_particles"": 137, ""name"": ""wafer_particles.pattern.C10_Hotspot_Iso"", ""schema_version"": ""wafer_particles.pattern_config.v1"", ""sigma_ratio"": 0.10315915417755989, ""wafer_radius_mm"": 150.0}",141
sample_000142,C03_Ring,174,"{""n_particles"": 174, ""name"": ""wafer_particles.pattern.C03_Ring"", ""radius_ratio"": 0.7358126876459881, ""schema_version"": ""wafer_particles.pattern_config.v1"", ""wafer_radius_mm"": 150.0, ""width_ratio"": 0.11820252368004637}",142
sample_000143,C01_Uniform,181,"{""n_particles"": 181, ""name"": ""wafer_particles.pattern.C01_Uniform"", ""schema_version"": ""wafer_particles.pattern_config.v1"", ""wafer_radius_mm"": 150.0}",143
sample_000144,C07_StraightLine,26,"{""angle_deg"": 129.74260799324506, ""n_particles"": 26, ""name"": ""wafer_particles.pattern.C07_StraightLine"", ""offset_ratio"": 0.29883404710760264, ""schema_version"": ""wafer_particles.pattern_config.v1"", ""segment_half_length_ratio"": 0.4796583871692763, ""wafer_radius_mm"": 150.0, ""width_ratio"": 0.023625642116991825}",144
sample_000145,C05_Sector_Internal,58,"{""angle_center_rad"": 2.5950232823058785, ""angle_width_deg"": 112.00340542113179, ""edge_margin_norm"": 0.05, ""n_particles"": 58, ""name"": ""wafer_particles.pattern.C05_Sector_Internal"", ""r_inner_ratio"": 0.1313067779687657, ""r_outer_ratio"": 0.8106292926528934, ""radial_beta_alpha"": 3.9018851165715525, ""radial_beta_beta"": 1.6963094116877047, ""schema_version"": ""wafer_particles.pattern_config.v1"", ""theta_vonmises_kappa"": 6.400092891367995, ""wafer_radius_mm"": 150.0}",145
sample_000146,C09_Spiral,188,"{""end_r_ratio"": 0.7467474225519878, ""n_particles"": 188, ""name"": ""wafer_particles.pattern.C09_Spiral"", ""schema_version"": ""wafer_particles.pattern_config.v1"", ""start_r_ratio"": 0.1828670640248273, ""theta_max"": 7.442463401082865, ""wafer_radius_mm"": 150.0, ""width_ratio"": 0.008357611775230676}",146
sample_000147,C07_StraightLine,12,"{""angle_deg"": 50.83104455757826, ""n_particles"": 12, ""name"": ""wafer_particles.pattern.C07_StraightLine"", ""offset_ratio"": -0.2054022550273113, ""schema_version"": ""wafer_particles.pattern_config.v1"", ""segment_half_length_ratio"": 0.37230081255587516, ""wafer_radius_mm"": 150.0, ""width_ratio"": 0.019461230264767423}",147
sample_000148,C06_RadialLines,16,"{""angular_jitter_deg"": 2.360349728867825, ""n_lines"": 6, ""n_particles"": 16, ""name"": ""wafer_particles.pattern.C06_RadialLines"", ""r_max_ratio"": 0.9822944776437342, ""r_min_ratio"": 0.09820727845278072, ""schema_version"": ""wafer_particles.pattern_config.v1"", ""sigma_perp_ratio"": 0.017606288757347873, ""wafer_radius_mm"": 150.0}",148
sample_000149,C10_Hotspot_Iso,153,"{""center_angle"": ""random"", ""center_angle_rad"": 3.8200765359636857, ""center_radius_ratio"": 0.10201521986499927, ""mode"": ""random"", ""n_particles"": 153, ""name"": ""wafer_particles.pattern.C10_Hotspot_Iso"", ""schema_version"": ""wafer_particles.pattern_config.v1"", ""sigma_ratio"": 0.07285574207478854, ""wafer_radius_mm"": 150.0}",149
sample_000150,C09_Spiral,79,"{""end_r_ratio"": 0.7121973606111849, ""n_particles"": 79, ""name"": ""wafer_particles.pattern.C09_Spiral"", ""schema_version"": ""wafer_particles.pattern_config.v1"", ""start_r_ratio"": 0.2635873353865884, ""theta_max"": 18.134701821384823, ""wafer_radius_mm"": 150.0, ""width_ratio"": 0.03260057258401879}",150
sample_000151,C10_Hotspot_Iso,178,"{""center_angle"": ""random"", ""center_angle_rad"": 5.897650081495002, ""center_radius_ratio"": 0.8714173849144284, ""mode"": ""random"", ""n_particles"": 178, ""name"": ""wafer_particles.pattern.C10_Hotspot_Iso"", ""schema_version"": ""wafer_particles.pattern_config.v1"", ""sigma_ratio"": 0.03416117635110578, ""wafer_radius_mm"": 150.0}",151
sample_000152,C06_RadialLines,200,"{""angular_jitter_deg"": 1.9281459769120801, ""n_lines"": 6, ""n_particles"": 200, ""name"": ""wafer_particles.pattern.C06_RadialLines"", ""r_max_ratio"": 0.6321373503614429, ""r_min_ratio"": 0.07986641399781542, ""schema_version"": ""wafer_particles.pattern_config.v1"", ""sigma_perp_ratio"": 0.009484038892346407, ""wafer_radius_mm"": 150.0}",152
sample_000153,C07_StraightLine,67,"{""angle_deg"": 147.89837722407614, ""n_particles"": 67, ""name"": ""wafer_particles.pattern.C07_StraightLine"", ""offset_ratio"": 0.1184186952051647, ""schema_version"": ""wafer_particles.pattern_config.v1"", ""segment_half_length_ratio"": 0.38187202446457, ""wafer_radius_mm"": 150.0, ""width_ratio"": 0.044581779029874924}",153
sample_000154,C02_EdgeBiased,68,"{""edge_bias"": 1.9238491852198438, ""n_particles"": 68, ""name"": ""wafer_particles.pattern.C02_EdgeBiased"", ""schema_version"": ""wafer_particles.pattern_config.v1"", ""wafer_radius_mm"": 150.0}",154
sample_000155,C10_Hotspot_Iso,163,"{""center_angle"": ""random"", ""center_angle_rad"": 5.100369716104026, ""center_radius_ratio"": 0.6291753423497006, ""mode"": ""random"", ""n_particles"": 163, ""name"": ""wafer_particles.pattern.C10_Hotspot_Iso"", ""schema_version"": ""wafer_particles.pattern_config.v1"", ""sigma_ratio"": 0.034989206795308196, ""wafer_radius_mm"": 150.0}",155
sample_000156,C04_Sector_Edge,199,"{""angle_center_rad"": 2.7393742421346032, ""angle_width_deg"": 38.73541463268028, ""edge_width_ratio"": 0.2615335622026329, ""n_particles"": 199, ""name"": ""wafer_particles.pattern.C04_Sector_Edge"", ""radial_beta_alpha"": 1.924545374309863, ""radial_beta_beta"": 0.9414581359789791, ""schema_version"": ""wafer_particles.pattern_config.v1"", ""side"": ""right"", ""theta_vonmises_kappa"": 0.9018840282125273, ""wafer_radius_mm"": 150.0}",156
sample_000157,C02_EdgeBiased,25,"{""edge_bias"": 3.3961508819042154, ""n_particles"": 25, ""name"": ""wafer_particles.pattern.C02_EdgeBiased"", ""schema_version"": ""wafer_particles.pattern_config.v1"", ""wafer_radius_mm"": 150.0}",157
sample_000158,C06_RadialLines,52,"{""angular_jitter_deg"": 0.835524114743823, ""n_lines"": 4, ""n_particles"": 52, ""name"": ""wafer_particles.pattern.C06_RadialLines"", ""r_max_ratio"": 0.6246315549598365, ""r_min_ratio"": 0.05118077833789253, ""schema_version"": ""wafer_particles.pattern_config.v1"", ""sigma_perp_ratio"": 0.028955856097207664, ""wafer_radius_mm"": 150.0}",158
sample_000159,C09_Spiral,99,"{""end_r_ratio"": 0.9143361888211329, ""n_particles"": 99, ""name"": ""wafer_particles.pattern.C09_Spiral"", ""schema_version"": ""wafer_particles.pattern_config.v1"", ""start_r_ratio"": 0.14840062564858944, ""theta_max"": 10.46823328550393, ""wafer_radius_mm"": 150.0, ""width_ratio"": 0.032395255418468015}",159
sample_000160,C04_Sector_Edge,42,"{""angle_center_rad"": 5.166656696181216, ""angle_width_deg"": 77.6308482903464, ""edge_width_ratio"": 0.25040118954729695, ""n_particles"": 42, ""name"": ""wafer_particles.pattern.C04_Sector_Edge"", ""radial_beta_alpha"": 2.744174546323983, ""radial_beta_beta"": 1.2724485794995732, ""schema_version"": ""wafer_particles.pattern_config.v1"", ""side"": ""right"", ""theta_vonmises_kappa"": 4.57268295704404, ""wafer_radius_mm"": 150.0}",160
sample_000161,C08_CurvedScratch,16,"{""angle_center_deg"": 0.0, ""angle_center_rad"": 2.8479875030696506, ""arc_radius_ratio"": 0.40022292389615216, ""n_particles"": 16, ""name"": ""wafer_particles.pattern.C08_CurvedScratch"", ""schema_version"": ""wafer_particles.pattern_config.v1"", ""span_deg"": 66.10892386456267, ""wafer_radius_mm"": 150.0, ""width_ratio"": 0.030140727205337333}",161
sample_000162,C05_Sector_Internal,26,"{""angle_center_rad"": 5.542874850125075, ""angle_width_deg"": 86.80247917156234, ""edge_margin_norm"": 0.05, ""n_particles"": 26, ""name"": ""wafer_particles.pattern.C05_Sector_Internal"", ""r_inner_ratio"": 0.18728140304375124, ""r_outer_ratio"": 0.8461328284596388, ""radial_beta_alpha"": 2.5252126157093553, ""radial_beta_beta"": 3.1397817388619815, ""schema_version"": ""wafer_particles.pattern_config.v1"", ""theta_vonmises_kappa"": 4.739897996936423, ""wafer_radius_mm"": 150.0}",162
sample_000163,C01_Uniform,189,"{""n_particles"": 189, ""name"": ""wafer_particles.pattern.C01_Uniform"", ""schema_version"": ""wafer_particles.pattern_config.v1"", ""wafer_radius_mm"": 150.0}",163
sample_000164,C09_Spiral,140,"{""end_r_ratio"": 0.8580060146086516, ""n_particles"": 140, ""name"": ""wafer_particles.pattern.C09_Spiral"", ""schema_version"": ""wafer_particles.pattern_config.v1"", ""start_r_ratio"": 0.13272249198440697, ""theta_max"": 9.908330210050972, ""wafer_radius_mm"": 150.0, ""width_ratio"": 0.02044745604231086}",164
sample_000165,C05_Sector_Internal,101,"{""angle_center_rad"": 4.087694147919558, ""angle_width_deg"": 46.36118277589395, ""edge_margin_norm"": 0.05, ""n_particles"": 101, ""name"": ""wafer_particles.pattern.C05_Sector_Internal"", ""r_inner_ratio"": 0.3374281413935259, ""r_outer_ratio"": 0.7600736375208659, ""radial_beta_alpha"": 2.4312581939639073, ""radial_beta_beta"": 3.2780028050364574, ""schema_version"": ""wafer_particles.pattern_config.v1"", ""theta_vonmises_kappa"": 5.421124506113843, ""wafer_radius_mm"": 150.0}",165
sample_000166,C07_StraightLine,185,"{""angle_deg"": 60.32002562767792, ""n_particles"": 185, ""name"": ""wafer_particles.pattern.C07_StraightLine"", ""offset_ratio"": 0.21485241960943893, ""schema_version"": ""wafer_particles.pattern_config.v1"", ""segment_half_length_ratio"": 0.37756039367078414, ""wafer_radius_mm"": 150.0, ""width_ratio"": 0.01375455806142097}",166
sample_000167,C09_Spiral,176,"{""end_r_ratio"": 0.7140445798359393, ""n_particles"": 176, ""name"": ""wafer_particles.pattern.C09_Spiral"", ""schema_version"": ""wafer_particles.pattern_config.v1"", ""start_r_ratio"": 0.2786260703324769, ""theta_max"": 9.597409061192273, ""wafer_radius_mm"": 150.0, ""width_ratio"": 0.047106893447148024}",167
sample_000168,C07_StraightLine,83,"{""angle_deg"": 18.830966722263558, ""n_particles"": 83, ""name"": ""wafer_particles.pattern.C07_StraightLine"", ""offset_ratio"": 0.07133845637196268, ""schema_version"": ""wafer_particles.pattern_config.v1"", ""segment_half_length_ratio"": 0.5286552837269822, ""wafer_radius_mm"": 150.0, ""width_ratio"": 0.044555068489878995}",168
sample_000169,C09_Spiral,168,"{""end_r_ratio"": 0.931257358127618, ""n_particles"": 168, ""name"": ""wafer_particles.pattern.C09_Spiral"", ""schema_version"": ""wafer_particles.pattern_config.v1"", ""start_r_ratio"": 0.10741315499838407, ""theta_max"": 12.010691081407542, ""wafer_radius_mm"": 150.0, ""width_ratio"": 0.041725496867408965}",169
sample_000170,C10_Hotspot_Iso,48,"{""center_angle"": ""random"", ""center_angle_rad"": 3.3779824389318707, ""center_radius_ratio"": 0.7628114219800503, ""mode"": ""random"", ""n_particles"": 48, ""name"": ""wafer_particles.pattern.C10_Hotspot_Iso"", ""schema_version"": ""wafer_particles.pattern_config.v1"", ""sigma_ratio"": 0.07177323521210424, ""wafer_radius_mm"": 150.0}",170
sample_000171,C03_Ring,92,"{""n_particles"": 92, ""name"": ""wafer_particles.pattern.C03_Ring"", ""radius_ratio"": 0.7208999369689844, ""schema_version"": ""wafer_particles.pattern_config.v1"", ""wafer_radius_mm"": 150.0, ""width_ratio"": 0.044000838064635284}",171
sample_000172,C02_EdgeBiased,181,"{""edge_bias"": 1.3001100999866266, ""n_particles"": 181, ""name"": ""wafer_particles.pattern.C02_EdgeBiased"", ""schema_version"": ""wafer_particles.pattern_config.v1"", ""wafer_radius_mm"": 150.0}",172
sample_000173,C01_Uniform,23,"{""n_particles"": 23, ""name"": ""wafer_particles.pattern.C01_Uniform"", ""schema_version"": ""wafer_particles.pattern_config.v1"", ""wafer_radius_mm"": 150.0}",173
sample_000174,C07_StraightLine,162,"{""angle_deg"": 114.97618086899631, ""n_particles"": 162, ""name"": ""wafer_particles.pattern.C07_StraightLine"", ""offset_ratio"": -0.12488355964634099, ""schema_version"": ""wafer_particles.pattern_config.v1"", ""segment_half_length_ratio"": 0.6506048083978885, ""wafer_radius_mm"": 150.0, ""width_ratio"": 0.021725922108420104}",174
sample_000175,C08_CurvedScratch,194,"{""angle_center_deg"": 0.0, ""angle_center_rad"": 3.5650797988410856, ""arc_radius_ratio"": 0.47411931725879886, ""n_particles"": 194, ""name"": ""wafer_particles.pattern.C08_CurvedScratch"", ""schema_version"": ""wafer_particles.pattern_config.v1"", ""span_deg"": 115.52234018569622, ""wafer_radius_mm"": 150.0, ""width_ratio"": 0.020642243181807702}",175
sample_000176,C09_Spiral,171,"{""end_r_ratio"": 0.8643234977005617, ""n_particles"": 171, ""name"": ""wafer_particles.pattern.C09_Spiral"", ""schema_version"": ""wafer_particles.pattern_config.v1"", ""start_r_ratio"": 0.1466109473590531, ""theta_max"": 14.01837848075008, ""wafer_radius_mm"": 150.0, ""width_ratio"": 0.01762441732284822}",176
sample_000177,C05_Sector_Internal,117,"{""angle_center_rad"": 3.061279228143478, ""angle_width_deg"": 37.70311328137315, ""edge_margin_norm"": 0.05, ""n_particles"": 117, ""name"": ""wafer_particles.pattern.C05_Sector_Internal"", ""r_inner_ratio"": 0.28525980253262645, ""r_outer_ratio"": 0.5965225550252264, ""radial_beta_alpha"": 2.5144833607167465, ""radial_beta_beta"": 3.804642275703802, ""schema_version"": ""wafer_particles.pattern_config.v1"", ""theta_vonmises_kappa"": 2.6592332259011555, ""wafer_radius_mm"": 150.0}",177
sample_000178,C07_StraightLine,57,"{""angle_deg"": 71.16268602094034, ""n_particles"": 57, ""name"": ""wafer_particles.pattern.C07_StraightLine"", ""offset_ratio"": 0.0316528811271535, ""schema_version"": ""wafer_particles.pattern_config.v1"", ""segment_half_length_ratio"": 0.4257061262188102, ""wafer_radius_mm"": 150.0, ""width_ratio"": 0.020312378657314722}",178
sample_000179,C10_Hotspot_Iso,11,"{""center_angle"": ""random"", ""center_angle_rad"": 4.9976566178771575, ""center_radius_ratio"": 0.762267350249741, ""mode"": ""random"", ""n_particles"": 11, ""name"": ""wafer_particles.pattern.C10_Hotspot_Iso"", ""schema_version"": ""wafer_particles.pattern_config.v1"", ""sigma_ratio"": 0.1013142396699853, ""wafer_radius_mm"": 150.0}",179
sample_000180,C01_Uniform,97,"{""n_particles"": 97, ""name"": ""wafer_particles.pattern.C01_Uniform"", ""schema_version"": ""wafer_particles.pattern_config.v1"", ""wafer_radius_mm"": 150.0}",180
sample_000181,C04_Sector_Edge,79,"{""angle_center_rad"": 0.19527725005593774, ""angle_width_deg"": 36.34859699940783, ""edge_width_ratio"": 0.1413405574690364, ""n_particles"": 79, ""name"": ""wafer_particles.pattern.C04_Sector_Edge"", ""radial_beta_alpha"": 1.4256959083520124, ""radial_beta_beta"": 2.8012300601840012, ""schema_version"": ""wafer_particles.pattern_config.v1"", ""side"": ""right"", ""theta_vonmises_kappa"": 5.89852302158602, ""wafer_radius_mm"": 150.0}",181
sample_000182,C04_Sector_Edge,162,"{""angle_center_rad"": 4.071544553196242, ""angle_width_deg"": 78.83244582120325, ""edge_width_ratio"": 0.13284217110864188, ""n_particles"": 162, ""name"": ""wafer_particles.pattern.C04_Sector_Edge"", ""radial_beta_alpha"": 2.263903375412193, ""radial_beta_beta"": 1.9620756938695203, ""schema_version"": ""wafer_particles.pattern_config.v1"", ""side"": ""right"", ""theta_vonmises_kappa"": 5.805979434243335, ""wafer_radius_mm"": 150.0}",182
sample_000183,C04_Sector_Edge,178,"{""angle_center_rad"": 3.3200162033684104, ""angle_width_deg"": 82.74519580147276, ""edge_width_ratio"": 0.21689088768409787, ""n_particles"": 178, ""name"": ""wafer_particles.pattern.C04_Sector_Edge"", ""radial_beta_alpha"": 3.6960310600355464, ""radial_beta_beta"": 0.9044078205494708, ""schema_version"": ""wafer_particles.pattern_config.v1"", ""side"": ""right"", ""theta_vonmises_kappa"": 8.920709414116322, ""wafer_radius_mm"": 150.0}",183
sample_000184,C09_Spiral,163,"{""end_r_ratio"": 0.8809611109163363, ""n_particles"": 163, ""name"": ""wafer_particles.pattern.C09_Spiral"", ""schema_version"": ""wafer_particles.pattern_config.v1"", ""start_r_ratio"": 0.005582561820516041, ""theta_max"": 9.522533226832437, ""wafer_radius_mm"": 150.0, ""width_ratio"": 0.02386583056897499}",184
sample_000185,C05_Sector_Internal,60,"{""angle_center_rad"": 4.084576689621512, ""angle_width_deg"": 62.81772131044201, ""edge_margin_norm"": 0.05, ""n_particles"": 60, ""name"": ""wafer_particles.pattern.C05_Sector_Internal"", ""r_inner_ratio"": 0.3603048875779764, ""r_outer_ratio"": 0.5010651519372273, ""radial_beta_alpha"": 1.6539259027061795, ""radial_beta_beta"": 2.603471342236564, ""schema_version"": ""wafer_particles.pattern_config.v1"", ""theta_vonmises_kappa"": 4.615782690176153, ""wafer_radius_mm"": 150.0}",185
sample_000186,C06_RadialLines,36,"{""angular_jitter_deg"": 3.4599595986889886, ""n_lines"": 8, ""n_particles"": 36, ""name"": ""wafer_particles.pattern.C06_RadialLines"", ""r_max_ratio"": 0.7532325519728661, ""r_min_ratio"": 0.28335205079106596, ""schema_version"": ""wafer_particles.pattern_config.v1"", ""sigma_perp_ratio"": 0.01913000840513281, ""wafer_radius_mm"": 150.0}",186
sample_000187,C09_Spiral,103,"{""end_r_ratio"": 0.9931474169809552, ""n_particles"": 103, ""name"": ""wafer_particles.pattern.C09_Spiral"", ""schema_version"": ""wafer_particles.pattern_config.v1"", ""start_r_ratio"": 0.10150989815113423, ""theta_max"": 13.794688564777621, ""wafer_radius_mm"": 150.0, ""width_ratio"": 0.047663026683655456}",187
sample_000188,C07_StraightLine,127,"{""angle_deg"": 96.17028428013158, ""n_particles"": 127, ""name"": ""wafer_particles.pattern.C07_StraightLine"", ""offset_ratio"": 0.24945352338314766, ""schema_version"": ""wafer_particles.pattern_config.v1"", ""segment_half_length_ratio"": 0.36405317969368145, ""wafer_radius_mm"": 150.0, ""width_ratio"": 0.024382051292293747}",188
sample_000189,C06_RadialLines,24,"{""angular_jitter_deg"": 0.6118186539061343, ""n_lines"": 6, ""n_particles"": 24, ""name"": ""wafer_particles.pattern.C06_RadialLines"", ""r_max_ratio"": 0.792434963562895, ""r_min_ratio"": 0.1353536513473128, ""schema_version"": ""wafer_particles.pattern_config.v1"", ""sigma_perp_ratio"": 0.0058688169791168985, ""wafer_radius_mm"": 150.0}",189
sample_000190,C01_Uniform,83,"{""n_particles"": 83, ""name"": ""wafer_particles.pattern.C01_Uniform"", ""schema_version"": ""wafer_particles.pattern_config.v1"", ""wafer_radius_mm"": 150.0}",190
sample_000191,C02_EdgeBiased,123,"{""edge_bias"": 2.544287248590551, ""n_particles"": 123, ""name"": ""wafer_particles.pattern.C02_EdgeBiased"", ""schema_version"": ""wafer_particles.pattern_config.v1"", ""wafer_radius_mm"": 150.0}",191
sample_000192,C06_RadialLines,184,"{""angular_jitter_deg"": 0.6844060901630222, ""n_lines"": 8, ""n_particles"": 184, ""name"": ""wafer_particles.pattern.C06_RadialLines"", ""r_max_ratio"": 0.8280866557032344, ""r_min_ratio"": 0.24307458302637203, ""schema_version"": ""wafer_particles.pattern_config.v1"", ""sigma_perp_ratio"": 0.01090490270003191, ""wafer_radius_mm"": 150.0}",192
sample_000193,C10_Hotspot_Iso,136,"{""center_angle"": ""random"", ""center_angle_rad"": 0.9740037832762665, ""center_radius_ratio"": 0.04055917419523416, ""mode"": ""random"", ""n_particles"": 136, ""name"": ""wafer_particles.pattern.C10_Hotspot_Iso"", ""schema_version"": ""wafer_particles.pattern_config.v1"", ""sigma_ratio"": 0.08792782636077504, ""wafer_radius_mm"": 150.0}",193
sample_000194,C09_Spiral,130,"{""end_r_ratio"": 0.810844819981816, ""n_particles"": 130, ""name"": ""wafer_particles.pattern.C09_Spiral"", ""schema_version"": ""wafer_particles.pattern_config.v1"", ""start_r_ratio"": 0.07467644511790984, ""theta_max"": 9.064227081109717, ""wafer_radius_mm"": 150.0, ""width_ratio"": 0.03866718777295831}",194
sample_000195,C01_Uniform,93,"{""n_particles"": 93, ""name"": ""wafer_particles.pattern.C01_Uniform"", ""schema_version"": ""wafer_particles.pattern_config.v1"", ""wafer_radius_mm"": 150.0}",195
sample_000196,C03_Ring,14,"{""n_particles"": 14, ""name"": ""wafer_particles.pattern.C03_Ring"", ""radius_ratio"": 0.44450034423918927, ""schema_version"": ""wafer_particles.pattern_config.v1"", ""wafer_radius_mm"": 150.0, ""width_ratio"": 0.04641622271748271}",196
sample_000197,C10_Hotspot_Iso,79,"{""center_angle"": ""random"", ""center_angle_rad"": 4.478351177207636, ""center_radius_ratio"": 0.18419179844191402, ""mode"": ""random"", ""n_particles"": 79, ""name"": ""wafer_particles.pattern.C10_Hotspot_Iso"", ""schema_version"": ""wafer_particles.pattern_config.v1"", ""sigma_ratio"": 0.02324560869400823, ""wafer_radius_mm"": 150.0}",197
sample_000198,C10_Hotspot_Iso,90,"{""center_angle"": ""random"", ""center_angle_rad"": 4.889240103331036, ""center_radius_ratio"": 0.4884364381649188, ""mode"": ""random"", ""n_particles"": 90, ""name"": ""wafer_particles.pattern.C10_Hotspot_Iso"", ""schema_version"": ""wafer_particles.pattern_config.v1"", ""sigma_ratio"": 0.025358243453507116, ""wafer_radius_mm"": 150.0}",198
sample_000199,C08_CurvedScratch,179,"{""angle_center_deg"": 0.0, ""angle_center_rad"": 5.2907214441739026, ""arc_radius_ratio"": 0.6328307957044748, ""n_particles"": 179, ""name"": ""wafer_particles.pattern.C08_CurvedScratch"", ""schema_version"": ""wafer_particles.pattern_config.v1"", ""span_deg"": 76.60678444898704, ""wafer_radius_mm"": 150.0, ""width_ratio"": 0.02594412119139853}",199
sample_000200,C06_RadialLines,81,"{""angular_jitter_deg"": 4.091732289628124, ""n_lines"": 6, ""n_particles"": 81, ""name"": ""wafer_particles.pattern.C06_RadialLines"", ""r_max_ratio"": 0.7423756357837646, ""r_min_ratio"": 0.03255751337351372, ""schema_version"": ""wafer_particles.pattern_config.v1"", ""sigma_perp_ratio"": 0.01309227745889788, ""wafer_radius_mm"": 150.0}",200
sample_000201,C03_Ring,82,"{""n_particles"": 82, ""name"": ""wafer_particles.pattern.C03_Ring"", ""radius_ratio"": 0.6759907138159297, ""schema_version"": ""wafer_particles.pattern_config.v1"", ""wafer_radius_mm"": 150.0, ""width_ratio"": 0.1112356028142075}",201
sample_000202,C01_Uniform,152,"{""n_particles"": 152, ""name"": ""wafer_particles.pattern.C01_Uniform"", ""schema_version"": ""wafer_particles.pattern_config.v1"", ""wafer_radius_mm"": 150.0}",202
sample_000203,C02_EdgeBiased,197,"{""edge_bias"": 3.1670392947483563, ""n_particles"": 197, ""name"": ""wafer_particles.pattern.C02_EdgeBiased"", ""schema_version"": ""wafer_particles.pattern_config.v1"", ""wafer_radius_mm"": 150.0}",203
sample_000204,C08_CurvedScratch,159,"{""angle_center_deg"": 0.0, ""angle_center_rad"": 3.3187345900646297, ""arc_radius_ratio"": 0.6660564364445849, ""n_particles"": 159, ""name"": ""wafer_particles.pattern.C08_CurvedScratch"", ""schema_version"": ""wafer_particles.pattern_config.v1"", ""span_deg"": 97.76366803767743, ""wafer_radius_mm"": 150.0, ""width_ratio"": 0.0519773731978724}",204
sample_000205,C06_RadialLines,43,"{""angular_jitter_deg"": 0.12770199632091195, ""n_lines"": 6, ""n_particles"": 43, ""name"": ""wafer_particles.pattern.C06_RadialLines"", ""r_max_ratio"": 0.8063637506153247, ""r_min_ratio"": 0.1724561093931955, ""schema_version"": ""wafer_particles.pattern_config.v1"", ""sigma_perp_ratio"": 0.005841019443879103, ""wafer_radius_mm"": 150.0}",205
sample_000206,C10_Hotspot_Iso,56,"{""center_angle"": ""random"", ""center_angle_rad"": 3.120654743255244, ""center_radius_ratio"": 0.8852528051829796, ""mode"": ""random"", ""n_particles"": 56, ""name"": ""wafer_particles.pattern.C10_Hotspot_Iso"", ""schema_version"": ""wafer_particles.pattern_config.v1"", ""sigma_ratio"": 0.07858625868874101, ""wafer_radius_mm"": 150.0}",206
sample_000207,C10_Hotspot_Iso,61,"{""center_angle"": ""random"", ""center_angle_rad"": 1.8736658096800316, ""center_radius_ratio"": 0.20703211645961306, ""mode"": ""random"", ""n_particles"": 61, ""name"": ""wafer_particles.pattern.C10_Hotspot_Iso"", ""schema_version"": ""wafer_particles.pattern_config.v1"", ""sigma_ratio"": 0.03681516719037564, ""wafer_radius_mm"": 150.0}",207
sample_000208,C04_Sector_Edge,120,"{""angle_center_rad"": 0.5851958890116599, ""angle_width_deg"": 45.31321122619561, ""edge_width_ratio"": 0.12441801929149039, ""n_particles"": 120, ""name"": ""wafer_particles.pattern.C04_Sector_Edge"", ""radial_beta_alpha"": 3.976009422302338, ""radial_beta_beta"": 1.469303945906835, ""schema_version"": ""wafer_particles.pattern_config.v1"", ""side"": ""right"", ""theta_vonmises_kappa"": 4.320138136114888, ""wafer_radius_mm"": 150.0}",208
sample_000209,C05_Sector_Internal,167,"{""angle_center_rad"": 4.934484195305183, ""angle_width_deg"": 89.05031528891105, ""edge_margin_norm"": 0.05, ""n_particles"": 167, ""name"": ""wafer_particles.pattern.C05_Sector_Internal"", ""r_inner_ratio"": 0.21069253847664318, ""r_outer_ratio"": 0.5922283913326386, ""radial_beta_alpha"": 2.3224500893719284, ""radial_beta_beta"": 1.9572274083161314, ""schema_version"": ""wafer_particles.pattern_config.v1"", ""theta_vonmises_kappa"": 3.677751850548525, ""wafer_radius_mm"": 150.0}",209
sample_000210,C02_EdgeBiased,84,"{""edge_bias"": 3.497601804649885, ""n_particles"": 84, ""name"": ""wafer_particles.pattern.C02_EdgeBiased"", ""schema_version"": ""wafer_particles.pattern_config.v1"", ""wafer_radius_mm"": 150.0}",210
sample_000211,C03_Ring,87,"{""n_particles"": 87, ""name"": ""wafer_particles.pattern.C03_Ring"", ""radius_ratio"": 0.7135010489570517, ""schema_version"": ""wafer_particles.pattern_config.v1"", ""wafer_radius_mm"": 150.0, ""width_ratio"": 0.08729984382362577}",211
sample_000212,C01_Uniform,91,"{""n_particles"": 91, ""name"": ""wafer_particles.pattern.C01_Uniform"", ""schema_version"": ""wafer_particles.pattern_config.v1"", ""wafer_radius_mm"": 150.0}",212
sample_000213,C06_RadialLines,28,"{""angular_jitter_deg"": 0.39641610192407306, ""n_lines"": 8, ""n_particles"": 28, ""name"": ""wafer_particles.pattern.C06_RadialLines"", ""r_max_ratio"": 0.9639629073859267, ""r_min_ratio"": 0.1553233728684714, ""schema_version"": ""wafer_particles.pattern_config.v1"", ""sigma_perp_ratio"": 0.029493184793292937, ""wafer_radius_mm"": 150.0}",213
sample_000214,C03_Ring,157,"{""n_particles"": 157, ""name"": ""wafer_particles.pattern.C03_Ring"", ""radius_ratio"": 0.7115672624474887, ""schema_version"": ""wafer_particles.pattern_config.v1"", ""wafer_radius_mm"": 150.0, ""width_ratio"": 0.14768164814390108}",214
sample_000215,C07_StraightLine,126,"{""angle_deg"": 96.49114627278054, ""n_particles"": 126, ""name"": ""wafer_particles.pattern.C07_StraightLine"", ""offset_ratio"": 0.1843408111713784, ""schema_version"": ""wafer_particles.pattern_config.v1"", ""segment_half_length_ratio"": 0.3612948672675895, ""wafer_radius_mm"": 150.0, ""width_ratio"": 0.01682562696836405}",215
sample_000216,C01_Uniform,80,"{""n_particles"": 80, ""name"": ""wafer_particles.pattern.C01_Uniform"", ""schema_version"": ""wafer_particles.pattern_config.v1"", ""wafer_radius_mm"": 150.0}",216
sample_000217,C05_Sector_Internal,127,"{""angle_center_rad"": 2.274847847283549, ""angle_width_deg"": 77.8092149513227, ""edge_margin_norm"": 0.05, ""n_particles"": 127, ""name"": ""wafer_particles.pattern.C05_Sector_Internal"", ""r_inner_ratio"": 0.06446357951232494, ""r_outer_ratio"": 0.650157018176679, ""radial_beta_alpha"": 1.5688760102720432, ""radial_beta_beta"": 2.739008864493885, ""schema_version"": ""wafer_particles.pattern_config.v1"", ""theta_vonmises_kappa"": 1.426715326625997, ""wafer_radius_mm"": 150.0}",217
sample_000218,C09_Spiral,155,"{""end_r_ratio"": 0.7726776824877174, ""n_particles"": 155, ""name"": ""wafer_particles.pattern.C09_Spiral"", ""schema_version"": ""wafer_particles.pattern_config.v1"", ""start_r_ratio"": 0.2537152286087342, ""theta_max"": 6.707655521528503, ""wafer_radius_mm"": 150.0, ""width_ratio"": 0.04355460196698197}",218
sample_000219,C09_Spiral,154,"{""end_r_ratio"": 0.9427072344141747, ""n_particles"": 154, ""name"": ""wafer_particles.pattern.C09_Spiral"", ""schema_version"": ""wafer_particles.pattern_config.v1"", ""start_r_ratio"": 0.04556735394026329, ""theta_max"": 10.880818075750264, ""wafer_radius_mm"": 150.0, ""width_ratio"": 0.047339426815365536}",219
sample_000220,C05_Sector_Internal,25,"{""angle_center_rad"": 4.272007527461993, ""angle_width_deg"": 56.104525592647256, ""edge_margin_norm"": 0.05, ""n_particles"": 25, ""name"": ""wafer_particles.pattern.C05_Sector_Internal"", ""r_inner_ratio"": 0.13248211092733322, ""r_outer_ratio"": 0.7888968995821941, ""radial_beta_alpha"": 1.2211460019274734, ""radial_beta_beta"": 3.385367482231592, ""schema_version"": ""wafer_particles.pattern_config.v1"", ""theta_vonmises_kappa"": 6.74731506603279, ""wafer_radius_mm"": 150.0}",220
sample_000221,C08_CurvedScratch,154,"{""angle_center_deg"": 0.0, ""angle_center_rad"": 3.447702590911309, ""arc_radius_ratio"": 0.7260947263385157, ""n_particles"": 154, ""name"": ""wafer_particles.pattern.C08_CurvedScratch"", ""schema_version"": ""wafer_particles.pattern_config.v1"", ""span_deg"": 155.75249755624466, ""wafer_radius_mm"": 150.0, ""width_ratio"": 0.053836864507307014}",221
sample_000222,C08_CurvedScratch,115,"{""angle_center_deg"": 0.0, ""angle_center_rad"": 1.7667827783267396, ""arc_radius_ratio"": 0.5597194235639897, ""n_particles"": 115, ""name"": ""wafer_particles.pattern.C08_CurvedScratch"", ""schema_version"": ""wafer_particles.pattern_config.v1"", ""span_deg"": 92.54170171592403, ""wafer_radius_mm"": 150.0, ""width_ratio"": 0.04086465803840843}",222
sample_000223,C03_Ring,71,"{""n_particles"": 71, ""name"": ""wafer_particles.pattern.C03_Ring"", ""radius_ratio"": 0.8773654853113182, ""schema_version"": ""wafer_particles.pattern_config.v1"", ""wafer_radius_mm"": 150.0, ""width_ratio"": 0.11933090751652273}",223
sample_000224,C02_EdgeBiased,176,"{""edge_bias"": 3.2884461131863465, ""n_particles"": 176, ""name"": ""wafer_particles.pattern.C02_EdgeBiased"", ""schema_version"": ""wafer_particles.pattern_config.v1"", ""wafer_radius_mm"": 150.0}",224
sample_000225,C01_Uniform,83,"{""n_particles"": 83, ""name"": ""wafer_particles.pattern.C01_Uniform"", ""schema_version"": ""wafer_particles.pattern_config.v1"", ""wafer_radius_mm"": 150.0}",225
sample_000226,C04_Sector_Edge,98,"{""angle_center_rad"": 2.0618191407130593, ""angle_width_deg"": 73.62154592532538, ""edge_width_ratio"": 0.18022452915896642, ""n_particles"": 98, ""name"": ""wafer_particles.pattern.C04_Sector_Edge"", ""radial_beta_alpha"": 2.1126458595974222, ""radial_beta_beta"": 1.1530148657516863, ""schema_version"": ""wafer_particles.pattern_config.v1"", ""side"": ""right"", ""theta_vonmises_kappa"": 9.927777754978576, ""wafer_radius_mm"": 150.0}",226
sample_000227,C01_Uniform,32,"{""n_particles"": 32, ""name"": ""wafer_particles.pattern.C01_Uniform"", ""schema_version"": ""wafer_particles.pattern_config.v1"", ""wafer_radius_mm"": 150.0}",227
sample_000228,C05_Sector_Internal,33,"{""angle_center_rad"": 5.431163390468361, ""angle_width_deg"": 45.174120874963506, ""edge_margin_norm"": 0.05, ""n_particles"": 33, ""name"": ""wafer_particles.pattern.C05_Sector_Internal"", ""r_inner_ratio"": 0.21092668172713183, ""r_outer_ratio"": 0.8165753643134661, ""radial_beta_alpha"": 3.2534114844812505, ""radial_beta_beta"": 3.109120194045378, ""schema_version"": ""wafer_particles.pattern_config.v1"", ""theta_vonmises_kappa"": 3.5074248914298685, ""wafer_radius_mm"": 150.0}",228
sample_000229,C05_Sector_Internal,97,"{""angle_center_rad"": 1.4628298722028217, ""angle_width_deg"": 67.64306561117193, ""edge_margin_norm"": 0.05, ""n_particles"": 97, ""name"": ""wafer_particles.pattern.C05_Sector_Internal"", ""r_inner_ratio"": 0.27924502233590665, ""r_outer_ratio"": 0.7670098604744685, ""radial_beta_alpha"": 3.2940303554478105, ""radial_beta_beta"": 3.6167411363230757, ""schema_version"": ""wafer_particles.pattern_config.v1"", ""theta_vonmises_kappa"": 5.132857455789322, ""wafer_radius_mm"": 150.0}",229
sample_000230,C08_CurvedScratch,42,"{""angle_center_deg"": 0.0, ""angle_center_rad"": 4.2009470912701445, ""arc_radius_ratio"": 0.8169449484247979, ""n_particles"": 42, ""name"": ""wafer_particles.pattern.C08_CurvedScratch"", ""schema_version"": ""wafer_particles.pattern_config.v1"", ""span_deg"": 33.45881958380348, ""wafer_radius_mm"": 150.0, ""width_ratio"": 0.05815596090457598}",230
sample_000231,C04_Sector_Edge,64,"{""angle_center_rad"": 2.0651560813492256, ""angle_width_deg"": 24.89417030452153, ""edge_width_ratio"": 0.2446345468572284, ""n_particles"": 64, ""name"": ""wafer_particles.pattern.C04_Sector_Edge"", ""radial_beta_alpha"": 3.513000395573791, ""radial_beta_beta"": 2.669023403916904, ""schema_version"": ""wafer_particles.pattern_config.v1"", ""side"": ""right"", ""theta_vonmises_kappa"": 7.459369412894551, ""wafer_radius_mm"": 150.0}",231
sample_000232,C02_EdgeBiased,18,"{""edge_bias"": 1.4645403915591835, ""n_particles"": 18, ""name"": ""wafer_particles.pattern.C02_EdgeBiased"", ""schema_version"": ""wafer_particles.pattern_config.v1"", ""wafer_radius_mm"": 150.0}",232
sample_000233,C06_RadialLines,43,"{""angular_jitter_deg"": 2.482262112836644, ""n_lines"": 8, ""n_particles"": 43, ""name"": ""wafer_particles.pattern.C06_RadialLines"", ""r_max_ratio"": 0.9178492885289118, ""r_min_ratio"": 0.06612374524532282, ""schema_version"": ""wafer_particles.pattern_config.v1"", ""sigma_perp_ratio"": 0.026050273238099678, ""wafer_radius_mm"": 150.0}",233
sample_000234,C10_Hotspot_Iso,171,"{""center_angle"": ""random"", ""center_angle_rad"": 1.1690033611358397, ""center_radius_ratio"": 0.6244739765535006, ""mode"": ""random"", ""n_particles"": 171, ""name"": ""wafer_particles.pattern.C10_Hotspot_Iso"", ""schema_version"": ""wafer_particles.pattern_config.v1"", ""sigma_ratio"": 0.10700387294676648, ""wafer_radius_mm"": 150.0}",234
sample_000235,C01_Uniform,152,"{""n_particles"": 152, ""name"": ""wafer_particles.pattern.C01_Uniform"", ""schema_version"": ""wafer_particles.pattern_config.v1"", ""wafer_radius_mm"": 150.0}",235
sample_000236,C09_Spiral,77,"{""end_r_ratio"": 0.7571982954003741, ""n_particles"": 77, ""name"": ""wafer_particles.pattern.C09_Spiral"", ""schema_version"": ""wafer_particles.pattern_config.v1"", ""start_r_ratio"": 0.17481279973183297, ""theta_max"": 11.334231717560561, ""wafer_radius_mm"": 150.0, ""width_ratio"": 0.04912899884025214}",236
sample_000237,C04_Sector_Edge,15,"{""angle_center_rad"": 4.555897549657983, ""angle_width_deg"": 74.36692060938535, ""edge_width_ratio"": 0.17653869414547857, ""n_particles"": 15, ""name"": ""wafer_particles.pattern.C04_Sector_Edge"", ""radial_beta_alpha"": 2.9846989753280546, ""radial_beta_beta"": 2.1699902461525444, ""schema_version"": ""wafer_particles.pattern_config.v1"", ""side"": ""right"", ""theta_vonmises_kappa"": 5.883196023454227, ""wafer_radius_mm"": 150.0}",237
sample_000238,C01_Uniform,172,"{""n_particles"": 172, ""name"": ""wafer_particles.pattern.C01_Uniform"", ""schema_version"": ""wafer_particles.pattern_config.v1"", ""wafer_radius_mm"": 150.0}",238
sample_000239,C10_Hotspot_Iso,11,"{""center_angle"": ""random"", ""center_angle_rad"": 1.1238588016424766, ""center_radius_ratio"": 0.3751462556778758, ""mode"": ""random"", ""n_particles"": 11, ""name"": ""wafer_particles.pattern.C10_Hotspot_Iso"", ""schema_version"": ""wafer_particles.pattern_config.v1"", ""sigma_ratio"": 0.06039437190734181, ""wafer_radius_mm"": 150.0}",239
sample_000240,C07_StraightLine,200,"{""angle_deg"": 151.3958643399471, ""n_particles"": 200, ""name"": ""wafer_particles.pattern.C07_StraightLine"", ""offset_ratio"": -0.15341112659624437, ""schema_version"": ""wafer_particles.pattern_config.v1"", ""segment_half_length_ratio"": 0.5806716618908152, ""wafer_radius_mm"": 150.0, ""width_ratio"": 0.023496290889049438}",240
sample_000241,C04_Sector_Edge,38,"{""angle_center_rad"": 0.0763478801169854, ""angle_width_deg"": 70.88762873744757, ""edge_width_ratio"": 0.20491677891015248, ""n_particles"": 38, ""name"": ""wafer_particles.pattern.C04_Sector_Edge"", ""radial_beta_alpha"": 3.112129400975963, ""radial_beta_beta"": 2.624255186147588, ""schema_version"": ""wafer_particles.pattern_config.v1"", ""side"": ""right"", ""theta_vonmises_kappa"": 7.6862355279763435, ""wafer_radius_mm"": 150.0}",241
sample_000242,C04_Sector_Edge,166,"{""angle_center_rad"": 0.32362844919974915, ""angle_width_deg"": 30.079164307225263, ""edge_width_ratio"": 0.22373442533103471, ""n_particles"": 166, ""name"": ""wafer_particles.pattern.C04_Sector_Edge"", ""radial_beta_alpha"": 1.9271543265081685, ""radial_beta_beta"": 1.614531288479484, ""schema_version"": ""wafer_particles.pattern_config.v1"", ""side"": ""right"", ""theta_vonmises_kappa"": 2.346547922932826, ""wafer_radius_mm"": 150.0}",242
sample_000243,C08_CurvedScratch,32,"{""angle_center_deg"": 0.0, ""angle_center_rad"": 4.187548927392429, ""arc_radius_ratio"": 0.48669732390242265, ""n_particles"": 32, ""name"": ""wafer_particles.pattern.C08_CurvedScratch"", ""schema_version"": ""wafer_particles.pattern_config.v1"", ""span_deg"": 93.89994071170447, ""wafer_radius_mm"": 150.0, ""width_ratio"": 0.04824975050853675}",243
sample_000244,C03_Ring,163,"{""n_particles"": 163, ""name"": ""wafer_particles.pattern.C03_Ring"", ""radius_ratio"": 0.48001167819898843, ""schema_version"": ""wafer_particles.pattern_config.v1"", ""wafer_radius_mm"": 150.0, ""width_ratio"": 0.13827275280331744}",244
sample_000245,C01_Uniform,103,"{""n_particles"": 103, ""name"": ""wafer_particles.pattern.C01_Uniform"", ""schema_version"": ""wafer_particles.pattern_config.v1"", ""wafer_radius_mm"": 150.0}",245
sample_000246,C06_RadialLines,39,"{""angular_jitter_deg"": 2.6937649001696014, ""n_lines"": 6, ""n_particles"": 39, ""name"": ""wafer_particles.pattern.C06_RadialLines"", ""r_max_ratio"": 0.6869449844469584, ""r_min_ratio"": 0.2686107406484477, ""schema_version"": ""wafer_particles.pattern_config.v1"", ""sigma_perp_ratio"": 0.004001004621451913, ""wafer_radius_mm"": 150.0}",246
sample_000247,C03_Ring,193,"{""n_particles"": 193, ""name"": ""wafer_particles.pattern.C03_Ring"", ""radius_ratio"": 0.8535574404255232, ""schema_version"": ""wafer_particles.pattern_config.v1"", ""wafer_radius_mm"": 150.0, ""width_ratio"": 0.0789569058711914}",247
sample_000248,C06_RadialLines,50,"{""angular_jitter_deg"": 2.560896293250097, ""n_lines"": 8, ""n_particles"": 50, ""name"": ""wafer_particles.pattern.C06_RadialLines"", ""r_max_ratio"": 0.9105759096165644, ""r_min_ratio"": 0.028119722348281483, ""schema_version"": ""wafer_particles.pattern_config.v1"", ""sigma_perp_ratio"": 0.012777180748870179, ""wafer_radius_mm"": 150.0}",248
sample_000249,C10_Hotspot_Iso,19,"{""center_angle"": ""random"", ""center_angle_rad"": 4.943342444799737, ""center_radius_ratio"": 0.5710053779572989, ""mode"": ""random"", ""n_particles"": 19, ""name"": ""wafer_particles.pattern.C10_Hotspot_Iso"", ""schema_version"": ""wafer_particles.pattern_config.v1"", ""sigma_ratio"": 0.07506414153903493, ""wafer_radius_mm"": 150.0}",249
sample_000250,C02_EdgeBiased,46,"{""edge_bias"": 3.1640603483141803, ""n_particles"": 46, ""name"": ""wafer_particles.pattern.C02_EdgeBiased"", ""schema_version"": ""wafer_particles.pattern_config.v1"", ""wafer_radius_mm"": 150.0}",250
sample_000251,C01_Uniform,72,"{""n_particles"": 72, ""name"": ""wafer_particles.pattern.C01_Uniform"", ""schema_version"": ""wafer_particles.pattern_config.v1"", ""wafer_radius_mm"": 150.0}",251
sample_000252,C01_Uniform,191,"{""n_particles"": 191, ""name"": ""wafer_particles.pattern.C01_Uniform"", ""schema_version"": ""wafer_particles.pattern_config.v1"", ""wafer_radius_mm"": 150.0}",252
sample_000253,C08_CurvedScratch,14,"{""angle_center_deg"": 0.0, ""angle_center_rad"": 1.255756184534142, ""arc_radius_ratio"": 0.4608804810772947, ""n_particles"": 14, ""name"": ""wafer_particles.pattern.C08_CurvedScratch"", ""schema_version"": ""wafer_particles.pattern_config.v1"", ""span_deg"": 154.5005253680409, ""wafer_radius_mm"": 150.0, ""width_ratio"": 0.04873871646078481}",253
sample_000254,C04_Sector_Edge,180,"{""angle_center_rad"": 4.739226022950296, ""angle_width_deg"": 45.183382013972846, ""edge_width_ratio"": 0.06351426844935333, ""n_particles"": 180, ""name"": ""wafer_particles.pattern.C04_Sector_Edge"", ""radial_beta_alpha"": 2.467190415187091, ""radial_beta_beta"": 2.5584803836120855, ""schema_version"": ""wafer_particles.pattern_config.v1"", ""side"": ""right"", ""theta_vonmises_kappa"": 1.9267597066457036, ""wafer_radius_mm"": 150.0}",254
sample_000255,C10_Hotspot_Iso,61,"{""center_angle"": ""random"", ""center_angle_rad"": 6.002789376286179, ""center_radius_ratio"": 0.31840043879535473, ""mode"": ""random"", ""n_particles"": 61, ""name"": ""wafer_particles.pattern.C10_Hotspot_Iso"", ""schema_version"": ""wafer_particles.pattern_config.v1"", ""sigma_ratio"": 0.05516642938123733, ""wafer_radius_mm"": 150.0}",255
sample_000256,C08_CurvedScratch,64,"{""angle_center_deg"": 0.0, ""angle_center_rad"": 6.052523518416134, ""arc_radius_ratio"": 0.4143205965427566, ""n_particles"": 64, ""name"": ""wafer_particles.pattern.C08_CurvedScratch"", ""schema_version"": ""wafer_particles.pattern_config.v1"", ""span_deg"": 73.11166320950127, ""wafer_radius_mm"": 150.0, ""width_ratio"": 0.05490996766642523}",256
sample_000257,C01_Uniform,128,"{""n_particles"": 128, ""name"": ""wafer_particles.pattern.C01_Uniform"", ""schema_version"": ""wafer_particles.pattern_config.v1"", ""wafer_radius_mm"": 150.0}",257
sample_000258,C01_Uniform,189,"{""n_particles"": 189, ""name"": ""wafer_particles.pattern.C01_Uniform"", ""schema_version"": ""wafer_particles.pattern_config.v1"", ""wafer_radius_mm"": 150.0}",258
sample_000259,C07_StraightLine,28,"{""angle_deg"": 178.01431356359896, ""n_particles"": 28, ""name"": ""wafer_particles.pattern.C07_StraightLine"", ""offset_ratio"": 0.10316843757085822, ""schema_version"": ""wafer_particles.pattern_config.v1"", ""segment_half_length_ratio"": 0.7454744698872596, ""wafer_radius_mm"": 150.0, ""width_ratio"": 0.030370001784568387}",259
sample_000260,C10_Hotspot_Iso,167,"{""center_angle"": ""random"", ""center_angle_rad"": 4.895425717805357, ""center_radius_ratio"": 0.8259540259701835, ""mode"": ""random"", ""n_particles"": 167, ""name"": ""wafer_particles.pattern.C10_Hotspot_Iso"", ""schema_version"": ""wafer_particles.pattern_config.v1"", ""sigma_ratio"": 0.0743081249044181, ""wafer_radius_mm"": 150.0}",260
sample_000261,C09_Spiral,53,"{""end_r_ratio"": 0.9300996918483657, ""n_particles"": 53, ""name"": ""wafer_particles.pattern.C09_Spiral"", ""schema_version"": ""wafer_particles.pattern_config.v1"", ""start_r_ratio"": 0.1127155381944597, ""theta_max"": 18.74001699956317, ""wafer_radius_mm"": 150.0, ""width_ratio"": 0.026106353313052014}",261
sample_000262,C08_CurvedScratch,113,"{""angle_center_deg"": 0.0, ""angle_center_rad"": 1.8887307557948132, ""arc_radius_ratio"": 0.7930189216860395, ""n_particles"": 113, ""name"": ""wafer_particles.pattern.C08_CurvedScratch"", ""schema_version"": ""wafer_particles.pattern_config.v1"", ""span_deg"": 69.54187595228622, ""wafer_radius_mm"": 150.0, ""width_ratio"": 0.034371135515847216}",262
sample_000263,C09_Spiral,25,"{""end_r_ratio"": 0.8886494599833856, ""n_particles"": 25, ""name"": ""wafer_particles.pattern.C09_Spiral"", ""schema_version"": ""wafer_particles.pattern_config.v1"", ""start_r_ratio"": 0.28676284164602006, ""theta_max"": 16.946935145980007, ""wafer_radius_mm"": 150.0, ""width_ratio"": 0.024863104013104154}",263
sample_000264,C09_Spiral,83,"{""end_r_ratio"": 0.832717354402432, ""n_particles"": 83, ""name"": ""wafer_particles.pattern.C09_Spiral"", ""schema_version"": ""wafer_particles.pattern_config.v1"", ""start_r_ratio"": 0.10634481224369814, ""theta_max"": 16.099957125981728, ""wafer_radius_mm"": 150.0, ""width_ratio"": 0.027955883768004914}",264
sample_000265,C02_EdgeBiased,35,"{""edge_bias"": 1.920881350497643, ""n_particles"": 35, ""name"": ""wafer_particles.pattern.C02_EdgeBiased"", ""schema_version"": ""wafer_particles.pattern_config.v1"", ""wafer_radius_mm"": 150.0}",265
sample_000266,C10_Hotspot_Iso,78,"{""center_angle"": ""random"", ""center_angle_rad"": 3.9030973181299893, ""center_radius_ratio"": 0.8343361022695396, ""mode"": ""random"", ""n_particles"": 78, ""name"": ""wafer_particles.pattern.C10_Hotspot_Iso"", ""schema_version"": ""wafer_particles.pattern_config.v1"", ""sigma_ratio"": 0.10391277411852513, ""wafer_radius_mm"": 150.0}",266
sample_000267,C09_Spiral,182,"{""end_r_ratio"": 0.8278049197164383, ""n_particles"": 182, ""name"": ""wafer_particles.pattern.C09_Spiral"", ""schema_version"": ""wafer_particles.pattern_config.v1"", ""start_r_ratio"": 0.009308709270555682, ""theta_max"": 10.217927684116837, ""wafer_radius_mm"": 150.0, ""width_ratio"": 0.04239909008912795}",267
sample_000268,C07_StraightLine,10,"{""angle_deg"": 128.7155652676687, ""n_particles"": 10, ""name"": ""wafer_particles.pattern.C07_StraightLine"", ""offset_ratio"": 0.2959133482100694, ""schema_version"": ""wafer_particles.pattern_config.v1"", ""segment_half_length_ratio"": 0.7135123940785617, ""wafer_radius_mm"": 150.0, ""width_ratio"": 0.022377059612203647}",268
sample_000269,C04_Sector_Edge,22,"{""angle_center_rad"": 2.2187053608252687, ""angle_width_deg"": 24.766330315290162, ""edge_width_ratio"": 0.10664555818479186, ""n_particles"": 22, ""name"": ""wafer_particles.pattern.C04_Sector_Edge"", ""radial_beta_alpha"": 1.4792967903826792, ""radial_beta_beta"": 2.0651766529215627, ""schema_version"": ""wafer_particles.pattern_config.v1"", ""side"": ""right"", ""theta_vonmises_kappa"": 5.426601501008759, ""wafer_radius_mm"": 150.0}",269
sample_000270,C06_RadialLines,175,"{""angular_jitter_deg"": 3.0480883900373508, ""n_lines"": 4, ""n_particles"": 175, ""name"": ""wafer_particles.pattern.C06_RadialLines"", ""r_max_ratio"": 0.6817408506640686, ""r_min_ratio"": 0.25503172216143016, ""schema_version"": ""wafer_particles.pattern_config.v1"", ""sigma_perp_ratio"": 0.0168084479298802, ""wafer_radius_mm"": 150.0}",270
sample_000271,C01_Uniform,171,"{""n_particles"": 171, ""name"": ""wafer_particles.pattern.C01_Uniform"", ""schema_version"": ""wafer_particles.pattern_config.v1"", ""wafer_radius_mm"": 150.0}",271
sample_000272,C09_Spiral,42,"{""end_r_ratio"": 0.7482286979217249, ""n_particles"": 42, ""name"": ""wafer_particles.pattern.C09_Spiral"", ""schema_version"": ""wafer_particles.pattern_config.v1"", ""start_r_ratio"": 0.12786166478800914, ""theta_max"": 15.286356731752281, ""wafer_radius_mm"": 150.0, ""width_ratio"": 0.03607242624826773}",272
sample_000273,C07_StraightLine,21,"{""angle_deg"": 88.20130159683677, ""n_particles"": 21, ""name"": ""wafer_particles.pattern.C07_StraightLine"", ""offset_ratio"": 0.20291411666912376, ""schema_version"": ""wafer_particles.pattern_config.v1"", ""segment_half_length_ratio"": 0.4064351139931165, ""wafer_radius_mm"": 150.0, ""width_ratio"": 0.03502975405546597}",273
sample_000274,C02_EdgeBiased,159,"{""edge_bias"": 3.5935220879486063, ""n_particles"": 159, ""name"": ""wafer_particles.pattern.C02_EdgeBiased"", ""schema_version"": ""wafer_particles.pattern_config.v1"", ""wafer_radius_mm"": 150.0}",274
sample_000275,C01_Uniform,200,"{""n_particles"": 200, ""name"": ""wafer_particles.pattern.C01_Uniform"", ""schema_version"": ""wafer_particles.pattern_config.v1"", ""wafer_radius_mm"": 150.0}",275
sample_000276,C04_Sector_Edge,128,"{""angle_center_rad"": 0.6922155251113706, ""angle_width_deg"": 41.4712850483328, ""edge_width_ratio"": 0.16928005489747755, ""n_particles"": 128, ""name"": ""wafer_particles.pattern.C04_Sector_Edge"", ""radial_beta_alpha"": 3.5960912732759787, ""radial_beta_beta"": 0.8747607186695796, ""schema_version"": ""wafer_particles.pattern_config.v1"", ""side"": ""right"", ""theta_vonmises_kappa"": 2.72724863385401, ""wafer_radius_mm"": 150.0}",276
sample_000277,C08_CurvedScratch,132,"{""angle_center_deg"": 0.0, ""angle_center_rad"": 0.043216363291082166, ""arc_radius_ratio"": 0.4918138047813149, ""n_particles"": 132, ""name"": ""wafer_particles.pattern.C08_CurvedScratch"", ""schema_version"": ""wafer_particles.pattern_config.v1"", ""span_deg"": 84.23255030463802, ""wafer_radius_mm"": 150.0, ""width_ratio"": 0.010344857081777428}",277
sample_000278,C03_Ring,182,"{""n_particles"": 182, ""name"": ""wafer_particles.pattern.C03_Ring"", ""radius_ratio"": 0.7034873042632533, ""schema_version"": ""wafer_particles.pattern_config.v1"", ""wafer_radius_mm"": 150.0, ""width_ratio"": 0.16545057067703087}",278
sample_000279,C06_RadialLines,69,"{""angular_jitter_deg"": 0.9323547963816098, ""n_lines"": 4, ""n_particles"": 69, ""name"": ""wafer_particles.pattern.C06_RadialLines"", ""r_max_ratio"": 0.7237626279624266, ""r_min_ratio"": 0.27435592440793927, ""schema_version"": ""wafer_particles.pattern_config.v1"", ""sigma_perp_ratio"": 0.017570244954865064, ""wafer_radius_mm"": 150.0}",279
sample_000280,C03_Ring,122,"{""n_particles"": 122, ""name"": ""wafer_particles.pattern.C03_Ring"", ""radius_ratio"": 0.43506079484483634, ""schema_version"": ""wafer_particles.pattern_config.v1"", ""wafer_radius_mm"": 150.0, ""width_ratio"": 0.0876233269543523}",280
sample_000281,C09_Spiral,105,"{""end_r_ratio"": 0.777673701296929, ""n_particles"": 105, ""name"": ""wafer_particles.pattern.C09_Spiral"", ""schema_version"": ""wafer_particles.pattern_config.v1"", ""start_r_ratio"": 0.09437826295330115, ""theta_max"": 12.593742379017486, ""wafer_radius_mm"": 150.0, ""width_ratio"": 0.049180417086168805}",281
sample_000282,C10_Hotspot_Iso,111,"{""center_angle"": ""random"", ""center_angle_rad"": 0.8597077508209479, ""center_radius_ratio"": 0.7861097134044424, ""mode"": ""random"", ""n_particles"": 111, ""name"": ""wafer_particles.pattern.C10_Hotspot_Iso"", ""schema_version"": ""wafer_particles.pattern_config.v1"", ""sigma_ratio"": 0.08774330211624022, ""wafer_radius_mm"": 150.0}",282
sample_000283,C06_RadialLines,190,"{""angular_jitter_deg"": 1.673328251264386, ""n_lines"": 6, ""n_particles"": 190, ""name"": ""wafer_particles.pattern.C06_RadialLines"", ""r_max_ratio"": 0.8940859244808879, ""r_min_ratio"": 0.130822130938223, ""schema_version"": ""wafer_particles.pattern_config.v1"", ""sigma_perp_ratio"": 0.02300600456659441, ""wafer_radius_mm"": 150.0}",283
sample_000284,C07_StraightLine,37,"{""angle_deg"": 131.68314453213856, ""n_particles"": 37, ""name"": ""wafer_particles.pattern.C07_StraightLine"", ""offset_ratio"": -0.11852148533629209, ""schema_version"": ""wafer_particles.pattern_config.v1"", ""segment_half_length_ratio"": 0.5551777593081828, ""wafer_radius_mm"": 150.0, ""width_ratio"": 0.005487959527998235}",284
sample_000285,C03_Ring,71,"{""n_particles"": 71, ""name"": ""wafer_particles.pattern.C03_Ring"", ""radius_ratio"": 0.7990508007415017, ""schema_version"": ""wafer_particles.pattern_config.v1"", ""wafer_radius_mm"": 150.0, ""width_ratio"": 0.1847057575053309}",285
sample_000286,C08_CurvedScratch,79,"{""angle_center_deg"": 0.0, ""angle_center_rad"": 3.2083526117689294, ""arc_radius_ratio"": 0.6260687157875064, ""n_particles"": 79, ""name"": ""wafer_particles.pattern.C08_CurvedScratch"", ""schema_version"": ""wafer_particles.pattern_config.v1"", ""span_deg"": 93.5240869135476, ""wafer_radius_mm"": 150.0, ""width_ratio"": 0.02142673949636023}",286
sample_000287,C05_Sector_Internal,86,"{""angle_center_rad"": 3.96783437770456, ""angle_width_deg"": 103.97683869994661, ""edge_margin_norm"": 0.05, ""n_particles"": 86, ""name"": ""wafer_particles.pattern.C05_Sector_Internal"", ""r_inner_ratio"": 0.07381108756458575, ""r_outer_ratio"": 0.6260328931860148, ""radial_beta_alpha"": 2.1280373475356944, ""radial_beta_beta"": 1.5933063782160062, ""schema_version"": ""wafer_particles.pattern_config.v1"", ""theta_vonmises_kappa"": 3.201629578953808, ""wafer_radius_mm"": 150.0}",287
sample_000288,C09_Spiral,66,"{""end_r_ratio"": 0.7825563842907789, ""n_particles"": 66, ""name"": ""wafer_particles.pattern.C09_Spiral"", ""schema_version"": ""wafer_particles.pattern_config.v1"", ""start_r_ratio"": 0.29988154785732746, ""theta_max"": 15.004022005325877, ""wafer_radius_mm"": 150.0, ""width_ratio"": 0.0400737437381624}",288
sample_000289,C08_CurvedScratch,43,"{""angle_center_deg"": 0.0, ""angle_center_rad"": 4.473204891113846, ""arc_radius_ratio"": 0.6540761525772516, ""n_particles"": 43, ""name"": ""wafer_particles.pattern.C08_CurvedScratch"", ""schema_version"": ""wafer_particles.pattern_config.v1"", ""span_deg"": 86.08025190054441, ""wafer_radius_mm"": 150.0, ""width_ratio"": 0.048787848153908596}",289
sample_000290,C07_StraightLine,180,"{""angle_deg"": 7.518543390652606, ""n_particles"": 180, ""name"": ""wafer_particles.pattern.C07_StraightLine"", ""offset_ratio"": -0.13132691670032348, ""schema_version"": ""wafer_particles.pattern_config.v1"", ""segment_half_length_ratio"": 0.7932708331109827, ""wafer_radius_mm"": 150.0, ""width_ratio"": 0.015697114141204314}",290
sample_000291,C06_RadialLines,190,"{""angular_jitter_deg"": 2.3964356250509655, ""n_lines"": 4, ""n_particles"": 190, ""name"": ""wafer_particles.pattern.C06_RadialLines"", ""r_max_ratio"": 0.6662667340117114, ""r_min_ratio"": 0.24437857543777, ""schema_version"": ""wafer_particles.pattern_config.v1"", ""sigma_perp_ratio"": 0.017088883235001674, ""wafer_radius_mm"": 150.0}",291
sample_000292,C09_Spiral,173,"{""end_r_ratio"": 0.8657965035642368, ""n_particles"": 173, ""name"": ""wafer_particles.pattern.C09_Spiral"", ""schema_version"": ""wafer_particles.pattern_config.v1"", ""start_r_ratio"": 0.06906004987716581, ""theta_max"": 11.693768863556619, ""wafer_radius_mm"": 150.0, ""width_ratio"": 0.04572805311760426}",292
sample_000293,C07_StraightLine,142,"{""angle_deg"": 57.92419678609905, ""n_particles"": 142, ""name"": ""wafer_particles.pattern.C07_StraightLine"", ""offset_ratio"": 0.1758939033679576, ""schema_version"": ""wafer_particles.pattern_config.v1"", ""segment_half_length_ratio"": 0.8186902924315712, ""wafer_radius_mm"": 150.0, ""width_ratio"": 0.04191713364762848}",293
sample_000294,C05_Sector_Internal,136,"{""angle_center_rad"": 2.67506550400298, ""angle_width_deg"": 44.7115072759534, ""edge_margin_norm"": 0.05, ""n_particles"": 136, ""name"": ""wafer_particles.pattern.C05_Sector_Internal"", ""r_inner_ratio"": 0.3431265064240006, ""r_outer_ratio"": 0.7387103026861032, ""radial_beta_alpha"": 3.519607536612871, ""radial_beta_beta"": 1.586078777517294, ""schema_version"": ""wafer_particles.pattern_config.v1"", ""theta_vonmises_kappa"": 0.6640684392556448, ""wafer_radius_mm"": 150.0}",294
sample_000295,C01_Uniform,37,"{""n_particles"": 37, ""name"": ""wafer_particles.pattern.C01_Uniform"", ""schema_version"": ""wafer_particles.pattern_config.v1"", ""wafer_radius_mm"": 150.0}",295
sample_000296,C05_Sector_Internal,81,"{""angle_center_rad"": 1.1994018611438382, ""angle_width_deg"": 87.04734619937948, ""edge_margin_norm"": 0.05, ""n_particles"": 81, ""name"": ""wafer_particles.pattern.C05_Sector_Internal"", ""r_inner_ratio"": 0.16611455806467929, ""r_outer_ratio"": 0.556891063487127, ""radial_beta_alpha"": 1.3812652619260528, ""radial_beta_beta"": 1.3566078408031061, ""schema_version"": ""wafer_particles.pattern_config.v1"", ""theta_vonmises_kappa"": 3.10798333996546, ""wafer_radius_mm"": 150.0}",296
sample_000297,C01_Uniform,137,"{""n_particles"": 137, ""name"": ""wafer_particles.pattern.C01_Uniform"", ""schema_version"": ""wafer_particles.pattern_config.v1"", ""wafer_radius_mm"": 150.0}",297
sample_000298,C01_Uniform,50,"{""n_particles"": 50, ""name"": ""wafer_particles.pattern.C01_Uniform"", ""schema_version"": ""wafer_particles.pattern_config.v1"", ""wafer_radius_mm"": 150.0}",298
sample_000299,C08_CurvedScratch,58,"{""angle_center_deg"": 0.0, ""angle_center_rad"": 4.703665381928086, ""arc_radius_ratio"": 0.8252933073081465, ""n_particles"": 58, ""name"": ""wafer_particles.pattern.C08_CurvedScratch"", ""schema_version"": ""wafer_particles.pattern_config.v1"", ""span_deg"": 54.15594487292645, ""wafer_radius_mm"": 150.0, ""width_ratio"": 0.05376969559151623}",299
sample_000300,C02_EdgeBiased,111,"{""edge_bias"": 2.251126576094481, ""n_particles"": 111, ""name"": ""wafer_particles.pattern.C02_EdgeBiased"", ""schema_version"": ""wafer_particles.pattern_config.v1"", ""wafer_radius_mm"": 150.0}",300
sample_000301,C05_Sector_Internal,171,"{""angle_center_rad"": 5.706134291678042, ""angle_width_deg"": 52.44290994701202, ""edge_margin_norm"": 0.05, ""n_particles"": 171, ""name"": ""wafer_particles.pattern.C05_Sector_Internal"", ""r_inner_ratio"": 0.16873329003311766, ""r_outer_ratio"": 0.5591369753719039, ""radial_beta_alpha"": 1.799823987901836, ""radial_beta_beta"": 3.8135323231083142, ""schema_version"": ""wafer_particles.pattern_config.v1"", ""theta_vonmises_kappa"": 6.671315303093651, ""wafer_radius_mm"": 150.0}",301
sample_000302,C09_Spiral,60,"{""end_r_ratio"": 0.8484397106399684, ""n_particles"": 60, ""name"": ""wafer_particles.pattern.C09_Spiral"", ""schema_version"": ""wafer_particles.pattern_config.v1"", ""start_r_ratio"": 0.16844752579124764, ""theta_max"": 16.01213971647364, ""wafer_radius_mm"": 150.0, ""width_ratio"": 0.01743647176525366}",302
sample_000303,C06_RadialLines,59,"{""angular_jitter_deg"": 1.7916462068108718, ""n_lines"": 8, ""n_particles"": 59, ""name"": ""wafer_particles.pattern.C06_RadialLines"", ""r_max_ratio"": 0.7163140733558161, ""r_min_ratio"": 0.20096453052240068, ""schema_version"": ""wafer_particles.pattern_config.v1"", ""sigma_perp_ratio"": 0.02244269354797628, ""wafer_radius_mm"": 150.0}",303
sample_000304,C04_Sector_Edge,175,"{""angle_center_rad"": 4.282936930433927, ""angle_width_deg"": 52.843180987503175, ""edge_width_ratio"": 0.22495181308128942, ""n_particles"": 175, ""name"": ""wafer_particles.pattern.C04_Sector_Edge"", ""radial_beta_alpha"": 3.544664049494968, ""radial_beta_beta"": 2.3238677469718256, ""schema_version"": ""wafer_particles.pattern_config.v1"", ""side"": ""right"", ""theta_vonmises_kappa"": 4.5354485788168795, ""wafer_radius_mm"": 150.0}",304
sample_000305,C03_Ring,171,"{""n_particles"": 171, ""name"": ""wafer_particles.pattern.C03_Ring"", ""radius_ratio"": 0.7114290478220284, ""schema_version"": ""wafer_particles.pattern_config.v1"", ""wafer_radius_mm"": 150.0, ""width_ratio"": 0.05831149167716613}",305
sample_000306,C10_Hotspot_Iso,146,"{""center_angle"": ""random"", ""center_angle_rad"": 1.5514687566715943, ""center_radius_ratio"": 0.3539718733247692, ""mode"": ""random"", ""n_particles"": 146, ""name"": ""wafer_particles.pattern.C10_Hotspot_Iso"", ""schema_version"": ""wafer_particles.pattern_config.v1"", ""sigma_ratio"": 0.10585342000288568, ""wafer_radius_mm"": 150.0}",306
sample_000307,C07_StraightLine,23,"{""angle_deg"": 154.2185546385635, ""n_particles"": 23, ""name"": ""wafer_particles.pattern.C07_StraightLine"", ""offset_ratio"": 0.24392001466723606, ""schema_version"": ""wafer_particles.pattern_config.v1"", ""segment_half_length_ratio"": 0.8888651183137555, ""wafer_radius_mm"": 150.0, ""width_ratio"": 0.026981181209087116}",307
sample_000308,C03_Ring,199,"{""n_particles"": 199, ""name"": ""wafer_particles.pattern.C03_Ring"", ""radius_ratio"": 0.8921565603914278, ""schema_version"": ""wafer_particles.pattern_config.v1"", ""wafer_radius_mm"": 150.0, ""width_ratio"": 0.10057493515946596}",308
sample_000309,C06_RadialLines,15,"{""angular_jitter_deg"": 4.461325951724074, ""n_lines"": 6, ""n_particles"": 15, ""name"": ""wafer_particles.pattern.C06_RadialLines"", ""r_max_ratio"": 0.6055929966771065, ""r_min_ratio"": 0.08415378493233973, ""schema_version"": ""wafer_particles.pattern_config.v1"", ""sigma_perp_ratio"": 0.014686093998528778, ""wafer_radius_mm"": 150.0}",309
sample_000310,C03_Ring,67,"{""n_particles"": 67, ""name"": ""wafer_particles.pattern.C03_Ring"", ""radius_ratio"": 0.5724243197933144, ""schema_version"": ""wafer_particles.pattern_config.v1"", ""wafer_radius_mm"": 150.0, ""width_ratio"": 0.18999767214946872}",310
sample_000311,C06_RadialLines,121,"{""angular_jitter_deg"": 3.0168356685252147, ""n_lines"": 4, ""n_particles"": 121, ""name"": ""wafer_particles.pattern.C06_RadialLines"", ""r_max_ratio"": 0.6394582034462915, ""r_min_ratio"": 0.2806302066459033, ""schema_version"": ""wafer_particles.pattern_config.v1"", ""sigma_perp_ratio"": 0.021696950647915592, ""wafer_radius_mm"": 150.0}",311
sample_000312,C07_StraightLine,199,"{""angle_deg"": 4.51361840644566, ""n_particles"": 199, ""name"": ""wafer_particles.pattern.C07_StraightLine"", ""offset_ratio"": -0.27782272837174443, ""schema_version"": ""wafer_particles.pattern_config.v1"", ""segment_half_length_ratio"": 0.6768431077729375, ""wafer_radius_mm"": 150.0, ""width_ratio"": 0.007415880179228207}",312
sample_000313,C05_Sector_Internal,90,"{""angle_center_rad"": 3.926863768360384, ""angle_width_deg"": 44.651987259442095, ""edge_margin_norm"": 0.05, ""n_particles"": 90, ""name"": ""wafer_particles.pattern.C05_Sector_Internal"", ""r_inner_ratio"": 0.3826160638179983, ""r_outer_ratio"": 0.6588528260847359, ""radial_beta_alpha"": 3.128076082670957, ""radial_beta_beta"": 2.6177399461105986, ""schema_version"": ""wafer_particles.pattern_config.v1"", ""theta_vonmises_kappa"": 1.7906079642148702, ""wafer_radius_mm"": 150.0}",313
sample_000314,C06_RadialLines,31,"{""angular_jitter_deg"": 2.1320463308257107, ""n_lines"": 4, ""n_particles"": 31, ""name"": ""wafer_particles.pattern.C06_RadialLines"", ""r_max_ratio"": 0.7704146710529547, ""r_min_ratio"": 0.1915930338850767, ""schema_version"": ""wafer_particles.pattern_config.v1"", ""sigma_perp_ratio"": 0.018554997117873184, ""wafer_radius_mm"": 150.0}",314
sample_000315,C07_StraightLine,46,"{""angle_deg"": 22.930707584607145, ""n_particles"": 46, ""name"": ""wafer_particles.pattern.C07_StraightLine"", ""offset_ratio"": -0.14877771826783173, ""schema_version"": ""wafer_particles.pattern_config.v1"", ""segment_half_length_ratio"": 0.8216399106796096, ""wafer_radius_mm"": 150.0, ""width_ratio"": 0.038582153435430824}",315
sample_000316,C06_RadialLines,85,"{""angular_jitter_deg"": 4.33238172643342, ""n_lines"": 6, ""n_particles"": 85, ""name"": ""wafer_particles.pattern.C06_RadialLines"", ""r_max_ratio"": 0.8313322532984733, ""r_min_ratio"": 0.27214112822349945, ""schema_version"": ""wafer_particles.pattern_config.v1"", ""sigma_perp_ratio"": 0.025811156402396097, ""wafer_radius_mm"": 150.0}",316
sample_000317,C01_Uniform,156,"{""n_particles"": 156, ""name"": ""wafer_particles.pattern.C01_Uniform"", ""schema_version"": ""wafer_particles.pattern_config.v1"", ""wafer_radius_mm"": 150.0}",317
sample_000318,C04_Sector_Edge,11,"{""angle_center_rad"": 3.465632014754045, ""angle_width_deg"": 60.234080467558776, ""edge_width_ratio"": 0.07581484540441459, ""n_particles"": 11, ""name"": ""wafer_particles.pattern.C04_Sector_Edge"", ""radial_beta_alpha"": 2.641378409439724, ""radial_beta_beta"": 2.728616493388664, ""schema_version"": ""wafer_particles.pattern_config.v1"", ""side"": ""right"", ""theta_vonmises_kappa"": 7.4737759045526095, ""wafer_radius_mm"": 150.0}",318
sample_000319,C07_StraightLine,167,"{""angle_deg"": 177.32333709330766, ""n_particles"": 167, ""name"": ""wafer_particles.pattern.C07_StraightLine"", ""offset_ratio"": -0.09985953844610375, ""schema_version"": ""wafer_particles.pattern_config.v1"", ""segment_half_length_ratio"": 0.4798739185521632, ""wafer_radius_mm"": 150.0, ""width_ratio"": 0.027355382184446407}",319
sample_000320,C02_EdgeBiased,134,"{""edge_bias"": 1.298077113204446, ""n_particles"": 134, ""name"": ""wafer_particles.pattern.C02_EdgeBiased"", ""schema_version"": ""wafer_particles.pattern_config.v1"", ""wafer_radius_mm"": 150.0}",320
sample_000321,C10_Hotspot_Iso,103,"{""center_angle"": ""random"", ""center_angle_rad"": 0.6423459070047352, ""center_radius_ratio"": 0.8674235573609405, ""mode"": ""random"", ""n_particles"": 103, ""name"": ""wafer_particles.pattern.C10_Hotspot_Iso"", ""schema_version"": ""wafer_particles.pattern_config.v1"", ""sigma_ratio"": 0.043368016999378305, ""wafer_radius_mm"": 150.0}",321
sample_000322,C08_CurvedScratch,90,"{""angle_center_deg"": 0.0, ""angle_center_rad"": 6.061608467755621, ""arc_radius_ratio"": 0.610781264927991, ""n_particles"": 90, ""name"": ""wafer_particles.pattern.C08_CurvedScratch"", ""schema_version"": ""wafer_particles.pattern_config.v1"", ""span_deg"": 125.083376177887, ""wafer_radius_mm"": 150.0, ""width_ratio"": 0.026434799517630787}",322
sample_000323,C02_EdgeBiased,126,"{""edge_bias"": 3.823821337828993, ""n_particles"": 126, ""name"": ""wafer_particles.pattern.C02_EdgeBiased"", ""schema_version"": ""wafer_particles.pattern_config.v1"", ""wafer_radius_mm"": 150.0}",323
sample_000324,C07_StraightLine,121,"{""angle_deg"": 172.04359611331589, ""n_particles"": 121, ""name"": ""wafer_particles.pattern.C07_StraightLine"", ""offset_ratio"": -0.06008959609927258, ""schema_version"": ""wafer_particles.pattern_config.v1"", ""segment_half_length_ratio"": 0.5216932271364904, ""wafer_radius_mm"": 150.0, ""width_ratio"": 0.014983580554700943}",324
sample_000325,C06_RadialLines,107,"{""angular_jitter_deg"": 2.6269021637370256, ""n_lines"": 6, ""n_particles"": 107, ""name"": ""wafer_particles.pattern.C06_RadialLines"", ""r_max_ratio"": 0.7248588997307309, ""r_min_ratio"": 0.11230438156361096, ""schema_version"": ""wafer_particles.pattern_config.v1"", ""sigma_perp_ratio"": 0.014823135417169717, ""wafer_radius_mm"": 150.0}",325
sample_000326,C07_StraightLine,153,"{""angle_deg"": 28.85416895872869, ""n_particles"": 153, ""name"": ""wafer_particles.pattern.C07_StraightLine"", ""offset_ratio"": 0.2210342954833895, ""schema_version"": ""wafer_particles.pattern_config.v1"", ""segment_half_length_ratio"": 0.76107002457061, ""wafer_radius_mm"": 150.0, ""width_ratio"": 0.02077391014783314}",326
sample_000327,C06_RadialLines,114,"{""angular_jitter_deg"": 2.439915679375168, ""n_lines"": 4, ""n_particles"": 114, ""name"": ""wafer_particles.pattern.C06_RadialLines"", ""r_max_ratio"": 0.6802588245405179, ""r_min_ratio"": 0.2378915983784857, ""schema_version"": ""wafer_particles.pattern_config.v1"", ""sigma_perp_ratio"": 0.008583938472030877, ""wafer_radius_mm"": 150.0}",327
sample_000328,C10_Hotspot_Iso,119,"{""center_angle"": ""random"", ""center_angle_rad"": 4.628403667044077, ""center_radius_ratio"": 0.8884120314296999, ""mode"": ""random"", ""n_particles"": 119, ""name"": ""wafer_particles.pattern.C10_Hotspot_Iso"", ""schema_version"": ""wafer_particles.pattern_config.v1"", ""sigma_ratio"": 0.032382263277134844, ""wafer_radius_mm"": 150.0}",328
sample_000329,C07_StraightLine,40,"{""angle_deg"": 8.773604749139546, ""n_particles"": 40, ""name"": ""wafer_particles.pattern.C07_StraightLine"", ""offset_ratio"": 0.17886940051163094, ""schema_version"": ""wafer_particles.pattern_config.v1"", ""segment_half_length_ratio"": 0.6404378362131872, ""wafer_radius_mm"": 150.0, ""width_ratio"": 0.013312892759874725}",329
sample_000330,C05_Sector_Internal,194,"{""angle_center_rad"": 5.027241965660646, ""angle_width_deg"": 107.07450190140864, ""edge_margin_norm"": 0.05, ""n_particles"": 194, ""name"": ""wafer_particles.pattern.C05_Sector_Internal"", ""r_inner_ratio"": 0.2772583172233951, ""r_outer_ratio"": 0.718119387553705, ""radial_beta_alpha"": 2.689586016921576, ""radial_beta_beta"": 3.541899659891616, ""schema_version"": ""wafer_particles.pattern_config.v1"", ""theta_vonmises_kappa"": 7.006720522271048, ""wafer_radius_mm"": 150.0}",330
sample_000331,C06_RadialLines,87,"{""angular_jitter_deg"": 3.494001819415079, ""n_lines"": 4, ""n_particles"": 87, ""name"": ""wafer_particles.pattern.C06_RadialLines"", ""r_max_ratio"": 0.7156975794621097, ""r_min_ratio"": 0.03162843210516115, ""schema_version"": ""wafer_particles.pattern_config.v1"", ""sigma_perp_ratio"": 0.01989202543920718, ""wafer_radius_mm"": 150.0}",331
sample_000332,C10_Hotspot_Iso,71,"{""center_angle"": ""random"", ""center_angle_rad"": 5.003401372077363, ""center_radius_ratio"": 0.5291673756181579, ""mode"": ""random"", ""n_particles"": 71, ""name"": ""wafer_particles.pattern.C10_Hotspot_Iso"", ""schema_version"": ""wafer_particles.pattern_config.v1"", ""sigma_ratio"": 0.06950872102096461, ""wafer_radius_mm"": 150.0}",332
sample_000333,C07_StraightLine,178,"{""angle_deg"": 36.26316157541984, ""n_particles"": 178, ""name"": ""wafer_particles.pattern.C07_StraightLine"", ""offset_ratio"": 0.1656521589071378, ""schema_version"": ""wafer_particles.pattern_config.v1"", ""segment_half_length_ratio"": 0.7790363696433874, ""wafer_radius_mm"": 150.0, ""width_ratio"": 0.04862764841103351}",333
sample_000334,C09_Spiral,74,"{""end_r_ratio"": 0.8327151763748658, ""n_particles"": 74, ""name"": ""wafer_particles.pattern.C09_Spiral"", ""schema_version"": ""wafer_particles.pattern_config.v1"", ""start_r_ratio"": 0.07928153953515292, ""theta_max"": 17.965280083941522, ""wafer_radius_mm"": 150.0, ""width_ratio"": 0.0407731236978999}",334
sample_000335,C10_Hotspot_Iso,55,"{""center_angle"": ""random"", ""center_angle_rad"": 5.30143124418813, ""center_radius_ratio"": 0.490993520641304, ""mode"": ""random"", ""n_particles"": 55, ""name"": ""wafer_particles.pattern.C10_Hotspot_Iso"", ""schema_version"": ""wafer_particles.pattern_config.v1"", ""sigma_ratio"": 0.11344793486917742, ""wafer_radius_mm"": 150.0}",335
sample_000336,C09_Spiral,105,"{""end_r_ratio"": 0.9025619858661738, ""n_particles"": 105, ""name"": ""wafer_particles.pattern.C09_Spiral"", ""schema_version"": ""wafer_particles.pattern_config.v1"", ""start_r_ratio"": 0.21000331579804185, ""theta_max"": 16.359908276283363, ""wafer_radius_mm"": 150.0, ""width_ratio"": 0.02661961489862705}",336
sample_000337,C01_Uniform,173,"{""n_particles"": 173, ""name"": ""wafer_particles.pattern.C01_Uniform"", ""schema_version"": ""wafer_particles.pattern_config.v1"", ""wafer_radius_mm"": 150.0}",337
sample_000338,C10_Hotspot_Iso,11,"{""center_angle"": ""random"", ""center_angle_rad"": 1.6214649994964312, ""center_radius_ratio"": 0.25823222360743847, ""mode"": ""random"", ""n_particles"": 11, ""name"": ""wafer_particles.pattern.C10_Hotspot_Iso"", ""schema_version"": ""wafer_particles.pattern_config.v1"", ""sigma_ratio"": 0.02432520331842513, ""wafer_radius_mm"": 150.0}",338
sample_000339,C04_Sector_Edge,150,"{""angle_center_rad"": 3.3652993493909573, ""angle_width_deg"": 65.4902687109858, ""edge_width_ratio"": 0.2689414691995338, ""n_particles"": 150, ""name"": ""wafer_particles.pattern.C04_Sector_Edge"", ""radial_beta_alpha"": 3.261194576098075, ""radial_beta_beta"": 3.2705726765183902, ""schema_version"": ""wafer_particles.pattern_config.v1"", ""side"": ""right"", ""theta_vonmises_kappa"": 6.544326278046968, ""wafer_radius_mm"": 150.0}",339
sample_000340,C10_Hotspot_Iso,164,"{""center_angle"": ""random"", ""center_angle_rad"": 3.5910598891374033, ""center_radius_ratio"": 0.38662899874274914, ""mode"": ""random"", ""n_particles"": 164, ""name"": ""wafer_particles.pattern.C10_Hotspot_Iso"", ""schema_version"": ""wafer_particles.pattern_config.v1"", ""sigma_ratio"": 0.023495719123314766, ""wafer_radius_mm"": 150.0}",340
sample_000341,C10_Hotspot_Iso,151,"{""center_angle"": ""random"", ""center_angle_rad"": 1.6316915561516327, ""center_radius_ratio"": 0.20384505461179908, ""mode"": ""random"", ""n_particles"": 151, ""name"": ""wafer_particles.pattern.C10_Hotspot_Iso"", ""schema_version"": ""wafer_particles.pattern_config.v1"", ""sigma_ratio"": 0.02665989166389507, ""wafer_radius_mm"": 150.0}",341
sample_000342,C05_Sector_Internal,176,"{""angle_center_rad"": 3.7379499260693176, ""angle_width_deg"": 91.69897240117152, ""edge_margin_norm"": 0.05, ""n_particles"": 176, ""name"": ""wafer_particles.pattern.C05_Sector_Internal"", ""r_inner_ratio"": 0.3782560532311256, ""r_outer_ratio"": 0.7191821482907168, ""radial_beta_alpha"": 3.743512314792663, ""radial_beta_beta"": 3.2634323318885596, ""schema_version"": ""wafer_particles.pattern_config.v1"", ""theta_vonmises_kappa"": 0.4720081712393228, ""wafer_radius_mm"": 150.0}",342
sample_000343,C05_Sector_Internal,192,"{""angle_center_rad"": 1.5895153900953756, ""angle_width_deg"": 102.31099366607351, ""edge_margin_norm"": 0.05, ""n_particles"": 192, ""name"": ""wafer_particles.pattern.C05_Sector_Internal"", ""r_inner_ratio"": 0.19156224042078066, ""r_outer_ratio"": 0.6767218353587472, ""radial_beta_alpha"": 2.979171810006571, ""radial_beta_beta"": 2.3480071695102116, ""schema_version"": ""wafer_particles.pattern_config.v1"", ""theta_vonmises_kappa"": 6.363912402785948, ""wafer_radius_mm"": 150.0}",343
sample_000344,C09_Spiral,67,"{""end_r_ratio"": 0.9093963793474888, ""n_particles"": 67, ""name"": ""wafer_particles.pattern.C09_Spiral"", ""schema_version"": ""wafer_particles.pattern_config.v1"", ""start_r_ratio"": 0.16155935837173047, ""theta_max"": 15.858108503557727, ""wafer_radius_mm"": 150.0, ""width_ratio"": 0.027686558413366456}",344
sample_000345,C04_Sector_Edge,27,"{""angle_center_rad"": 1.2484161927430077, ""angle_width_deg"": 81.96299461567718, ""edge_width_ratio"": 0.2464984498116869, ""n_particles"": 27, ""name"": ""wafer_particles.pattern.C04_Sector_Edge"", ""radial_beta_alpha"": 2.601317454528957, ""radial_beta_beta"": 2.4333922714281426, ""schema_version"": ""wafer_particles.pattern_config.v1"", ""side"": ""right"", ""theta_vonmises_kappa"": 3.947794916466781, ""wafer_radius_mm"": 150.0}",345
sample_000346,C04_Sector_Edge,121,"{""angle_center_rad"": 2.340673051085093, ""angle_width_deg"": 21.13366100184569, ""edge_width_ratio"": 0.1343156801383083, ""n_particles"": 121, ""name"": ""wafer_particles.pattern.C04_Sector_Edge"", ""radial_beta_alpha"": 1.2708796584173891, ""radial_beta_beta"": 0.9202682916971133, ""schema_version"": ""wafer_particles.pattern_config.v1"", ""side"": ""right"", ""theta_vonmises_kappa"": 3.6761851353982964, ""wafer_radius_mm"": 150.0}",346
sample_000347,C03_Ring,28,"{""n_particles"": 28, ""name"": ""wafer_particles.pattern.C03_Ring"", ""radius_ratio"": 0.625522940186424, ""schema_version"": ""wafer_particles.pattern_config.v1"", ""wafer_radius_mm"": 150.0, ""width_ratio"": 0.16462943233577643}",347
sample_000348,C10_Hotspot_Iso,40,"{""center_angle"": ""random"", ""center_angle_rad"": 3.696465494547905, ""center_radius_ratio"": 0.08508759300455702, ""mode"": ""random"", ""n_particles"": 40, ""name"": ""wafer_particles.pattern.C10_Hotspot_Iso"", ""schema_version"": ""wafer_particles.pattern_config.v1"", ""sigma_ratio"": 0.06488811017685672, ""wafer_radius_mm"": 150.0}",348
sample_000349,C06_RadialLines,176,"{""angular_jitter_deg"": 2.8373838402714338, ""n_lines"": 4, ""n_particles"": 176, ""name"": ""wafer_particles.pattern.C06_RadialLines"", ""r_max_ratio"": 0.7339729880338993, ""r_min_ratio"": 0.004980309125972437, ""schema_version"": ""wafer_particles.pattern_config.v1"", ""sigma_perp_ratio"": 0.003334721882693056, ""wafer_radius_mm"": 150.0}",349
sample_000350,C05_Sector_Internal,143,"{""angle_center_rad"": 0.8624609288565996, ""angle_width_deg"": 54.93549743938056, ""edge_margin_norm"": 0.05, ""n_particles"": 143, ""name"": ""wafer_particles.pattern.C05_Sector_Internal"", ""r_inner_ratio"": 0.26973345035164775, ""r_outer_ratio"": 0.7868238376092961, ""radial_beta_alpha"": 2.907466902859563, ""radial_beta_beta"": 3.3270929279705563, ""schema_version"": ""wafer_particles.pattern_config.v1"", ""theta_vonmises_kappa"": 4.90532153655975, ""wafer_radius_mm"": 150.0}",350
sample_000351,C07_StraightLine,123,"{""angle_deg"": 135.7010227509856, ""n_particles"": 123, ""name"": ""wafer_particles.pattern.C07_StraightLine"", ""offset_ratio"": 0.050481341605977614, ""schema_version"": ""wafer_particles.pattern_config.v1"", ""segment_half_length_ratio"": 0.8548450124065274, ""wafer_radius_mm"": 150.0, ""width_ratio"": 0.005455688724801783}",351
sample_000352,C06_RadialLines,56,"{""angular_jitter_deg"": 0.0857352097517522, ""n_lines"": 8, ""n_particles"": 56, ""name"": ""wafer_particles.pattern.C06_RadialLines"", ""r_max_ratio"": 0.9668943425206815, ""r_min_ratio"": 0.2836493861093551, ""schema_version"": ""wafer_particles.pattern_config.v1"", ""sigma_perp_ratio"": 0.027053356494563467, ""wafer_radius_mm"": 150.0}",352
sample_000353,C07_StraightLine,82,"{""angle_deg"": 175.05722181269357, ""n_particles"": 82, ""name"": ""wafer_particles.pattern.C07_StraightLine"", ""offset_ratio"": -0.14617038138448174, ""schema_version"": ""wafer_particles.pattern_config.v1"", ""segment_half_length_ratio"": 0.5464489672755561, ""wafer_radius_mm"": 150.0, ""width_ratio"": 0.036179062374641545}",353
sample_000354,C03_Ring,43,"{""n_particles"": 43, ""name"": ""wafer_particles.pattern.C03_Ring"", ""radius_ratio"": 0.7941298068486407, ""schema_version"": ""wafer_particles.pattern_config.v1"", ""wafer_radius_mm"": 150.0, ""width_ratio"": 0.020003492544213956}",354
sample_000355,C03_Ring,175,"{""n_particles"": 175, ""name"": ""wafer_particles.pattern.C03_Ring"", ""radius_ratio"": 0.6475033691903819, ""schema_version"": ""wafer_particles.pattern_config.v1"", ""wafer_radius_mm"": 150.0, ""width_ratio"": 0.16187741222238683}",355
sample_000356,C02_EdgeBiased,50,"{""edge_bias"": 1.644130577982443, ""n_particles"": 50, ""name"": ""wafer_particles.pattern.C02_EdgeBiased"", ""schema_version"": ""wafer_particles.pattern_config.v1"", ""wafer_radius_mm"": 150.0}",356
sample_000357,C06_RadialLines,34,"{""angular_jitter_deg"": 0.6763698954261688, ""n_lines"": 8, ""n_particles"": 34, ""name"": ""wafer_particles.pattern.C06_RadialLines"", ""r_max_ratio"": 0.9027874314988606, ""r_min_ratio"": 0.07955050540305376, ""schema_version"": ""wafer_particles.pattern_config.v1"", ""sigma_perp_ratio"": 0.01615467829084989, ""wafer_radius_mm"": 150.0}",357
sample_000358,C06_RadialLines,14,"{""angular_jitter_deg"": 3.9602343388421173, ""n_lines"": 8, ""n_particles"": 14, ""name"": ""wafer_particles.pattern.C06_RadialLines"", ""r_max_ratio"": 0.6045943240818651, ""r_min_ratio"": 0.05062364844499447, ""schema_version"": ""wafer_particles.pattern_config.v1"", ""sigma_perp_ratio"": 0.025936713191794747, ""wafer_radius_mm"": 150.0}",358
sample_000359,C08_CurvedScratch,109,"{""angle_center_deg"": 0.0, ""angle_center_rad"": 0.2779054514623848, ""arc_radius_ratio"": 0.6399413706513768, ""n_particles"": 109, ""name"": ""wafer_particles.pattern.C08_CurvedScratch"", ""schema_version"": ""wafer_particles.pattern_config.v1"", ""span_deg"": 154.16124543595308, ""wafer_radius_mm"": 150.0, ""width_ratio"": 0.04322068392081972}",359
sample_000360,C10_Hotspot_Iso,153,"{""center_angle"": ""random"", ""center_angle_rad"": 2.3560547317957115, ""center_radius_ratio"": 0.12776801483763742, ""mode"": ""random"", ""n_particles"": 153, ""name"": ""wafer_particles.pattern.C10_Hotspot_Iso"", ""schema_version"": ""wafer_particles.pattern_config.v1"", ""sigma_ratio"": 0.03661917002775756, ""wafer_radius_mm"": 150.0}",360
sample_000361,C03_Ring,167,"{""n_particles"": 167, ""name"": ""wafer_particles.pattern.C03_Ring"", ""radius_ratio"": 0.8670531268114428, ""schema_version"": ""wafer_particles.pattern_config.v1"", ""wafer_radius_mm"": 150.0, ""width_ratio"": 0.09116197831140865}",361
sample_000362,C10_Hotspot_Iso,197,"{""center_angle"": ""random"", ""center_angle_rad"": 5.080276500081726, ""center_radius_ratio"": 0.2858300053107312, ""mode"": ""random"", ""n_particles"": 197, ""name"": ""wafer_particles.pattern.C10_Hotspot_Iso"", ""schema_version"": ""wafer_particles.pattern_config.v1"", ""sigma_ratio"": 0.107732441159952, ""wafer_radius_mm"": 150.0}",362
sample_000363,C07_StraightLine,164,"{""angle_deg"": 150.3163135378068, ""n_particles"": 164, ""name"": ""wafer_particles.pattern.C07_StraightLine"", ""offset_ratio"": -0.24740250535831093, ""schema_version"": ""wafer_particles.pattern_config.v1"", ""segment_half_length_ratio"": 0.7204698239997515, ""wafer_radius_mm"": 150.0, ""width_ratio"": 0.008994985469603797}",363
sample_000364,C03_Ring,124,"{""n_particles"": 124, ""name"": ""wafer_particles.pattern.C03_Ring"", ""radius_ratio"": 0.4355527022547771, ""schema_version"": ""wafer_particles.pattern_config.v1"", ""wafer_radius_mm"": 150.0, ""width_ratio"": 0.08131273985769077}",364
sample_000365,C03_Ring,129,"{""n_particles"": 129, ""name"": ""wafer_particles.pattern.C03_Ring"", ""radius_ratio"": 0.6307740114860375, ""schema_version"": ""wafer_particles.pattern_config.v1"", ""wafer_radius_mm"": 150.0, ""width_ratio"": 0.06906629548295945}",365
sample_000366,C02_EdgeBiased,157,"{""edge_bias"": 2.0081781335889284, ""n_particles"": 157, ""name"": ""wafer_particles.pattern.C02_EdgeBiased"", ""schema_version"": ""wafer_particles.pattern_config.v1"", ""wafer_radius_mm"": 150.0}",366
sample_000367,C05_Sector_Internal,44,"{""angle_center_rad"": 1.3269723107962728, ""angle_width_deg"": 110.13925230561611, ""edge_margin_norm"": 0.05, ""n_particles"": 44, ""name"": ""wafer_particles.pattern.C05_Sector_Internal"", ""r_inner_ratio"": 0.37759677266984565, ""r_outer_ratio"": 0.6900600262986735, ""radial_beta_alpha"": 2.588936269302017, ""radial_beta_beta"": 1.7481372148157253, ""schema_version"": ""wafer_particles.pattern_config.v1"", ""theta_vonmises_kappa"": 5.925831691246707, ""wafer_radius_mm"": 150.0}",367
sample_000368,C07_StraightLine,156,"{""angle_deg"": 28.33472920670629, ""n_particles"": 156, ""name"": ""wafer_particles.pattern.C07_StraightLine"", ""offset_ratio"": 0.02784500111572581, ""schema_version"": ""wafer_particles.pattern_config.v1"", ""segment_half_length_ratio"": 0.5148678204815558, ""wafer_radius_mm"": 150.0, ""width_ratio"": 0.025759569587164837}",368
sample_000369,C07_StraightLine,169,"{""angle_deg"": 128.37296809681754, ""n_particles"": 169, ""name"": ""wafer_particles.pattern.C07_StraightLine"", ""offset_ratio"": -0.014371483580779575, ""schema_version"": ""wafer_particles.pattern_config.v1"", ""segment_half_length_ratio"": 0.4781339979466657, ""wafer_radius_mm"": 150.0, ""width_ratio"": 0.03883694301644365}",369
sample_000370,C02_EdgeBiased,102,"{""edge_bias"": 1.6989476599613818, ""n_particles"": 102, ""name"": ""wafer_particles.pattern.C02_EdgeBiased"", ""schema_version"": ""wafer_particles.pattern_config.v1"", ""wafer_radius_mm"": 150.0}",370
sample_000371,C05_Sector_Internal,17,"{""angle_center_rad"": 5.071188869093569, ""angle_width_deg"": 86.4838234761544, ""edge_margin_norm"": 0.05, ""n_particles"": 17, ""name"": ""wafer_particles.pattern.C05_Sector_Internal"", ""r_inner_ratio"": 0.17178854948529526, ""r_outer_ratio"": 0.7449815268048591, ""radial_beta_alpha"": 2.360475441948014, ""radial_beta_beta"": 1.745328617783786, ""schema_version"": ""wafer_particles.pattern_config.v1"", ""theta_vonmises_kappa"": 7.740680920905216, ""wafer_radius_mm"": 150.0}",371
sample_000372,C09_Spiral,26,"{""end_r_ratio"": 0.8153043917530484, ""n_particles"": 26, ""name"": ""wafer_particles.pattern.C09_Spiral"", ""schema_version"": ""wafer_particles.pattern_config.v1"", ""start_r_ratio"": 0.2535255343001005, ""theta_max"": 11.3702165205931, ""wafer_radius_mm"": 150.0, ""width_ratio"": 0.019728576082034637}",372
sample_000373,C04_Sector_Edge,115,"{""angle_center_rad"": 2.1933963427081613, ""angle_width_deg"": 39.93657848656459, ""edge_width_ratio"": 0.24744955003080576, ""n_particles"": 115, ""name"": ""wafer_particles.pattern.C04_Sector_Edge"", ""radial_beta_alpha"": 2.082898299401377, ""radial_beta_beta"": 3.0393447715303563, ""schema_version"": ""wafer_particles.pattern_config.v1"", ""side"": ""right"", ""theta_vonmises_kappa"": 0.5249306880679252, ""wafer_radius_mm"": 150.0}",373
sample_000374,C03_Ring,133,"{""n_particles"": 133, ""name"": ""wafer_particles.pattern.C03_Ring"", ""radius_ratio"": 0.46146024152569254, ""schema_version"": ""wafer_particles.pattern_config.v1"", ""wafer_radius_mm"": 150.0, ""width_ratio"": 0.09282076339992515}",374
sample_000375,C04_Sector_Edge,121,"{""angle_center_rad"": 6.23280286246783, ""angle_width_deg"": 48.75494633471264, ""edge_width_ratio"": 0.20056058329155535, ""n_particles"": 121, ""name"": ""wafer_particles.pattern.C04_Sector_Edge"", ""radial_beta_alpha"": 3.641126529186551, ""radial_beta_beta"": 1.5083100055745549, ""schema_version"": ""wafer_particles.pattern_config.v1"", ""side"": ""right"", ""theta_vonmises_kappa"": 4.256382569750554, ""wafer_radius_mm"": 150.0}",375
sample_000376,C07_StraightLine,132,"{""angle_deg"": 14.105203497053047, ""n_particles"": 132, ""name"": ""wafer_particles.pattern.C07_StraightLine"", ""offset_ratio"": -0.27309005946820103, ""schema_version"": ""wafer_particles.pattern_config.v1"", ""segment_half_length_ratio"": 0.3689044869396314, ""wafer_radius_mm"": 150.0, ""width_ratio"": 0.03773799327763605}",376
sample_000377,C04_Sector_Edge,70,"{""angle_center_rad"": 4.150464874231524, ""angle_width_deg"": 36.45570002690465, ""edge_width_ratio"": 0.1542149225206359, ""n_particles"": 70, ""name"": ""wafer_particles.pattern.C04_Sector_Edge"", ""radial_beta_alpha"": 3.440449308116694, ""radial_beta_beta"": 2.0919448331617536, ""schema_version"": ""wafer_particles.pattern_config.v1"", ""side"": ""right"", ""theta_vonmises_kappa"": 4.296609089774763, ""wafer_radius_mm"": 150.0}",377
sample_000378,C01_Uniform,198,"{""n_particles"": 198, ""name"": ""wafer_particles.pattern.C01_Uniform"", ""schema_version"": ""wafer_particles.pattern_config.v1"", ""wafer_radius_mm"": 150.0}",378
sample_000379,C10_Hotspot_Iso,33,"{""center_angle"": ""random"", ""center_angle_rad"": 3.269872119524159, ""center_radius_ratio"": 0.5200612401765254, ""mode"": ""random"", ""n_particles"": 33, ""name"": ""wafer_particles.pattern.C10_Hotspot_Iso"", ""schema_version"": ""wafer_particles.pattern_config.v1"", ""sigma_ratio"": 0.0880032737113404, ""wafer_radius_mm"": 150.0}",379
sample_000380,C03_Ring,165,"{""n_particles"": 165, ""name"": ""wafer_particles.pattern.C03_Ring"", ""radius_ratio"": 0.41183057191807654, ""schema_version"": ""wafer_particles.pattern_config.v1"", ""wafer_radius_mm"": 150.0, ""width_ratio"": 0.046328742367889045}",380
sample_000381,C10_Hotspot_Iso,161,"{""center_angle"": ""random"", ""center_angle_rad"": 5.337822532580891, ""center_radius_ratio"": 0.7750188782732896, ""mode"": ""random"", ""n_particles"": 161, ""name"": ""wafer_particles.pattern.C10_Hotspot_Iso"", ""schema_version"": ""wafer_particles.pattern_config.v1"", ""sigma_ratio"": 0.05460804512978562, ""wafer_radius_mm"": 150.0}",381
sample_000382,C09_Spiral,31,"{""end_r_ratio"": 0.8488880571975265, ""n_particles"": 31, ""name"": ""wafer_particles.pattern.C09_Spiral"", ""schema_version"": ""wafer_particles.pattern_config.v1"", ""start_r_ratio"": 0.17738917252885075, ""theta_max"": 10.574233910052113, ""wafer_radius_mm"": 150.0, ""width_ratio"": 0.022473719890980036}",382
sample_000383,C07_StraightLine,192,"{""angle_deg"": 156.99530528447136, ""n_particles"": 192, ""name"": ""wafer_particles.pattern.C07_StraightLine"", ""offset_ratio"": 0.002467266855122907, ""schema_version"": ""wafer_particles.pattern_config.v1"", ""segment_half_length_ratio"": 0.7133188836312523, ""wafer_radius_mm"": 150.0, ""width_ratio"": 0.027589865839371435}",383
sample_000384,C06_RadialLines,188,"{""angular_jitter_deg"": 4.3832207952946005, ""n_lines"": 6, ""n_particles"": 188, ""name"": ""wafer_particles.pattern.C06_RadialLines"", ""r_max_ratio"": 0.7223701874059031, ""r_min_ratio"": 0.1109809669772884, ""schema_version"": ""wafer_particles.pattern_config.v1"", ""sigma_perp_ratio"": 0.01224956274798642, ""wafer_radius_mm"": 150.0}",384
sample_000385,C04_Sector_Edge,198,"{""angle_center_rad"": 3.249599106147367, ""angle_width_deg"": 42.01122345219661, ""edge_width_ratio"": 0.24546763318633924, ""n_particles"": 198, ""name"": ""wafer_particles.pattern.C04_Sector_Edge"", ""radial_beta_alpha"": 2.2464711628501197, ""radial_beta_beta"": 2.5477396113883053, ""schema_version"": ""wafer_particles.pattern_config.v1"", ""side"": ""right"", ""theta_vonmises_kappa"": 5.119327525077659, ""wafer_radius_mm"": 150.0}",385
sample_000386,C01_Uniform,52,"{""n_particles"": 52, ""name"": ""wafer_particles.pattern.C01_Uniform"", ""schema_version"": ""wafer_particles.pattern_config.v1"", ""wafer_radius_mm"": 150.0}",386
sample_000387,C03_Ring,164,"{""n_particles"": 164, ""name"": ""wafer_particles.pattern.C03_Ring"", ""radius_ratio"": 0.47261497358456295, ""schema_version"": ""wafer_particles.pattern_config.v1"", ""wafer_radius_mm"": 150.0, ""width_ratio"": 0.18045863731324527}",387
sample_000388,C03_Ring,50,"{""n_particles"": 50, ""name"": ""wafer_particles.pattern.C03_Ring"", ""radius_ratio"": 0.4256910344198783, ""schema_version"": ""wafer_particles.pattern_config.v1"", ""wafer_radius_mm"": 150.0, ""width_ratio"": 0.03920878141862601}",388
sample_000389,C08_CurvedScratch,28,"{""angle_center_deg"": 0.0, ""angle_center_rad"": 1.2563324834621579, ""arc_radius_ratio"": 0.684853180995503, ""n_particles"": 28, ""name"": ""wafer_particles.pattern.C08_CurvedScratch"", ""schema_version"": ""wafer_particles.pattern_config.v1"", ""span_deg"": 32.46111534354735, ""wafer_radius_mm"": 150.0, ""width_ratio"": 0.02844538374735811}",389
sample_000390,C08_CurvedScratch,167,"{""angle_center_deg"": 0.0, ""angle_center_rad"": 4.8855078199400275, ""arc_radius_ratio"": 0.4526866134282301, ""n_particles"": 167, ""name"": ""wafer_particles.pattern.C08_CurvedScratch"", ""schema_version"": ""wafer_particles.pattern_config.v1"", ""span_deg"": 90.28898094277841, ""wafer_radius_mm"": 150.0, ""width_ratio"": 0.015681198691340274}",390
sample_000391,C06_RadialLines,134,"{""angular_jitter_deg"": 1.6754952681719115, ""n_lines"": 8, ""n_particles"": 134, ""name"": ""wafer_particles.pattern.C06_RadialLines"", ""r_max_ratio"": 0.7841770971661133, ""r_min_ratio"": 0.11179189555401946, ""schema_version"": ""wafer_particles.pattern_config.v1"", ""sigma_perp_ratio"": 0.029464283198034253, ""wafer_radius_mm"": 150.0}",391
sample_000392,C10_Hotspot_Iso,95,"{""center_angle"": ""random"", ""center_angle_rad"": 1.7569580813770433, ""center_radius_ratio"": 0.40069466939006504, ""mode"": ""random"", ""n_particles"": 95, ""name"": ""wafer_particles.pattern.C10_Hotspot_Iso"", ""schema_version"": ""wafer_particles.pattern_config.v1"", ""sigma_ratio"": 0.11228224864543808, ""wafer_radius_mm"": 150.0}",392
sample_000393,C05_Sector_Internal,97,"{""angle_center_rad"": 4.685428872214271, ""angle_width_deg"": 102.3223130220478, ""edge_margin_norm"": 0.05, ""n_particles"": 97, ""name"": ""wafer_particles.pattern.C05_Sector_Internal"", ""r_inner_ratio"": 0.2949462330123824, ""r_outer_ratio"": 0.5037478990713979, ""radial_beta_alpha"": 3.152974573998373, ""radial_beta_beta"": 2.6203119202942053, ""schema_version"": ""wafer_particles.pattern_config.v1"", ""theta_vonmises_kappa"": 3.6195372445855702, ""wafer_radius_mm"": 150.0}",393
sample_000394,C01_Uniform,12,"{""n_particles"": 12, ""name"": ""wafer_particles.pattern.C01_Uniform"", ""schema_version"": ""wafer_particles.pattern_config.v1"", ""wafer_radius_mm"": 150.0}",394
sample_000395,C10_Hotspot_Iso,29,"{""center_angle"": ""random"", ""center_angle_rad"": 0.1506356701967994, ""center_radius_ratio"": 0.25548846402538194, ""mode"": ""random"", ""n_particles"": 29, ""name"": ""wafer_particles.pattern.C10_Hotspot_Iso"", ""schema_version"": ""wafer_particles.pattern_config.v1"", ""sigma_ratio"": 0.11559545916586308, ""wafer_radius_mm"": 150.0}",395
sample_000396,C02_EdgeBiased,89,"{""edge_bias"": 1.2345929459583758, ""n_particles"": 89, ""name"": ""wafer_particles.pattern.C02_EdgeBiased"", ""schema_version"": ""wafer_particles.pattern_config.v1"", ""wafer_radius_mm"": 150.0}",396
sample_000397,C01_Uniform,26,"{""n_particles"": 26, ""name"": ""wafer_particles.pattern.C01_Uniform"", ""schema_version"": ""wafer_particles.pattern_config.v1"", ""wafer_radius_mm"": 150.0}",397
sample_000398,C02_EdgeBiased,104,"{""edge_bias"": 1.435826002358842, ""n_particles"": 104, ""name"": ""wafer_particles.pattern.C02_EdgeBiased"", ""schema_version"": ""wafer_particles.pattern_config.v1"", ""wafer_radius_mm"": 150.0}",398
sample_000399,C01_Uniform,61,"{""n_particles"": 61, ""name"": ""wafer_particles.pattern.C01_Uniform"", ""schema_version"": ""wafer_particles.pattern_config.v1"", ""wafer_radius_mm"": 150.0}",399
sample_000400,C03_Ring,47,"{""n_particles"": 47, ""name"": ""wafer_particles.pattern.C03_Ring"", ""radius_ratio"": 0.8525941270492668, ""schema_version"": ""wafer_particles.pattern_config.v1"", ""wafer_radius_mm"": 150.0, ""width_ratio"": 0.11757187786864116}",400
sample_000401,C05_Sector_Internal,17,"{""angle_center_rad"": 4.311328754823569, ""angle_width_deg"": 69.91231864740098, ""edge_margin_norm"": 0.05, ""n_particles"": 17, ""name"": ""wafer_particles.pattern.C05_Sector_Internal"", ""r_inner_ratio"": 0.10890714772364966, ""r_outer_ratio"": 0.6566352402387264, ""radial_beta_alpha"": 2.0911949724538954, ""radial_beta_beta"": 2.8104535706872023, ""schema_version"": ""wafer_particles.pattern_config.v1"", ""theta_vonmises_kappa"": 3.1044842234321046, ""wafer_radius_mm"": 150.0}",401
sample_000402,C08_CurvedScratch,15,"{""angle_center_deg"": 0.0, ""angle_center_rad"": 3.5221437761171246, ""arc_radius_ratio"": 0.8696762062957002, ""n_particles"": 15, ""name"": ""wafer_particles.pattern.C08_CurvedScratch"", ""schema_version"": ""wafer_particles.pattern_config.v1"", ""span_deg"": 47.92695814889383, ""wafer_radius_mm"": 150.0, ""width_ratio"": 0.010154141872290247}",402
sample_000403,C04_Sector_Edge,82,"{""angle_center_rad"": 4.500277984600579, ""angle_width_deg"": 61.281345941225624, ""edge_width_ratio"": 0.179880957505184, ""n_particles"": 82, ""name"": ""wafer_particles.pattern.C04_Sector_Edge"", ""radial_beta_alpha"": 2.4336392661294286, ""radial_beta_beta"": 1.1121508722803748, ""schema_version"": ""wafer_particles.pattern_config.v1"", ""side"": ""right"", ""theta_vonmises_kappa"": 7.360379599497069, ""wafer_radius_mm"": 150.0}",403
sample_000404,C06_RadialLines,128,"{""angular_jitter_deg"": 4.163533564645457, ""n_lines"": 4, ""n_particles"": 128, ""name"": ""wafer_particles.pattern.C06_RadialLines"", ""r_max_ratio"": 0.6821004425079527, ""r_min_ratio"": 0.1250506010822187, ""schema_version"": ""wafer_particles.pattern_config.v1"", ""sigma_perp_ratio"": 0.02434982554347011, ""wafer_radius_mm"": 150.0}",404
sample_000405,C05_Sector_Internal,159,"{""angle_center_rad"": 2.2202149175163193, ""angle_width_deg"": 97.35055409513919, ""edge_margin_norm"": 0.05, ""n_particles"": 159, ""name"": ""wafer_particles.pattern.C05_Sector_Internal"", ""r_inner_ratio"": 0.14131115023490004, ""r_outer_ratio"": 0.606344503798284, ""radial_beta_alpha"": 2.773564854317516, ""radial_beta_beta"": 3.323244402327758, ""schema_version"": ""wafer_particles.pattern_config.v1"", ""theta_vonmises_kappa"": 1.3307481673206458, ""wafer_radius_mm"": 150.0}",405
sample_000406,C01_Uniform,76,"{""n_particles"": 76, ""name"": ""wafer_particles.pattern.C01_Uniform"", ""schema_version"": ""wafer_particles.pattern_config.v1"", ""wafer_radius_mm"": 150.0}",406
sample_000407,C08_CurvedScratch,88,"{""angle_center_deg"": 0.0, ""angle_center_rad"": 0.4705967136152428, ""arc_radius_ratio"": 0.8980761223059436, ""n_particles"": 88, ""name"": ""wafer_particles.pattern.C08_CurvedScratch"", ""schema_version"": ""wafer_particles.pattern_config.v1"", ""span_deg"": 55.74828953780885, ""wafer_radius_mm"": 150.0, ""width_ratio"": 0.04390049281438056}",407
sample_000408,C04_Sector_Edge,100,"{""angle_center_rad"": 1.0523835058949078, ""angle_width_deg"": 52.5906559464682, ""edge_width_ratio"": 0.09963984363356974, ""n_particles"": 100, ""name"": ""wafer_particles.pattern.C04_Sector_Edge"", ""radial_beta_alpha"": 3.3350453947976546, ""radial_beta_beta"": 2.722843776270479, ""schema_version"": ""wafer_particles.pattern_config.v1"", ""side"": ""right"", ""theta_vonmises_kappa"": 4.478500271273551, ""wafer_radius_mm"": 150.0}",408
sample_000409,C03_Ring,117,"{""n_particles"": 117, ""name"": ""wafer_particles.pattern.C03_Ring"", ""radius_ratio"": 0.8576958064027898, ""schema_version"": ""wafer_particles.pattern_config.v1"", ""wafer_radius_mm"": 150.0, ""width_ratio"": 0.14552803897761069}",409
sample_000410,C03_Ring,63,"{""n_particles"": 63, ""name"": ""wafer_particles.pattern.C03_Ring"", ""radius_ratio"": 0.7804444049540843, ""schema_version"": ""wafer_particles.pattern_config.v1"", ""wafer_radius_mm"": 150.0, ""width_ratio"": 0.09605637944084511}",410
sample_000411,C03_Ring,137,"{""n_particles"": 137, ""name"": ""wafer_particles.pattern.C03_Ring"", ""radius_ratio"": 0.8645719457216408, ""schema_version"": ""wafer_particles.pattern_config.v1"", ""wafer_radius_mm"": 150.0, ""width_ratio"": 0.1554689781330006}",411
sample_000412,C02_EdgeBiased,62,"{""edge_bias"": 1.224730547784895, ""n_particles"": 62, ""name"": ""wafer_particles.pattern.C02_EdgeBiased"", ""schema_version"": ""wafer_particles.pattern_config.v1"", ""wafer_radius_mm"": 150.0}",412
sample_000413,C06_RadialLines,86,"{""angular_jitter_deg"": 4.944454460745358, ""n_lines"": 4, ""n_particles"": 86, ""name"": ""wafer_particles.pattern.C06_RadialLines"", ""r_max_ratio"": 0.9801815570634891, ""r_min_ratio"": 0.028343331878872845, ""schema_version"": ""wafer_particles.pattern_config.v1"", ""sigma_perp_ratio"": 0.02078713371557963, ""wafer_radius_mm"": 150.0}",413
sample_000414,C10_Hotspot_Iso,77,"{""center_angle"": ""random"", ""center_angle_rad"": 5.8833150462783195, ""center_radius_ratio"": 0.5263887288576673, ""mode"": ""random"", ""n_particles"": 77, ""name"": ""wafer_particles.pattern.C10_Hotspot_Iso"", ""schema_version"": ""wafer_particles.pattern_config.v1"", ""sigma_ratio"": 0.04990626211069348, ""wafer_radius_mm"": 150.0}",414
sample_000415,C10_Hotspot_Iso,173,"{""center_angle"": ""random"", ""center_angle_rad"": 0.37200276972514257, ""center_radius_ratio"": 0.7328128157786029, ""mode"": ""random"", ""n_particles"": 173, ""name"": ""wafer_particles.pattern.C10_Hotspot_Iso"", ""schema_version"": ""wafer_particles.pattern_config.v1"", ""sigma_ratio"": 0.11595018541255012, ""wafer_radius_mm"": 150.0}",415
sample_000416,C05_Sector_Internal,104,"{""angle_center_rad"": 2.293525293128889, ""angle_width_deg"": 46.60581157177639, ""edge_margin_norm"": 0.05, ""n_particles"": 104, ""name"": ""wafer_particles.pattern.C05_Sector_Internal"", ""r_inner_ratio"": 0.3461618274174385, ""r_outer_ratio"": 0.7769427710777905, ""radial_beta_alpha"": 2.7689292125021745, ""radial_beta_beta"": 3.2746876656921784, ""schema_version"": ""wafer_particles.pattern_config.v1"", ""theta_vonmises_kappa"": 0.29728286318613034, ""wafer_radius_mm"": 150.0}",416
sample_000417,C01_Uniform,160,"{""n_particles"": 160, ""name"": ""wafer_particles.pattern.C01_Uniform"", ""schema_version"": ""wafer_particles.pattern_config.v1"", ""wafer_radius_mm"": 150.0}",417
sample_000418,C08_CurvedScratch,127,"{""angle_center_deg"": 0.0, ""angle_center_rad"": 1.8046170730593327, ""arc_radius_ratio"": 0.5157077886566024, ""n_particles"": 127, ""name"": ""wafer_particles.pattern.C08_CurvedScratch"", ""schema_version"": ""wafer_particles.pattern_config.v1"", ""span_deg"": 32.11969373014153, ""wafer_radius_mm"": 150.0, ""width_ratio"": 0.013735020647606263}",418
sample_000419,C03_Ring,45,"{""n_particles"": 45, ""name"": ""wafer_particles.pattern.C03_Ring"", ""radius_ratio"": 0.6347228758499304, ""schema_version"": ""wafer_particles.pattern_config.v1"", ""wafer_radius_mm"": 150.0, ""width_ratio"": 0.04910616897900672}",419
sample_000420,C04_Sector_Edge,45,"{""angle_center_rad"": 4.03702605010535, ""angle_width_deg"": 36.95514122061108, ""edge_width_ratio"": 0.19288170264137983, ""n_particles"": 45, ""name"": ""wafer_particles.pattern.C04_Sector_Edge"", ""radial_beta_alpha"": 1.893987792662732, ""radial_beta_beta"": 1.3164151062846747, ""schema_version"": ""wafer_particles.pattern_config.v1"", ""side"": ""right"", ""theta_vonmises_kappa"": 9.182587802558851, ""wafer_radius_mm"": 150.0}",420
sample_000421,C09_Spiral,110,"{""end_r_ratio"": 0.8152278428727675, ""n_particles"": 110, ""name"": ""wafer_particles.pattern.C09_Spiral"", ""schema_version"": ""wafer_particles.pattern_config.v1"", ""start_r_ratio"": 0.07200377178236636, ""theta_max"": 8.550391733289748, ""wafer_radius_mm"": 150.0, ""width_ratio"": 0.020371020134227716}",421
sample_000422,C07_StraightLine,123,"{""angle_deg"": 102.67574969998513, ""n_particles"": 123, ""name"": ""wafer_particles.pattern.C07_StraightLine"", ""offset_ratio"": -0.03191958210201413, ""schema_version"": ""wafer_particles.pattern_config.v1"", ""segment_half_length_ratio"": 0.48110861697333474, ""wafer_radius_mm"": 150.0, ""width_ratio"": 0.048319210690403055}",422
sample_000423,C02_EdgeBiased,43,"{""edge_bias"": 2.0759644963082486, ""n_particles"": 43, ""name"": ""wafer_particles.pattern.C02_EdgeBiased"", ""schema_version"": ""wafer_particles.pattern_config.v1"", ""wafer_radius_mm"": 150.0}",423
sample_000424,C05_Sector_Internal,156,"{""angle_center_rad"": 1.6978648369634, ""angle_width_deg"": 74.90460954597974, ""edge_margin_norm"": 0.05, ""n_particles"": 156, ""name"": ""wafer_particles.pattern.C05_Sector_Internal"", ""r_inner_ratio"": 0.11734481073300655, ""r_outer_ratio"": 0.805784641696683, ""radial_beta_alpha"": 2.700533369480369, ""radial_beta_beta"": 1.7387100016217818, ""schema_version"": ""wafer_particles.pattern_config.v1"", ""theta_vonmises_kappa"": 6.224065536973885, ""wafer_radius_mm"": 150.0}",424
sample_000425,C04_Sector_Edge,94,"{""angle_center_rad"": 3.8235784171986795, ""angle_width_deg"": 28.481975782407858, ""edge_width_ratio"": 0.1280322759499904, ""n_particles"": 94, ""name"": ""wafer_particles.pattern.C04_Sector_Edge"", ""radial_beta_alpha"": 2.6583006661329653, ""radial_beta_beta"": 1.898933509074502, ""schema_version"": ""wafer_particles.pattern_config.v1"", ""side"": ""right"", ""theta_vonmises_kappa"": 4.443945403464321, ""wafer_radius_mm"": 150.0}",425
sample_000426,C10_Hotspot_Iso,74,"{""center_angle"": ""random"", ""center_angle_rad"": 5.381911745685535, ""center_radius_ratio"": 0.5262927997049752, ""mode"": ""random"", ""n_particles"": 74, ""name"": ""wafer_particles.pattern.C10_Hotspot_Iso"", ""schema_version"": ""wafer_particles.pattern_config.v1"", ""sigma_ratio"": 0.02827125285115341, ""wafer_radius_mm"": 150.0}",426
sample_000427,C04_Sector_Edge,44,"{""angle_center_rad"": 3.888602348271787, ""angle_width_deg"": 47.16403599720276, ""edge_width_ratio"": 0.18649078111382072, ""n_particles"": 44, ""name"": ""wafer_particles.pattern.C04_Sector_Edge"", ""radial_beta_alpha"": 3.765003161096319, ""radial_beta_beta"": 2.0165602315116886, ""schema_version"": ""wafer_particles.pattern_config.v1"", ""side"": ""right"", ""theta_vonmises_kappa"": 6.2090152283970035, ""wafer_radius_mm"": 150.0}",427
sample_000428,C02_EdgeBiased,19,"{""edge_bias"": 3.1252963616826617, ""n_particles"": 19, ""name"": ""wafer_particles.pattern.C02_EdgeBiased"", ""schema_version"": ""wafer_particles.pattern_config.v1"", ""wafer_radius_mm"": 150.0}",428
sample_000429,C05_Sector_Internal,157,"{""angle_center_rad"": 2.5858550722004487, ""angle_width_deg"": 34.50604615850803, ""edge_margin_norm"": 0.05, ""n_particles"": 157, ""name"": ""wafer_particles.pattern.C05_Sector_Internal"", ""r_inner_ratio"": 0.10639711626456753, ""r_outer_ratio"": 0.5067426811991826, ""radial_beta_alpha"": 2.708265257215498, ""radial_beta_beta"": 3.5645559542180685, ""schema_version"": ""wafer_particles.pattern_config.v1"", ""theta_vonmises_kappa"": 4.095393835437307, ""wafer_radius_mm"": 150.0}",429
sample_000430,C08_CurvedScratch,111,"{""angle_center_deg"": 0.0, ""angle_center_rad"": 0.7226839178579993, ""arc_radius_ratio"": 0.45839020188672125, ""n_particles"": 111, ""name"": ""wafer_particles.pattern.C08_CurvedScratch"", ""schema_version"": ""wafer_particles.pattern_config.v1"", ""span_deg"": 64.29313838763308, ""wafer_radius_mm"": 150.0, ""width_ratio"": 0.03546927970244069}",430
sample_000431,C02_EdgeBiased,145,"{""edge_bias"": 3.9872729330187218, ""n_particles"": 145, ""name"": ""wafer_particles.pattern.C02_EdgeBiased"", ""schema_version"": ""wafer_particles.pattern_config.v1"", ""wafer_radius_mm"": 150.0}",431
sample_000432,C10_Hotspot_Iso,88,"{""center_angle"": ""random"", ""center_angle_rad"": 2.539806893275503, ""center_radius_ratio"": 0.8848543723070116, ""mode"": ""random"", ""n_particles"": 88, ""name"": ""wafer_particles.pattern.C10_Hotspot_Iso"", ""schema_version"": ""wafer_particles.pattern_config.v1"", ""sigma_ratio"": 0.051954666105677276, ""wafer_radius_mm"": 150.0}",432
sample_000433,C03_Ring,93,"{""n_particles"": 93, ""name"": ""wafer_particles.pattern.C03_Ring"", ""radius_ratio"": 0.8137942340795685, ""schema_version"": ""wafer_particles.pattern_config.v1"", ""wafer_radius_mm"": 150.0, ""width_ratio"": 0.12391901596955293}",433
sample_000434,C06_RadialLines,98,"{""angular_jitter_deg"": 3.16573668181279, ""n_lines"": 8, ""n_particles"": 98, ""name"": ""wafer_particles.pattern.C06_RadialLines"", ""r_max_ratio"": 0.7324050431887457, ""r_min_ratio"": 0.25292199425018674, ""schema_version"": ""wafer_particles.pattern_config.v1"", ""sigma_perp_ratio"": 0.004306732241907763, ""wafer_radius_mm"": 150.0}",434
sample_000435,C08_CurvedScratch,189,"{""angle_center_deg"": 0.0, ""angle_center_rad"": 3.1693679029974513, ""arc_radius_ratio"": 0.6665360393146618, ""n_particles"": 189, ""name"": ""wafer_particles.pattern.C08_CurvedScratch"", ""schema_version"": ""wafer_particles.pattern_config.v1"", ""span_deg"": 146.9173135230078, ""wafer_radius_mm"": 150.0, ""width_ratio"": 0.014366565255334803}",435
sample_000436,C02_EdgeBiased,20,"{""edge_bias"": 1.3982902144518439, ""n_particles"": 20, ""name"": ""wafer_particles.pattern.C02_EdgeBiased"", ""schema_version"": ""wafer_particles.pattern_config.v1"", ""wafer_radius_mm"": 150.0}",436
sample_000437,C07_StraightLine,103,"{""angle_deg"": 67.07447788643174, ""n_particles"": 103, ""name"": ""wafer_particles.pattern.C07_StraightLine"", ""offset_ratio"": 0.27545984734836265, ""schema_version"": ""wafer_particles.pattern_config.v1"", ""segment_half_length_ratio"": 0.7463583730168558, ""wafer_radius_mm"": 150.0, ""width_ratio"": 0.03628239899248147}",437
sample_000438,C02_EdgeBiased,165,"{""edge_bias"": 2.0206092135700264, ""n_particles"": 165, ""name"": ""wafer_particles.pattern.C02_EdgeBiased"", ""schema_version"": ""wafer_particles.pattern_config.v1"", ""wafer_radius_mm"": 150.0}",438
sample_000439,C03_Ring,37,"{""n_particles"": 37, ""name"": ""wafer_particles.pattern.C03_Ring"", ""radius_ratio"": 0.7207649231228681, ""schema_version"": ""wafer_particles.pattern_config.v1"", ""wafer_radius_mm"": 150.0, ""width_ratio"": 0.09791909504780814}",439
sample_000440,C02_EdgeBiased,32,"{""edge_bias"": 1.571523232202805, ""n_particles"": 32, ""name"": ""wafer_particles.pattern.C02_EdgeBiased"", ""schema_version"": ""wafer_particles.pattern_config.v1"", ""wafer_radius_mm"": 150.0}",440
sample_000441,C02_EdgeBiased,32,"{""edge_bias"": 3.737222038263986, ""n_particles"": 32, ""name"": ""wafer_particles.pattern.C02_EdgeBiased"", ""schema_version"": ""wafer_particles.pattern_config.v1"", ""wafer_radius_mm"": 150.0}",441
sample_000442,C05_Sector_Internal,70,"{""angle_center_rad"": 4.105672791546049, ""angle_width_deg"": 80.05214060796621, ""edge_margin_norm"": 0.05, ""n_particles"": 70, ""name"": ""wafer_particles.pattern.C05_Sector_Internal"", ""r_inner_ratio"": 0.33202903343827883, ""r_outer_ratio"": 0.527537583132076, ""radial_beta_alpha"": 2.3195867727182624, ""radial_beta_beta"": 2.309873763179455, ""schema_version"": ""wafer_particles.pattern_config.v1"", ""theta_vonmises_kappa"": 2.9148994125424084, ""wafer_radius_mm"": 150.0}",442
sample_000443,C09_Spiral,193,"{""end_r_ratio"": 0.7676023877830416, ""n_particles"": 193, ""name"": ""wafer_particles.pattern.C09_Spiral"", ""schema_version"": ""wafer_particles.pattern_config.v1"", ""start_r_ratio"": 0.15044453303504057, ""theta_max"": 17.51044409849492, ""wafer_radius_mm"": 150.0, ""width_ratio"": 0.017984130295281803}",443
sample_000444,C07_StraightLine,80,"{""angle_deg"": 13.232156774536946, ""n_particles"": 80, ""name"": ""wafer_particles.pattern.C07_StraightLine"", ""offset_ratio"": -0.17891581993797623, ""schema_version"": ""wafer_particles.pattern_config.v1"", ""segment_half_length_ratio"": 0.700755788168505, ""wafer_radius_mm"": 150.0, ""width_ratio"": 0.006441318119753588}",444
sample_000445,C01_Uniform,16,"{""n_particles"": 16, ""name"": ""wafer_particles.pattern.C01_Uniform"", ""schema_version"": ""wafer_particles.pattern_config.v1"", ""wafer_radius_mm"": 150.0}",445
sample_000446,C08_CurvedScratch,26,"{""angle_center_deg"": 0.0, ""angle_center_rad"": 2.870831879874031, ""arc_radius_ratio"": 0.8595238530441165, ""n_particles"": 26, ""name"": ""wafer_particles.pattern.C08_CurvedScratch"", ""schema_version"": ""wafer_particles.pattern_config.v1"", ""span_deg"": 65.20790930699441, ""wafer_radius_mm"": 150.0, ""width_ratio"": 0.03851534767441408}",446
sample_000447,C08_CurvedScratch,59,"{""angle_center_deg"": 0.0, ""angle_center_rad"": 0.7178297894445845, ""arc_radius_ratio"": 0.8133563683972884, ""n_particles"": 59, ""name"": ""wafer_particles.pattern.C08_CurvedScratch"", ""schema_version"": ""wafer_particles.pattern_config.v1"", ""span_deg"": 42.95161966460646, ""wafer_radius_mm"": 150.0, ""width_ratio"": 0.017096279592571758}",447
sample_000448,C02_EdgeBiased,155,"{""edge_bias"": 2.1778554373667047, ""n_particles"": 155, ""name"": ""wafer_particles.pattern.C02_EdgeBiased"", ""schema_version"": ""wafer_particles.pattern_config.v1"", ""wafer_radius_mm"": 150.0}",448
sample_000449,C05_Sector_Internal,101,"{""angle_center_rad"": 4.447512044948288, ""angle_width_deg"": 49.23395222571528, ""edge_margin_norm"": 0.05, ""n_particles"": 101, ""name"": ""wafer_particles.pattern.C05_Sector_Internal"", ""r_inner_ratio"": 0.12081319112939803, ""r_outer_ratio"": 0.7107484648370498, ""radial_beta_alpha"": 2.8434800857199116, ""radial_beta_beta"": 1.394287593609149, ""schema_version"": ""wafer_particles.pattern_config.v1"", ""theta_vonmises_kappa"": 4.214825438084429, ""wafer_radius_mm"": 150.0}",449
sample_000450,C08_CurvedScratch,155,"{""angle_center_deg"": 0.0, ""angle_center_rad"": 4.680369800759033, ""arc_radius_ratio"": 0.5837701404075946, ""n_particles"": 155, ""name"": ""wafer_particles.pattern.C08_CurvedScratch"", ""schema_version"": ""wafer_particles.pattern_config.v1"", ""span_deg"": 131.46206810092676, ""wafer_radius_mm"": 150.0, ""width_ratio"": 0.03202437209397329}",450
sample_000451,C03_Ring,172,"{""n_particles"": 172, ""name"": ""wafer_particles.pattern.C03_Ring"", ""radius_ratio"": 0.6975745732803491, ""schema_version"": ""wafer_particles.pattern_config.v1"", ""wafer_radius_mm"": 150.0, ""width_ratio"": 0.0817829018491592}",451
sample_000452,C07_StraightLine,80,"{""angle_deg"": 76.88869160970178, ""n_particles"": 80, ""name"": ""wafer_particles.pattern.C07_StraightLine"", ""offset_ratio"": 0.07849350238835914, ""schema_version"": ""wafer_particles.pattern_config.v1"", ""segment_half_length_ratio"": 0.4733787344930211, ""wafer_radius_mm"": 150.0, ""width_ratio"": 0.027259880849969123}",452
sample_000453,C07_StraightLine,131,"{""angle_deg"": 115.45213074310675, ""n_particles"": 131, ""name"": ""wafer_particles.pattern.C07_StraightLine"", ""offset_ratio"": -0.2056825376612942, ""schema_version"": ""wafer_particles.pattern_config.v1"", ""segment_half_length_ratio"": 0.8473449599312591, ""wafer_radius_mm"": 150.0, ""width_ratio"": 0.005974394795301102}",453
sample_000454,C04_Sector_Edge,45,"{""angle_center_rad"": 2.7806227676223, ""angle_width_deg"": 21.707746939306112, ""edge_width_ratio"": 0.17757002834861269, ""n_particles"": 45, ""name"": ""wafer_particles.pattern.C04_Sector_Edge"", ""radial_beta_alpha"": 1.9796395125195354, ""radial_beta_beta"": 1.2032767747807338, ""schema_version"": ""wafer_particles.pattern_config.v1"", ""side"": ""right"", ""theta_vonmises_kappa"": 4.229629482382378, ""wafer_radius_mm"": 150.0}",454
sample_000455,C02_EdgeBiased,98,"{""edge_bias"": 3.5197128951085883, ""n_particles"": 98, ""name"": ""wafer_particles.pattern.C02_EdgeBiased"", ""schema_version"": ""wafer_particles.pattern_config.v1"", ""wafer_radius_mm"": 150.0}",455
sample_000456,C06_RadialLines,32,"{""angular_jitter_deg"": 3.1972846368770735, ""n_lines"": 8, ""n_particles"": 32, ""name"": ""wafer_particles.pattern.C06_RadialLines"", ""r_max_ratio"": 0.792317013004778, ""r_min_ratio"": 0.27505427112925035, ""schema_version"": ""wafer_particles.pattern_config.v1"", ""sigma_perp_ratio"": 0.011318443234931638, ""wafer_radius_mm"": 150.0}",456
sample_000457,C01_Uniform,91,"{""n_particles"": 91, ""name"": ""wafer_particles.pattern.C01_Uniform"", ""schema_version"": ""wafer_particles.pattern_config.v1"", ""wafer_radius_mm"": 150.0}",457
sample_000458,C07_StraightLine,140,"{""angle_deg"": 10.523750365891116, ""n_particles"": 140, ""name"": ""wafer_particles.pattern.C07_StraightLine"", ""offset_ratio"": -0.23543138604248182, ""schema_version"": ""wafer_particles.pattern_config.v1"", ""segment_half_length_ratio"": 0.5668796866717393, ""wafer_radius_mm"": 150.0, ""width_ratio"": 0.03496651508102147}",458
sample_000459,C05_Sector_Internal,74,"{""angle_center_rad"": 1.646140180073954, ""angle_width_deg"": 75.70446323066733, ""edge_margin_norm"": 0.05, ""n_particles"": 74, ""name"": ""wafer_particles.pattern.C05_Sector_Internal"", ""r_inner_ratio"": 0.23722458333405264, ""r_outer_ratio"": 0.7299234708579948, ""radial_beta_alpha"": 3.472043129081736, ""radial_beta_beta"": 2.7121695935135204, ""schema_version"": ""wafer_particles.pattern_config.v1"", ""theta_vonmises_kappa"": 1.0726908792928518, ""wafer_radius_mm"": 150.0}",459
sample_000460,C02_EdgeBiased,88,"{""edge_bias"": 3.3343523547105556, ""n_particles"": 88, ""name"": ""wafer_particles.pattern.C02_EdgeBiased"", ""schema_version"": ""wafer_particles.pattern_config.v1"", ""wafer_radius_mm"": 150.0}",460
sample_000461,C03_Ring,133,"{""n_particles"": 133, ""name"": ""wafer_particles.pattern.C03_Ring"", ""radius_ratio"": 0.6202071215367929, ""schema_version"": ""wafer_particles.pattern_config.v1"", ""wafer_radius_mm"": 150.0, ""width_ratio"": 0.12443016399597315}",461
sample_000462,C02_EdgeBiased,108,"{""edge_bias"": 2.0181186789760384, ""n_particles"": 108, ""name"": ""wafer_particles.pattern.C02_EdgeBiased"", ""schema_version"": ""wafer_particles.pattern_config.v1"", ""wafer_radius_mm"": 150.0}",462
sample_000463,C06_RadialLines,70,"{""angular_jitter_deg"": 0.9774613532543375, ""n_lines"": 6, ""n_particles"": 70, ""name"": ""wafer_particles.pattern.C06_RadialLines"", ""r_max_ratio"": 0.6090746145606446, ""r_min_ratio"": 0.11734979456859554, ""schema_version"": ""wafer_particles.pattern_config.v1"", ""sigma_perp_ratio"": 0.009226662390652026, ""wafer_radius_mm"": 150.0}",463
sample_000464,C04_Sector_Edge,194,"{""angle_center_rad"": 2.6468883109559846, ""angle_width_deg"": 43.40936262756282, ""edge_width_ratio"": 0.29080535535513446, ""n_particles"": 194, ""name"": ""wafer_particles.pattern.C04_Sector_Edge"", ""radial_beta_alpha"": 2.599963802159791, ""radial_beta_beta"": 3.138980127632902, ""schema_version"": ""wafer_particles.pattern_config.v1"", ""side"": ""right"", ""theta_vonmises_kappa"": 6.557708711731999, ""wafer_radius_mm"": 150.0}",464
sample_000465,C09_Spiral,165,"{""end_r_ratio"": 0.9916027101492926, ""n_particles"": 165, ""name"": ""wafer_particles.pattern.C09_Spiral"", ""schema_version"": ""wafer_particles.pattern_config.v1"", ""start_r_ratio"": 0.15400048915238462, ""theta_max"": 12.912915133525544, ""wafer_radius_mm"": 150.0, ""width_ratio"": 0.030171243999569164}",465
sample_000466,C07_StraightLine,77,"{""angle_deg"": 34.44713664673997, ""n_particles"": 77, ""name"": ""wafer_particles.pattern.C07_StraightLine"", ""offset_ratio"": -0.2306156031794536, ""schema_version"": ""wafer_particles.pattern_config.v1"", ""segment_half_length_ratio"": 0.7306894937580822, ""wafer_radius_mm"": 150.0, ""width_ratio"": 0.03366792093904576}",466
sample_000467,C06_RadialLines,20,"{""angular_jitter_deg"": 1.9344241936051376, ""n_lines"": 4, ""n_particles"": 20, ""name"": ""wafer_particles.pattern.C06_RadialLines"", ""r_max_ratio"": 0.9811374982931722, ""r_min_ratio"": 0.2146801818556218, ""schema_version"": ""wafer_particles.pattern_config.v1"", ""sigma_perp_ratio"": 0.01904861675478029, ""wafer_radius_mm"": 150.0}",467
sample_000468,C03_Ring,106,"{""n_particles"": 106, ""name"": ""wafer_particles.pattern.C03_Ring"", ""radius_ratio"": 0.6305178775201328, ""schema_version"": ""wafer_particles.pattern_config.v1"", ""wafer_radius_mm"": 150.0, ""width_ratio"": 0.1930735367365372}",468
sample_000469,C07_StraightLine,197,"{""angle_deg"": 127.07609641144276, ""n_particles"": 197, ""name"": ""wafer_particles.pattern.C07_StraightLine"", ""offset_ratio"": -0.2054190367470921, ""schema_version"": ""wafer_particles.pattern_config.v1"", ""segment_half_length_ratio"": 0.49387400117544117, ""wafer_radius_mm"": 150.0, ""width_ratio"": 0.027456005906625343}",469
sample_000470,C04_Sector_Edge,120,"{""angle_center_rad"": 5.70396899915357, ""angle_width_deg"": 36.62493082172382, ""edge_width_ratio"": 0.2619672550426249, ""n_particles"": 120, ""name"": ""wafer_particles.pattern.C04_Sector_Edge"", ""radial_beta_alpha"": 2.5682653936966875, ""radial_beta_beta"": 2.105084526527711, ""schema_version"": ""wafer_particles.pattern_config.v1"", ""side"": ""right"", ""theta_vonmises_kappa"": 9.333084898865266, ""wafer_radius_mm"": 150.0}",470
sample_000471,C01_Uniform,67,"{""n_particles"": 67, ""name"": ""wafer_particles.pattern.C01_Uniform"", ""schema_version"": ""wafer_particles.pattern_config.v1"", ""wafer_radius_mm"": 150.0}",471
sample_000472,C05_Sector_Internal,120,"{""angle_center_rad"": 2.438059023828859, ""angle_width_deg"": 48.18617877276975, ""edge_margin_norm"": 0.05, ""n_particles"": 120, ""name"": ""wafer_particles.pattern.C05_Sector_Internal"", ""r_inner_ratio"": 0.29457151363339645, ""r_outer_ratio"": 0.6503747149570813, ""radial_beta_alpha"": 3.1166609886100707, ""radial_beta_beta"": 2.5980461979794653, ""schema_version"": ""wafer_particles.pattern_config.v1"", ""theta_vonmises_kappa"": 6.170662937416969, ""wafer_radius_mm"": 150.0}",472
sample_000473,C05_Sector_Internal,121,"{""angle_center_rad"": 0.7045105948982782, ""angle_width_deg"": 65.50895572008831, ""edge_margin_norm"": 0.05, ""n_particles"": 121, ""name"": ""wafer_particles.pattern.C05_Sector_Internal"", ""r_inner_ratio"": 0.0845967411001086, ""r_outer_ratio"": 0.8126838157986702, ""radial_beta_alpha"": 3.803883405157168, ""radial_beta_beta"": 3.1071935609886414, ""schema_version"": ""wafer_particles.pattern_config.v1"", ""theta_vonmises_kappa"": 4.748936882878993, ""wafer_radius_mm"": 150.0}",473
sample_000474,C05_Sector_Internal,77,"{""angle_center_rad"": 1.5314148401708305, ""angle_width_deg"": 47.481077894188125, ""edge_margin_norm"": 0.05, ""n_particles"": 77, ""name"": ""wafer_particles.pattern.C05_Sector_Internal"", ""r_inner_ratio"": 0.30858829037102276, ""r_outer_ratio"": 0.8217777348889815, ""radial_beta_alpha"": 3.973446169873631, ""radial_beta_beta"": 3.177762744301762, ""schema_version"": ""wafer_particles.pattern_config.v1"", ""theta_vonmises_kappa"": 5.66857492137817, ""wafer_radius_mm"": 150.0}",474
sample_000475,C07_StraightLine,82,"{""angle_deg"": 137.83565125836947, ""n_particles"": 82, ""name"": ""wafer_particles.pattern.C07_StraightLine"", ""offset_ratio"": 0.28677501311663695, ""schema_version"": ""wafer_particles.pattern_config.v1"", ""segment_half_length_ratio"": 0.8115484594242554, ""wafer_radius_mm"": 150.0, ""width_ratio"": 0.016409345028828022}",475
sample_000476,C04_Sector_Edge,45,"{""angle_center_rad"": 3.1524926286840884, ""angle_width_deg"": 23.134855819043892, ""edge_width_ratio"": 0.25537212738077364, ""n_particles"": 45, ""name"": ""wafer_particles.pattern.C04_Sector_Edge"", ""radial_beta_alpha"": 2.495308200714196, ""radial_beta_beta"": 3.4613335492995803, ""schema_version"": ""wafer_particles.pattern_config.v1"", ""side"": ""right"", ""theta_vonmises_kappa"": 5.5942081134818675, ""wafer_radius_mm"": 150.0}",476
sample_000477,C06_RadialLines,44,"{""angular_jitter_deg"": 4.5623618377984885, ""n_lines"": 8, ""n_particles"": 44, ""name"": ""wafer_particles.pattern.C06_RadialLines"", ""r_max_ratio"": 0.9765154103007949, ""r_min_ratio"": 0.02567865821864691, ""schema_version"": ""wafer_particles.pattern_config.v1"", ""sigma_perp_ratio"": 0.004736387704419216, ""wafer_radius_mm"": 150.0}",477
sample_000478,C03_Ring,138,"{""n_particles"": 138, ""name"": ""wafer_particles.pattern.C03_Ring"", ""radius_ratio"": 0.5672058011279335, ""schema_version"": ""wafer_particles.pattern_config.v1"", ""wafer_radius_mm"": 150.0, ""width_ratio"": 0.14225073789636938}",478
sample_000479,C09_Spiral,17,"{""end_r_ratio"": 0.9664701040170666, ""n_particles"": 17, ""name"": ""wafer_particles.pattern.C09_Spiral"", ""schema_version"": ""wafer_particles.pattern_config.v1"", ""start_r_ratio"": 0.2081988135708107, ""theta_max"": 7.755962191043161, ""wafer_radius_mm"": 150.0, ""width_ratio"": 0.0229093480072355}",479
sample_000480,C10_Hotspot_Iso,136,"{""center_angle"": ""random"", ""center_angle_rad"": 1.918220346143475, ""center_radius_ratio"": 0.8076165196406848, ""mode"": ""random"", ""n_particles"": 136, ""name"": ""wafer_particles.pattern.C10_Hotspot_Iso"", ""schema_version"": ""wafer_particles.pattern_config.v1"", ""sigma_ratio"": 0.07735058279934907, ""wafer_radius_mm"": 150.0}",480
sample_000481,C09_Spiral,12,"{""end_r_ratio"": 0.8717610473832536, ""n_particles"": 12, ""name"": ""wafer_particles.pattern.C09_Spiral"", ""schema_version"": ""wafer_particles.pattern_config.v1"", ""start_r_ratio"": 0.23531558813786926, ""theta_max"": 13.090061042197364, ""wafer_radius_mm"": 150.0, ""width_ratio"": 0.030010749080171477}",481
sample_000482,C06_RadialLines,156,"{""angular_jitter_deg"": 0.13485553090899272, ""n_lines"": 4, ""n_particles"": 156, ""name"": ""wafer_particles.pattern.C06_RadialLines"", ""r_max_ratio"": 0.7425140054186415, ""r_min_ratio"": 0.07731642225833614, ""schema_version"": ""wafer_particles.pattern_config.v1"", ""sigma_perp_ratio"": 0.0069318944963967484, ""wafer_radius_mm"": 150.0}",482
sample_000483,C09_Spiral,114,"{""end_r_ratio"": 0.8517238464862957, ""n_particles"": 114, ""name"": ""wafer_particles.pattern.C09_Spiral"", ""schema_version"": ""wafer_particles.pattern_config.v1"", ""start_r_ratio"": 0.05694525127496279, ""theta_max"": 7.657759084076698, ""wafer_radius_mm"": 150.0, ""width_ratio"": 0.03688307112409406}",483
sample_000484,C09_Spiral,100,"{""end_r_ratio"": 0.8209529502366876, ""n_particles"": 100, ""name"": ""wafer_particles.pattern.C09_Spiral"", ""schema_version"": ""wafer_particles.pattern_config.v1"", ""start_r_ratio"": 0.07257646949925868, ""theta_max"": 14.164864023526086, ""wafer_radius_mm"": 150.0, ""width_ratio"": 0.04271175533998655}",484
sample_000485,C07_StraightLine,102,"{""angle_deg"": 89.89309909389976, ""n_particles"": 102, ""name"": ""wafer_particles.pattern.C07_StraightLine"", ""offset_ratio"": -0.23444952985881004, ""schema_version"": ""wafer_particles.pattern_config.v1"", ""segment_half_length_ratio"": 0.4197042506856775, ""wafer_radius_mm"": 150.0, ""width_ratio"": 0.011140205739376793}",485
sample_000486,C06_RadialLines,73,"{""angular_jitter_deg"": 0.08768494089513912, ""n_lines"": 6, ""n_particles"": 73, ""name"": ""wafer_particles.pattern.C06_RadialLines"", ""r_max_ratio"": 0.6948429344495642, ""r_min_ratio"": 0.24126426678493526, ""schema_version"": ""wafer_particles.pattern_config.v1"", ""sigma_perp_ratio"": 0.015488151383110296, ""wafer_radius_mm"": 150.0}",486
sample_000487,C06_RadialLines,189,"{""angular_jitter_deg"": 2.6465884203608354, ""n_lines"": 4, ""n_particles"": 189, ""name"": ""wafer_particles.pattern.C06_RadialLines"", ""r_max_ratio"": 0.8589888903797481, ""r_min_ratio"": 0.01908966574395159, ""schema_version"": ""wafer_particles.pattern_config.v1"", ""sigma_perp_ratio"": 0.005859345446312262, ""wafer_radius_mm"": 150.0}",487
sample_000488,C05_Sector_Internal,173,"{""angle_center_rad"": 3.960822233157997, ""angle_width_deg"": 57.897677411113236, ""edge_margin_norm"": 0.05, ""n_particles"": 173, ""name"": ""wafer_particles.pattern.C05_Sector_Internal"", ""r_inner_ratio"": 0.11766979647345908, ""r_outer_ratio"": 0.6857773222758196, ""radial_beta_alpha"": 3.8889914707363955, ""radial_beta_beta"": 2.3411463496802796, ""schema_version"": ""wafer_particles.pattern_config.v1"", ""theta_vonmises_kappa"": 2.2688427601019745, ""wafer_radius_mm"": 150.0}",488
sample_000489,C02_EdgeBiased,167,"{""edge_bias"": 2.9694028567113393, ""n_particles"": 167, ""name"": ""wafer_particles.pattern.C02_EdgeBiased"", ""schema_version"": ""wafer_particles.pattern_config.v1"", ""wafer_radius_mm"": 150.0}",489
sample_000490,C06_RadialLines,194,"{""angular_jitter_deg"": 0.7463327120388663, ""n_lines"": 6, ""n_particles"": 194, ""name"": ""wafer_particles.pattern.C06_RadialLines"", ""r_max_ratio"": 0.9583383016662992, ""r_min_ratio"": 0.05496772107181445, ""schema_version"": ""wafer_particles.pattern_config.v1"", ""sigma_perp_ratio"": 0.0219472253765356, ""wafer_radius_mm"": 150.0}",490
sample_000491,C06_RadialLines,102,"{""angular_jitter_deg"": 0.41357714338177975, ""n_lines"": 6, ""n_particles"": 102, ""name"": ""wafer_particles.pattern.C06_RadialLines"", ""r_max_ratio"": 0.9214713143971649, ""r_min_ratio"": 0.14766520956127208, ""schema_version"": ""wafer_particles.pattern_config.v1"", ""sigma_perp_ratio"": 0.003573916021732945, ""wafer_radius_mm"": 150.0}",491
sample_000492,C06_RadialLines,195,"{""angular_jitter_deg"": 2.4949379672860914, ""n_lines"": 4, ""n_particles"": 195, ""name"": ""wafer_particles.pattern.C06_RadialLines"", ""r_max_ratio"": 0.7064243590240349, ""r_min_ratio"": 0.1830642048648811, ""schema_version"": ""wafer_particles.pattern_config.v1"", ""sigma_perp_ratio"": 0.0250578242120342, ""wafer_radius_mm"": 150.0}",492
sample_000493,C04_Sector_Edge,31,"{""angle_center_rad"": 2.7027119760575995, ""angle_width_deg"": 41.753468134461805, ""edge_width_ratio"": 0.09295610671237513, ""n_particles"": 31, ""name"": ""wafer_particles.pattern.C04_Sector_Edge"", ""radial_beta_alpha"": 2.958926024940997, ""radial_beta_beta"": 1.9866464018712768, ""schema_version"": ""wafer_particles.pattern_config.v1"", ""side"": ""right"", ""theta_vonmises_kappa"": 9.350771558876513, ""wafer_radius_mm"": 150.0}",493
sample_000494,C07_StraightLine,140,"{""angle_deg"": 20.297641274491006, ""n_particles"": 140, ""name"": ""wafer_particles.pattern.C07_StraightLine"", ""offset_ratio"": -0.1251827925764668, ""schema_version"": ""wafer_particles.pattern_config.v1"", ""segment_half_length_ratio"": 0.7646517060270408, ""wafer_radius_mm"": 150.0, ""width_ratio"": 0.035728245334947964}",494
sample_000495,C07_StraightLine,164,"{""angle_deg"": 97.65699600122089, ""n_particles"": 164, ""name"": ""wafer_particles.pattern.C07_StraightLine"", ""offset_ratio"": 0.19836777696742205, ""schema_version"": ""wafer_particles.pattern_config.v1"", ""segment_half_length_ratio"": 0.7020261202354667, ""wafer_radius_mm"": 150.0, ""width_ratio"": 0.012672778884986064}",495
sample_000496,C03_Ring,40,"{""n_particles"": 40, ""name"": ""wafer_particles.pattern.C03_Ring"", ""radius_ratio"": 0.7420326932921183, ""schema_version"": ""wafer_particles.pattern_config.v1"", ""wafer_radius_mm"": 150.0, ""width_ratio"": 0.09632759788168196}",496
sample_000497,C06_RadialLines,181,"{""angular_jitter_deg"": 2.3807543455909586, ""n_lines"": 6, ""n_particles"": 181, ""name"": ""wafer_particles.pattern.C06_RadialLines"", ""r_max_ratio"": 0.8602572326272518, ""r_min_ratio"": 0.16928563185531803, ""schema_version"": ""wafer_particles.pattern_config.v1"", ""sigma_perp_ratio"": 0.026208959128431426, ""wafer_radius_mm"": 150.0}",497
sample_000498,C03_Ring,99,"{""n_particles"": 99, ""name"": ""wafer_particles.pattern.C03_Ring"", ""radius_ratio"": 0.4412241878907895, ""schema_version"": ""wafer_particles.pattern_config.v1"", ""wafer_radius_mm"": 150.0, ""width_ratio"": 0.19228568412521427}",498
sample_000499,C02_EdgeBiased,99,"{""edge_bias"": 3.9652835546877783, ""n_particles"": 99, ""name"": ""wafer_particles.pattern.C02_EdgeBiased"", ""schema_version"": ""wafer_particles.pattern_config.v1"", ""wafer_radius_mm"": 150.0}",499
sample_000500,C04_Sector_Edge,200,"{""angle_center_rad"": 5.474840175340405, ""angle_width_deg"": 62.29458348930111, ""edge_width_ratio"": 0.2566851086367132, ""n_particles"": 200, ""name"": ""wafer_particles.pattern.C04_Sector_Edge"", ""radial_beta_alpha"": 1.3049487230191863, ""radial_beta_beta"": 2.722049498178507, ""schema_version"": ""wafer_particles.pattern_config.v1"", ""side"": ""right"", ""theta_vonmises_kappa"": 9.995441291747369, ""wafer_radius_mm"": 150.0}",500
sample_000501,C08_CurvedScratch,143,"{""angle_center_deg"": 0.0, ""angle_center_rad"": 6.088738862310739, ""arc_radius_ratio"": 0.40050639028163937, ""n_particles"": 143, ""name"": ""wafer_particles.pattern.C08_CurvedScratch"", ""schema_version"": ""wafer_particles.pattern_config.v1"", ""span_deg"": 74.11071493802702, ""wafer_radius_mm"": 150.0, ""width_ratio"": 0.024522789803261065}",501
sample_000502,C05_Sector_Internal,141,"{""angle_center_rad"": 5.22434854895512, ""angle_width_deg"": 43.41963941996, ""edge_margin_norm"": 0.05, ""n_particles"": 141, ""name"": ""wafer_particles.pattern.C05_Sector_Internal"", ""r_inner_ratio"": 0.16250803674959557, ""r_outer_ratio"": 0.5143480289335784, ""radial_beta_alpha"": 1.6113121398618686, ""radial_beta_beta"": 1.2591051762759167, ""schema_version"": ""wafer_particles.pattern_config.v1"", ""theta_vonmises_kappa"": 5.282980244756196, ""wafer_radius_mm"": 150.0}",502
sample_000503,C06_RadialLines,49,"{""angular_jitter_deg"": 3.2721798477098583, ""n_lines"": 4, ""n_particles"": 49, ""name"": ""wafer_particles.pattern.C06_RadialLines"", ""r_max_ratio"": 0.7631096931750244, ""r_min_ratio"": 0.25874929161731597, ""schema_version"": ""wafer_particles.pattern_config.v1"", ""sigma_perp_ratio"": 0.02552094261866313, ""wafer_radius_mm"": 150.0}",503
sample_000504,C04_Sector_Edge,158,"{""angle_center_rad"": 1.5701906914243442, ""angle_width_deg"": 35.26610380345404, ""edge_width_ratio"": 0.28759364649560165, ""n_particles"": 158, ""name"": ""wafer_particles.pattern.C04_Sector_Edge"", ""radial_beta_alpha"": 3.1681820741985947, ""radial_beta_beta"": 2.292508905065145, ""schema_version"": ""wafer_particles.pattern_config.v1"", ""side"": ""right"", ""theta_vonmises_kappa"": 8.83806464615795, ""wafer_radius_mm"": 150.0}",504
sample_000505,C09_Spiral,33,"{""end_r_ratio"": 0.9227551891854175, ""n_particles"": 33, ""name"": ""wafer_particles.pattern.C09_Spiral"", ""schema_version"": ""wafer_particles.pattern_config.v1"", ""start_r_ratio"": 0.19098457239346997, ""theta_max"": 14.020781016334292, ""wafer_radius_mm"": 150.0, ""width_ratio"": 0.030592507619942255}",505
sample_000506,C03_Ring,124,"{""n_particles"": 124, ""name"": ""wafer_particles.pattern.C03_Ring"", ""radius_ratio"": 0.46223344327250654, ""schema_version"": ""wafer_particles.pattern_config.v1"", ""wafer_radius_mm"": 150.0, ""width_ratio"": 0.1391352583792544}",506
sample_000507,C04_Sector_Edge,142,"{""angle_center_rad"": 3.2254270402088534, ""angle_width_deg"": 63.05908188937724, ""edge_width_ratio"": 0.07233897371481961, ""n_particles"": 142, ""name"": ""wafer_particles.pattern.C04_Sector_Edge"", ""radial_beta_alpha"": 2.4018225619872298, ""radial_beta_beta"": 3.0781852769606672, ""schema_version"": ""wafer_particles.pattern_config.v1"", ""side"": ""right"", ""theta_vonmises_kappa"": 6.77276684551586, ""wafer_radius_mm"": 150.0}",507
sample_000508,C06_RadialLines,156,"{""angular_jitter_deg"": 1.6792299154952284, ""n_lines"": 6, ""n_particles"": 156, ""name"": ""wafer_particles.pattern.C06_RadialLines"", ""r_max_ratio"": 0.8220651377601755, ""r_min_ratio"": 0.029077678583627795, ""schema_version"": ""wafer_particles.pattern_config.v1"", ""sigma_perp_ratio"": 0.02483707258035645, ""wafer_radius_mm"": 150.0}",508
sample_000509,C07_StraightLine,200,"{""angle_deg"": 48.6721857871042, ""n_particles"": 200, ""name"": ""wafer_particles.pattern.C07_StraightLine"", ""offset_ratio"": 0.050258520010199745, ""schema_version"": ""wafer_particles.pattern_config.v1"", ""segment_half_length_ratio"": 0.6837263670241097, ""wafer_radius_mm"": 150.0, ""width_ratio"": 0.017596760829499278}",509
sample_000510,C04_Sector_Edge,159,"{""angle_center_rad"": 2.391624431695576, ""angle_width_deg"": 84.48746121922761, ""edge_width_ratio"": 0.19667180398995487, ""n_particles"": 159, ""name"": ""wafer_particles.pattern.C04_Sector_Edge"", ""radial_beta_alpha"": 1.5119853071213643, ""radial_beta_beta"": 2.758492432202322, ""schema_version"": ""wafer_particles.pattern_config.v1"", ""side"": ""right"", ""theta_vonmises_kappa"": 1.7751341453540874, ""wafer_radius_mm"": 150.0}",510
sample_000511,C07_StraightLine,97,"{""angle_deg"": 19.194594817020583, ""n_particles"": 97, ""name"": ""wafer_particles.pattern.C07_StraightLine"", ""offset_ratio"": -0.14740902992736912, ""schema_version"": ""wafer_particles.pattern_config.v1"", ""segment_half_length_ratio"": 0.7710575899997728, ""wafer_radius_mm"": 150.0, ""width_ratio"": 0.03662018047330275}",511
sample_000512,C04_Sector_Edge,74,"{""angle_center_rad"": 0.6747044728688402, ""angle_width_deg"": 47.19882652824607, ""edge_width_ratio"": 0.0665483272786722, ""n_particles"": 74, ""name"": ""wafer_particles.pattern.C04_Sector_Edge"", ""radial_beta_alpha"": 3.7025693166470215, ""radial_beta_beta"": 0.9317363726512584, ""schema_version"": ""wafer_particles.pattern_config.v1"", ""side"": ""right"", ""theta_vonmises_kappa"": 7.880390072607756, ""wafer_radius_mm"": 150.0}",512
sample_000513,C04_Sector_Edge,14,"{""angle_center_rad"": 3.531197170473015, ""angle_width_deg"": 81.58242701522134, ""edge_width_ratio"": 0.24664451964268197, ""n_particles"": 14, ""name"": ""wafer_particles.pattern.C04_Sector_Edge"", ""radial_beta_alpha"": 3.0768666679579684, ""radial_beta_beta"": 1.6705382929328696, ""schema_version"": ""wafer_particles.pattern_config.v1"", ""side"": ""right"", ""theta_vonmises_kappa"": 5.646284590641082, ""wafer_radius_mm"": 150.0}",513
sample_000514,C02_EdgeBiased,128,"{""edge_bias"": 3.8991968479973567, ""n_particles"": 128, ""name"": ""wafer_particles.pattern.C02_EdgeBiased"", ""schema_version"": ""wafer_particles.pattern_config.v1"", ""wafer_radius_mm"": 150.0}",514
sample_000515,C09_Spiral,167,"{""end_r_ratio"": 0.8396636939847204, ""n_particles"": 167, ""name"": ""wafer_particles.pattern.C09_Spiral"", ""schema_version"": ""wafer_particles.pattern_config.v1"", ""start_r_ratio"": 0.22658042022232355, ""theta_max"": 12.998121600776633, ""wafer_radius_mm"": 150.0, ""width_ratio"": 0.011067005568155505}",515
sample_000516,C05_Sector_Internal,35,"{""angle_center_rad"": 0.20224980787130253, ""angle_width_deg"": 68.29400340357145, ""edge_margin_norm"": 0.05, ""n_particles"": 35, ""name"": ""wafer_particles.pattern.C05_Sector_Internal"", ""r_inner_ratio"": 0.14300706403566227, ""r_outer_ratio"": 0.7607600672055908, ""radial_beta_alpha"": 3.4155530742644955, ""radial_beta_beta"": 1.9621669165978257, ""schema_version"": ""wafer_particles.pattern_config.v1"", ""theta_vonmises_kappa"": 3.3825949214396096, ""wafer_radius_mm"": 150.0}",516
sample_000517,C08_CurvedScratch,136,"{""angle_center_deg"": 0.0, ""angle_center_rad"": 6.236963852649314, ""arc_radius_ratio"": 0.5575010099704055, ""n_particles"": 136, ""name"": ""wafer_particles.pattern.C08_CurvedScratch"", ""schema_version"": ""wafer_particles.pattern_config.v1"", ""span_deg"": 50.66942338611979, ""wafer_radius_mm"": 150.0, ""width_ratio"": 0.053998265510710235}",517
sample_000518,C06_RadialLines,73,"{""angular_jitter_deg"": 1.8377932380490125, ""n_lines"": 6, ""n_particles"": 73, ""name"": ""wafer_particles.pattern.C06_RadialLines"", ""r_max_ratio"": 0.9225703872059132, ""r_min_ratio"": 0.12346002040695452, ""schema_version"": ""wafer_particles.pattern_config.v1"", ""sigma_perp_ratio"": 0.02903357692640978, ""wafer_radius_mm"": 150.0}",518
sample_000519,C02_EdgeBiased,53,"{""edge_bias"": 3.4198495946800422, ""n_particles"": 53, ""name"": ""wafer_particles.pattern.C02_EdgeBiased"", ""schema_version"": ""wafer_particles.pattern_config.v1"", ""wafer_radius_mm"": 150.0}",519
sample_000520,C06_RadialLines,155,"{""angular_jitter_deg"": 0.890158411676743, ""n_lines"": 8, ""n_particles"": 155, ""name"": ""wafer_particles.pattern.C06_RadialLines"", ""r_max_ratio"": 0.6556526177905171, ""r_min_ratio"": 0.18190688151452458, ""schema_version"": ""wafer_particles.pattern_config.v1"", ""sigma_perp_ratio"": 0.006838436062923451, ""wafer_radius_mm"": 150.0}",520
sample_000521,C09_Spiral,133,"{""end_r_ratio"": 0.9693416271468702, ""n_particles"": 133, ""name"": ""wafer_particles.pattern.C09_Spiral"", ""schema_version"": ""wafer_particles.pattern_config.v1"", ""start_r_ratio"": 0.23050343481569566, ""theta_max"": 17.816281300128146, ""wafer_radius_mm"": 150.0, ""width_ratio"": 0.04355552133625775}",521
sample_000522,C04_Sector_Edge,84,"{""angle_center_rad"": 3.484698692319328, ""angle_width_deg"": 28.19431139165191, ""edge_width_ratio"": 0.17845181528250675, ""n_particles"": 84, ""name"": ""wafer_particles.pattern.C04_Sector_Edge"", ""radial_beta_alpha"": 1.803727671260973, ""radial_beta_beta"": 1.6831617012109974, ""schema_version"": ""wafer_particles.pattern_config.v1"", ""side"": ""right"", ""theta_vonmises_kappa"": 1.9405443357142749, ""wafer_radius_mm"": 150.0}",522
sample_000523,C06_RadialLines,142,"{""angular_jitter_deg"": 3.1342626906355484, ""n_lines"": 8, ""n_particles"": 142, ""name"": ""wafer_particles.pattern.C06_RadialLines"", ""r_max_ratio"": 0.7035541555592342, ""r_min_ratio"": 0.19973396273107769, ""schema_version"": ""wafer_particles.pattern_config.v1"", ""sigma_perp_ratio"": 0.023378442298407683, ""wafer_radius_mm"": 150.0}",523
sample_000524,C03_Ring,107,"{""n_particles"": 107, ""name"": ""wafer_particles.pattern.C03_Ring"", ""radius_ratio"": 0.888556593871054, ""schema_version"": ""wafer_particles.pattern_config.v1"", ""wafer_radius_mm"": 150.0, ""width_ratio"": 0.19900930018574542}",524
sample_000525,C03_Ring,185,"{""n_particles"": 185, ""name"": ""wafer_particles.pattern.C03_Ring"", ""radius_ratio"": 0.48672300623779513, ""schema_version"": ""wafer_particles.pattern_config.v1"", ""wafer_radius_mm"": 150.0, ""width_ratio"": 0.034905705578909006}",525
sample_000526,C02_EdgeBiased,87,"{""edge_bias"": 3.7882130794336955, ""n_particles"": 87, ""name"": ""wafer_particles.pattern.C02_EdgeBiased"", ""schema_version"": ""wafer_particles.pattern_config.v1"", ""wafer_radius_mm"": 150.0}",526
sample_000527,C03_Ring,181,"{""n_particles"": 181, ""name"": ""wafer_particles.pattern.C03_Ring"", ""radius_ratio"": 0.6641462060652055, ""schema_version"": ""wafer_particles.pattern_config.v1"", ""wafer_radius_mm"": 150.0, ""width_ratio"": 0.14383486570667048}",527
sample_000528,C08_CurvedScratch,69,"{""angle_center_deg"": 0.0, ""angle_center_rad"": 5.811913939366253, ""arc_radius_ratio"": 0.8377265345355305, ""n_particles"": 69, ""name"": ""wafer_particles.pattern.C08_CurvedScratch"", ""schema_version"": ""wafer_particles.pattern_config.v1"", ""span_deg"": 78.33127987903119, ""wafer_radius_mm"": 150.0, ""width_ratio"": 0.0436924567767101}",528
sample_000529,C10_Hotspot_Iso,150,"{""center_angle"": ""random"", ""center_angle_rad"": 0.4811099549525039, ""center_radius_ratio"": 0.12601010793210773, ""mode"": ""random"", ""n_particles"": 150, ""name"": ""wafer_particles.pattern.C10_Hotspot_Iso"", ""schema_version"": ""wafer_particles.pattern_config.v1"", ""sigma_ratio"": 0.10086825482162887, ""wafer_radius_mm"": 150.0}",529
sample_000530,C07_StraightLine,78,"{""angle_deg"": 8.935309855359053, ""n_particles"": 78, ""name"": ""wafer_particles.pattern.C07_StraightLine"", ""offset_ratio"": -0.29918769147398405, ""schema_version"": ""wafer_particles.pattern_config.v1"", ""segment_half_length_ratio"": 0.6961231083679521, ""wafer_radius_mm"": 150.0, ""width_ratio"": 0.024215305988201055}",530
sample_000531,C02_EdgeBiased,179,"{""edge_bias"": 3.0693100646574374, ""n_particles"": 179, ""name"": ""wafer_particles.pattern.C02_EdgeBiased"", ""schema_version"": ""wafer_particles.pattern_config.v1"", ""wafer_radius_mm"": 150.0}",531
sample_000532,C05_Sector_Internal,163,"{""angle_center_rad"": 1.9739105773886678, ""angle_width_deg"": 30.49504797454971, ""edge_margin_norm"": 0.05, ""n_particles"": 163, ""name"": ""wafer_particles.pattern.C05_Sector_Internal"", ""r_inner_ratio"": 0.16761941337951977, ""r_outer_ratio"": 0.5076222351653845, ""radial_beta_alpha"": 3.209916077343056, ""radial_beta_beta"": 1.2004808896634842, ""schema_version"": ""wafer_particles.pattern_config.v1"", ""theta_vonmises_kappa"": 1.0090171401728805, ""wafer_radius_mm"": 150.0}",532
sample_000533,C05_Sector_Internal,168,"{""angle_center_rad"": 0.08104450156234697, ""angle_width_deg"": 78.80095712033423, ""edge_margin_norm"": 0.05, ""n_particles"": 168, ""name"": ""wafer_particles.pattern.C05_Sector_Internal"", ""r_inner_ratio"": 0.2512471186360199, ""r_outer_ratio"": 0.7116403106284235, ""radial_beta_alpha"": 3.746729977335, ""radial_beta_beta"": 2.4166336134725013, ""schema_version"": ""wafer_particles.pattern_config.v1"", ""theta_vonmises_kappa"": 7.914597950588595, ""wafer_radius_mm"": 150.0}",533
sample_000534,C09_Spiral,145,"{""end_r_ratio"": 0.8861568383179399, ""n_particles"": 145, ""name"": ""wafer_particles.pattern.C09_Spiral"", ""schema_version"": ""wafer_particles.pattern_config.v1"", ""start_r_ratio"": 0.12796676229217402, ""theta_max"": 15.156033551813845, ""wafer_radius_mm"": 150.0, ""width_ratio"": 0.00779572827605854}",534
sample_000535,C09_Spiral,155,"{""end_r_ratio"": 0.9094251820689607, ""n_particles"": 155, ""name"": ""wafer_particles.pattern.C09_Spiral"", ""schema_version"": ""wafer_particles.pattern_config.v1"", ""start_r_ratio"": 0.2463973770705599, ""theta_max"": 12.931522114459748, ""wafer_radius_mm"": 150.0, ""width_ratio"": 0.01159863115452191}",535
sample_000536,C06_RadialLines,88,"{""angular_jitter_deg"": 3.6187828968091966, ""n_lines"": 4, ""n_particles"": 88, ""name"": ""wafer_particles.pattern.C06_RadialLines"", ""r_max_ratio"": 0.6763459928115835, ""r_min_ratio"": 0.13647500740984328, ""schema_version"": ""wafer_particles.pattern_config.v1"", ""sigma_perp_ratio"": 0.021723458600416377, ""wafer_radius_mm"": 150.0}",536
sample_000537,C05_Sector_Internal,177,"{""angle_center_rad"": 0.06268877287929138, ""angle_width_deg"": 30.430067681032497, ""edge_margin_norm"": 0.05, ""n_particles"": 177, ""name"": ""wafer_particles.pattern.C05_Sector_Internal"", ""r_inner_ratio"": 0.39221085043603454, ""r_outer_ratio"": 0.7979123770408659, ""radial_beta_alpha"": 1.3836640032076768, ""radial_beta_beta"": 3.1906764641380145, ""schema_version"": ""wafer_particles.pattern_config.v1"", ""theta_vonmises_kappa"": 5.829928443740779, ""wafer_radius_mm"": 150.0}",537
sample_000538,C03_Ring,23,"{""n_particles"": 23, ""name"": ""wafer_particles.pattern.C03_Ring"", ""radius_ratio"": 0.42338619178629894, ""schema_version"": ""wafer_particles.pattern_config.v1"", ""wafer_radius_mm"": 150.0, ""width_ratio"": 0.15524870794126536}",538
sample_000539,C02_EdgeBiased,34,"{""edge_bias"": 1.2413926820658507, ""n_particles"": 34, ""name"": ""wafer_particles.pattern.C02_EdgeBiased"", ""schema_version"": ""wafer_particles.pattern_config.v1"", ""wafer_radius_mm"": 150.0}",539
sample_000540,C05_Sector_Internal,176,"{""angle_center_rad"": 1.2338674249204715, ""angle_width_deg"": 40.59882174422414, ""edge_margin_norm"": 0.05, ""n_particles"": 176, ""name"": ""wafer_particles.pattern.C05_Sector_Internal"", ""r_inner_ratio"": 0.0762505773944882, ""r_outer_ratio"": 0.6532017292724742, ""radial_beta_alpha"": 1.3116139750789926, ""radial_beta_beta"": 2.1273399831653146, ""schema_version"": ""wafer_particles.pattern_config.v1"", ""theta_vonmises_kappa"": 0.605213828063933, ""wafer_radius_mm"": 150.0}",540
sample_000541,C06_RadialLines,182,"{""angular_jitter_deg"": 3.343681866451274, ""n_lines"": 8, ""n_particles"": 182, ""name"": ""wafer_particles.pattern.C06_RadialLines"", ""r_max_ratio"": 0.6467743933282288, ""r_min_ratio"": 0.19872690053729966, ""schema_version"": ""wafer_particles.pattern_config.v1"", ""sigma_perp_ratio"": 0.013873036161774885, ""wafer_radius_mm"": 150.0}",541
sample_000542,C08_CurvedScratch,152,"{""angle_center_deg"": 0.0, ""angle_center_rad"": 3.9415951410432437, ""arc_radius_ratio"": 0.5704354287589597, ""n_particles"": 152, ""name"": ""wafer_particles.pattern.C08_CurvedScratch"", ""schema_version"": ""wafer_particles.pattern_config.v1"", ""span_deg"": 136.7649029630626, ""wafer_radius_mm"": 150.0, ""width_ratio"": 0.02568403816176017}",542
sample_000543,C03_Ring,150,"{""n_particles"": 150, ""name"": ""wafer_particles.pattern.C03_Ring"", ""radius_ratio"": 0.7148016324027784, ""schema_version"": ""wafer_particles.pattern_config.v1"", ""wafer_radius_mm"": 150.0, ""width_ratio"": 0.09169838520889584}",543
sample_000544,C01_Uniform,27,"{""n_particles"": 27, ""name"": ""wafer_particles.pattern.C01_Uniform"", ""schema_version"": ""wafer_particles.pattern_config.v1"", ""wafer_radius_mm"": 150.0}",544
sample_000545,C10_Hotspot_Iso,90,"{""center_angle"": ""random"", ""center_angle_rad"": 1.3397110264660579, ""center_radius_ratio"": 0.2183296724998281, ""mode"": ""random"", ""n_particles"": 90, ""name"": ""wafer_particles.pattern.C10_Hotspot_Iso"", ""schema_version"": ""wafer_particles.pattern_config.v1"", ""sigma_ratio"": 0.09265774393229245, ""wafer_radius_mm"": 150.0}",545
sample_000546,C08_CurvedScratch,69,"{""angle_center_deg"": 0.0, ""angle_center_rad"": 1.540819642431542, ""arc_radius_ratio"": 0.7528168031396896, ""n_particles"": 69, ""name"": ""wafer_particles.pattern.C08_CurvedScratch"", ""schema_version"": ""wafer_particles.pattern_config.v1"", ""span_deg"": 99.0770108653332, ""wafer_radius_mm"": 150.0, ""width_ratio"": 0.05304022381012146}",546
sample_000547,C08_CurvedScratch,183,"{""angle_center_deg"": 0.0, ""angle_center_rad"": 0.6470796324729803, ""arc_radius_ratio"": 0.46591656377583257, ""n_particles"": 183, ""name"": ""wafer_particles.pattern.C08_CurvedScratch"", ""schema_version"": ""wafer_particles.pattern_config.v1"", ""span_deg"": 105.59954808799259, ""wafer_radius_mm"": 150.0, ""width_ratio"": 0.05137780795389144}",547
sample_000548,C07_StraightLine,191,"{""angle_deg"": 104.11771968907196, ""n_particles"": 191, ""name"": ""wafer_particles.pattern.C07_StraightLine"", ""offset_ratio"": -0.14999912175358568, ""schema_version"": ""wafer_particles.pattern_config.v1"", ""segment_half_length_ratio"": 0.7147972532253557, ""wafer_radius_mm"": 150.0, ""width_ratio"": 0.02347444153979504}",548
sample_000549,C09_Spiral,162,"{""end_r_ratio"": 0.9932381192053737, ""n_particles"": 162, ""name"": ""wafer_particles.pattern.C09_Spiral"", ""schema_version"": ""wafer_particles.pattern_config.v1"", ""start_r_ratio"": 0.29649645115199136, ""theta_max"": 16.00646374870251, ""wafer_radius_mm"": 150.0, ""width_ratio"": 0.033412075565225026}",549
sample_000550,C10_Hotspot_Iso,77,"{""center_angle"": ""random"", ""center_angle_rad"": 0.7243928327249088, ""center_radius_ratio"": 0.5393980105014438, ""mode"": ""random"", ""n_particles"": 77, ""name"": ""wafer_particles.pattern.C10_Hotspot_Iso"", ""schema_version"": ""wafer_particles.pattern_config.v1"", ""sigma_ratio"": 0.07906280137321418, ""wafer_radius_mm"": 150.0}",550
sample_000551,C02_EdgeBiased,144,"{""edge_bias"": 3.1392815254973376, ""n_particles"": 144, ""name"": ""wafer_particles.pattern.C02_EdgeBiased"", ""schema_version"": ""wafer_particles.pattern_config.v1"", ""wafer_radius_mm"": 150.0}",551
sample_000552,C04_Sector_Edge,100,"{""angle_center_rad"": 3.4470611886908324, ""angle_width_deg"": 36.70824742087381, ""edge_width_ratio"": 0.29534279729269836, ""n_particles"": 100, ""name"": ""wafer_particles.pattern.C04_Sector_Edge"", ""radial_beta_alpha"": 3.054181464182656, ""radial_beta_beta"": 1.7313146868880236, ""schema_version"": ""wafer_particles.pattern_config.v1"", ""side"": ""right"", ""theta_vonmises_kappa"": 6.334709319486129, ""wafer_radius_mm"": 150.0}",552
sample_000553,C08_CurvedScratch,31,"{""angle_center_deg"": 0.0, ""angle_center_rad"": 0.1486976162730301, ""arc_radius_ratio"": 0.6700297701353981, ""n_particles"": 31, ""name"": ""wafer_particles.pattern.C08_CurvedScratch"", ""schema_version"": ""wafer_particles.pattern_config.v1"", ""span_deg"": 138.76169508209136, ""wafer_radius_mm"": 150.0, ""width_ratio"": 0.04600933008886961}",553
sample_000554,C05_Sector_Internal,76,"{""angle_center_rad"": 3.138181685061739, ""angle_width_deg"": 39.42834357822791, ""edge_margin_norm"": 0.05, ""n_particles"": 76, ""name"": ""wafer_particles.pattern.C05_Sector_Internal"", ""r_inner_ratio"": 0.1237550633473172, ""r_outer_ratio"": 0.7245504346386513, ""radial_beta_alpha"": 2.2573843857562297, ""radial_beta_beta"": 2.3291256781612444, ""schema_version"": ""wafer_particles.pattern_config.v1"", ""theta_vonmises_kappa"": 4.00535758956958, ""wafer_radius_mm"": 150.0}",554
sample_000555,C08_CurvedScratch,77,"{""angle_center_deg"": 0.0, ""angle_center_rad"": 1.9844808606500037, ""arc_radius_ratio"": 0.5162333885176986, ""n_particles"": 77, ""name"": ""wafer_particles.pattern.C08_CurvedScratch"", ""schema_version"": ""wafer_particles.pattern_config.v1"", ""span_deg"": 137.2969692566104, ""wafer_radius_mm"": 150.0, ""width_ratio"": 0.03108695758222369}",555
sample_000556,C01_Uniform,16,"{""n_particles"": 16, ""name"": ""wafer_particles.pattern.C01_Uniform"", ""schema_version"": ""wafer_particles.pattern_config.v1"", ""wafer_radius_mm"": 150.0}",556
sample_000557,C07_StraightLine,198,"{""angle_deg"": 22.986808705521835, ""n_particles"": 198, ""name"": ""wafer_particles.pattern.C07_StraightLine"", ""offset_ratio"": -0.14999257484334327, ""schema_version"": ""wafer_particles.pattern_config.v1"", ""segment_half_length_ratio"": 0.4073331368955193, ""wafer_radius_mm"": 150.0, ""width_ratio"": 0.010786697131081654}",557
sample_000558,C08_CurvedScratch,103,"{""angle_center_deg"": 0.0, ""angle_center_rad"": 3.3855717142809376, ""arc_radius_ratio"": 0.5335655353729567, ""n_particles"": 103, ""name"": ""wafer_particles.pattern.C08_CurvedScratch"", ""schema_version"": ""wafer_particles.pattern_config.v1"", ""span_deg"": 132.4569395832415, ""wafer_radius_mm"": 150.0, ""width_ratio"": 0.0585034436760312}",558
sample_000559,C09_Spiral,194,"{""end_r_ratio"": 0.7646307082355456, ""n_particles"": 194, ""name"": ""wafer_particles.pattern.C09_Spiral"", ""schema_version"": ""wafer_particles.pattern_config.v1"", ""start_r_ratio"": 0.05682141438474716, ""theta_max"": 14.42016066168154, ""wafer_radius_mm"": 150.0, ""width_ratio"": 0.007128849145718138}",559
sample_000560,C01_Uniform,126,"{""n_particles"": 126, ""name"": ""wafer_particles.pattern.C01_Uniform"", ""schema_version"": ""wafer_particles.pattern_config.v1"", ""wafer_radius_mm"": 150.0}",560
sample_000561,C09_Spiral,200,"{""end_r_ratio"": 0.7915985551165644, ""n_particles"": 200, ""name"": ""wafer_particles.pattern.C09_Spiral"", ""schema_version"": ""wafer_particles.pattern_config.v1"", ""start_r_ratio"": 0.10658708222438223, ""theta_max"": 7.96103091078329, ""wafer_radius_mm"": 150.0, ""width_ratio"": 0.01773516439559168}",561
sample_000562,C09_Spiral,199,"{""end_r_ratio"": 0.9759590183013188, ""n_particles"": 199, ""name"": ""wafer_particles.pattern.C09_Spiral"", ""schema_version"": ""wafer_particles.pattern_config.v1"", ""start_r_ratio"": 0.2627588921850874, ""theta_max"": 11.960782463465192, ""wafer_radius_mm"": 150.0, ""width_ratio"": 0.032029956386275725}",562
sample_000563,C07_StraightLine,17,"{""angle_deg"": 179.43344904606064, ""n_particles"": 17, ""name"": ""wafer_particles.pattern.C07_StraightLine"", ""offset_ratio"": -0.04137573424862324, ""schema_version"": ""wafer_particles.pattern_config.v1"", ""segment_half_length_ratio"": 0.7767586183190057, ""wafer_radius_mm"": 150.0, ""width_ratio"": 0.03700506717928836}",563
sample_000564,C10_Hotspot_Iso,140,"{""center_angle"": ""random"", ""center_angle_rad"": 3.331981234964528, ""center_radius_ratio"": 0.22642931887676826, ""mode"": ""random"", ""n_particles"": 140, ""name"": ""wafer_particles.pattern.C10_Hotspot_Iso"", ""schema_version"": ""wafer_particles.pattern_config.v1"", ""sigma_ratio"": 0.11753627865047321, ""wafer_radius_mm"": 150.0}",564
sample_000565,C04_Sector_Edge,63,"{""angle_center_rad"": 5.374000092253217, ""angle_width_deg"": 46.98525996048087, ""edge_width_ratio"": 0.2690016083793794, ""n_particles"": 63, ""name"": ""wafer_particles.pattern.C04_Sector_Edge"", ""radial_beta_alpha"": 3.3444149658038866, ""radial_beta_beta"": 3.362568286660406, ""schema_version"": ""wafer_particles.pattern_config.v1"", ""side"": ""right"", ""theta_vonmises_kappa"": 3.6335408730580423, ""wafer_radius_mm"": 150.0}",565
sample_000566,C03_Ring,91,"{""n_particles"": 91, ""name"": ""wafer_particles.pattern.C03_Ring"", ""radius_ratio"": 0.7064906812627532, ""schema_version"": ""wafer_particles.pattern_config.v1"", ""wafer_radius_mm"": 150.0, ""width_ratio"": 0.19555578288725853}",566
sample_000567,C03_Ring,165,"{""n_particles"": 165, ""name"": ""wafer_particles.pattern.C03_Ring"", ""radius_ratio"": 0.6973883491263114, ""schema_version"": ""wafer_particles.pattern_config.v1"", ""wafer_radius_mm"": 150.0, ""width_ratio"": 0.16936919749149607}",567
sample_000568,C06_RadialLines,111,"{""angular_jitter_deg"": 3.7936479891473507, ""n_lines"": 4, ""n_particles"": 111, ""name"": ""wafer_particles.pattern.C06_RadialLines"", ""r_max_ratio"": 0.7749205060988802, ""r_min_ratio"": 0.24879995838377966, ""schema_version"": ""wafer_particles.pattern_config.v1"", ""sigma_perp_ratio"": 0.029737217290204246, ""wafer_radius_mm"": 150.0}",568
sample_000569,C05_Sector_Internal,131,"{""angle_center_rad"": 2.828148289172722, ""angle_width_deg"": 43.15987763897974, ""edge_margin_norm"": 0.05, ""n_particles"": 131, ""name"": ""wafer_particles.pattern.C05_Sector_Internal"", ""r_inner_ratio"": 0.3861079643939661, ""r_outer_ratio"": 0.762023043193495, ""radial_beta_alpha"": 1.4122612933905503, ""radial_beta_beta"": 1.4080541550630887, ""schema_version"": ""wafer_particles.pattern_config.v1"", ""theta_vonmises_kappa"": 2.4300708086522915, ""wafer_radius_mm"": 150.0}",569
sample_000570,C02_EdgeBiased,153,"{""edge_bias"": 1.401024984130911, ""n_particles"": 153, ""name"": ""wafer_particles.pattern.C02_EdgeBiased"", ""schema_version"": ""wafer_particles.pattern_config.v1"", ""wafer_radius_mm"": 150.0}",570
sample_000571,C10_Hotspot_Iso,143,"{""center_angle"": ""random"", ""center_angle_rad"": 4.855907645919976, ""center_radius_ratio"": 0.18694340405862356, ""mode"": ""random"", ""n_particles"": 143, ""name"": ""wafer_particles.pattern.C10_Hotspot_Iso"", ""schema_version"": ""wafer_particles.pattern_config.v1"", ""sigma_ratio"": 0.03961407922976123, ""wafer_radius_mm"": 150.0}",571
sample_000572,C07_StraightLine,10,"{""angle_deg"": 152.02654659318804, ""n_particles"": 10, ""name"": ""wafer_particles.pattern.C07_StraightLine"", ""offset_ratio"": 0.09899258771467642, ""schema_version"": ""wafer_particles.pattern_config.v1"", ""segment_half_length_ratio"": 0.8390965557943623, ""wafer_radius_mm"": 150.0, ""width_ratio"": 0.04246996878416581}",572
sample_000573,C08_CurvedScratch,69,"{""angle_center_deg"": 0.0, ""angle_center_rad"": 5.3851971088374135, ""arc_radius_ratio"": 0.4633380941369242, ""n_particles"": 69, ""name"": ""wafer_particles.pattern.C08_CurvedScratch"", ""schema_version"": ""wafer_particles.pattern_config.v1"", ""span_deg"": 120.1738940701887, ""wafer_radius_mm"": 150.0, ""width_ratio"": 0.022650401773577744}",573
sample_000574,C07_StraightLine,116,"{""angle_deg"": 89.32289185034227, ""n_particles"": 116, ""name"": ""wafer_particles.pattern.C07_StraightLine"", ""offset_ratio"": 0.2364924822234617, ""schema_version"": ""wafer_particles.pattern_config.v1"", ""segment_half_length_ratio"": 0.4234159778968107, ""wafer_radius_mm"": 150.0, ""width_ratio"": 0.032549259293625385}",574
sample_000575,C07_StraightLine,17,"{""angle_deg"": 58.96617356362452, ""n_particles"": 17, ""name"": ""wafer_particles.pattern.C07_StraightLine"", ""offset_ratio"": -0.11172876736450062, ""schema_version"": ""wafer_particles.pattern_config.v1"", ""segment_half_length_ratio"": 0.36330700968197405, ""wafer_radius_mm"": 150.0, ""width_ratio"": 0.020502467748600983}",575
sample_000576,C02_EdgeBiased,132,"{""edge_bias"": 2.4141145963422064, ""n_particles"": 132, ""name"": ""wafer_particles.pattern.C02_EdgeBiased"", ""schema_version"": ""wafer_particles.pattern_config.v1"", ""wafer_radius_mm"": 150.0}",576
sample_000577,C01_Uniform,63,"{""n_particles"": 63, ""name"": ""wafer_particles.pattern.C01_Uniform"", ""schema_version"": ""wafer_particles.pattern_config.v1"", ""wafer_radius_mm"": 150.0}",577
sample_000578,C03_Ring,175,"{""n_particles"": 175, ""name"": ""wafer_particles.pattern.C03_Ring"", ""radius_ratio"": 0.8425524017257051, ""schema_version"": ""wafer_particles.pattern_config.v1"", ""wafer_radius_mm"": 150.0, ""width_ratio"": 0.1566459631628685}",578
sample_000579,C08_CurvedScratch,165,"{""angle_center_deg"": 0.0, ""angle_center_rad"": 0.1473949891339252, ""arc_radius_ratio"": 0.8221165508065955, ""n_particles"": 165, ""name"": ""wafer_particles.pattern.C08_CurvedScratch"", ""schema_version"": ""wafer_particles.pattern_config.v1"", ""span_deg"": 126.40280788782505, ""wafer_radius_mm"": 150.0, ""width_ratio"": 0.03463595846692214}",579
sample_000580,C02_EdgeBiased,122,"{""edge_bias"": 3.770321877200632, ""n_particles"": 122, ""name"": ""wafer_particles.pattern.C02_EdgeBiased"", ""schema_version"": ""wafer_particles.pattern_config.v1"", ""wafer_radius_mm"": 150.0}",580
sample_000581,C02_EdgeBiased,88,"{""edge_bias"": 2.907962672431013, ""n_particles"": 88, ""name"": ""wafer_particles.pattern.C02_EdgeBiased"", ""schema_version"": ""wafer_particles.pattern_config.v1"", ""wafer_radius_mm"": 150.0}",581
sample_000582,C03_Ring,105,"{""n_particles"": 105, ""name"": ""wafer_particles.pattern.C03_Ring"", ""radius_ratio"": 0.8120429006566798, ""schema_version"": ""wafer_particles.pattern_config.v1"", ""wafer_radius_mm"": 150.0, ""width_ratio"": 0.07948818575635849}",582
sample_000583,C03_Ring,79,"{""n_particles"": 79, ""name"": ""wafer_particles.pattern.C03_Ring"", ""radius_ratio"": 0.651617079302432, ""schema_version"": ""wafer_particles.pattern_config.v1"", ""wafer_radius_mm"": 150.0, ""width_ratio"": 0.11259831962330581}",583
sample_000584,C02_EdgeBiased,30,"{""edge_bias"": 2.8286264675693014, ""n_particles"": 30, ""name"": ""wafer_particles.pattern.C02_EdgeBiased"", ""schema_version"": ""wafer_particles.pattern_config.v1"", ""wafer_radius_mm"": 150.0}",584
sample_000585,C03_Ring,60,"{""n_particles"": 60, ""name"": ""wafer_particles.pattern.C03_Ring"", ""radius_ratio"": 0.6458370007174408, ""schema_version"": ""wafer_particles.pattern_config.v1"", ""wafer_radius_mm"": 150.0, ""width_ratio"": 0.08376018907702286}",585
sample_000586,C06_RadialLines,40,"{""angular_jitter_deg"": 3.398431500224702, ""n_lines"": 6, ""n_particles"": 40, ""name"": ""wafer_particles.pattern.C06_RadialLines"", ""r_max_ratio"": 0.7251023413456686, ""r_min_ratio"": 0.045824980993581406, ""schema_version"": ""wafer_particles.pattern_config.v1"", ""sigma_perp_ratio"": 0.02473950531292269, ""wafer_radius_mm"": 150.0}",586
sample_000587,C08_CurvedScratch,137,"{""angle_center_deg"": 0.0, ""angle_center_rad"": 2.620398438001492, ""arc_radius_ratio"": 0.7719824263344062, ""n_particles"": 137, ""name"": ""wafer_particles.pattern.C08_CurvedScratch"", ""schema_version"": ""wafer_particles.pattern_config.v1"", ""span_deg"": 115.49958791106846, ""wafer_radius_mm"": 150.0, ""width_ratio"": 0.04250834553105675}",587
sample_000588,C03_Ring,78,"{""n_particles"": 78, ""name"": ""wafer_particles.pattern.C03_Ring"", ""radius_ratio"": 0.6287772938595553, ""schema_version"": ""wafer_particles.pattern_config.v1"", ""wafer_radius_mm"": 150.0, ""width_ratio"": 0.17088264318712162}",588
sample_000589,C09_Spiral,100,"{""end_r_ratio"": 0.8016947881953416, ""n_particles"": 100, ""name"": ""wafer_particles.pattern.C09_Spiral"", ""schema_version"": ""wafer_particles.pattern_config.v1"", ""start_r_ratio"": 0.11596121702374057, ""theta_max"": 12.598048798463566, ""wafer_radius_mm"": 150.0, ""width_ratio"": 0.019934115728194063}",589
sample_000590,C06_RadialLines,80,"{""angular_jitter_deg"": 1.2304935750780337, ""n_lines"": 8, ""n_particles"": 80, ""name"": ""wafer_particles.pattern.C06_RadialLines"", ""r_max_ratio"": 0.8900076377654175, ""r_min_ratio"": 0.06650839643783835, ""schema_version"": ""wafer_particles.pattern_config.v1"", ""sigma_perp_ratio"": 0.01971689455158319, ""wafer_radius_mm"": 150.0}",590
sample_000591,C09_Spiral,27,"{""end_r_ratio"": 0.8353750396585083, ""n_particles"": 27, ""name"": ""wafer_particles.pattern.C09_Spiral"", ""schema_version"": ""wafer_particles.pattern_config.v1"", ""start_r_ratio"": 0.0320644658690818, ""theta_max"": 16.543268298204026, ""wafer_radius_mm"": 150.0, ""width_ratio"": 0.025241279015199736}",591
sample_000592,C04_Sector_Edge,125,"{""angle_center_rad"": 2.88951914344496, ""angle_width_deg"": 34.09834751372671, ""edge_width_ratio"": 0.09406278227746691, ""n_particles"": 125, ""name"": ""wafer_particles.pattern.C04_Sector_Edge"", ""radial_beta_alpha"": 2.9385364146620385, ""radial_beta_beta"": 1.0126692856984485, ""schema_version"": ""wafer_particles.pattern_config.v1"", ""side"": ""right"", ""theta_vonmises_kappa"": 0.5593702259461073, ""wafer_radius_mm"": 150.0}",592
sample_000593,C05_Sector_Internal,117,"{""angle_center_rad"": 4.221378629160977, ""angle_width_deg"": 62.466991551317165, ""edge_margin_norm"": 0.05, ""n_particles"": 117, ""name"": ""wafer_particles.pattern.C05_Sector_Internal"", ""r_inner_ratio"": 0.27847048285560827, ""r_outer_ratio"": 0.8250241610052009, ""radial_beta_alpha"": 3.707626714967196, ""radial_beta_beta"": 2.6578082568365073, ""schema_version"": ""wafer_particles.pattern_config.v1"", ""theta_vonmises_kappa"": 1.0036521314312323, ""wafer_radius_mm"": 150.0}",593
sample_000594,C02_EdgeBiased,111,"{""edge_bias"": 1.542789566581541, ""n_particles"": 111, ""name"": ""wafer_particles.pattern.C02_EdgeBiased"", ""schema_version"": ""wafer_particles.pattern_config.v1"", ""wafer_radius_mm"": 150.0}",594
sample_000595,C05_Sector_Internal,173,"{""angle_center_rad"": 1.2883940748649785, ""angle_width_deg"": 99.80134749370906, ""edge_margin_norm"": 0.05, ""n_particles"": 173, ""name"": ""wafer_particles.pattern.C05_Sector_Internal"", ""r_inner_ratio"": 0.07354506048572393, ""r_outer_ratio"": 0.8081281271721276, ""radial_beta_alpha"": 3.0677332340254693, ""radial_beta_beta"": 1.8197301488928912, ""schema_version"": ""wafer_particles.pattern_config.v1"", ""theta_vonmises_kappa"": 7.03312802870837, ""wafer_radius_mm"": 150.0}",595
sample_000596,C10_Hotspot_Iso,178,"{""center_angle"": ""random"", ""center_angle_rad"": 4.224326908322852, ""center_radius_ratio"": 0.8949943575483597, ""mode"": ""random"", ""n_particles"": 178, ""name"": ""wafer_particles.pattern.C10_Hotspot_Iso"", ""schema_version"": ""wafer_particles.pattern_config.v1"", ""sigma_ratio"": 0.040040234931998056, ""wafer_radius_mm"": 150.0}",596
sample_000597,C02_EdgeBiased,114,"{""edge_bias"": 3.723111511651274, ""n_particles"": 114, ""name"": ""wafer_particles.pattern.C02_EdgeBiased"", ""schema_version"": ""wafer_particles.pattern_config.v1"", ""wafer_radius_mm"": 150.0}",597
sample_000598,C02_EdgeBiased,116,"{""edge_bias"": 1.3133590746509258, ""n_particles"": 116, ""name"": ""wafer_particles.pattern.C02_EdgeBiased"", ""schema_version"": ""wafer_particles.pattern_config.v1"", ""wafer_radius_mm"": 150.0}",598
sample_000599,C02_EdgeBiased,164,"{""edge_bias"": 1.4186709642993063, ""n_particles"": 164, ""name"": ""wafer_particles.pattern.C02_EdgeBiased"", ""schema_version"": ""wafer_particles.pattern_config.v1"", ""wafer_radius_mm"": 150.0}",599
sample_000600,C04_Sector_Edge,42,"{""angle_center_rad"": 0.3464397568050621, ""angle_width_deg"": 54.05853731332884, ""edge_width_ratio"": 0.25869828931334327, ""n_particles"": 42, ""name"": ""wafer_particles.pattern.C04_Sector_Edge"", ""radial_beta_alpha"": 1.5924087740971853, ""radial_beta_beta"": 1.6871903378854611, ""schema_version"": ""wafer_particles.pattern_config.v1"", ""side"": ""right"", ""theta_vonmises_kappa"": 6.863041510592237, ""wafer_radius_mm"": 150.0}",600
sample_000601,C07_StraightLine,84,"{""angle_deg"": 131.99667268277742, ""n_particles"": 84, ""name"": ""wafer_particles.pattern.C07_StraightLine"", ""offset_ratio"": 0.266183704798507, ""schema_version"": ""wafer_particles.pattern_config.v1"", ""segment_half_length_ratio"": 0.34007678562099614, ""wafer_radius_mm"": 150.0, ""width_ratio"": 0.03453799625234987}",601
sample_000602,C07_StraightLine,198,"{""angle_deg"": 116.82289980759475, ""n_particles"": 198, ""name"": ""wafer_particles.pattern.C07_StraightLine"", ""offset_ratio"": 0.27740405651432304, ""schema_version"": ""wafer_particles.pattern_config.v1"", ""segment_half_length_ratio"": 0.6415677375960258, ""wafer_radius_mm"": 150.0, ""width_ratio"": 0.031192120155675605}",602
sample_000603,C03_Ring,41,"{""n_particles"": 41, ""name"": ""wafer_particles.pattern.C03_Ring"", ""radius_ratio"": 0.8341715707503528, ""schema_version"": ""wafer_particles.pattern_config.v1"", ""wafer_radius_mm"": 150.0, ""width_ratio"": 0.06667740998362073}",603
sample_000604,C03_Ring,59,"{""n_particles"": 59, ""name"": ""wafer_particles.pattern.C03_Ring"", ""radius_ratio"": 0.6849409675621221, ""schema_version"": ""wafer_particles.pattern_config.v1"", ""wafer_radius_mm"": 150.0, ""width_ratio"": 0.06455297724377128}",604
sample_000605,C10_Hotspot_Iso,54,"{""center_angle"": ""random"", ""center_angle_rad"": 5.643369817193894, ""center_radius_ratio"": 0.8968476391779697, ""mode"": ""random"", ""n_particles"": 54, ""name"": ""wafer_particles.pattern.C10_Hotspot_Iso"", ""schema_version"": ""wafer_particles.pattern_config.v1"", ""sigma_ratio"": 0.035064475570968826, ""wafer_radius_mm"": 150.0}",605
sample_000606,C07_StraightLine,162,"{""angle_deg"": 56.25229974653273, ""n_particles"": 162, ""name"": ""wafer_particles.pattern.C07_StraightLine"", ""offset_ratio"": 0.08108526438389327, ""schema_version"": ""wafer_particles.pattern_config.v1"", ""segment_half_length_ratio"": 0.3854629571618011, ""wafer_radius_mm"": 150.0, ""width_ratio"": 0.005677793213469392}",606
sample_000607,C08_CurvedScratch,146,"{""angle_center_deg"": 0.0, ""angle_center_rad"": 3.875229761392236, ""arc_radius_ratio"": 0.40098771147269263, ""n_particles"": 146, ""name"": ""wafer_particles.pattern.C08_CurvedScratch"", ""schema_version"": ""wafer_particles.pattern_config.v1"", ""span_deg"": 155.96934400456658, ""wafer_radius_mm"": 150.0, ""width_ratio"": 0.0384494955803048}",607
sample_000608,C03_Ring,120,"{""n_particles"": 120, ""name"": ""wafer_particles.pattern.C03_Ring"", ""radius_ratio"": 0.5919464257385505, ""schema_version"": ""wafer_particles.pattern_config.v1"", ""wafer_radius_mm"": 150.0, ""width_ratio"": 0.05504360480486699}",608
sample_000609,C09_Spiral,12,"{""end_r_ratio"": 0.8737464852839224, ""n_particles"": 12, ""name"": ""wafer_particles.pattern.C09_Spiral"", ""schema_version"": ""wafer_particles.pattern_config.v1"", ""start_r_ratio"": 0.13457852163006048, ""theta_max"": 15.921958836510594, ""wafer_radius_mm"": 150.0, ""width_ratio"": 0.0050498321829777594}",609
sample_000610,C07_StraightLine,44,"{""angle_deg"": 167.02896313912038, ""n_particles"": 44, ""name"": ""wafer_particles.pattern.C07_StraightLine"", ""offset_ratio"": 0.05472355406152618, ""schema_version"": ""wafer_particles.pattern_config.v1"", ""segment_half_length_ratio"": 0.36444655449323327, ""wafer_radius_mm"": 150.0, ""width_ratio"": 0.0074882134891140146}",610
sample_000611,C05_Sector_Internal,63,"{""angle_center_rad"": 5.0140792390049524, ""angle_width_deg"": 94.53129734775338, ""edge_margin_norm"": 0.05, ""n_particles"": 63, ""name"": ""wafer_particles.pattern.C05_Sector_Internal"", ""r_inner_ratio"": 0.340465497356723, ""r_outer_ratio"": 0.7675060907449618, ""radial_beta_alpha"": 3.8989022021420063, ""radial_beta_beta"": 1.4805902095420476, ""schema_version"": ""wafer_particles.pattern_config.v1"", ""theta_vonmises_kappa"": 0.8941022960612716, ""wafer_radius_mm"": 150.0}",611
sample_000612,C06_RadialLines,14,"{""angular_jitter_deg"": 2.8343931717012314, ""n_lines"": 8, ""n_particles"": 14, ""name"": ""wafer_particles.pattern.C06_RadialLines"", ""r_max_ratio"": 0.7451069936538417, ""r_min_ratio"": 0.24696318904674755, ""schema_version"": ""wafer_particles.pattern_config.v1"", ""sigma_perp_ratio"": 0.018495071028736626, ""wafer_radius_mm"": 150.0}",612
sample_000613,C09_Spiral,127,"{""end_r_ratio"": 0.799484533961107, ""n_particles"": 127, ""name"": ""wafer_particles.pattern.C09_Spiral"", ""schema_version"": ""wafer_particles.pattern_config.v1"", ""start_r_ratio"": 0.003558576791329726, ""theta_max"": 12.021972276595953, ""wafer_radius_mm"": 150.0, ""width_ratio"": 0.03231578610564122}",613
sample_000614,C03_Ring,116,"{""n_particles"": 116, ""name"": ""wafer_particles.pattern.C03_Ring"", ""radius_ratio"": 0.5745469990698764, ""schema_version"": ""wafer_particles.pattern_config.v1"", ""wafer_radius_mm"": 150.0, ""width_ratio"": 0.08053259561957499}",614
sample_000615,C03_Ring,171,"{""n_particles"": 171, ""name"": ""wafer_particles.pattern.C03_Ring"", ""radius_ratio"": 0.5289216254400231, ""schema_version"": ""wafer_particles.pattern_config.v1"", ""wafer_radius_mm"": 150.0, ""width_ratio"": 0.16625589208297903}",615
sample_000616,C04_Sector_Edge,200,"{""angle_center_rad"": 3.71749932855595, ""angle_width_deg"": 65.86316449027366, ""edge_width_ratio"": 0.29192693125394154, ""n_particles"": 200, ""name"": ""wafer_particles.pattern.C04_Sector_Edge"", ""radial_beta_alpha"": 2.7243792687639283, ""radial_beta_beta"": 2.1272920952196404, ""schema_version"": ""wafer_particles.pattern_config.v1"", ""side"": ""right"", ""theta_vonmises_kappa"": 6.775322871017845, ""wafer_radius_mm"": 150.0}",616
sample_000617,C08_CurvedScratch,57,"{""angle_center_deg"": 0.0, ""angle_center_rad"": 1.8860995355822139, ""arc_radius_ratio"": 0.77391697561475, ""n_particles"": 57, ""name"": ""wafer_particles.pattern.C08_CurvedScratch"", ""schema_version"": ""wafer_particles.pattern_config.v1"", ""span_deg"": 48.52865154128468, ""wafer_radius_mm"": 150.0, ""width_ratio"": 0.024018831240285865}",617
sample_000618,C02_EdgeBiased,164,"{""edge_bias"": 1.5336750932880743, ""n_particles"": 164, ""name"": ""wafer_particles.pattern.C02_EdgeBiased"", ""schema_version"": ""wafer_particles.pattern_config.v1"", ""wafer_radius_mm"": 150.0}",618
sample_000619,C09_Spiral,133,"{""end_r_ratio"": 0.8778370654664778, ""n_particles"": 133, ""name"": ""wafer_particles.pattern.C09_Spiral"", ""schema_version"": ""wafer_particles.pattern_config.v1"", ""start_r_ratio"": 0.11186132938359723, ""theta_max"": 17.5830685035248, ""wafer_radius_mm"": 150.0, ""width_ratio"": 0.03498836300863676}",619
sample_000620,C07_StraightLine,161,"{""angle_deg"": 154.016981209417, ""n_particles"": 161, ""name"": ""wafer_particles.pattern.C07_StraightLine"", ""offset_ratio"": -0.07368661105324519, ""schema_version"": ""wafer_particles.pattern_config.v1"", ""segment_half_length_ratio"": 0.3209926490922971, ""wafer_radius_mm"": 150.0, ""width_ratio"": 0.042270715942676625}",620
sample_000621,C09_Spiral,74,"{""end_r_ratio"": 0.8393207707817836, ""n_particles"": 74, ""name"": ""wafer_particles.pattern.C09_Spiral"", ""schema_version"": ""wafer_particles.pattern_config.v1"", ""start_r_ratio"": 0.0013504565254328748, ""theta_max"": 12.976784491281071, ""wafer_radius_mm"": 150.0, ""width_ratio"": 0.02370151928084703}",621
sample_000622,C10_Hotspot_Iso,186,"{""center_angle"": ""random"", ""center_angle_rad"": 3.018192361674171, ""center_radius_ratio"": 0.46825718470266736, ""mode"": ""random"", ""n_particles"": 186, ""name"": ""wafer_particles.pattern.C10_Hotspot_Iso"", ""schema_version"": ""wafer_particles.pattern_config.v1"", ""sigma_ratio"": 0.09091474632981415, ""wafer_radius_mm"": 150.0}",622
sample_000623,C05_Sector_Internal,195,"{""angle_center_rad"": 5.695702051905219, ""angle_width_deg"": 89.21664091720238, ""edge_margin_norm"": 0.05, ""n_particles"": 195, ""name"": ""wafer_particles.pattern.C05_Sector_Internal"", ""r_inner_ratio"": 0.3078861019876562, ""r_outer_ratio"": 0.5365118876018632, ""radial_beta_alpha"": 2.973535217915231, ""radial_beta_beta"": 3.5640905210021, ""schema_version"": ""wafer_particles.pattern_config.v1"", ""theta_vonmises_kappa"": 2.044978511512227, ""wafer_radius_mm"": 150.0}",623
sample_000624,C06_RadialLines,185,"{""angular_jitter_deg"": 4.457478003852408, ""n_lines"": 4, ""n_particles"": 185, ""name"": ""wafer_particles.pattern.C06_RadialLines"", ""r_max_ratio"": 0.9049088561928718, ""r_min_ratio"": 0.25771923936256497, ""schema_version"": ""wafer_particles.pattern_config.v1"", ""sigma_perp_ratio"": 0.016426075973395068, ""wafer_radius_mm"": 150.0}",624
sample_000625,C06_RadialLines,49,"{""angular_jitter_deg"": 1.1182045509509608, ""n_lines"": 4, ""n_particles"": 49, ""name"": ""wafer_particles.pattern.C06_RadialLines"", ""r_max_ratio"": 0.9205625063745009, ""r_min_ratio"": 0.07302733696350683, ""schema_version"": ""wafer_particles.pattern_config.v1"", ""sigma_perp_ratio"": 0.026170349547147222, ""wafer_radius_mm"": 150.0}",625
sample_000626,C07_StraightLine,98,"{""angle_deg"": 8.557515460667274, ""n_particles"": 98, ""name"": ""wafer_particles.pattern.C07_StraightLine"", ""offset_ratio"": -0.18082956069604153, ""schema_version"": ""wafer_particles.pattern_config.v1"", ""segment_half_length_ratio"": 0.4318373963554837, ""wafer_radius_mm"": 150.0, ""width_ratio"": 0.015310409042400264}",626
sample_000627,C09_Spiral,149,"{""end_r_ratio"": 0.7938152704516138, ""n_particles"": 149, ""name"": ""wafer_particles.pattern.C09_Spiral"", ""schema_version"": ""wafer_particles.pattern_config.v1"", ""start_r_ratio"": 0.034182560888064005, ""theta_max"": 17.011172127079636, ""wafer_radius_mm"": 150.0, ""width_ratio"": 0.047243880264391865}",627
sample_000628,C04_Sector_Edge,59,"{""angle_center_rad"": 2.577361065263393, ""angle_width_deg"": 40.91234024008802, ""edge_width_ratio"": 0.09108382500975558, ""n_particles"": 59, ""name"": ""wafer_particles.pattern.C04_Sector_Edge"", ""radial_beta_alpha"": 1.3211929929162873, ""radial_beta_beta"": 1.740593907860189, ""schema_version"": ""wafer_particles.pattern_config.v1"", ""side"": ""right"", ""theta_vonmises_kappa"": 7.747524423768982, ""wafer_radius_mm"": 150.0}",628
sample_000629,C02_EdgeBiased,27,"{""edge_bias"": 2.7420788139816685, ""n_particles"": 27, ""name"": ""wafer_particles.pattern.C02_EdgeBiased"", ""schema_version"": ""wafer_particles.pattern_config.v1"", ""wafer_radius_mm"": 150.0}",629
sample_000630,C01_Uniform,189,"{""n_particles"": 189, ""name"": ""wafer_particles.pattern.C01_Uniform"", ""schema_version"": ""wafer_particles.pattern_config.v1"", ""wafer_radius_mm"": 150.0}",630
sample_000631,C08_CurvedScratch,82,"{""angle_center_deg"": 0.0, ""angle_center_rad"": 1.9084013695460897, ""arc_radius_ratio"": 0.578124639856187, ""n_particles"": 82, ""name"": ""wafer_particles.pattern.C08_CurvedScratch"", ""schema_version"": ""wafer_particles.pattern_config.v1"", ""span_deg"": 141.63273668044104, ""wafer_radius_mm"": 150.0, ""width_ratio"": 0.02133931568102347}",631
sample_000632,C07_StraightLine,139,"{""angle_deg"": 47.260632932000505, ""n_particles"": 139, ""name"": ""wafer_particles.pattern.C07_StraightLine"", ""offset_ratio"": 0.25565779662853644, ""schema_version"": ""wafer_particles.pattern_config.v1"", ""segment_half_length_ratio"": 0.773545499968255, ""wafer_radius_mm"": 150.0, ""width_ratio"": 0.04882848106690849}",632
sample_000633,C04_Sector_Edge,57,"{""angle_center_rad"": 6.002487039072274, ""angle_width_deg"": 84.38595035963984, ""edge_width_ratio"": 0.10979316262343881, ""n_particles"": 57, ""name"": ""wafer_particles.pattern.C04_Sector_Edge"", ""radial_beta_alpha"": 3.329132571608383, ""radial_beta_beta"": 2.9838063535713175, ""schema_version"": ""wafer_particles.pattern_config.v1"", ""side"": ""right"", ""theta_vonmises_kappa"": 3.6373944373362246, ""wafer_radius_mm"": 150.0}",633
sample_000634,C08_CurvedScratch,59,"{""angle_center_deg"": 0.0, ""angle_center_rad"": 3.5093902498930123, ""arc_radius_ratio"": 0.7263348738709594, ""n_particles"": 59, ""name"": ""wafer_particles.pattern.C08_CurvedScratch"", ""schema_version"": ""wafer_particles.pattern_config.v1"", ""span_deg"": 92.86547453427119, ""wafer_radius_mm"": 150.0, ""width_ratio"": 0.04026367046506808}",634
sample_000635,C06_RadialLines,24,"{""angular_jitter_deg"": 2.88172363024795, ""n_lines"": 4, ""n_particles"": 24, ""name"": ""wafer_particles.pattern.C06_RadialLines"", ""r_max_ratio"": 0.9481446053799423, ""r_min_ratio"": 0.21783804424656736, ""schema_version"": ""wafer_particles.pattern_config.v1"", ""sigma_perp_ratio"": 0.02288520702480326, ""wafer_radius_mm"": 150.0}",635
sample_000636,C02_EdgeBiased,109,"{""edge_bias"": 2.136249662721479, ""n_particles"": 109, ""name"": ""wafer_particles.pattern.C02_EdgeBiased"", ""schema_version"": ""wafer_particles.pattern_config.v1"", ""wafer_radius_mm"": 150.0}",636
sample_000637,C03_Ring,138,"{""n_particles"": 138, ""name"": ""wafer_particles.pattern.C03_Ring"", ""radius_ratio"": 0.43473199848847005, ""schema_version"": ""wafer_particles.pattern_config.v1"", ""wafer_radius_mm"": 150.0, ""width_ratio"": 0.05890738897320182}",637
sample_000638,C10_Hotspot_Iso,133,"{""center_angle"": ""random"", ""center_angle_rad"": 3.142462090259874, ""center_radius_ratio"": 0.8672983748059763, ""mode"": ""random"", ""n_particles"": 133, ""name"": ""wafer_particles.pattern.C10_Hotspot_Iso"", ""schema_version"": ""wafer_particles.pattern_config.v1"", ""sigma_ratio"": 0.05121256875251287, ""wafer_radius_mm"": 150.0}",638
sample_000639,C02_EdgeBiased,75,"{""edge_bias"": 2.4674205382703915, ""n_particles"": 75, ""name"": ""wafer_particles.pattern.C02_EdgeBiased"", ""schema_version"": ""wafer_particles.pattern_config.v1"", ""wafer_radius_mm"": 150.0}",639
sample_000640,C10_Hotspot_Iso,187,"{""center_angle"": ""random"", ""center_angle_rad"": 1.3087983073161789, ""center_radius_ratio"": 0.8682611811202956, ""mode"": ""random"", ""n_particles"": 187, ""name"": ""wafer_particles.pattern.C10_Hotspot_Iso"", ""schema_version"": ""wafer_particles.pattern_config.v1"", ""sigma_ratio"": 0.05899460715084651, ""wafer_radius_mm"": 150.0}",640
sample_000641,C09_Spiral,81,"{""end_r_ratio"": 0.8535756024254442, ""n_particles"": 81, ""name"": ""wafer_particles.pattern.C09_Spiral"", ""schema_version"": ""wafer_particles.pattern_config.v1"", ""start_r_ratio"": 0.17220001477632169, ""theta_max"": 9.747283758882826, ""wafer_radius_mm"": 150.0, ""width_ratio"": 0.034161746987192036}",641
sample_000642,C09_Spiral,184,"{""end_r_ratio"": 0.7104890455377496, ""n_particles"": 184, ""name"": ""wafer_particles.pattern.C09_Spiral"", ""schema_version"": ""wafer_particles.pattern_config.v1"", ""start_r_ratio"": 0.28606265302784123, ""theta_max"": 11.278758364967679, ""wafer_radius_mm"": 150.0, ""width_ratio"": 0.00966343568282578}",642
sample_000643,C10_Hotspot_Iso,61,"{""center_angle"": ""random"", ""center_angle_rad"": 1.2639040728649786, ""center_radius_ratio"": 0.7513157470630315, ""mode"": ""random"", ""n_particles"": 61, ""name"": ""wafer_particles.pattern.C10_Hotspot_Iso"", ""schema_version"": ""wafer_particles.pattern_config.v1"", ""sigma_ratio"": 0.10402681153232035, ""wafer_radius_mm"": 150.0}",643
sample_000644,C07_StraightLine,117,"{""angle_deg"": 111.4898816217512, ""n_particles"": 117, ""name"": ""wafer_particles.pattern.C07_StraightLine"", ""offset_ratio"": 0.2652846959253623, ""schema_version"": ""wafer_particles.pattern_config.v1"", ""segment_half_length_ratio"": 0.6928199585469726, ""wafer_radius_mm"": 150.0, ""width_ratio"": 0.04666159039697909}",644
sample_000645,C10_Hotspot_Iso,77,"{""center_angle"": ""random"", ""center_angle_rad"": 2.7712262314198406, ""center_radius_ratio"": 0.7937771632801462, ""mode"": ""random"", ""n_particles"": 77, ""name"": ""wafer_particles.pattern.C10_Hotspot_Iso"", ""schema_version"": ""wafer_particles.pattern_config.v1"", ""sigma_ratio"": 0.04387809822254177, ""wafer_radius_mm"": 150.0}",645
sample_000646,C05_Sector_Internal,15,"{""angle_center_rad"": 0.9296515813343139, ""angle_width_deg"": 75.89467374421747, ""edge_margin_norm"": 0.05, ""n_particles"": 15, ""name"": ""wafer_particles.pattern.C05_Sector_Internal"", ""r_inner_ratio"": 0.27006966813689404, ""r_outer_ratio"": 0.7037563663361057, ""radial_beta_alpha"": 1.9736567132270404, ""radial_beta_beta"": 2.231128214050616, ""schema_version"": ""wafer_particles.pattern_config.v1"", ""theta_vonmises_kappa"": 0.6682795280405845, ""wafer_radius_mm"": 150.0}",646
sample_000647,C08_CurvedScratch,51,"{""angle_center_deg"": 0.0, ""angle_center_rad"": 4.572017379354096, ""arc_radius_ratio"": 0.8135713931006086, ""n_particles"": 51, ""name"": ""wafer_particles.pattern.C08_CurvedScratch"", ""schema_version"": ""wafer_particles.pattern_config.v1"", ""span_deg"": 38.54822688945147, ""wafer_radius_mm"": 150.0, ""width_ratio"": 0.018822364295881185}",647
sample_000648,C08_CurvedScratch,96,"{""angle_center_deg"": 0.0, ""angle_center_rad"": 6.139077651840287, ""arc_radius_ratio"": 0.8553402378016037, ""n_particles"": 96, ""name"": ""wafer_particles.pattern.C08_CurvedScratch"", ""schema_version"": ""wafer_particles.pattern_config.v1"", ""span_deg"": 89.17352880081283, ""wafer_radius_mm"": 150.0, ""width_ratio"": 0.031921185273525034}",648
sample_000649,C02_EdgeBiased,119,"{""edge_bias"": 1.5611586353972906, ""n_particles"": 119, ""name"": ""wafer_particles.pattern.C02_EdgeBiased"", ""schema_version"": ""wafer_particles.pattern_config.v1"", ""wafer_radius_mm"": 150.0}",649
sample_000650,C01_Uniform,95,"{""n_particles"": 95, ""name"": ""wafer_particles.pattern.C01_Uniform"", ""schema_version"": ""wafer_particles.pattern_config.v1"", ""wafer_radius_mm"": 150.0}",650
sample_000651,C03_Ring,105,"{""n_particles"": 105, ""name"": ""wafer_particles.pattern.C03_Ring"", ""radius_ratio"": 0.4775529446885339, ""schema_version"": ""wafer_particles.pattern_config.v1"", ""wafer_radius_mm"": 150.0, ""width_ratio"": 0.06686689412321423}",651
sample_000652,C08_CurvedScratch,44,"{""angle_center_deg"": 0.0, ""angle_center_rad"": 0.4286278746828866, ""arc_radius_ratio"": 0.5615951509126875, ""n_particles"": 44, ""name"": ""wafer_particles.pattern.C08_CurvedScratch"", ""schema_version"": ""wafer_particles.pattern_config.v1"", ""span_deg"": 95.539093436281, ""wafer_radius_mm"": 150.0, ""width_ratio"": 0.015336906078604343}",652
sample_000653,C05_Sector_Internal,199,"{""angle_center_rad"": 5.390339938516378, ""angle_width_deg"": 42.78243418131485, ""edge_margin_norm"": 0.05, ""n_particles"": 199, ""name"": ""wafer_particles.pattern.C05_Sector_Internal"", ""r_inner_ratio"": 0.23181210960746776, ""r_outer_ratio"": 0.8244592117432611, ""radial_beta_alpha"": 1.2609775715412912, ""radial_beta_beta"": 3.075129906557975, ""schema_version"": ""wafer_particles.pattern_config.v1"", ""theta_vonmises_kappa"": 5.5282954525467405, ""wafer_radius_mm"": 150.0}",653
sample_000654,C09_Spiral,113,"{""end_r_ratio"": 0.7222425410121395, ""n_particles"": 113, ""name"": ""wafer_particles.pattern.C09_Spiral"", ""schema_version"": ""wafer_particles.pattern_config.v1"", ""start_r_ratio"": 0.10944510701271595, ""theta_max"": 16.329236813282463, ""wafer_radius_mm"": 150.0, ""width_ratio"": 0.015480920941202755}",654
sample_000655,C02_EdgeBiased,79,"{""edge_bias"": 1.4984401392771125, ""n_particles"": 79, ""name"": ""wafer_particles.pattern.C02_EdgeBiased"", ""schema_version"": ""wafer_particles.pattern_config.v1"", ""wafer_radius_mm"": 150.0}",655
sample_000656,C10_Hotspot_Iso,81,"{""center_angle"": ""random"", ""center_angle_rad"": 4.6935982256772535, ""center_radius_ratio"": 0.8577021569415039, ""mode"": ""random"", ""n_particles"": 81, ""name"": ""wafer_particles.pattern.C10_Hotspot_Iso"", ""schema_version"": ""wafer_particles.pattern_config.v1"", ""sigma_ratio"": 0.11576422892370446, ""wafer_radius_mm"": 150.0}",656
sample_000657,C10_Hotspot_Iso,161,"{""center_angle"": ""random"", ""center_angle_rad"": 3.3437090386782495, ""center_radius_ratio"": 0.6814683227021906, ""mode"": ""random"", ""n_particles"": 161, ""name"": ""wafer_particles.pattern.C10_Hotspot_Iso"", ""schema_version"": ""wafer_particles.pattern_config.v1"", ""sigma_ratio"": 0.09806884580514519, ""wafer_radius_mm"": 150.0}",657
sample_000658,C01_Uniform,128,"{""n_particles"": 128, ""name"": ""wafer_particles.pattern.C01_Uniform"", ""schema_version"": ""wafer_particles.pattern_config.v1"", ""wafer_radius_mm"": 150.0}",658
sample_000659,C03_Ring,95,"{""n_particles"": 95, ""name"": ""wafer_particles.pattern.C03_Ring"", ""radius_ratio"": 0.561137564550458, ""schema_version"": ""wafer_particles.pattern_config.v1"", ""wafer_radius_mm"": 150.0, ""width_ratio"": 0.13031059864385838}",659
sample_000660,C06_RadialLines,167,"{""angular_jitter_deg"": 3.45835265624395, ""n_lines"": 6, ""n_particles"": 167, ""name"": ""wafer_particles.pattern.C06_RadialLines"", ""r_max_ratio"": 0.8670186719177895, ""r_min_ratio"": 0.27793528956611385, ""schema_version"": ""wafer_particles.pattern_config.v1"", ""sigma_perp_ratio"": 0.012941169340945137, ""wafer_radius_mm"": 150.0}",660
sample_000661,C09_Spiral,69,"{""end_r_ratio"": 0.7070053969734783, ""n_particles"": 69, ""name"": ""wafer_particles.pattern.C09_Spiral"", ""schema_version"": ""wafer_particles.pattern_config.v1"", ""start_r_ratio"": 0.16645086336902468, ""theta_max"": 17.660718692630905, ""wafer_radius_mm"": 150.0, ""width_ratio"": 0.04191681628588806}",661
sample_000662,C05_Sector_Internal,18,"{""angle_center_rad"": 0.6477874152424743, ""angle_width_deg"": 71.14260689399471, ""edge_margin_norm"": 0.05, ""n_particles"": 18, ""name"": ""wafer_particles.pattern.C05_Sector_Internal"", ""r_inner_ratio"": 0.18255078667735927, ""r_outer_ratio"": 0.6426306657948083, ""radial_beta_alpha"": 3.878496818835906, ""radial_beta_beta"": 1.9460757985634272, ""schema_version"": ""wafer_particles.pattern_config.v1"", ""theta_vonmises_kappa"": 3.629812797491341, ""wafer_radius_mm"": 150.0}",662
sample_000663,C03_Ring,49,"{""n_particles"": 49, ""name"": ""wafer_particles.pattern.C03_Ring"", ""radius_ratio"": 0.6978001498269972, ""schema_version"": ""wafer_particles.pattern_config.v1"", ""wafer_radius_mm"": 150.0, ""width_ratio"": 0.16223394485612333}",663
sample_000664,C10_Hotspot_Iso,157,"{""center_angle"": ""random"", ""center_angle_rad"": 3.1956242622023625, ""center_radius_ratio"": 0.6416744429791434, ""mode"": ""random"", ""n_particles"": 157, ""name"": ""wafer_particles.pattern.C10_Hotspot_Iso"", ""schema_version"": ""wafer_particles.pattern_config.v1"", ""sigma_ratio"": 0.11783580503060469, ""wafer_radius_mm"": 150.0}",664
sample_000665,C07_StraightLine,162,"{""angle_deg"": 165.13862255224558, ""n_particles"": 162, ""name"": ""wafer_particles.pattern.C07_StraightLine"", ""offset_ratio"": -0.032237769417394486, ""schema_version"": ""wafer_particles.pattern_config.v1"", ""segment_half_length_ratio"": 0.6804978540712672, ""wafer_radius_mm"": 150.0, ""width_ratio"": 0.03808828196388981}",665
sample_000666,C04_Sector_Edge,86,"{""angle_center_rad"": 0.7960106525338421, ""angle_width_deg"": 25.67424018164297, ""edge_width_ratio"": 0.2989961143221171, ""n_particles"": 86, ""name"": ""wafer_particles.pattern.C04_Sector_Edge"", ""radial_beta_alpha"": 1.7205082170112704, ""radial_beta_beta"": 2.7046577550775424, ""schema_version"": ""wafer_particles.pattern_config.v1"", ""side"": ""right"", ""theta_vonmises_kappa"": 6.17181197763131, ""wafer_radius_mm"": 150.0}",666
sample_000667,C04_Sector_Edge,181,"{""angle_center_rad"": 0.6438205729490176, ""angle_width_deg"": 31.73524248633471, ""edge_width_ratio"": 0.2835414356079486, ""n_particles"": 181, ""name"": ""wafer_particles.pattern.C04_Sector_Edge"", ""radial_beta_alpha"": 1.3593566231342287, ""radial_beta_beta"": 2.917736735785603, ""schema_version"": ""wafer_particles.pattern_config.v1"", ""side"": ""right"", ""theta_vonmises_kappa"": 8.002801603083954, ""wafer_radius_mm"": 150.0}",667
sample_000668,C04_Sector_Edge,105,"{""angle_center_rad"": 3.6229711514035166, ""angle_width_deg"": 24.08003797814109, ""edge_width_ratio"": 0.22204296186317524, ""n_particles"": 105, ""name"": ""wafer_particles.pattern.C04_Sector_Edge"", ""radial_beta_alpha"": 2.9955580508101662, ""radial_beta_beta"": 0.9706055134223647, ""schema_version"": ""wafer_particles.pattern_config.v1"", ""side"": ""right"", ""theta_vonmises_kappa"": 1.320089191310767, ""wafer_radius_mm"": 150.0}",668
sample_000669,C08_CurvedScratch,129,"{""angle_center_deg"": 0.0, ""angle_center_rad"": 2.5311374887747577, ""arc_radius_ratio"": 0.8904955324567239, ""n_particles"": 129, ""name"": ""wafer_particles.pattern.C08_CurvedScratch"", ""schema_version"": ""wafer_particles.pattern_config.v1"", ""span_deg"": 54.826205889062095, ""wafer_radius_mm"": 150.0, ""width_ratio"": 0.055799499927679665}",669
sample_000670,C06_RadialLines,54,"{""angular_jitter_deg"": 0.7812210513020984, ""n_lines"": 6, ""n_particles"": 54, ""name"": ""wafer_particles.pattern.C06_RadialLines"", ""r_max_ratio"": 0.8317069062624689, ""r_min_ratio"": 0.1794479443894878, ""schema_version"": ""wafer_particles.pattern_config.v1"", ""sigma_perp_ratio"": 0.00874570962962473, ""wafer_radius_mm"": 150.0}",670
sample_000671,C04_Sector_Edge,104,"{""angle_center_rad"": 5.403124884299428, ""angle_width_deg"": 47.190596860431725, ""edge_width_ratio"": 0.05070014868095339, ""n_particles"": 104, ""name"": ""wafer_particles.pattern.C04_Sector_Edge"", ""radial_beta_alpha"": 3.6895054006853987, ""radial_beta_beta"": 1.1484028140217728, ""schema_version"": ""wafer_particles.pattern_config.v1"", ""side"": ""right"", ""theta_vonmises_kappa"": 1.2528343907166017, ""wafer_radius_mm"": 150.0}",671
sample_000672,C01_Uniform,182,"{""n_particles"": 182, ""name"": ""wafer_particles.pattern.C01_Uniform"", ""schema_version"": ""wafer_particles.pattern_config.v1"", ""wafer_radius_mm"": 150.0}",672
sample_000673,C10_Hotspot_Iso,171,"{""center_angle"": ""random"", ""center_angle_rad"": 1.3347639181629951, ""center_radius_ratio"": 0.4845358927569241, ""mode"": ""random"", ""n_particles"": 171, ""name"": ""wafer_particles.pattern.C10_Hotspot_Iso"", ""schema_version"": ""wafer_particles.pattern_config.v1"", ""sigma_ratio"": 0.030606482437203934, ""wafer_radius_mm"": 150.0}",673
sample_000674,C08_CurvedScratch,45,"{""angle_center_deg"": 0.0, ""angle_center_rad"": 1.7125302156256237, ""arc_radius_ratio"": 0.7729821236862325, ""n_particles"": 45, ""name"": ""wafer_particles.pattern.C08_CurvedScratch"", ""schema_version"": ""wafer_particles.pattern_config.v1"", ""span_deg"": 155.69438638389914, ""wafer_radius_mm"": 150.0, ""width_ratio"": 0.038118782581478106}",674
sample_000675,C01_Uniform,63,"{""n_particles"": 63, ""name"": ""wafer_particles.pattern.C01_Uniform"", ""schema_version"": ""wafer_particles.pattern_config.v1"", ""wafer_radius_mm"": 150.0}",675
sample_000676,C06_RadialLines,74,"{""angular_jitter_deg"": 2.040410577432072, ""n_lines"": 6, ""n_particles"": 74, ""name"": ""wafer_particles.pattern.C06_RadialLines"", ""r_max_ratio"": 0.9012720627581511, ""r_min_ratio"": 0.06798715806199052, ""schema_version"": ""wafer_particles.pattern_config.v1"", ""sigma_perp_ratio"": 0.013710021116381787, ""wafer_radius_mm"": 150.0}",676
sample_000677,C07_StraightLine,133,"{""angle_deg"": 108.49713195971641, ""n_particles"": 133, ""name"": ""wafer_particles.pattern.C07_StraightLine"", ""offset_ratio"": 0.09074241952991947, ""schema_version"": ""wafer_particles.pattern_config.v1"", ""segment_half_length_ratio"": 0.3588722549100469, ""wafer_radius_mm"": 150.0, ""width_ratio"": 0.01873348188400442}",677
sample_000678,C09_Spiral,95,"{""end_r_ratio"": 0.9189634962922594, ""n_particles"": 95, ""name"": ""wafer_particles.pattern.C09_Spiral"", ""schema_version"": ""wafer_particles.pattern_config.v1"", ""start_r_ratio"": 0.02972423655128501, ""theta_max"": 17.650108360673407, ""wafer_radius_mm"": 150.0, ""width_ratio"": 0.007835153170916088}",678
sample_000679,C05_Sector_Internal,50,"{""angle_center_rad"": 3.7138711757559517, ""angle_width_deg"": 102.28189310707576, ""edge_margin_norm"": 0.05, ""n_particles"": 50, ""name"": ""wafer_particles.pattern.C05_Sector_Internal"", ""r_inner_ratio"": 0.10641478879227266, ""r_outer_ratio"": 0.5418764185203421, ""radial_beta_alpha"": 1.5696799907617505, ""radial_beta_beta"": 2.8834332505444507, ""schema_version"": ""wafer_particles.pattern_config.v1"", ""theta_vonmises_kappa"": 5.119198645466655, ""wafer_radius_mm"": 150.0}",679
sample_000680,C10_Hotspot_Iso,158,"{""center_angle"": ""random"", ""center_angle_rad"": 5.076390015982388, ""center_radius_ratio"": 0.37554179611962596, ""mode"": ""random"", ""n_particles"": 158, ""name"": ""wafer_particles.pattern.C10_Hotspot_Iso"", ""schema_version"": ""wafer_particles.pattern_config.v1"", ""sigma_ratio"": 0.08683429531704087, ""wafer_radius_mm"": 150.0}",680
sample_000681,C09_Spiral,178,"{""end_r_ratio"": 0.9429466424252514, ""n_particles"": 178, ""name"": ""wafer_particles.pattern.C09_Spiral"", ""schema_version"": ""wafer_particles.pattern_config.v1"", ""start_r_ratio"": 0.22917340478205722, ""theta_max"": 11.558836141487323, ""wafer_radius_mm"": 150.0, ""width_ratio"": 0.04467397614205538}",681
sample_000682,C03_Ring,151,"{""n_particles"": 151, ""name"": ""wafer_particles.pattern.C03_Ring"", ""radius_ratio"": 0.7537782962656023, ""schema_version"": ""wafer_particles.pattern_config.v1"", ""wafer_radius_mm"": 150.0, ""width_ratio"": 0.1738756809294082}",682
sample_000683,C07_StraightLine,172,"{""angle_deg"": 49.65850292227183, ""n_particles"": 172, ""name"": ""wafer_particles.pattern.C07_StraightLine"", ""offset_ratio"": -0.1280639754523829, ""schema_version"": ""wafer_particles.pattern_config.v1"", ""segment_half_length_ratio"": 0.6130709787673697, ""wafer_radius_mm"": 150.0, ""width_ratio"": 0.049554321135679556}",683
sample_000684,C02_EdgeBiased,168,"{""edge_bias"": 2.421010659800262, ""n_particles"": 168, ""name"": ""wafer_particles.pattern.C02_EdgeBiased"", ""schema_version"": ""wafer_particles.pattern_config.v1"", ""wafer_radius_mm"": 150.0}",684
sample_000685,C07_StraightLine,168,"{""angle_deg"": 142.99858568676464, ""n_particles"": 168, ""name"": ""wafer_particles.pattern.C07_StraightLine"", ""offset_ratio"": 0.039725718656378924, ""schema_version"": ""wafer_particles.pattern_config.v1"", ""segment_half_length_ratio"": 0.4771742495393432, ""wafer_radius_mm"": 150.0, ""width_ratio"": 0.033981399388455354}",685
sample_000686,C10_Hotspot_Iso,49,"{""center_angle"": ""random"", ""center_angle_rad"": 0.5758894765583344, ""center_radius_ratio"": 0.4695450134938718, ""mode"": ""random"", ""n_particles"": 49, ""name"": ""wafer_particles.pattern.C10_Hotspot_Iso"", ""schema_version"": ""wafer_particles.pattern_config.v1"", ""sigma_ratio"": 0.09295235630503793, ""wafer_radius_mm"": 150.0}",686
sample_000687,C01_Uniform,191,"{""n_particles"": 191, ""name"": ""wafer_particles.pattern.C01_Uniform"", ""schema_version"": ""wafer_particles.pattern_config.v1"", ""wafer_radius_mm"": 150.0}",687
sample_000688,C05_Sector_Internal,163,"{""angle_center_rad"": 3.9263094411873585, ""angle_width_deg"": 117.68768015211397, ""edge_margin_norm"": 0.05, ""n_particles"": 163, ""name"": ""wafer_particles.pattern.C05_Sector_Internal"", ""r_inner_ratio"": 0.12353312571753454, ""r_outer_ratio"": 0.5774017542941398, ""radial_beta_alpha"": 1.4277253751484296, ""radial_beta_beta"": 3.5691347445940163, ""schema_version"": ""wafer_particles.pattern_config.v1"", ""theta_vonmises_kappa"": 4.6443294411822125, ""wafer_radius_mm"": 150.0}",688
sample_000689,C07_StraightLine,80,"{""angle_deg"": 67.90313626197249, ""n_particles"": 80, ""name"": ""wafer_particles.pattern.C07_StraightLine"", ""offset_ratio"": 0.2709287667862404, ""schema_version"": ""wafer_particles.pattern_config.v1"", ""segment_half_length_ratio"": 0.43261225822249444, ""wafer_radius_mm"": 150.0, ""width_ratio"": 0.048239751603830726}",689
sample_000690,C01_Uniform,190,"{""n_particles"": 190, ""name"": ""wafer_particles.pattern.C01_Uniform"", ""schema_version"": ""wafer_particles.pattern_config.v1"", ""wafer_radius_mm"": 150.0}",690
sample_000691,C06_RadialLines,186,"{""angular_jitter_deg"": 4.060952700143341, ""n_lines"": 8, ""n_particles"": 186, ""name"": ""wafer_particles.pattern.C06_RadialLines"", ""r_max_ratio"": 0.9483502657453686, ""r_min_ratio"": 0.19720512619912392, ""schema_version"": ""wafer_particles.pattern_config.v1"", ""sigma_perp_ratio"": 0.017722518562600566, ""wafer_radius_mm"": 150.0}",691
sample_000692,C07_StraightLine,45,"{""angle_deg"": 14.45803685969443, ""n_particles"": 45, ""name"": ""wafer_particles.pattern.C07_StraightLine"", ""offset_ratio"": 0.057432446038800905, ""schema_version"": ""wafer_particles.pattern_config.v1"", ""segment_half_length_ratio"": 0.4187013141045293, ""wafer_radius_mm"": 150.0, ""width_ratio"": 0.014178157903422134}",692
sample_000693,C01_Uniform,198,"{""n_particles"": 198, ""name"": ""wafer_particles.pattern.C01_Uniform"", ""schema_version"": ""wafer_particles.pattern_config.v1"", ""wafer_radius_mm"": 150.0}",693
sample_000694,C03_Ring,118,"{""n_particles"": 118, ""name"": ""wafer_particles.pattern.C03_Ring"", ""radius_ratio"": 0.7491910490287539, ""schema_version"": ""wafer_particles.pattern_config.v1"", ""wafer_radius_mm"": 150.0, ""width_ratio"": 0.1382559397292638}",694
sample_000695,C01_Uniform,30,"{""n_particles"": 30, ""name"": ""wafer_particles.pattern.C01_Uniform"", ""schema_version"": ""wafer_particles.pattern_config.v1"", ""wafer_radius_mm"": 150.0}",695
sample_000696,C08_CurvedScratch,113,"{""angle_center_deg"": 0.0, ""angle_center_rad"": 0.17723528142951425, ""arc_radius_ratio"": 0.48418424208796546, ""n_particles"": 113, ""name"": ""wafer_particles.pattern.C08_CurvedScratch"", ""schema_version"": ""wafer_particles.pattern_config.v1"", ""span_deg"": 159.94089449333467, ""wafer_radius_mm"": 150.0, ""width_ratio"": 0.05138042896876747}",696
sample_000697,C02_EdgeBiased,192,"{""edge_bias"": 3.7810669904625422, ""n_particles"": 192, ""name"": ""wafer_particles.pattern.C02_EdgeBiased"", ""schema_version"": ""wafer_particles.pattern_config.v1"", ""wafer_radius_mm"": 150.0}",697
sample_000698,C10_Hotspot_Iso,16,"{""center_angle"": ""random"", ""center_angle_rad"": 5.806281163741379, ""center_radius_ratio"": 0.49990671896061883, ""mode"": ""random"", ""n_particles"": 16, ""name"": ""wafer_particles.pattern.C10_Hotspot_Iso"", ""schema_version"": ""wafer_particles.pattern_config.v1"", ""sigma_ratio"": 0.09458463862984495, ""wafer_radius_mm"": 150.0}",698
sample_000699,C10_Hotspot_Iso,181,"{""center_angle"": ""random"", ""center_angle_rad"": 0.513266393336741, ""center_radius_ratio"": 0.8066784373214346, ""mode"": ""random"", ""n_particles"": 181, ""name"": ""wafer_particles.pattern.C10_Hotspot_Iso"", ""schema_version"": ""wafer_particles.pattern_config.v1"", ""sigma_ratio"": 0.11279948885187707, ""wafer_radius_mm"": 150.0}",699
sample_000700,C06_RadialLines,16,"{""angular_jitter_deg"": 3.6428926906618875, ""n_lines"": 4, ""n_particles"": 16, ""name"": ""wafer_particles.pattern.C06_RadialLines"", ""r_max_ratio"": 0.7587020311463059, ""r_min_ratio"": 0.13107732386578366, ""schema_version"": ""wafer_particles.pattern_config.v1"", ""sigma_perp_ratio"": 0.0290445190542456, ""wafer_radius_mm"": 150.0}",700
sample_000701,C04_Sector_Edge,62,"{""angle_center_rad"": 1.0428195725719265, ""angle_width_deg"": 36.59765026130166, ""edge_width_ratio"": 0.1785460039435165, ""n_particles"": 62, ""name"": ""wafer_particles.pattern.C04_Sector_Edge"", ""radial_beta_alpha"": 1.7132830310587859, ""radial_beta_beta"": 2.257892665491272, ""schema_version"": ""wafer_particles.pattern_config.v1"", ""side"": ""right"", ""theta_vonmises_kappa"": 2.4711313833578816, ""wafer_radius_mm"": 150.0}",701
sample_000702,C01_Uniform,159,"{""n_particles"": 159, ""name"": ""wafer_particles.pattern.C01_Uniform"", ""schema_version"": ""wafer_particles.pattern_config.v1"", ""wafer_radius_mm"": 150.0}",702
sample_000703,C04_Sector_Edge,75,"{""angle_center_rad"": 3.818421471837822, ""angle_width_deg"": 29.10890882159876, ""edge_width_ratio"": 0.22162832568376595, ""n_particles"": 75, ""name"": ""wafer_particles.pattern.C04_Sector_Edge"", ""radial_beta_alpha"": 2.0383706413368303, ""radial_beta_beta"": 1.7121855761628235, ""schema_version"": ""wafer_particles.pattern_config.v1"", ""side"": ""right"", ""theta_vonmises_kappa"": 6.834753748343576, ""wafer_radius_mm"": 150.0}",703
sample_000704,C05_Sector_Internal,160,"{""angle_center_rad"": 2.8484313477980123, ""angle_width_deg"": 61.95706134595517, ""edge_margin_norm"": 0.05, ""n_particles"": 160, ""name"": ""wafer_particles.pattern.C05_Sector_Internal"", ""r_inner_ratio"": 0.22048831925824175, ""r_outer_ratio"": 0.530019243243294, ""radial_beta_alpha"": 1.3153906090994252, ""radial_beta_beta"": 2.6240367976120003, ""schema_version"": ""wafer_particles.pattern_config.v1"", ""theta_vonmises_kappa"": 1.37087123607128, ""wafer_radius_mm"": 150.0}",704
sample_000705,C04_Sector_Edge,14,"{""angle_center_rad"": 0.9675200979205794, ""angle_width_deg"": 49.5497744407136, ""edge_width_ratio"": 0.09644185352017719, ""n_particles"": 14, ""name"": ""wafer_particles.pattern.C04_Sector_Edge"", ""radial_beta_alpha"": 2.036295578500999, ""radial_beta_beta"": 1.3972296189607505, ""schema_version"": ""wafer_particles.pattern_config.v1"", ""side"": ""right"", ""theta_vonmises_kappa"": 5.946455939861609, ""wafer_radius_mm"": 150.0}",705
sample_000706,C01_Uniform,188,"{""n_particles"": 188, ""name"": ""wafer_particles.pattern.C01_Uniform"", ""schema_version"": ""wafer_particles.pattern_config.v1"", ""wafer_radius_mm"": 150.0}",706
sample_000707,C04_Sector_Edge,145,"{""angle_center_rad"": 1.196599387862354, ""angle_width_deg"": 51.98523513449776, ""edge_width_ratio"": 0.2271451028875609, ""n_particles"": 145, ""name"": ""wafer_particles.pattern.C04_Sector_Edge"", ""radial_beta_alpha"": 1.4581649293507946, ""radial_beta_beta"": 3.443822516031659, ""schema_version"": ""wafer_particles.pattern_config.v1"", ""side"": ""right"", ""theta_vonmises_kappa"": 2.4982463994501813, ""wafer_radius_mm"": 150.0}",707
sample_000708,C03_Ring,185,"{""n_particles"": 185, ""name"": ""wafer_particles.pattern.C03_Ring"", ""radius_ratio"": 0.452292283578971, ""schema_version"": ""wafer_particles.pattern_config.v1"", ""wafer_radius_mm"": 150.0, ""width_ratio"": 0.07886800637736795}",708
sample_000709,C07_StraightLine,90,"{""angle_deg"": 51.132794814966644, ""n_particles"": 90, ""name"": ""wafer_particles.pattern.C07_StraightLine"", ""offset_ratio"": 0.1620582590132678, ""schema_version"": ""wafer_particles.pattern_config.v1"", ""segment_half_length_ratio"": 0.6285462065072072, ""wafer_radius_mm"": 150.0, ""width_ratio"": 0.022506959673094757}",709
sample_000710,C02_EdgeBiased,23,"{""edge_bias"": 3.494684638082574, ""n_particles"": 23, ""name"": ""wafer_particles.pattern.C02_EdgeBiased"", ""schema_version"": ""wafer_particles.pattern_config.v1"", ""wafer_radius_mm"": 150.0}",710
sample_000711,C02_EdgeBiased,100,"{""edge_bias"": 1.2558150269706134, ""n_particles"": 100, ""name"": ""wafer_particles.pattern.C02_EdgeBiased"", ""schema_version"": ""wafer_particles.pattern_config.v1"", ""wafer_radius_mm"": 150.0}",711
sample_000712,C09_Spiral,71,"{""end_r_ratio"": 0.9843318768714483, ""n_particles"": 71, ""name"": ""wafer_particles.pattern.C09_Spiral"", ""schema_version"": ""wafer_particles.pattern_config.v1"", ""start_r_ratio"": 0.18196582183170287, ""theta_max"": 18.672064173589508, ""wafer_radius_mm"": 150.0, ""width_ratio"": 0.045225431053968056}",712
sample_000713,C01_Uniform,148,"{""n_particles"": 148, ""name"": ""wafer_particles.pattern.C01_Uniform"", ""schema_version"": ""wafer_particles.pattern_config.v1"", ""wafer_radius_mm"": 150.0}",713
sample_000714,C04_Sector_Edge,47,"{""angle_center_rad"": 3.3568311499092673, ""angle_width_deg"": 81.44884908284288, ""edge_width_ratio"": 0.06183821110850078, ""n_particles"": 47, ""name"": ""wafer_particles.pattern.C04_Sector_Edge"", ""radial_beta_alpha"": 1.4475137647212264, ""radial_beta_beta"": 1.283835195699854, ""schema_version"": ""wafer_particles.pattern_config.v1"", ""side"": ""right"", ""theta_vonmises_kappa"": 4.648395069485369, ""wafer_radius_mm"": 150.0}",714
sample_000715,C02_EdgeBiased,76,"{""edge_bias"": 3.274472619133743, ""n_particles"": 76, ""name"": ""wafer_particles.pattern.C02_EdgeBiased"", ""schema_version"": ""wafer_particles.pattern_config.v1"", ""wafer_radius_mm"": 150.0}",715
sample_000716,C04_Sector_Edge,82,"{""angle_center_rad"": 0.023879329089415577, ""angle_width_deg"": 81.70098238465593, ""edge_width_ratio"": 0.17465042681090936, ""n_particles"": 82, ""name"": ""wafer_particles.pattern.C04_Sector_Edge"", ""radial_beta_alpha"": 3.949023601895328, ""radial_beta_beta"": 1.2679446362079771, ""schema_version"": ""wafer_particles.pattern_config.v1"", ""side"": ""right"", ""theta_vonmises_kappa"": 2.432867551818252, ""wafer_radius_mm"": 150.0}",716
sample_000717,C10_Hotspot_Iso,105,"{""center_angle"": ""random"", ""center_angle_rad"": 2.871465652288908, ""center_radius_ratio"": 0.2093055657582997, ""mode"": ""random"", ""n_particles"": 105, ""name"": ""wafer_particles.pattern.C10_Hotspot_Iso"", ""schema_version"": ""wafer_particles.pattern_config.v1"", ""sigma_ratio"": 0.09807060784102818, ""wafer_radius_mm"": 150.0}",717
sample_000718,C02_EdgeBiased,134,"{""edge_bias"": 3.3098072440335513, ""n_particles"": 134, ""name"": ""wafer_particles.pattern.C02_EdgeBiased"", ""schema_version"": ""wafer_particles.pattern_config.v1"", ""wafer_radius_mm"": 150.0}",718
sample_000719,C03_Ring,18,"{""n_particles"": 18, ""name"": ""wafer_particles.pattern.C03_Ring"", ""radius_ratio"": 0.47899621170868867, ""schema_version"": ""wafer_particles.pattern_config.v1"", ""wafer_radius_mm"": 150.0, ""width_ratio"": 0.04358290142706251}",719
sample_000720,C08_CurvedScratch,186,"{""angle_center_deg"": 0.0, ""angle_center_rad"": 3.785801503573997, ""arc_radius_ratio"": 0.648550867714391, ""n_particles"": 186, ""name"": ""wafer_particles.pattern.C08_CurvedScratch"", ""schema_version"": ""wafer_particles.pattern_config.v1"", ""span_deg"": 127.02221242289609, ""wafer_radius_mm"": 150.0, ""width_ratio"": 0.04303490627872777}",720
sample_000721,C08_CurvedScratch,99,"{""angle_center_deg"": 0.0, ""angle_center_rad"": 1.7809452575354752, ""arc_radius_ratio"": 0.49465615978966904, ""n_particles"": 99, ""name"": ""wafer_particles.pattern.C08_CurvedScratch"", ""schema_version"": ""wafer_particles.pattern_config.v1"", ""span_deg"": 147.332847351492, ""wafer_radius_mm"": 150.0, ""width_ratio"": 0.02866757969836861}",721
sample_000722,C04_Sector_Edge,187,"{""angle_center_rad"": 3.6134979451918054, ""angle_width_deg"": 36.7979447781093, ""edge_width_ratio"": 0.27150588020558497, ""n_particles"": 187, ""name"": ""wafer_particles.pattern.C04_Sector_Edge"", ""radial_beta_alpha"": 2.465483431867245, ""radial_beta_beta"": 1.05212151455322, ""schema_version"": ""wafer_particles.pattern_config.v1"", ""side"": ""right"", ""theta_vonmises_kappa"": 5.563163539852894, ""wafer_radius_mm"": 150.0}",722
sample_000723,C05_Sector_Internal,79,"{""angle_center_rad"": 2.669275564915106, ""angle_width_deg"": 95.54097549289769, ""edge_margin_norm"": 0.05, ""n_particles"": 79, ""name"": ""wafer_particles.pattern.C05_Sector_Internal"", ""r_inner_ratio"": 0.2725506273400101, ""r_outer_ratio"": 0.5499549872474095, ""radial_beta_alpha"": 2.531249365497311, ""radial_beta_beta"": 3.5461987432558226, ""schema_version"": ""wafer_particles.pattern_config.v1"", ""theta_vonmises_kappa"": 1.9543236081009696, ""wafer_radius_mm"": 150.0}",723
sample_000724,C05_Sector_Internal,50,"{""angle_center_rad"": 2.194313023167305, ""angle_width_deg"": 109.84934297275557, ""edge_margin_norm"": 0.05, ""n_particles"": 50, ""name"": ""wafer_particles.pattern.C05_Sector_Internal"", ""r_inner_ratio"": 0.35530057585234814, ""r_outer_ratio"": 0.6726423308223163, ""radial_beta_alpha"": 2.5878066289704726, ""radial_beta_beta"": 1.7440558192914104, ""schema_version"": ""wafer_particles.pattern_config.v1"", ""theta_vonmises_kappa"": 2.4337630207203813, ""wafer_radius_mm"": 150.0}",724
sample_000725,C06_RadialLines,126,"{""angular_jitter_deg"": 0.6422748533563633, ""n_lines"": 6, ""n_particles"": 126, ""name"": ""wafer_particles.pattern.C06_RadialLines"", ""r_max_ratio"": 0.9868322872923518, ""r_min_ratio"": 0.2883135857610433, ""schema_version"": ""wafer_particles.pattern_config.v1"", ""sigma_perp_ratio"": 0.008121634575102411, ""wafer_radius_mm"": 150.0}",725
sample_000726,C08_CurvedScratch,46,"{""angle_center_deg"": 0.0, ""angle_center_rad"": 6.030047210280951, ""arc_radius_ratio"": 0.7951310949520367, ""n_particles"": 46, ""name"": ""wafer_particles.pattern.C08_CurvedScratch"", ""schema_version"": ""wafer_particles.pattern_config.v1"", ""span_deg"": 148.35657763157272, ""wafer_radius_mm"": 150.0, ""width_ratio"": 0.05128462297759548}",726
sample_000727,C04_Sector_Edge,63,"{""angle_center_rad"": 5.046530517015089, ""angle_width_deg"": 21.766095688277545, ""edge_width_ratio"": 0.2736687150248515, ""n_particles"": 63, ""name"": ""wafer_particles.pattern.C04_Sector_Edge"", ""radial_beta_alpha"": 1.3342941044992263, ""radial_beta_beta"": 1.2441615372452988, ""schema_version"": ""wafer_particles.pattern_config.v1"", ""side"": ""right"", ""theta_vonmises_kappa"": 4.395269093388685, ""wafer_radius_mm"": 150.0}",727
sample_000728,C05_Sector_Internal,124,"{""angle_center_rad"": 0.6856335903138898, ""angle_width_deg"": 93.79086737144283, ""edge_margin_norm"": 0.05, ""n_particles"": 124, ""name"": ""wafer_particles.pattern.C05_Sector_Internal"", ""r_inner_ratio"": 0.329561337461969, ""r_outer_ratio"": 0.7309644783458837, ""radial_beta_alpha"": 2.124449339214415, ""radial_beta_beta"": 3.344423609749051, ""schema_version"": ""wafer_particles.pattern_config.v1"", ""theta_vonmises_kappa"": 5.393022816709474, ""wafer_radius_mm"": 150.0}",728
sample_000729,C05_Sector_Internal,77,"{""angle_center_rad"": 1.0154731340388674, ""angle_width_deg"": 78.19199152124521, ""edge_margin_norm"": 0.05, ""n_particles"": 77, ""name"": ""wafer_particles.pattern.C05_Sector_Internal"", ""r_inner_ratio"": 0.17356030054519983, ""r_outer_ratio"": 0.6091263259152946, ""radial_beta_alpha"": 2.350950046998394, ""radial_beta_beta"": 3.721169857502691, ""schema_version"": ""wafer_particles.pattern_config.v1"", ""theta_vonmises_kappa"": 5.170119301830771, ""wafer_radius_mm"": 150.0}",729
sample_000730,C09_Spiral,10,"{""end_r_ratio"": 0.9649861649107667, ""n_particles"": 10, ""name"": ""wafer_particles.pattern.C09_Spiral"", ""schema_version"": ""wafer_particles.pattern_config.v1"", ""start_r_ratio"": 0.02571665448619551, ""theta_max"": 17.877974843602594, ""wafer_radius_mm"": 150.0, ""width_ratio"": 0.037497979238910135}",730
sample_000731,C10_Hotspot_Iso,67,"{""center_angle"": ""random"", ""center_angle_rad"": 0.8733756530794464, ""center_radius_ratio"": 0.5811501217342193, ""mode"": ""random"", ""n_particles"": 67, ""name"": ""wafer_particles.pattern.C10_Hotspot_Iso"", ""schema_version"": ""wafer_particles.pattern_config.v1"", ""sigma_ratio"": 0.03479447870001421, ""wafer_radius_mm"": 150.0}",731
sample_000732,C09_Spiral,10,"{""end_r_ratio"": 0.9308726204138188, ""n_particles"": 10, ""name"": ""wafer_particles.pattern.C09_Spiral"", ""schema_version"": ""wafer_particles.pattern_config.v1"", ""start_r_ratio"": 0.12631918427658387, ""theta_max"": 9.777018686245542, ""wafer_radius_mm"": 150.0, ""width_ratio"": 0.02858490907472264}",732
sample_000733,C03_Ring,77,"{""n_particles"": 77, ""name"": ""wafer_particles.pattern.C03_Ring"", ""radius_ratio"": 0.8674694504268157, ""schema_version"": ""wafer_particles.pattern_config.v1"", ""wafer_radius_mm"": 150.0, ""width_ratio"": 0.1486128883043642}",733
sample_000734,C06_RadialLines,148,"{""angular_jitter_deg"": 3.1345144060129466, ""n_lines"": 8, ""n_particles"": 148, ""name"": ""wafer_particles.pattern.C06_RadialLines"", ""r_max_ratio"": 0.945421695452008, ""r_min_ratio"": 0.1436699625550505, ""schema_version"": ""wafer_particles.pattern_config.v1"", ""sigma_perp_ratio"": 0.014273033444301505, ""wafer_radius_mm"": 150.0}",734
sample_000735,C03_Ring,47,"{""n_particles"": 47, ""name"": ""wafer_particles.pattern.C03_Ring"", ""radius_ratio"": 0.4154689074761767, ""schema_version"": ""wafer_particles.pattern_config.v1"", ""wafer_radius_mm"": 150.0, ""width_ratio"": 0.07510144699176825}",735
sample_000736,C02_EdgeBiased,81,"{""edge_bias"": 2.4259484610970667, ""n_particles"": 81, ""name"": ""wafer_particles.pattern.C02_EdgeBiased"", ""schema_version"": ""wafer_particles.pattern_config.v1"", ""wafer_radius_mm"": 150.0}",736
sample_000737,C09_Spiral,141,"{""end_r_ratio"": 0.9566537488518353, ""n_particles"": 141, ""name"": ""wafer_particles.pattern.C09_Spiral"", ""schema_version"": ""wafer_particles.pattern_config.v1"", ""start_r_ratio"": 0.06246381251928772, ""theta_max"": 15.890973447348983, ""wafer_radius_mm"": 150.0, ""width_ratio"": 0.02302755387095823}",737
sample_000738,C05_Sector_Internal,35,"{""angle_center_rad"": 2.231919777407062, ""angle_width_deg"": 94.83786038746211, ""edge_margin_norm"": 0.05, ""n_particles"": 35, ""name"": ""wafer_particles.pattern.C05_Sector_Internal"", ""r_inner_ratio"": 0.287152708179349, ""r_outer_ratio"": 0.8314221579517383, ""radial_beta_alpha"": 2.2784085120209134, ""radial_beta_beta"": 2.2124943939857333, ""schema_version"": ""wafer_particles.pattern_config.v1"", ""theta_vonmises_kappa"": 2.174351813680644, ""wafer_radius_mm"": 150.0}",738
sample_000739,C10_Hotspot_Iso,155,"{""center_angle"": ""random"", ""center_angle_rad"": 6.11807904045995, ""center_radius_ratio"": 0.1956174050044768, ""mode"": ""random"", ""n_particles"": 155, ""name"": ""wafer_particles.pattern.C10_Hotspot_Iso"", ""schema_version"": ""wafer_particles.pattern_config.v1"", ""sigma_ratio"": 0.048698542728767696, ""wafer_radius_mm"": 150.0}",739
sample_000740,C10_Hotspot_Iso,168,"{""center_angle"": ""random"", ""center_angle_rad"": 1.1133228291295714, ""center_radius_ratio"": 0.6231920220271063, ""mode"": ""random"", ""n_particles"": 168, ""name"": ""wafer_particles.pattern.C10_Hotspot_Iso"", ""schema_version"": ""wafer_particles.pattern_config.v1"", ""sigma_ratio"": 0.05412822092222077, ""wafer_radius_mm"": 150.0}",740
sample_000741,C05_Sector_Internal,194,"{""angle_center_rad"": 0.3718969739595052, ""angle_width_deg"": 110.2090220285249, ""edge_margin_norm"": 0.05, ""n_particles"": 194, ""name"": ""wafer_particles.pattern.C05_Sector_Internal"", ""r_inner_ratio"": 0.10354300469911286, ""r_outer_ratio"": 0.6349600159398552, ""radial_beta_alpha"": 3.3974535348755337, ""radial_beta_beta"": 1.284737268989064, ""schema_version"": ""wafer_particles.pattern_config.v1"", ""theta_vonmises_kappa"": 6.438494120047064, ""wafer_radius_mm"": 150.0}",741
sample_000742,C02_EdgeBiased,19,"{""edge_bias"": 2.8810664008715503, ""n_particles"": 19, ""name"": ""wafer_particles.pattern.C02_EdgeBiased"", ""schema_version"": ""wafer_particles.pattern_config.v1"", ""wafer_radius_mm"": 150.0}",742
sample_000743,C10_Hotspot_Iso,137,"{""center_angle"": ""random"", ""center_angle_rad"": 1.5345741011532514, ""center_radius_ratio"": 0.08252673166602245, ""mode"": ""random"", ""n_particles"": 137, ""name"": ""wafer_particles.pattern.C10_Hotspot_Iso"", ""schema_version"": ""wafer_particles.pattern_config.v1"", ""sigma_ratio"": 0.05672570865304218, ""wafer_radius_mm"": 150.0}",743
sample_000744,C06_RadialLines,157,"{""angular_jitter_deg"": 0.8108368830806456, ""n_lines"": 4, ""n_particles"": 157, ""name"": ""wafer_particles.pattern.C06_RadialLines"", ""r_max_ratio"": 0.7662366515649169, ""r_min_ratio"": 0.23455608443648465, ""schema_version"": ""wafer_particles.pattern_config.v1"", ""sigma_perp_ratio"": 0.020854182021429055, ""wafer_radius_mm"": 150.0}",744
sample_000745,C06_RadialLines,153,"{""angular_jitter_deg"": 3.3899039530762436, ""n_lines"": 6, ""n_particles"": 153, ""name"": ""wafer_particles.pattern.C06_RadialLines"", ""r_max_ratio"": 0.6129264421426579, ""r_min_ratio"": 0.0010081712734315463, ""schema_version"": ""wafer_particles.pattern_config.v1"", ""sigma_perp_ratio"": 0.023884913467566833, ""wafer_radius_mm"": 150.0}",745
sample_000746,C10_Hotspot_Iso,195,"{""center_angle"": ""random"", ""center_angle_rad"": 4.004598525539612, ""center_radius_ratio"": 0.3997888804605984, ""mode"": ""random"", ""n_particles"": 195, ""name"": ""wafer_particles.pattern.C10_Hotspot_Iso"", ""schema_version"": ""wafer_particles.pattern_config.v1"", ""sigma_ratio"": 0.07215735140334917, ""wafer_radius_mm"": 150.0}",746
sample_000747,C04_Sector_Edge,16,"{""angle_center_rad"": 4.27501421434227, ""angle_width_deg"": 61.60676892520597, ""edge_width_ratio"": 0.1135355634433368, ""n_particles"": 16, ""name"": ""wafer_particles.pattern.C04_Sector_Edge"", ""radial_beta_alpha"": 3.1256089302349497, ""radial_beta_beta"": 1.5647538724144678, ""schema_version"": ""wafer_particles.pattern_config.v1"", ""side"": ""right"", ""theta_vonmises_kappa"": 8.889756522803644, ""wafer_radius_mm"": 150.0}",747
sample_000748,C08_CurvedScratch,19,"{""angle_center_deg"": 0.0, ""angle_center_rad"": 2.8094936019124086, ""arc_radius_ratio"": 0.4984394859034539, ""n_particles"": 19, ""name"": ""wafer_particles.pattern.C08_CurvedScratch"", ""schema_version"": ""wafer_particles.pattern_config.v1"", ""span_deg"": 40.52434204499849, ""wafer_radius_mm"": 150.0, ""width_ratio"": 0.018467213750638086}",748
sample_000749,C02_EdgeBiased,186,"{""edge_bias"": 2.2905315059103706, ""n_particles"": 186, ""name"": ""wafer_particles.pattern.C02_EdgeBiased"", ""schema_version"": ""wafer_particles.pattern_config.v1"", ""wafer_radius_mm"": 150.0}",749
sample_000750,C10_Hotspot_Iso,42,"{""center_angle"": ""random"", ""center_angle_rad"": 0.8923760805484717, ""center_radius_ratio"": 0.5432417232227307, ""mode"": ""random"", ""n_particles"": 42, ""name"": ""wafer_particles.pattern.C10_Hotspot_Iso"", ""schema_version"": ""wafer_particles.pattern_config.v1"", ""sigma_ratio"": 0.03293572373709522, ""wafer_radius_mm"": 150.0}",750
sample_000751,C01_Uniform,142,"{""n_particles"": 142, ""name"": ""wafer_particles.pattern.C01_Uniform"", ""schema_version"": ""wafer_particles.pattern_config.v1"", ""wafer_radius_mm"": 150.0}",751
sample_000752,C07_StraightLine,41,"{""angle_deg"": 35.16934476749354, ""n_particles"": 41, ""name"": ""wafer_particles.pattern.C07_StraightLine"", ""offset_ratio"": -0.13383296445030027, ""schema_version"": ""wafer_particles.pattern_config.v1"", ""segment_half_length_ratio"": 0.38081437475842883, ""wafer_radius_mm"": 150.0, ""width_ratio"": 0.02126843580587056}",752
sample_000753,C05_Sector_Internal,76,"{""angle_center_rad"": 5.699506686414133, ""angle_width_deg"": 96.83777420939235, ""edge_margin_norm"": 0.05, ""n_particles"": 76, ""name"": ""wafer_particles.pattern.C05_Sector_Internal"", ""r_inner_ratio"": 0.05742499991737344, ""r_outer_ratio"": 0.6368723239128047, ""radial_beta_alpha"": 2.3285062335212614, ""radial_beta_beta"": 2.30244692283707, ""schema_version"": ""wafer_particles.pattern_config.v1"", ""theta_vonmises_kappa"": 0.3159174793989006, ""wafer_radius_mm"": 150.0}",753
sample_000754,C06_RadialLines,57,"{""angular_jitter_deg"": 1.376657445715963, ""n_lines"": 8, ""n_particles"": 57, ""name"": ""wafer_particles.pattern.C06_RadialLines"", ""r_max_ratio"": 0.8123598652819959, ""r_min_ratio"": 0.06898855081016839, ""schema_version"": ""wafer_particles.pattern_config.v1"", ""sigma_perp_ratio"": 0.01081192328279691, ""wafer_radius_mm"": 150.0}",754
sample_000755,C02_EdgeBiased,14,"{""edge_bias"": 1.727114706644832, ""n_particles"": 14, ""name"": ""wafer_particles.pattern.C02_EdgeBiased"", ""schema_version"": ""wafer_particles.pattern_config.v1"", ""wafer_radius_mm"": 150.0}",755
sample_000756,C08_CurvedScratch,67,"{""angle_center_deg"": 0.0, ""angle_center_rad"": 3.2034547466291965, ""arc_radius_ratio"": 0.7200462711464511, ""n_particles"": 67, ""name"": ""wafer_particles.pattern.C08_CurvedScratch"", ""schema_version"": ""wafer_particles.pattern_config.v1"", ""span_deg"": 32.178329540421835, ""wafer_radius_mm"": 150.0, ""width_ratio"": 0.035662739612481384}",756
sample_000757,C10_Hotspot_Iso,142,"{""center_angle"": ""random"", ""center_angle_rad"": 2.763325960561394, ""center_radius_ratio"": 0.31606797813941956, ""mode"": ""random"", ""n_particles"": 142, ""name"": ""wafer_particles.pattern.C10_Hotspot_Iso"", ""schema_version"": ""wafer_particles.pattern_config.v1"", ""sigma_ratio"": 0.06577273077924314, ""wafer_radius_mm"": 150.0}",757
sample_000758,C03_Ring,31,"{""n_particles"": 31, ""name"": ""wafer_particles.pattern.C03_Ring"", ""radius_ratio"": 0.7231348136466811, ""schema_version"": ""wafer_particles.pattern_config.v1"", ""wafer_radius_mm"": 150.0, ""width_ratio"": 0.1744050432541031}",758
sample_000759,C02_EdgeBiased,32,"{""edge_bias"": 2.5128100392618204, ""n_particles"": 32, ""name"": ""wafer_particles.pattern.C02_EdgeBiased"", ""schema_version"": ""wafer_particles.pattern_config.v1"", ""wafer_radius_mm"": 150.0}",759
sample_000760,C09_Spiral,135,"{""end_r_ratio"": 0.714769328732197, ""n_particles"": 135, ""name"": ""wafer_particles.pattern.C09_Spiral"", ""schema_version"": ""wafer_particles.pattern_config.v1"", ""start_r_ratio"": 0.0467237744311627, ""theta_max"": 9.323523881295548, ""wafer_radius_mm"": 150.0, ""width_ratio"": 0.026438055539526974}",760
sample_000761,C02_EdgeBiased,60,"{""edge_bias"": 2.756234195817871, ""n_particles"": 60, ""name"": ""wafer_particles.pattern.C02_EdgeBiased"", ""schema_version"": ""wafer_particles.pattern_config.v1"", ""wafer_radius_mm"": 150.0}",761
sample_000762,C04_Sector_Edge,98,"{""angle_center_rad"": 2.727042367371716, ""angle_width_deg"": 35.588879317014715, ""edge_width_ratio"": 0.1264462257545717, ""n_particles"": 98, ""name"": ""wafer_particles.pattern.C04_Sector_Edge"", ""radial_beta_alpha"": 2.0003875135623606, ""radial_beta_beta"": 1.5610087156341648, ""schema_version"": ""wafer_particles.pattern_config.v1"", ""side"": ""right"", ""theta_vonmises_kappa"": 7.751154729595459, ""wafer_radius_mm"": 150.0}",762
sample_000763,C10_Hotspot_Iso,77,"{""center_angle"": ""random"", ""center_angle_rad"": 3.625909125188262, ""center_radius_ratio"": 0.4081772178349692, ""mode"": ""random"", ""n_particles"": 77, ""name"": ""wafer_particles.pattern.C10_Hotspot_Iso"", ""schema_version"": ""wafer_particles.pattern_config.v1"", ""sigma_ratio"": 0.1119710070955837, ""wafer_radius_mm"": 150.0}",763
sample_000764,C06_RadialLines,53,"{""angular_jitter_deg"": 4.312293363320853, ""n_lines"": 4, ""n_particles"": 53, ""name"": ""wafer_particles.pattern.C06_RadialLines"", ""r_max_ratio"": 0.6406871716027304, ""r_min_ratio"": 0.10112784101501646, ""schema_version"": ""wafer_particles.pattern_config.v1"", ""sigma_perp_ratio"": 0.02820877860061175, ""wafer_radius_mm"": 150.0}",764
sample_000765,C10_Hotspot_Iso,120,"{""center_angle"": ""random"", ""center_angle_rad"": 4.414488303228678, ""center_radius_ratio"": 0.6518056854584962, ""mode"": ""random"", ""n_particles"": 120, ""name"": ""wafer_particles.pattern.C10_Hotspot_Iso"", ""schema_version"": ""wafer_particles.pattern_config.v1"", ""sigma_ratio"": 0.0966778264000212, ""wafer_radius_mm"": 150.0}",765
sample_000766,C06_RadialLines,95,"{""angular_jitter_deg"": 3.294639227867269, ""n_lines"": 6, ""n_particles"": 95, ""name"": ""wafer_particles.pattern.C06_RadialLines"", ""r_max_ratio"": 0.9988595310630778, ""r_min_ratio"": 0.16147994724340844, ""schema_version"": ""wafer_particles.pattern_config.v1"", ""sigma_perp_ratio"": 0.009939536375340192, ""wafer_radius_mm"": 150.0}",766
sample_000767,C06_RadialLines,37,"{""angular_jitter_deg"": 2.3662138772392, ""n_lines"": 6, ""n_particles"": 37, ""name"": ""wafer_particles.pattern.C06_RadialLines"", ""r_max_ratio"": 0.9192782878334574, ""r_min_ratio"": 0.24859008391224038, ""schema_version"": ""wafer_particles.pattern_config.v1"", ""sigma_perp_ratio"": 0.020156530818968055, ""wafer_radius_mm"": 150.0}",767
sample_000768,C10_Hotspot_Iso,29,"{""center_angle"": ""random"", ""center_angle_rad"": 3.4107583109602535, ""center_radius_ratio"": 0.28509082807454145, ""mode"": ""random"", ""n_particles"": 29, ""name"": ""wafer_particles.pattern.C10_Hotspot_Iso"", ""schema_version"": ""wafer_particles.pattern_config.v1"", ""sigma_ratio"": 0.03985422298879428, ""wafer_radius_mm"": 150.0}",768
sample_000769,C08_CurvedScratch,76,"{""angle_center_deg"": 0.0, ""angle_center_rad"": 0.866779754993197, ""arc_radius_ratio"": 0.6897066192082524, ""n_particles"": 76, ""name"": ""wafer_particles.pattern.C08_CurvedScratch"", ""schema_version"": ""wafer_particles.pattern_config.v1"", ""span_deg"": 43.439462621556174, ""wafer_radius_mm"": 150.0, ""width_ratio"": 0.013775257792115504}",769
sample_000770,C04_Sector_Edge,150,"{""angle_center_rad"": 5.349078692659483, ""angle_width_deg"": 79.08527233003892, ""edge_width_ratio"": 0.09865768048551522, ""n_particles"": 150, ""name"": ""wafer_particles.pattern.C04_Sector_Edge"", ""radial_beta_alpha"": 1.648557018231949, ""radial_beta_beta"": 1.4385805072905136, ""schema_version"": ""wafer_particles.pattern_config.v1"", ""side"": ""right"", ""theta_vonmises_kappa"": 6.102133519154167, ""wafer_radius_mm"": 150.0}",770
sample_000771,C10_Hotspot_Iso,100,"{""center_angle"": ""random"", ""center_angle_rad"": 3.2491545315324224, ""center_radius_ratio"": 0.41473034124542507, ""mode"": ""random"", ""n_particles"": 100, ""name"": ""wafer_particles.pattern.C10_Hotspot_Iso"", ""schema_version"": ""wafer_particles.pattern_config.v1"", ""sigma_ratio"": 0.09846183682124869, ""wafer_radius_mm"": 150.0}",771
sample_000772,C04_Sector_Edge,185,"{""angle_center_rad"": 0.1477284420925505, ""angle_width_deg"": 29.853590586350602, ""edge_width_ratio"": 0.11767123535225037, ""n_particles"": 185, ""name"": ""wafer_particles.pattern.C04_Sector_Edge"", ""radial_beta_alpha"": 3.5632836162150037, ""radial_beta_beta"": 1.1310176123450288, ""schema_version"": ""wafer_particles.pattern_config.v1"", ""side"": ""right"", ""theta_vonmises_kappa"": 9.018214507072807, ""wafer_radius_mm"": 150.0}",772
sample_000773,C05_Sector_Internal,49,"{""angle_center_rad"": 2.2784726008295193, ""angle_width_deg"": 62.24839280497178, ""edge_margin_norm"": 0.05, ""n_particles"": 49, ""name"": ""wafer_particles.pattern.C05_Sector_Internal"", ""r_inner_ratio"": 0.14240801967832012, ""r_outer_ratio"": 0.561651825179451, ""radial_beta_alpha"": 2.373139104564909, ""radial_beta_beta"": 2.8451043600483152, ""schema_version"": ""wafer_particles.pattern_config.v1"", ""theta_vonmises_kappa"": 1.0414596067077768, ""wafer_radius_mm"": 150.0}",773
sample_000774,C03_Ring,94,"{""n_particles"": 94, ""name"": ""wafer_particles.pattern.C03_Ring"", ""radius_ratio"": 0.8755293967547909, ""schema_version"": ""wafer_particles.pattern_config.v1"", ""wafer_radius_mm"": 150.0, ""width_ratio"": 0.15953543136924486}",774
sample_000775,C09_Spiral,199,"{""end_r_ratio"": 0.9877822165491339, ""n_particles"": 199, ""name"": ""wafer_particles.pattern.C09_Spiral"", ""schema_version"": ""wafer_particles.pattern_config.v1"", ""start_r_ratio"": 0.14992379903932607, ""theta_max"": 18.10037386780587, ""wafer_radius_mm"": 150.0, ""width_ratio"": 0.02918262245408722}",775
sample_000776,C07_StraightLine,17,"{""angle_deg"": 60.01044289075273, ""n_particles"": 17, ""name"": ""wafer_particles.pattern.C07_StraightLine"", ""offset_ratio"": 0.24364111004139055, ""schema_version"": ""wafer_particles.pattern_config.v1"", ""segment_half_length_ratio"": 0.8551745507045673, ""wafer_radius_mm"": 150.0, ""width_ratio"": 0.03387000974769466}",776
sample_000777,C10_Hotspot_Iso,15,"{""center_angle"": ""random"", ""center_angle_rad"": 0.5844429333837974, ""center_radius_ratio"": 0.12774637122096613, ""mode"": ""random"", ""n_particles"": 15, ""name"": ""wafer_particles.pattern.C10_Hotspot_Iso"", ""schema_version"": ""wafer_particles.pattern_config.v1"", ""sigma_ratio"": 0.03736248334025497, ""wafer_radius_mm"": 150.0}",777
sample_000778,C01_Uniform,54,"{""n_particles"": 54, ""name"": ""wafer_particles.pattern.C01_Uniform"", ""schema_version"": ""wafer_particles.pattern_config.v1"", ""wafer_radius_mm"": 150.0}",778
sample_000779,C07_StraightLine,54,"{""angle_deg"": 105.97013438735576, ""n_particles"": 54, ""name"": ""wafer_particles.pattern.C07_StraightLine"", ""offset_ratio"": -0.14723549964043994, ""schema_version"": ""wafer_particles.pattern_config.v1"", ""segment_half_length_ratio"": 0.7377079965251975, ""wafer_radius_mm"": 150.0, ""width_ratio"": 0.008044841952772035}",779
sample_000780,C01_Uniform,167,"{""n_particles"": 167, ""name"": ""wafer_particles.pattern.C01_Uniform"", ""schema_version"": ""wafer_particles.pattern_config.v1"", ""wafer_radius_mm"": 150.0}",780
sample_000781,C05_Sector_Internal,69,"{""angle_center_rad"": 3.780110472907332, ""angle_width_deg"": 56.379851347643275, ""edge_margin_norm"": 0.05, ""n_particles"": 69, ""name"": ""wafer_particles.pattern.C05_Sector_Internal"", ""r_inner_ratio"": 0.15750389776310703, ""r_outer_ratio"": 0.6564141263794812, ""radial_beta_alpha"": 2.844016601431807, ""radial_beta_beta"": 2.1964974774550394, ""schema_version"": ""wafer_particles.pattern_config.v1"", ""theta_vonmises_kappa"": 5.1234845391705806, ""wafer_radius_mm"": 150.0}",781
sample_000782,C06_RadialLines,16,"{""angular_jitter_deg"": 1.5532869577919595, ""n_lines"": 6, ""n_particles"": 16, ""name"": ""wafer_particles.pattern.C06_RadialLines"", ""r_max_ratio"": 0.8413947975744511, ""r_min_ratio"": 0.11501599351458838, ""schema_version"": ""wafer_particles.pattern_config.v1"", ""sigma_perp_ratio"": 0.010022282670937296, ""wafer_radius_mm"": 150.0}",782
sample_000783,C06_RadialLines,165,"{""angular_jitter_deg"": 0.7380819224687957, ""n_lines"": 6, ""n_particles"": 165, ""name"": ""wafer_particles.pattern.C06_RadialLines"", ""r_max_ratio"": 0.9815962552903905, ""r_min_ratio"": 0.22355129589435302, ""schema_version"": ""wafer_particles.pattern_config.v1"", ""sigma_perp_ratio"": 0.023101601055634812, ""wafer_radius_mm"": 150.0}",783
sample_000784,C01_Uniform,77,"{""n_particles"": 77, ""name"": ""wafer_particles.pattern.C01_Uniform"", ""schema_version"": ""wafer_particles.pattern_config.v1"", ""wafer_radius_mm"": 150.0}",784
sample_000785,C01_Uniform,55,"{""n_particles"": 55, ""name"": ""wafer_particles.pattern.C01_Uniform"", ""schema_version"": ""wafer_particles.pattern_config.v1"", ""wafer_radius_mm"": 150.0}",785
sample_000786,C08_CurvedScratch,103,"{""angle_center_deg"": 0.0, ""angle_center_rad"": 3.9206362238866777, ""arc_radius_ratio"": 0.710101074879642, ""n_particles"": 103, ""name"": ""wafer_particles.pattern.C08_CurvedScratch"", ""schema_version"": ""wafer_particles.pattern_config.v1"", ""span_deg"": 87.56521135140757, ""wafer_radius_mm"": 150.0, ""width_ratio"": 0.04497447409763602}",786
sample_000787,C05_Sector_Internal,66,"{""angle_center_rad"": 5.249473168929172, ""angle_width_deg"": 46.131408062838894, ""edge_margin_norm"": 0.05, ""n_particles"": 66, ""name"": ""wafer_particles.pattern.C05_Sector_Internal"", ""r_inner_ratio"": 0.14474179425268774, ""r_outer_ratio"": 0.6490483574823854, ""radial_beta_alpha"": 3.7053870679822567, ""radial_beta_beta"": 2.8400203235021664, ""schema_version"": ""wafer_particles.pattern_config.v1"", ""theta_vonmises_kappa"": 2.4861216727383826, ""wafer_radius_mm"": 150.0}",787
sample_000788,C06_RadialLines,18,"{""angular_jitter_deg"": 4.165244822323997, ""n_lines"": 6, ""n_particles"": 18, ""name"": ""wafer_particles.pattern.C06_RadialLines"", ""r_max_ratio"": 0.7895109343945877, ""r_min_ratio"": 0.13036689890145087, ""schema_version"": ""wafer_particles.pattern_config.v1"", ""sigma_perp_ratio"": 0.029055530024946447, ""wafer_radius_mm"": 150.0}",788
sample_000789,C02_EdgeBiased,79,"{""edge_bias"": 1.7168890521367912, ""n_particles"": 79, ""name"": ""wafer_particles.pattern.C02_EdgeBiased"", ""schema_version"": ""wafer_particles.pattern_config.v1"", ""wafer_radius_mm"": 150.0}",789
sample_000790,C06_RadialLines,15,"{""angular_jitter_deg"": 1.4647431984505788, ""n_lines"": 4, ""n_particles"": 15, ""name"": ""wafer_particles.pattern.C06_RadialLines"", ""r_max_ratio"": 0.9943491158307138, ""r_min_ratio"": 0.11508189737893511, ""schema_version"": ""wafer_particles.pattern_config.v1"", ""sigma_perp_ratio"": 0.00665244625318634, ""wafer_radius_mm"": 150.0}",790
sample_000791,C08_CurvedScratch,128,"{""angle_center_deg"": 0.0, ""angle_center_rad"": 3.8243051889123385, ""arc_radius_ratio"": 0.8472394409291945, ""n_particles"": 128, ""name"": ""wafer_particles.pattern.C08_CurvedScratch"", ""schema_version"": ""wafer_particles.pattern_config.v1"", ""span_deg"": 152.96664725061643, ""wafer_radius_mm"": 150.0, ""width_ratio"": 0.04894444601988948}",791
sample_000792,C08_CurvedScratch,65,"{""angle_center_deg"": 0.0, ""angle_center_rad"": 2.8503852119684954, ""arc_radius_ratio"": 0.4366443763335827, ""n_particles"": 65, ""name"": ""wafer_particles.pattern.C08_CurvedScratch"", ""schema_version"": ""wafer_particles.pattern_config.v1"", ""span_deg"": 145.30009404359717, ""wafer_radius_mm"": 150.0, ""width_ratio"": 0.03326446622715693}",792
sample_000793,C04_Sector_Edge,151,"{""angle_center_rad"": 1.9995483712101818, ""angle_width_deg"": 72.45082043922075, ""edge_width_ratio"": 0.1246507070206039, ""n_particles"": 151, ""name"": ""wafer_particles.pattern.C04_Sector_Edge"", ""radial_beta_alpha"": 1.6943292571906823, ""radial_beta_beta"": 1.5435382872903833, ""schema_version"": ""wafer_particles.pattern_config.v1"", ""side"": ""right"", ""theta_vonmises_kappa"": 9.149836630320717, ""wafer_radius_mm"": 150.0}",793
sample_000794,C07_StraightLine,126,"{""angle_deg"": 87.05892778977179, ""n_particles"": 126, ""name"": ""wafer_particles.pattern.C07_StraightLine"", ""offset_ratio"": 0.11141808895273221, ""schema_version"": ""wafer_particles.pattern_config.v1"", ""segment_half_length_ratio"": 0.4073497940728128, ""wafer_radius_mm"": 150.0, ""width_ratio"": 0.038485869798668394}",794
sample_000795,C06_RadialLines,146,"{""angular_jitter_deg"": 1.6883031860727908, ""n_lines"": 4, ""n_particles"": 146, ""name"": ""wafer_particles.pattern.C06_RadialLines"", ""r_max_ratio"": 0.8968331857451602, ""r_min_ratio"": 0.24477494409035797, ""schema_version"": ""wafer_particles.pattern_config.v1"", ""sigma_perp_ratio"": 0.015026118009265729, ""wafer_radius_mm"": 150.0}",795
sample_000796,C06_RadialLines,186,"{""angular_jitter_deg"": 4.688077731344322, ""n_lines"": 8, ""n_particles"": 186, ""name"": ""wafer_particles.pattern.C06_RadialLines"", ""r_max_ratio"": 0.6725237730828518, ""r_min_ratio"": 0.17607364275034057, ""schema_version"": ""wafer_particles.pattern_config.v1"", ""sigma_perp_ratio"": 0.008978726199032906, ""wafer_radius_mm"": 150.0}",796
sample_000797,C01_Uniform,53,"{""n_particles"": 53, ""name"": ""wafer_particles.pattern.C01_Uniform"", ""schema_version"": ""wafer_particles.pattern_config.v1"", ""wafer_radius_mm"": 150.0}",797
sample_000798,C05_Sector_Internal,68,"{""angle_center_rad"": 1.6383659876400776, ""angle_width_deg"": 83.831287331911, ""edge_margin_norm"": 0.05, ""n_particles"": 68, ""name"": ""wafer_particles.pattern.C05_Sector_Internal"", ""r_inner_ratio"": 0.3432139297234564, ""r_outer_ratio"": 0.6539443220097008, ""radial_beta_alpha"": 2.7570193982634614, ""radial_beta_beta"": 3.3519728083758173, ""schema_version"": ""wafer_particles.pattern_config.v1"", ""theta_vonmises_kappa"": 7.248170981508818, ""wafer_radius_mm"": 150.0}",798
sample_000799,C05_Sector_Internal,154,"{""angle_center_rad"": 3.1359637706135692, ""angle_width_deg"": 77.29748736313267, ""edge_margin_norm"": 0.05, ""n_particles"": 154, ""name"": ""wafer_particles.pattern.C05_Sector_Internal"", ""r_inner_ratio"": 0.22125942108392171, ""r_outer_ratio"": 0.6660739020504477, ""radial_beta_alpha"": 2.3558875256549645, ""radial_beta_beta"": 2.840845712977225, ""schema_version"": ""wafer_particles.pattern_config.v1"", ""theta_vonmises_kappa"": 6.3338927399132166, ""wafer_radius_mm"": 150.0}",799
sample_000800,C04_Sector_Edge,100,"{""angle_center_rad"": 0.5515693581255202, ""angle_width_deg"": 86.67987393396118, ""edge_width_ratio"": 0.056341190031614766, ""n_particles"": 100, ""name"": ""wafer_particles.pattern.C04_Sector_Edge"", ""radial_beta_alpha"": 2.0172420018549984, ""radial_beta_beta"": 0.8729863737491602, ""schema_version"": ""wafer_particles.pattern_config.v1"", ""side"": ""right"", ""theta_vonmises_kappa"": 7.046717623781465, ""wafer_radius_mm"": 150.0}",800
sample_000801,C02_EdgeBiased,103,"{""edge_bias"": 2.3759248017047936, ""n_particles"": 103, ""name"": ""wafer_particles.pattern.C02_EdgeBiased"", ""schema_version"": ""wafer_particles.pattern_config.v1"", ""wafer_radius_mm"": 150.0}",801
sample_000802,C10_Hotspot_Iso,58,"{""center_angle"": ""random"", ""center_angle_rad"": 4.620043900433594, ""center_radius_ratio"": 0.8336478084701892, ""mode"": ""random"", ""n_particles"": 58, ""name"": ""wafer_particles.pattern.C10_Hotspot_Iso"", ""schema_version"": ""wafer_particles.pattern_config.v1"", ""sigma_ratio"": 0.04678183090966064, ""wafer_radius_mm"": 150.0}",802
sample_000803,C10_Hotspot_Iso,194,"{""center_angle"": ""random"", ""center_angle_rad"": 5.981929664231941, ""center_radius_ratio"": 0.22752679465313527, ""mode"": ""random"", ""n_particles"": 194, ""name"": ""wafer_particles.pattern.C10_Hotspot_Iso"", ""schema_version"": ""wafer_particles.pattern_config.v1"", ""sigma_ratio"": 0.050638061604142894, ""wafer_radius_mm"": 150.0}",803
sample_000804,C07_StraightLine,162,"{""angle_deg"": 7.356812302094098, ""n_particles"": 162, ""name"": ""wafer_particles.pattern.C07_StraightLine"", ""offset_ratio"": -0.21096554714642668, ""schema_version"": ""wafer_particles.pattern_config.v1"", ""segment_half_length_ratio"": 0.313151086446909, ""wafer_radius_mm"": 150.0, ""width_ratio"": 0.041269179661300615}",804
sample_000805,C10_Hotspot_Iso,170,"{""center_angle"": ""random"", ""center_angle_rad"": 5.267119991697258, ""center_radius_ratio"": 0.47736636619515216, ""mode"": ""random"", ""n_particles"": 170, ""name"": ""wafer_particles.pattern.C10_Hotspot_Iso"", ""schema_version"": ""wafer_particles.pattern_config.v1"", ""sigma_ratio"": 0.05819347305548557, ""wafer_radius_mm"": 150.0}",805
sample_000806,C04_Sector_Edge,32,"{""angle_center_rad"": 5.758684329123938, ""angle_width_deg"": 56.53896980680102, ""edge_width_ratio"": 0.24881398621633705, ""n_particles"": 32, ""name"": ""wafer_particles.pattern.C04_Sector_Edge"", ""radial_beta_alpha"": 3.905483262236266, ""radial_beta_beta"": 2.522220822112513, ""schema_version"": ""wafer_particles.pattern_config.v1"", ""side"": ""right"", ""theta_vonmises_kappa"": 9.416176482954375, ""wafer_radius_mm"": 150.0}",806
sample_000807,C04_Sector_Edge,93,"{""angle_center_rad"": 1.6076873224169443, ""angle_width_deg"": 77.30434762906128, ""edge_width_ratio"": 0.2522984773379564, ""n_particles"": 93, ""name"": ""wafer_particles.pattern.C04_Sector_Edge"", ""radial_beta_alpha"": 3.028917467930018, ""radial_beta_beta"": 2.6733965960825583, ""schema_version"": ""wafer_particles.pattern_config.v1"", ""side"": ""right"", ""theta_vonmises_kappa"": 8.709990453796388, ""wafer_radius_mm"": 150.0}",807
sample_000808,C07_StraightLine,121,"{""angle_deg"": 104.18497312485215, ""n_particles"": 121, ""name"": ""wafer_particles.pattern.C07_StraightLine"", ""offset_ratio"": 0.17132229696864673, ""schema_version"": ""wafer_particles.pattern_config.v1"", ""segment_half_length_ratio"": 0.5490023141232303, ""wafer_radius_mm"": 150.0, ""width_ratio"": 0.04906140772256896}",808
sample_000809,C04_Sector_Edge,173,"{""angle_center_rad"": 5.205793033163544, ""angle_width_deg"": 32.72761543664673, ""edge_width_ratio"": 0.165318349473014, ""n_particles"": 173, ""name"": ""wafer_particles.pattern.C04_Sector_Edge"", ""radial_beta_alpha"": 3.602846169634503, ""radial_beta_beta"": 0.8413549361296431, ""schema_version"": ""wafer_particles.pattern_config.v1"", ""side"": ""right"", ""theta_vonmises_kappa"": 0.5853088760487516, ""wafer_radius_mm"": 150.0}",809
sample_000810,C06_RadialLines,156,"{""angular_jitter_deg"": 4.8439377139541575, ""n_lines"": 8, ""n_particles"": 156, ""name"": ""wafer_particles.pattern.C06_RadialLines"", ""r_max_ratio"": 0.7811532826219553, ""r_min_ratio"": 0.21115071386252487, ""schema_version"": ""wafer_particles.pattern_config.v1"", ""sigma_perp_ratio"": 0.01737220791466557, ""wafer_radius_mm"": 150.0}",810
sample_000811,C06_RadialLines,115,"{""angular_jitter_deg"": 1.8860007403716594, ""n_lines"": 4, ""n_particles"": 115, ""name"": ""wafer_particles.pattern.C06_RadialLines"", ""r_max_ratio"": 0.9162463932610011, ""r_min_ratio"": 0.1371787134723436, ""schema_version"": ""wafer_particles.pattern_config.v1"", ""sigma_perp_ratio"": 0.017405143305167056, ""wafer_radius_mm"": 150.0}",811
sample_000812,C05_Sector_Internal,101,"{""angle_center_rad"": 4.638976810771824, ""angle_width_deg"": 119.77228793517386, ""edge_margin_norm"": 0.05, ""n_particles"": 101, ""name"": ""wafer_particles.pattern.C05_Sector_Internal"", ""r_inner_ratio"": 0.3164948936150649, ""r_outer_ratio"": 0.7240272026694998, ""radial_beta_alpha"": 3.178235256952706, ""radial_beta_beta"": 2.373739872764802, ""schema_version"": ""wafer_particles.pattern_config.v1"", ""theta_vonmises_kappa"": 2.2600731190195815, ""wafer_radius_mm"": 150.0}",812
sample_000813,C03_Ring,67,"{""n_particles"": 67, ""name"": ""wafer_particles.pattern.C03_Ring"", ""radius_ratio"": 0.49405317731278997, ""schema_version"": ""wafer_particles.pattern_config.v1"", ""wafer_radius_mm"": 150.0, ""width_ratio"": 0.14181016248457853}",813
sample_000814,C02_EdgeBiased,68,"{""edge_bias"": 2.1575738630538535, ""n_particles"": 68, ""name"": ""wafer_particles.pattern.C02_EdgeBiased"", ""schema_version"": ""wafer_particles.pattern_config.v1"", ""wafer_radius_mm"": 150.0}",814
sample_000815,C10_Hotspot_Iso,110,"{""center_angle"": ""random"", ""center_angle_rad"": 4.1088840207218, ""center_radius_ratio"": 0.7557286580928456, ""mode"": ""random"", ""n_particles"": 110, ""name"": ""wafer_particles.pattern.C10_Hotspot_Iso"", ""schema_version"": ""wafer_particles.pattern_config.v1"", ""sigma_ratio"": 0.1064378798705083, ""wafer_radius_mm"": 150.0}",815
sample_000816,C07_StraightLine,158,"{""angle_deg"": 133.37975525066665, ""n_particles"": 158, ""name"": ""wafer_particles.pattern.C07_StraightLine"", ""offset_ratio"": -0.09793544444305513, ""schema_version"": ""wafer_particles.pattern_config.v1"", ""segment_half_length_ratio"": 0.5206058425156372, ""wafer_radius_mm"": 150.0, ""width_ratio"": 0.019366277819250648}",816
sample_000817,C02_EdgeBiased,37,"{""edge_bias"": 3.497462903954097, ""n_particles"": 37, ""name"": ""wafer_particles.pattern.C02_EdgeBiased"", ""schema_version"": ""wafer_particles.pattern_config.v1"", ""wafer_radius_mm"": 150.0}",817
sample_000818,C05_Sector_Internal,197,"{""angle_center_rad"": 6.054181801695276, ""angle_width_deg"": 60.18281051600736, ""edge_margin_norm"": 0.05, ""n_particles"": 197, ""name"": ""wafer_particles.pattern.C05_Sector_Internal"", ""r_inner_ratio"": 0.08161789381794204, ""r_outer_ratio"": 0.833198859334296, ""radial_beta_alpha"": 2.9760437116029346, ""radial_beta_beta"": 2.65732206358461, ""schema_version"": ""wafer_particles.pattern_config.v1"", ""theta_vonmises_kappa"": 7.50937471773228, ""wafer_radius_mm"": 150.0}",818
sample_000819,C07_StraightLine,33,"{""angle_deg"": 165.50181685654474, ""n_particles"": 33, ""name"": ""wafer_particles.pattern.C07_StraightLine"", ""offset_ratio"": 0.04102294741844099, ""schema_version"": ""wafer_particles.pattern_config.v1"", ""segment_half_length_ratio"": 0.84921783672925, ""wafer_radius_mm"": 150.0, ""width_ratio"": 0.03314592676086509}",819
sample_000820,C04_Sector_Edge,143,"{""angle_center_rad"": 4.00835977478268, ""angle_width_deg"": 30.172796410985406, ""edge_width_ratio"": 0.20330548859451247, ""n_particles"": 143, ""name"": ""wafer_particles.pattern.C04_Sector_Edge"", ""radial_beta_alpha"": 2.967066833911789, ""radial_beta_beta"": 1.9994138452155084, ""schema_version"": ""wafer_particles.pattern_config.v1"", ""side"": ""right"", ""theta_vonmises_kappa"": 2.0759988256566944, ""wafer_radius_mm"": 150.0}",820
sample_000821,C10_Hotspot_Iso,192,"{""center_angle"": ""random"", ""center_angle_rad"": 2.3780763628311066, ""center_radius_ratio"": 0.5943212419286704, ""mode"": ""random"", ""n_particles"": 192, ""name"": ""wafer_particles.pattern.C10_Hotspot_Iso"", ""schema_version"": ""wafer_particles.pattern_config.v1"", ""sigma_ratio"": 0.05195915750480681, ""wafer_radius_mm"": 150.0}",821
sample_000822,C01_Uniform,78,"{""n_particles"": 78, ""name"": ""wafer_particles.pattern.C01_Uniform"", ""schema_version"": ""wafer_particles.pattern_config.v1"", ""wafer_radius_mm"": 150.0}",822
sample_000823,C05_Sector_Internal,193,"{""angle_center_rad"": 0.059025910670027534, ""angle_width_deg"": 30.5518846983873, ""edge_margin_norm"": 0.05, ""n_particles"": 193, ""name"": ""wafer_particles.pattern.C05_Sector_Internal"", ""r_inner_ratio"": 0.2540881553592907, ""r_outer_ratio"": 0.6300197268632342, ""radial_beta_alpha"": 3.8790610371381518, ""radial_beta_beta"": 1.2169708648138757, ""schema_version"": ""wafer_particles.pattern_config.v1"", ""theta_vonmises_kappa"": 7.580483632090261, ""wafer_radius_mm"": 150.0}",823
sample_000824,C09_Spiral,155,"{""end_r_ratio"": 0.9429295612905485, ""n_particles"": 155, ""name"": ""wafer_particles.pattern.C09_Spiral"", ""schema_version"": ""wafer_particles.pattern_config.v1"", ""start_r_ratio"": 0.27485385102372273, ""theta_max"": 13.210948731270243, ""wafer_radius_mm"": 150.0, ""width_ratio"": 0.02404335363314125}",824
sample_000825,C07_StraightLine,68,"{""angle_deg"": 26.839885765748697, ""n_particles"": 68, ""name"": ""wafer_particles.pattern.C07_StraightLine"", ""offset_ratio"": 0.2011543361327295, ""schema_version"": ""wafer_particles.pattern_config.v1"", ""segment_half_length_ratio"": 0.5957386215206114, ""wafer_radius_mm"": 150.0, ""width_ratio"": 0.016602483556443566}",825
sample_000826,C09_Spiral,101,"{""end_r_ratio"": 0.9457937017740179, ""n_particles"": 101, ""name"": ""wafer_particles.pattern.C09_Spiral"", ""schema_version"": ""wafer_particles.pattern_config.v1"", ""start_r_ratio"": 0.1409170642558395, ""theta_max"": 15.580744278555743, ""wafer_radius_mm"": 150.0, ""width_ratio"": 0.03425372643136116}",826
sample_000827,C08_CurvedScratch,74,"{""angle_center_deg"": 0.0, ""angle_center_rad"": 3.2309179001851627, ""arc_radius_ratio"": 0.6188343945586616, ""n_particles"": 74, ""name"": ""wafer_particles.pattern.C08_CurvedScratch"", ""schema_version"": ""wafer_particles.pattern_config.v1"", ""span_deg"": 103.28436987322127, ""wafer_radius_mm"": 150.0, ""width_ratio"": 0.051988137212065834}",827
sample_000828,C01_Uniform,106,"{""n_particles"": 106, ""name"": ""wafer_particles.pattern.C01_Uniform"", ""schema_version"": ""wafer_particles.pattern_config.v1"", ""wafer_radius_mm"": 150.0}",828
sample_000829,C05_Sector_Internal,198,"{""angle_center_rad"": 4.600756129048831, ""angle_width_deg"": 33.40333001662815, ""edge_margin_norm"": 0.05, ""n_particles"": 198, ""name"": ""wafer_particles.pattern.C05_Sector_Internal"", ""r_inner_ratio"": 0.12363229221627163, ""r_outer_ratio"": 0.8439062686655193, ""radial_beta_alpha"": 3.9420875403364932, ""radial_beta_beta"": 3.2638325729542235, ""schema_version"": ""wafer_particles.pattern_config.v1"", ""theta_vonmises_kappa"": 1.5080994071925484, ""wafer_radius_mm"": 150.0}",829
sample_000830,C01_Uniform,155,"{""n_particles"": 155, ""name"": ""wafer_particles.pattern.C01_Uniform"", ""schema_version"": ""wafer_particles.pattern_config.v1"", ""wafer_radius_mm"": 150.0}",830
sample_000831,C03_Ring,193,"{""n_particles"": 193, ""name"": ""wafer_particles.pattern.C03_Ring"", ""radius_ratio"": 0.6384593199056829, ""schema_version"": ""wafer_particles.pattern_config.v1"", ""wafer_radius_mm"": 150.0, ""width_ratio"": 0.18510731028830787}",831
sample_000832,C04_Sector_Edge,143,"{""angle_center_rad"": 4.1814010434669635, ""angle_width_deg"": 57.76340052516505, ""edge_width_ratio"": 0.05293866772102619, ""n_particles"": 143, ""name"": ""wafer_particles.pattern.C04_Sector_Edge"", ""radial_beta_alpha"": 2.4996302408864475, ""radial_beta_beta"": 2.9272330142210308, ""schema_version"": ""wafer_particles.pattern_config.v1"", ""side"": ""right"", ""theta_vonmises_kappa"": 8.113666025207577, ""wafer_radius_mm"": 150.0}",832
sample_000833,C09_Spiral,31,"{""end_r_ratio"": 0.8099799836766214, ""n_particles"": 31, ""name"": ""wafer_particles.pattern.C09_Spiral"", ""schema_version"": ""wafer_particles.pattern_config.v1"", ""start_r_ratio"": 0.12258979285993092, ""theta_max"": 9.335324054081, ""wafer_radius_mm"": 150.0, ""width_ratio"": 0.015005893846230611}",833
sample_000834,C01_Uniform,119,"{""n_particles"": 119, ""name"": ""wafer_particles.pattern.C01_Uniform"", ""schema_version"": ""wafer_particles.pattern_config.v1"", ""wafer_radius_mm"": 150.0}",834
sample_000835,C09_Spiral,162,"{""end_r_ratio"": 0.9231260339069556, ""n_particles"": 162, ""name"": ""wafer_particles.pattern.C09_Spiral"", ""schema_version"": ""wafer_particles.pattern_config.v1"", ""start_r_ratio"": 0.11073114608674153, ""theta_max"": 9.580892856043999, ""wafer_radius_mm"": 150.0, ""width_ratio"": 0.04920194925373828}",835
sample_000836,C07_StraightLine,35,"{""angle_deg"": 33.27287770198949, ""n_particles"": 35, ""name"": ""wafer_particles.pattern.C07_StraightLine"", ""offset_ratio"": -0.11611177601381462, ""schema_version"": ""wafer_particles.pattern_config.v1"", ""segment_half_length_ratio"": 0.5374690565090383, ""wafer_radius_mm"": 150.0, ""width_ratio"": 0.013436775241523353}",836
sample_000837,C09_Spiral,126,"{""end_r_ratio"": 0.8871947402682656, ""n_particles"": 126, ""name"": ""wafer_particles.pattern.C09_Spiral"", ""schema_version"": ""wafer_particles.pattern_config.v1"", ""start_r_ratio"": 0.23680754199699539, ""theta_max"": 11.176198476827697, ""wafer_radius_mm"": 150.0, ""width_ratio"": 0.03921437093551961}",837
sample_000838,C10_Hotspot_Iso,125,"{""center_angle"": ""random"", ""center_angle_rad"": 5.747335275081079, ""center_radius_ratio"": 0.403871773816537, ""mode"": ""random"", ""n_particles"": 125, ""name"": ""wafer_particles.pattern.C10_Hotspot_Iso"", ""schema_version"": ""wafer_particles.pattern_config.v1"", ""sigma_ratio"": 0.03807241987458243, ""wafer_radius_mm"": 150.0}",838
sample_000839,C09_Spiral,65,"{""end_r_ratio"": 0.9747302864864126, ""n_particles"": 65, ""name"": ""wafer_particles.pattern.C09_Spiral"", ""schema_version"": ""wafer_particles.pattern_config.v1"", ""start_r_ratio"": 0.037406438723206946, ""theta_max"": 15.728175904958315, ""wafer_radius_mm"": 150.0, ""width_ratio"": 0.025233472341672603}",839
sample_000840,C04_Sector_Edge,38,"{""angle_center_rad"": 2.386553421410242, ""angle_width_deg"": 42.492688980888886, ""edge_width_ratio"": 0.28283328192602386, ""n_particles"": 38, ""name"": ""wafer_particles.pattern.C04_Sector_Edge"", ""radial_beta_alpha"": 1.2517314507191761, ""radial_beta_beta"": 3.382901437016642, ""schema_version"": ""wafer_particles.pattern_config.v1"", ""side"": ""right"", ""theta_vonmises_kappa"": 3.184292389768295, ""wafer_radius_mm"": 150.0}",840
sample_000841,C04_Sector_Edge,54,"{""angle_center_rad"": 1.6480616475339767, ""angle_width_deg"": 33.873261220091656, ""edge_width_ratio"": 0.2997859108071849, ""n_particles"": 54, ""name"": ""wafer_particles.pattern.C04_Sector_Edge"", ""radial_beta_alpha"": 1.7428004933931827, ""radial_beta_beta"": 3.3919878241165367, ""schema_version"": ""wafer_particles.pattern_config.v1"", ""side"": ""right"", ""theta_vonmises_kappa"": 8.92657145873847, ""wafer_radius_mm"": 150.0}",841
sample_000842,C02_EdgeBiased,177,"{""edge_bias"": 2.6984346200786997, ""n_particles"": 177, ""name"": ""wafer_particles.pattern.C02_EdgeBiased"", ""schema_version"": ""wafer_particles.pattern_config.v1"", ""wafer_radius_mm"": 150.0}",842
sample_000843,C05_Sector_Internal,37,"{""angle_center_rad"": 5.949322206791366, ""angle_width_deg"": 115.56727079185333, ""edge_margin_norm"": 0.05, ""n_particles"": 37, ""name"": ""wafer_particles.pattern.C05_Sector_Internal"", ""r_inner_ratio"": 0.11939704089732024, ""r_outer_ratio"": 0.848994690158615, ""radial_beta_alpha"": 3.9259715421702723, ""radial_beta_beta"": 3.946502900296735, ""schema_version"": ""wafer_particles.pattern_config.v1"", ""theta_vonmises_kappa"": 6.557414411737932, ""wafer_radius_mm"": 150.0}",843
sample_000844,C02_EdgeBiased,156,"{""edge_bias"": 1.5389265985906502, ""n_particles"": 156, ""name"": ""wafer_particles.pattern.C02_EdgeBiased"", ""schema_version"": ""wafer_particles.pattern_config.v1"", ""wafer_radius_mm"": 150.0}",844
sample_000845,C10_Hotspot_Iso,191,"{""center_angle"": ""random"", ""center_angle_rad"": 5.859513807179953, ""center_radius_ratio"": 0.3383491103199191, ""mode"": ""random"", ""n_particles"": 191, ""name"": ""wafer_particles.pattern.C10_Hotspot_Iso"", ""schema_version"": ""wafer_particles.pattern_config.v1"", ""sigma_ratio"": 0.032159256134942596, ""wafer_radius_mm"": 150.0}",845
sample_000846,C01_Uniform,95,"{""n_particles"": 95, ""name"": ""wafer_particles.pattern.C01_Uniform"", ""schema_version"": ""wafer_particles.pattern_config.v1"", ""wafer_radius_mm"": 150.0}",846
sample_000847,C10_Hotspot_Iso,81,"{""center_angle"": ""random"", ""center_angle_rad"": 3.064459611617206, ""center_radius_ratio"": 0.8208808991357301, ""mode"": ""random"", ""n_particles"": 81, ""name"": ""wafer_particles.pattern.C10_Hotspot_Iso"", ""schema_version"": ""wafer_particles.pattern_config.v1"", ""sigma_ratio"": 0.06735105277021405, ""wafer_radius_mm"": 150.0}",847
sample_000848,C01_Uniform,11,"{""n_particles"": 11, ""name"": ""wafer_particles.pattern.C01_Uniform"", ""schema_version"": ""wafer_particles.pattern_config.v1"", ""wafer_radius_mm"": 150.0}",848
sample_000849,C09_Spiral,128,"{""end_r_ratio"": 0.7939390495607733, ""n_particles"": 128, ""name"": ""wafer_particles.pattern.C09_Spiral"", ""schema_version"": ""wafer_particles.pattern_config.v1"", ""start_r_ratio"": 0.12439932101858106, ""theta_max"": 8.27466290803268, ""wafer_radius_mm"": 150.0, ""width_ratio"": 0.046633167150577234}",849
sample_000850,C05_Sector_Internal,77,"{""angle_center_rad"": 4.1276119231316235, ""angle_width_deg"": 71.05103013983968, ""edge_margin_norm"": 0.05, ""n_particles"": 77, ""name"": ""wafer_particles.pattern.C05_Sector_Internal"", ""r_inner_ratio"": 0.32423281371986834, ""r_outer_ratio"": 0.5475497924625135, ""radial_beta_alpha"": 2.3969438129339413, ""radial_beta_beta"": 2.343469954982273, ""schema_version"": ""wafer_particles.pattern_config.v1"", ""theta_vonmises_kappa"": 4.920407455503966, ""wafer_radius_mm"": 150.0}",850
sample_000851,C06_RadialLines,37,"{""angular_jitter_deg"": 0.036223660327431295, ""n_lines"": 6, ""n_particles"": 37, ""name"": ""wafer_particles.pattern.C06_RadialLines"", ""r_max_ratio"": 0.8676925088104741, ""r_min_ratio"": 0.27199810565925503, ""schema_version"": ""wafer_particles.pattern_config.v1"", ""sigma_perp_ratio"": 0.010271029003174639, ""wafer_radius_mm"": 150.0}",851
sample_000852,C09_Spiral,189,"{""end_r_ratio"": 0.7423430903322074, ""n_particles"": 189, ""name"": ""wafer_particles.pattern.C09_Spiral"", ""schema_version"": ""wafer_particles.pattern_config.v1"", ""start_r_ratio"": 0.12415310398112062, ""theta_max"": 12.2103102052573, ""wafer_radius_mm"": 150.0, ""width_ratio"": 0.03151872626006876}",852
sample_000853,C10_Hotspot_Iso,152,"{""center_angle"": ""random"", ""center_angle_rad"": 4.515743785559834, ""center_radius_ratio"": 0.7130698826017391, ""mode"": ""random"", ""n_particles"": 152, ""name"": ""wafer_particles.pattern.C10_Hotspot_Iso"", ""schema_version"": ""wafer_particles.pattern_config.v1"", ""sigma_ratio"": 0.08677622808635874, ""wafer_radius_mm"": 150.0}",853
sample_000854,C01_Uniform,163,"{""n_particles"": 163, ""name"": ""wafer_particles.pattern.C01_Uniform"", ""schema_version"": ""wafer_particles.pattern_config.v1"", ""wafer_radius_mm"": 150.0}",854
sample_000855,C04_Sector_Edge,132,"{""angle_center_rad"": 1.6009515770178808, ""angle_width_deg"": 43.101518368615984, ""edge_width_ratio"": 0.2562362374808292, ""n_particles"": 132, ""name"": ""wafer_particles.pattern.C04_Sector_Edge"", ""radial_beta_alpha"": 2.499683618032416, ""radial_beta_beta"": 2.680150963893376, ""schema_version"": ""wafer_particles.pattern_config.v1"", ""side"": ""right"", ""theta_vonmises_kappa"": 6.124395208156779, ""wafer_radius_mm"": 150.0}",855
sample_000856,C04_Sector_Edge,99,"{""angle_center_rad"": 5.058069531471338, ""angle_width_deg"": 36.13604106799446, ""edge_width_ratio"": 0.16168816236333444, ""n_particles"": 99, ""name"": ""wafer_particles.pattern.C04_Sector_Edge"", ""radial_beta_alpha"": 2.2918171686776994, ""radial_beta_beta"": 3.243903757781689, ""schema_version"": ""wafer_particles.pattern_config.v1"", ""side"": ""right"", ""theta_vonmises_kappa"": 9.716125372952657, ""wafer_radius_mm"": 150.0}",856
sample_000857,C07_StraightLine,102,"{""angle_deg"": 143.56370281408854, ""n_particles"": 102, ""name"": ""wafer_particles.pattern.C07_StraightLine"", ""offset_ratio"": 0.09491440356866758, ""schema_version"": ""wafer_particles.pattern_config.v1"", ""segment_half_length_ratio"": 0.7843512080377572, ""wafer_radius_mm"": 150.0, ""width_ratio"": 0.02302473341372829}",857
sample_000858,C10_Hotspot_Iso,168,"{""center_angle"": ""random"", ""center_angle_rad"": 4.334445928475126, ""center_radius_ratio"": 0.3386751112102424, ""mode"": ""random"", ""n_particles"": 168, ""name"": ""wafer_particles.pattern.C10_Hotspot_Iso"", ""schema_version"": ""wafer_particles.pattern_config.v1"", ""sigma_ratio"": 0.10163190068632529, ""wafer_radius_mm"": 150.0}",858
sample_000859,C09_Spiral,56,"{""end_r_ratio"": 0.9716160565367278, ""n_particles"": 56, ""name"": ""wafer_particles.pattern.C09_Spiral"", ""schema_version"": ""wafer_particles.pattern_config.v1"", ""start_r_ratio"": 0.1677906156229409, ""theta_max"": 11.6898049554154, ""wafer_radius_mm"": 150.0, ""width_ratio"": 0.006080599377736374}",859
sample_000860,C01_Uniform,34,"{""n_particles"": 34, ""name"": ""wafer_particles.pattern.C01_Uniform"", ""schema_version"": ""wafer_particles.pattern_config.v1"", ""wafer_radius_mm"": 150.0}",860
sample_000861,C04_Sector_Edge,108,"{""angle_center_rad"": 1.5438943972386392, ""angle_width_deg"": 40.98337820505858, ""edge_width_ratio"": 0.17745157988610516, ""n_particles"": 108, ""name"": ""wafer_particles.pattern.C04_Sector_Edge"", ""radial_beta_alpha"": 3.892980308863415, ""radial_beta_beta"": 3.473480703116958, ""schema_version"": ""wafer_particles.pattern_config.v1"", ""side"": ""right"", ""theta_vonmises_kappa"": 9.272173914458445, ""wafer_radius_mm"": 150.0}",861
sample_000862,C09_Spiral,34,"{""end_r_ratio"": 0.7390636013475193, ""n_particles"": 34, ""name"": ""wafer_particles.pattern.C09_Spiral"", ""schema_version"": ""wafer_particles.pattern_config.v1"", ""start_r_ratio"": 0.18226981085181576, ""theta_max"": 13.750074365001026, ""wafer_radius_mm"": 150.0, ""width_ratio"": 0.04739858319124201}",862
sample_000863,C05_Sector_Internal,132,"{""angle_center_rad"": 4.858695106815291, ""angle_width_deg"": 35.119483813391675, ""edge_margin_norm"": 0.05, ""n_particles"": 132, ""name"": ""wafer_particles.pattern.C05_Sector_Internal"", ""r_inner_ratio"": 0.24028263835023728, ""r_outer_ratio"": 0.6118490399869781, ""radial_beta_alpha"": 3.8586649271297047, ""radial_beta_beta"": 2.1299939572917204, ""schema_version"": ""wafer_particles.pattern_config.v1"", ""theta_vonmises_kappa"": 6.046812709427081, ""wafer_radius_mm"": 150.0}",863
sample_000864,C09_Spiral,104,"{""end_r_ratio"": 0.7752522980503705, ""n_particles"": 104, ""name"": ""wafer_particles.pattern.C09_Spiral"", ""schema_version"": ""wafer_particles.pattern_config.v1"", ""start_r_ratio"": 0.0726884281362293, ""theta_max"": 14.382606330505812, ""wafer_radius_mm"": 150.0, ""width_ratio"": 0.019721521143562737}",864
sample_000865,C04_Sector_Edge,161,"{""angle_center_rad"": 2.203971990240061, ""angle_width_deg"": 80.2807993304817, ""edge_width_ratio"": 0.21823861214918122, ""n_particles"": 161, ""name"": ""wafer_particles.pattern.C04_Sector_Edge"", ""radial_beta_alpha"": 2.791659940879315, ""radial_beta_beta"": 1.293985336965841, ""schema_version"": ""wafer_particles.pattern_config.v1"", ""side"": ""right"", ""theta_vonmises_kappa"": 6.014487550029082, ""wafer_radius_mm"": 150.0}",865
sample_000866,C01_Uniform,173,"{""n_particles"": 173, ""name"": ""wafer_particles.pattern.C01_Uniform"", ""schema_version"": ""wafer_particles.pattern_config.v1"", ""wafer_radius_mm"": 150.0}",866
sample_000867,C02_EdgeBiased,193,"{""edge_bias"": 3.207145902884961, ""n_particles"": 193, ""name"": ""wafer_particles.pattern.C02_EdgeBiased"", ""schema_version"": ""wafer_particles.pattern_config.v1"", ""wafer_radius_mm"": 150.0}",867
sample_000868,C08_CurvedScratch,166,"{""angle_center_deg"": 0.0, ""angle_center_rad"": 2.6984431418533665, ""arc_radius_ratio"": 0.7251668726803996, ""n_particles"": 166, ""name"": ""wafer_particles.pattern.C08_CurvedScratch"", ""schema_version"": ""wafer_particles.pattern_config.v1"", ""span_deg"": 34.4480915529257, ""wafer_radius_mm"": 150.0, ""width_ratio"": 0.04889324600502995}",868
sample_000869,C02_EdgeBiased,10,"{""edge_bias"": 2.6586623676263295, ""n_particles"": 10, ""name"": ""wafer_particles.pattern.C02_EdgeBiased"", ""schema_version"": ""wafer_particles.pattern_config.v1"", ""wafer_radius_mm"": 150.0}",869
sample_000870,C09_Spiral,188,"{""end_r_ratio"": 0.7645483399616341, ""n_particles"": 188, ""name"": ""wafer_particles.pattern.C09_Spiral"", ""schema_version"": ""wafer_particles.pattern_config.v1"", ""start_r_ratio"": 0.24527731712381717, ""theta_max"": 15.961019128006244, ""wafer_radius_mm"": 150.0, ""width_ratio"": 0.0053130205668806855}",870
sample_000871,C08_CurvedScratch,24,"{""angle_center_deg"": 0.0, ""angle_center_rad"": 1.68550266133673, ""arc_radius_ratio"": 0.4760924119508229, ""n_particles"": 24, ""name"": ""wafer_particles.pattern.C08_CurvedScratch"", ""schema_version"": ""wafer_particles.pattern_config.v1"", ""span_deg"": 110.31049563563367, ""wafer_radius_mm"": 150.0, ""width_ratio"": 0.0344736524999642}",871
sample_000872,C07_StraightLine,21,"{""angle_deg"": 105.47445204847409, ""n_particles"": 21, ""name"": ""wafer_particles.pattern.C07_StraightLine"", ""offset_ratio"": -0.015121876417954483, ""schema_version"": ""wafer_particles.pattern_config.v1"", ""segment_half_length_ratio"": 0.3002940193599715, ""wafer_radius_mm"": 150.0, ""width_ratio"": 0.027047803788719415}",872
sample_000873,C01_Uniform,74,"{""n_particles"": 74, ""name"": ""wafer_particles.pattern.C01_Uniform"", ""schema_version"": ""wafer_particles.pattern_config.v1"", ""wafer_radius_mm"": 150.0}",873
sample_000874,C05_Sector_Internal,180,"{""angle_center_rad"": 6.080982143976978, ""angle_width_deg"": 67.64845382242838, ""edge_margin_norm"": 0.05, ""n_particles"": 180, ""name"": ""wafer_particles.pattern.C05_Sector_Internal"", ""r_inner_ratio"": 0.09630763819436411, ""r_outer_ratio"": 0.602655999336087, ""radial_beta_alpha"": 2.595833124421917, ""radial_beta_beta"": 3.76276699351672, ""schema_version"": ""wafer_particles.pattern_config.v1"", ""theta_vonmises_kappa"": 7.266452918196245, ""wafer_radius_mm"": 150.0}",874
sample_000875,C08_CurvedScratch,61,"{""angle_center_deg"": 0.0, ""angle_center_rad"": 5.858078677480771, ""arc_radius_ratio"": 0.8365535925055532, ""n_particles"": 61, ""name"": ""wafer_particles.pattern.C08_CurvedScratch"", ""schema_version"": ""wafer_particles.pattern_config.v1"", ""span_deg"": 115.92250203370293, ""wafer_radius_mm"": 150.0, ""width_ratio"": 0.05614911718352023}",875
sample_000876,C05_Sector_Internal,169,"{""angle_center_rad"": 3.7187338078774537, ""angle_width_deg"": 90.83852115428449, ""edge_margin_norm"": 0.05, ""n_particles"": 169, ""name"": ""wafer_particles.pattern.C05_Sector_Internal"", ""r_inner_ratio"": 0.14372704185617807, ""r_outer_ratio"": 0.5416208052460709, ""radial_beta_alpha"": 3.1187166748910546, ""radial_beta_beta"": 1.3210810066335041, ""schema_version"": ""wafer_particles.pattern_config.v1"", ""theta_vonmises_kappa"": 5.545126894816935, ""wafer_radius_mm"": 150.0}",876
sample_000877,C10_Hotspot_Iso,107,"{""center_angle"": ""random"", ""center_angle_rad"": 3.464840949258674, ""center_radius_ratio"": 0.3651060081233494, ""mode"": ""random"", ""n_particles"": 107, ""name"": ""wafer_particles.pattern.C10_Hotspot_Iso"", ""schema_version"": ""wafer_particles.pattern_config.v1"", ""sigma_ratio"": 0.03429342917370451, ""wafer_radius_mm"": 150.0}",877
sample_000878,C08_CurvedScratch,112,"{""angle_center_deg"": 0.0, ""angle_center_rad"": 4.149223661164962, ""arc_radius_ratio"": 0.8409313981360038, ""n_particles"": 112, ""name"": ""wafer_particles.pattern.C08_CurvedScratch"", ""schema_version"": ""wafer_particles.pattern_config.v1"", ""span_deg"": 134.91275328475814, ""wafer_radius_mm"": 150.0, ""width_ratio"": 0.018567149079953923}",878
sample_000879,C04_Sector_Edge,163,"{""angle_center_rad"": 1.5646593907762638, ""angle_width_deg"": 23.967983301012836, ""edge_width_ratio"": 0.1600709470438174, ""n_particles"": 163, ""name"": ""wafer_particles.pattern.C04_Sector_Edge"", ""radial_beta_alpha"": 1.6598561068326418, ""radial_beta_beta"": 2.86400591852419, ""schema_version"": ""wafer_particles.pattern_config.v1"", ""side"": ""right"", ""theta_vonmises_kappa"": 9.389818458725466, ""wafer_radius_mm"": 150.0}",879
sample_000880,C08_CurvedScratch,131,"{""angle_center_deg"": 0.0, ""angle_center_rad"": 2.4798571881402283, ""arc_radius_ratio"": 0.6588817421813402, ""n_particles"": 131, ""name"": ""wafer_particles.pattern.C08_CurvedScratch"", ""schema_version"": ""wafer_particles.pattern_config.v1"", ""span_deg"": 81.6614321240203, ""wafer_radius_mm"": 150.0, ""width_ratio"": 0.053388015360287165}",880
sample_000881,C02_EdgeBiased,195,"{""edge_bias"": 2.56379659430104, ""n_particles"": 195, ""name"": ""wafer_particles.pattern.C02_EdgeBiased"", ""schema_version"": ""wafer_particles.pattern_config.v1"", ""wafer_radius_mm"": 150.0}",881
sample_000882,C03_Ring,140,"{""n_particles"": 140, ""name"": ""wafer_particles.pattern.C03_Ring"", ""radius_ratio"": 0.7633925954625391, ""schema_version"": ""wafer_particles.pattern_config.v1"", ""wafer_radius_mm"": 150.0, ""width_ratio"": 0.07301969298851724}",882
sample_000883,C06_RadialLines,33,"{""angular_jitter_deg"": 3.246880146395406, ""n_lines"": 4, ""n_particles"": 33, ""name"": ""wafer_particles.pattern.C06_RadialLines"", ""r_max_ratio"": 0.829679678644398, ""r_min_ratio"": 0.2803465914687627, ""schema_version"": ""wafer_particles.pattern_config.v1"", ""sigma_perp_ratio"": 0.029752883508066593, ""wafer_radius_mm"": 150.0}",883
sample_000884,C01_Uniform,194,"{""n_particles"": 194, ""name"": ""wafer_particles.pattern.C01_Uniform"", ""schema_version"": ""wafer_particles.pattern_config.v1"", ""wafer_radius_mm"": 150.0}",884
sample_000885,C02_EdgeBiased,168,"{""edge_bias"": 3.3588309789999804, ""n_particles"": 168, ""name"": ""wafer_particles.pattern.C02_EdgeBiased"", ""schema_version"": ""wafer_particles.pattern_config.v1"", ""wafer_radius_mm"": 150.0}",885
sample_000886,C01_Uniform,110,"{""n_particles"": 110, ""name"": ""wafer_particles.pattern.C01_Uniform"", ""schema_version"": ""wafer_particles.pattern_config.v1"", ""wafer_radius_mm"": 150.0}",886
sample_000887,C02_EdgeBiased,52,"{""edge_bias"": 2.4923663876621576, ""n_particles"": 52, ""name"": ""wafer_particles.pattern.C02_EdgeBiased"", ""schema_version"": ""wafer_particles.pattern_config.v1"", ""wafer_radius_mm"": 150.0}",887
sample_000888,C01_Uniform,135,"{""n_particles"": 135, ""name"": ""wafer_particles.pattern.C01_Uniform"", ""schema_version"": ""wafer_particles.pattern_config.v1"", ""wafer_radius_mm"": 150.0}",888
sample_000889,C05_Sector_Internal,167,"{""angle_center_rad"": 0.7843923934808341, ""angle_width_deg"": 75.3391296484371, ""edge_margin_norm"": 0.05, ""n_particles"": 167, ""name"": ""wafer_particles.pattern.C05_Sector_Internal"", ""r_inner_ratio"": 0.25657625136908696, ""r_outer_ratio"": 0.647795477650848, ""radial_beta_alpha"": 1.3118807458886175, ""radial_beta_beta"": 1.8839083530211673, ""schema_version"": ""wafer_particles.pattern_config.v1"", ""theta_vonmises_kappa"": 3.72164075414598, ""wafer_radius_mm"": 150.0}",889
sample_000890,C06_RadialLines,130,"{""angular_jitter_deg"": 3.1322012639737817, ""n_lines"": 6, ""n_particles"": 130, ""name"": ""wafer_particles.pattern.C06_RadialLines"", ""r_max_ratio"": 0.7830927692291847, ""r_min_ratio"": 0.174293520008563, ""schema_version"": ""wafer_particles.pattern_config.v1"", ""sigma_perp_ratio"": 0.011512740093149634, ""wafer_radius_mm"": 150.0}",890
sample_000891,C10_Hotspot_Iso,68,"{""center_angle"": ""random"", ""center_angle_rad"": 2.495121140172153, ""center_radius_ratio"": 0.8384759659422583, ""mode"": ""random"", ""n_particles"": 68, ""name"": ""wafer_particles.pattern.C10_Hotspot_Iso"", ""schema_version"": ""wafer_particles.pattern_config.v1"", ""sigma_ratio"": 0.11666270537652676, ""wafer_radius_mm"": 150.0}",891
sample_000892,C10_Hotspot_Iso,184,"{""center_angle"": ""random"", ""center_angle_rad"": 2.4486080248191064, ""center_radius_ratio"": 0.16915637689030075, ""mode"": ""random"", ""n_particles"": 184, ""name"": ""wafer_particles.pattern.C10_Hotspot_Iso"", ""schema_version"": ""wafer_particles.pattern_config.v1"", ""sigma_ratio"": 0.04902886050780957, ""wafer_radius_mm"": 150.0}",892
sample_000893,C05_Sector_Internal,20,"{""angle_center_rad"": 4.96693380895649, ""angle_width_deg"": 80.65997856298205, ""edge_margin_norm"": 0.05, ""n_particles"": 20, ""name"": ""wafer_particles.pattern.C05_Sector_Internal"", ""r_inner_ratio"": 0.15819328402435018, ""r_outer_ratio"": 0.5040954623887427, ""radial_beta_alpha"": 3.2578884387986826, ""radial_beta_beta"": 2.1360611917227272, ""schema_version"": ""wafer_particles.pattern_config.v1"", ""theta_vonmises_kappa"": 7.528039504500674, ""wafer_radius_mm"": 150.0}",893
sample_000894,C10_Hotspot_Iso,54,"{""center_angle"": ""random"", ""center_angle_rad"": 2.2780943017266138, ""center_radius_ratio"": 0.5078322004338814, ""mode"": ""random"", ""n_particles"": 54, ""name"": ""wafer_particles.pattern.C10_Hotspot_Iso"", ""schema_version"": ""wafer_particles.pattern_config.v1"", ""sigma_ratio"": 0.03443129783532191, ""wafer_radius_mm"": 150.0}",894
sample_000895,C01_Uniform,104,"{""n_particles"": 104, ""name"": ""wafer_particles.pattern.C01_Uniform"", ""schema_version"": ""wafer_particles.pattern_config.v1"", ""wafer_radius_mm"": 150.0}",895
sample_000896,C01_Uniform,140,"{""n_particles"": 140, ""name"": ""wafer_particles.pattern.C01_Uniform"", ""schema_version"": ""wafer_particles.pattern_config.v1"", ""wafer_radius_mm"": 150.0}",896
sample_000897,C04_Sector_Edge,192,"{""angle_center_rad"": 6.17802247681392, ""angle_width_deg"": 25.467927061251768, ""edge_width_ratio"": 0.10633734861466836, ""n_particles"": 192, ""name"": ""wafer_particles.pattern.C04_Sector_Edge"", ""radial_beta_alpha"": 1.7447654857456028, ""radial_beta_beta"": 2.14460252143781, ""schema_version"": ""wafer_particles.pattern_config.v1"", ""side"": ""right"", ""theta_vonmises_kappa"": 4.672792070096183, ""wafer_radius_mm"": 150.0}",897
sample_000898,C02_EdgeBiased,156,"{""edge_bias"": 3.1796041979278047, ""n_particles"": 156, ""name"": ""wafer_particles.pattern.C02_EdgeBiased"", ""schema_version"": ""wafer_particles.pattern_config.v1"", ""wafer_radius_mm"": 150.0}",898
sample_000899,C09_Spiral,162,"{""end_r_ratio"": 0.9508573732105646, ""n_particles"": 162, ""name"": ""wafer_particles.pattern.C09_Spiral"", ""schema_version"": ""wafer_particles.pattern_config.v1"", ""start_r_ratio"": 0.28920318394401756, ""theta_max"": 14.403607376376957, ""wafer_radius_mm"": 150.0, ""width_ratio"": 0.04135541609039026}",899
sample_000900,C02_EdgeBiased,63,"{""edge_bias"": 2.6978146243006798, ""n_particles"": 63, ""name"": ""wafer_particles.pattern.C02_EdgeBiased"", ""schema_version"": ""wafer_particles.pattern_config.v1"", ""wafer_radius_mm"": 150.0}",900
sample_000901,C04_Sector_Edge,70,"{""angle_center_rad"": 0.3488406779162973, ""angle_width_deg"": 56.3050366164589, ""edge_width_ratio"": 0.18482123757669272, ""n_particles"": 70, ""name"": ""wafer_particles.pattern.C04_Sector_Edge"", ""radial_beta_alpha"": 1.3338370793952046, ""radial_beta_beta"": 3.0624023549495702, ""schema_version"": ""wafer_particles.pattern_config.v1"", ""side"": ""right"", ""theta_vonmises_kappa"": 1.1118660970206107, ""wafer_radius_mm"": 150.0}",901
sample_000902,C08_CurvedScratch,123,"{""angle_center_deg"": 0.0, ""angle_center_rad"": 4.942136108340193, ""arc_radius_ratio"": 0.7738534531338521, ""n_particles"": 123, ""name"": ""wafer_particles.pattern.C08_CurvedScratch"", ""schema_version"": ""wafer_particles.pattern_config.v1"", ""span_deg"": 129.72411335026473, ""wafer_radius_mm"": 150.0, ""width_ratio"": 0.021917898914674647}",902
sample_000903,C03_Ring,161,"{""n_particles"": 161, ""name"": ""wafer_particles.pattern.C03_Ring"", ""radius_ratio"": 0.4534315545619304, ""schema_version"": ""wafer_particles.pattern_config.v1"", ""wafer_radius_mm"": 150.0, ""width_ratio"": 0.042728413407319935}",903
sample_000904,C03_Ring,48,"{""n_particles"": 48, ""name"": ""wafer_particles.pattern.C03_Ring"", ""radius_ratio"": 0.6482846088652314, ""schema_version"": ""wafer_particles.pattern_config.v1"", ""wafer_radius_mm"": 150.0, ""width_ratio"": 0.042785604265855946}",904
sample_000905,C08_CurvedScratch,162,"{""angle_center_deg"": 0.0, ""angle_center_rad"": 6.126014324381202, ""arc_radius_ratio"": 0.7421374337080688, ""n_particles"": 162, ""name"": ""wafer_particles.pattern.C08_CurvedScratch"", ""schema_version"": ""wafer_particles.pattern_config.v1"", ""span_deg"": 92.69326827217056, ""wafer_radius_mm"": 150.0, ""width_ratio"": 0.057187283546289804}",905
sample_000906,C09_Spiral,178,"{""end_r_ratio"": 0.7624022090057361, ""n_particles"": 178, ""name"": ""wafer_particles.pattern.C09_Spiral"", ""schema_version"": ""wafer_particles.pattern_config.v1"", ""start_r_ratio"": 0.03694442164867353, ""theta_max"": 9.225399134822174, ""wafer_radius_mm"": 150.0, ""width_ratio"": 0.04774264153558731}",906
sample_000907,C08_CurvedScratch,82,"{""angle_center_deg"": 0.0, ""angle_center_rad"": 2.113116787953797, ""arc_radius_ratio"": 0.8105699588687703, ""n_particles"": 82, ""name"": ""wafer_particles.pattern.C08_CurvedScratch"", ""schema_version"": ""wafer_particles.pattern_config.v1"", ""span_deg"": 82.12277652045437, ""wafer_radius_mm"": 150.0, ""width_ratio"": 0.02275882673994163}",907
sample_000908,C09_Spiral,62,"{""end_r_ratio"": 0.8228574872987142, ""n_particles"": 62, ""name"": ""wafer_particles.pattern.C09_Spiral"", ""schema_version"": ""wafer_particles.pattern_config.v1"", ""start_r_ratio"": 0.15027290369150437, ""theta_max"": 15.198128755025465, ""wafer_radius_mm"": 150.0, ""width_ratio"": 0.015084039799160794}",908
sample_000909,C10_Hotspot_Iso,100,"{""center_angle"": ""random"", ""center_angle_rad"": 4.108345927675075, ""center_radius_ratio"": 0.22347435192674975, ""mode"": ""random"", ""n_particles"": 100, ""name"": ""wafer_particles.pattern.C10_Hotspot_Iso"", ""schema_version"": ""wafer_particles.pattern_config.v1"", ""sigma_ratio"": 0.07567495598920922, ""wafer_radius_mm"": 150.0}",909
sample_000910,C01_Uniform,125,"{""n_particles"": 125, ""name"": ""wafer_particles.pattern.C01_Uniform"", ""schema_version"": ""wafer_particles.pattern_config.v1"", ""wafer_radius_mm"": 150.0}",910
sample_000911,C09_Spiral,152,"{""end_r_ratio"": 0.7382769831936806, ""n_particles"": 152, ""name"": ""wafer_particles.pattern.C09_Spiral"", ""schema_version"": ""wafer_particles.pattern_config.v1"", ""start_r_ratio"": 0.1487786143234762, ""theta_max"": 13.367577428277542, ""wafer_radius_mm"": 150.0, ""width_ratio"": 0.010635050765338199}",911
sample_000912,C02_EdgeBiased,45,"{""edge_bias"": 2.8413090631380604, ""n_particles"": 45, ""name"": ""wafer_particles.pattern.C02_EdgeBiased"", ""schema_version"": ""wafer_particles.pattern_config.v1"", ""wafer_radius_mm"": 150.0}",912
sample_000913,C08_CurvedScratch,186,"{""angle_center_deg"": 0.0, ""angle_center_rad"": 2.3981725986152593, ""arc_radius_ratio"": 0.42865064215995735, ""n_particles"": 186, ""name"": ""wafer_particles.pattern.C08_CurvedScratch"", ""schema_version"": ""wafer_particles.pattern_config.v1"", ""span_deg"": 80.38328273198036, ""wafer_radius_mm"": 150.0, ""width_ratio"": 0.015014888428268865}",913
sample_000914,C08_CurvedScratch,98,"{""angle_center_deg"": 0.0, ""angle_center_rad"": 1.3043380595755592, ""arc_radius_ratio"": 0.4728183083821806, ""n_particles"": 98, ""name"": ""wafer_particles.pattern.C08_CurvedScratch"", ""schema_version"": ""wafer_particles.pattern_config.v1"", ""span_deg"": 65.44518148806544, ""wafer_radius_mm"": 150.0, ""width_ratio"": 0.025267914620051703}",914
sample_000915,C03_Ring,38,"{""n_particles"": 38, ""name"": ""wafer_particles.pattern.C03_Ring"", ""radius_ratio"": 0.8748474431592905, ""schema_version"": ""wafer_particles.pattern_config.v1"", ""wafer_radius_mm"": 150.0, ""width_ratio"": 0.12449771799973687}",915
sample_000916,C03_Ring,135,"{""n_particles"": 135, ""name"": ""wafer_particles.pattern.C03_Ring"", ""radius_ratio"": 0.6515527235068265, ""schema_version"": ""wafer_particles.pattern_config.v1"", ""wafer_radius_mm"": 150.0, ""width_ratio"": 0.14437419774399182}",916
sample_000917,C02_EdgeBiased,56,"{""edge_bias"": 1.8607144650549146, ""n_particles"": 56, ""name"": ""wafer_particles.pattern.C02_EdgeBiased"", ""schema_version"": ""wafer_particles.pattern_config.v1"", ""wafer_radius_mm"": 150.0}",917
sample_000918,C10_Hotspot_Iso,104,"{""center_angle"": ""random"", ""center_angle_rad"": 3.6691233164730472, ""center_radius_ratio"": 0.3548116893653832, ""mode"": ""random"", ""n_particles"": 104, ""name"": ""wafer_particles.pattern.C10_Hotspot_Iso"", ""schema_version"": ""wafer_particles.pattern_config.v1"", ""sigma_ratio"": 0.05092564855271247, ""wafer_radius_mm"": 150.0}",918
sample_000919,C05_Sector_Internal,98,"{""angle_center_rad"": 3.1442629786399983, ""angle_width_deg"": 64.11531592864903, ""edge_margin_norm"": 0.05, ""n_particles"": 98, ""name"": ""wafer_particles.pattern.C05_Sector_Internal"", ""r_inner_ratio"": 0.36706092670583296, ""r_outer_ratio"": 0.7584669939928321, ""radial_beta_alpha"": 1.6159339273575852, ""radial_beta_beta"": 1.710536931591988, ""schema_version"": ""wafer_particles.pattern_config.v1"", ""theta_vonmises_kappa"": 0.46211913032975804, ""wafer_radius_mm"": 150.0}",919
sample_000920,C06_RadialLines,10,"{""angular_jitter_deg"": 4.756021954301474, ""n_lines"": 4, ""n_particles"": 10, ""name"": ""wafer_particles.pattern.C06_RadialLines"", ""r_max_ratio"": 0.6256090078935584, ""r_min_ratio"": 0.06429323987568601, ""schema_version"": ""wafer_particles.pattern_config.v1"", ""sigma_perp_ratio"": 0.028847347318286035, ""wafer_radius_mm"": 150.0}",920
sample_000921,C02_EdgeBiased,158,"{""edge_bias"": 2.415509584625898, ""n_particles"": 158, ""name"": ""wafer_particles.pattern.C02_EdgeBiased"", ""schema_version"": ""wafer_particles.pattern_config.v1"", ""wafer_radius_mm"": 150.0}",921
sample_000922,C08_CurvedScratch,21,"{""angle_center_deg"": 0.0, ""angle_center_rad"": 3.5703465989514895, ""arc_radius_ratio"": 0.8467704206374045, ""n_particles"": 21, ""name"": ""wafer_particles.pattern.C08_CurvedScratch"", ""schema_version"": ""wafer_particles.pattern_config.v1"", ""span_deg"": 43.170947362150265, ""wafer_radius_mm"": 150.0, ""width_ratio"": 0.03423413641137872}",922
sample_000923,C08_CurvedScratch,160,"{""angle_center_deg"": 0.0, ""angle_center_rad"": 4.456626022990996, ""arc_radius_ratio"": 0.7505046203906545, ""n_particles"": 160, ""name"": ""wafer_particles.pattern.C08_CurvedScratch"", ""schema_version"": ""wafer_particles.pattern_config.v1"", ""span_deg"": 122.41127461156456, ""wafer_radius_mm"": 150.0, ""width_ratio"": 0.04261659176518183}",923
sample_000924,C06_RadialLines,157,"{""angular_jitter_deg"": 3.031892169426329, ""n_lines"": 4, ""n_particles"": 157, ""name"": ""wafer_particles.pattern.C06_RadialLines"", ""r_max_ratio"": 0.83124460195802, ""r_min_ratio"": 0.05811161904626422, ""schema_version"": ""wafer_particles.pattern_config.v1"", ""sigma_perp_ratio"": 0.003655360399802606, ""wafer_radius_mm"": 150.0}",924
sample_000925,C04_Sector_Edge,136,"{""angle_center_rad"": 4.179745075808686, ""angle_width_deg"": 87.60487986179581, ""edge_width_ratio"": 0.23899205247325112, ""n_particles"": 136, ""name"": ""wafer_particles.pattern.C04_Sector_Edge"", ""radial_beta_alpha"": 3.009003786755974, ""radial_beta_beta"": 2.731461955902275, ""schema_version"": ""wafer_particles.pattern_config.v1"", ""side"": ""right"", ""theta_vonmises_kappa"": 5.229264350311016, ""wafer_radius_mm"": 150.0}",925
sample_000926,C03_Ring,37,"{""n_particles"": 37, ""name"": ""wafer_particles.pattern.C03_Ring"", ""radius_ratio"": 0.75323911856727, ""schema_version"": ""wafer_particles.pattern_config.v1"", ""wafer_radius_mm"": 150.0, ""width_ratio"": 0.07149347042832813}",926
sample_000927,C10_Hotspot_Iso,45,"{""center_angle"": ""random"", ""center_angle_rad"": 2.6995118527380475, ""center_radius_ratio"": 0.26905271996801094, ""mode"": ""random"", ""n_particles"": 45, ""name"": ""wafer_particles.pattern.C10_Hotspot_Iso"", ""schema_version"": ""wafer_particles.pattern_config.v1"", ""sigma_ratio"": 0.07276890146657236, ""wafer_radius_mm"": 150.0}",927
sample_000928,C01_Uniform,119,"{""n_particles"": 119, ""name"": ""wafer_particles.pattern.C01_Uniform"", ""schema_version"": ""wafer_particles.pattern_config.v1"", ""wafer_radius_mm"": 150.0}",928
sample_000929,C09_Spiral,40,"{""end_r_ratio"": 0.8773456833170508, ""n_particles"": 40, ""name"": ""wafer_particles.pattern.C09_Spiral"", ""schema_version"": ""wafer_particles.pattern_config.v1"", ""start_r_ratio"": 0.19521192267653983, ""theta_max"": 18.72863895089704, ""wafer_radius_mm"": 150.0, ""width_ratio"": 0.03082587865466861}",929
sample_000930,C05_Sector_Internal,39,"{""angle_center_rad"": 5.3424133214668315, ""angle_width_deg"": 65.56258380673083, ""edge_margin_norm"": 0.05, ""n_particles"": 39, ""name"": ""wafer_particles.pattern.C05_Sector_Internal"", ""r_inner_ratio"": 0.05081461082855686, ""r_outer_ratio"": 0.7649701357675, ""radial_beta_alpha"": 2.806283204846358, ""radial_beta_beta"": 1.8513077947160745, ""schema_version"": ""wafer_particles.pattern_config.v1"", ""theta_vonmises_kappa"": 1.1014615899229894, ""wafer_radius_mm"": 150.0}",930
sample_000931,C04_Sector_Edge,60,"{""angle_center_rad"": 4.046580612302714, ""angle_width_deg"": 32.56900242411805, ""edge_width_ratio"": 0.26657105654392693, ""n_particles"": 60, ""name"": ""wafer_particles.pattern.C04_Sector_Edge"", ""radial_beta_alpha"": 1.5619356514313867, ""radial_beta_beta"": 2.051350944562343, ""schema_version"": ""wafer_particles.pattern_config.v1"", ""side"": ""right"", ""theta_vonmises_kappa"": 8.314091372126034, ""wafer_radius_mm"": 150.0}",931
sample_000932,C01_Uniform,142,"{""n_particles"": 142, ""name"": ""wafer_particles.pattern.C01_Uniform"", ""schema_version"": ""wafer_particles.pattern_config.v1"", ""wafer_radius_mm"": 150.0}",932
sample_000933,C02_EdgeBiased,115,"{""edge_bias"": 2.018285856691234, ""n_particles"": 115, ""name"": ""wafer_particles.pattern.C02_EdgeBiased"", ""schema_version"": ""wafer_particles.pattern_config.v1"", ""wafer_radius_mm"": 150.0}",933
sample_000934,C02_EdgeBiased,175,"{""edge_bias"": 3.6629964957879855, ""n_particles"": 175, ""name"": ""wafer_particles.pattern.C02_EdgeBiased"", ""schema_version"": ""wafer_particles.pattern_config.v1"", ""wafer_radius_mm"": 150.0}",934
sample_000935,C03_Ring,104,"{""n_particles"": 104, ""name"": ""wafer_particles.pattern.C03_Ring"", ""radius_ratio"": 0.5338605803649112, ""schema_version"": ""wafer_particles.pattern_config.v1"", ""wafer_radius_mm"": 150.0, ""width_ratio"": 0.1897434542819693}",935
sample_000936,C03_Ring,184,"{""n_particles"": 184, ""name"": ""wafer_particles.pattern.C03_Ring"", ""radius_ratio"": 0.4408354154848697, ""schema_version"": ""wafer_particles.pattern_config.v1"", ""wafer_radius_mm"": 150.0, ""width_ratio"": 0.052136144322399255}",936
sample_000937,C04_Sector_Edge,80,"{""angle_center_rad"": 1.5556310681682433, ""angle_width_deg"": 57.882768468335485, ""edge_width_ratio"": 0.27561434134577195, ""n_particles"": 80, ""name"": ""wafer_particles.pattern.C04_Sector_Edge"", ""radial_beta_alpha"": 3.682607383317314, ""radial_beta_beta"": 1.2962300808151968, ""schema_version"": ""wafer_particles.pattern_config.v1"", ""side"": ""right"", ""theta_vonmises_kappa"": 5.558466093922345, ""wafer_radius_mm"": 150.0}",937
sample_000938,C03_Ring,141,"{""n_particles"": 141, ""name"": ""wafer_particles.pattern.C03_Ring"", ""radius_ratio"": 0.46701466631772215, ""schema_version"": ""wafer_particles.pattern_config.v1"", ""wafer_radius_mm"": 150.0, ""width_ratio"": 0.06720427647019647}",938
sample_000939,C04_Sector_Edge,27,"{""angle_center_rad"": 5.054331416531623, ""angle_width_deg"": 53.671949475399074, ""edge_width_ratio"": 0.2182812327479195, ""n_particles"": 27, ""name"": ""wafer_particles.pattern.C04_Sector_Edge"", ""radial_beta_alpha"": 2.6435623925278704, ""radial_beta_beta"": 3.226157724292186, ""schema_version"": ""wafer_particles.pattern_config.v1"", ""side"": ""right"", ""theta_vonmises_kappa"": 8.639285655502048, ""wafer_radius_mm"": 150.0}",939
sample_000940,C01_Uniform,105,"{""n_particles"": 105, ""name"": ""wafer_particles.pattern.C01_Uniform"", ""schema_version"": ""wafer_particles.pattern_config.v1"", ""wafer_radius_mm"": 150.0}",940
sample_000941,C08_CurvedScratch,175,"{""angle_center_deg"": 0.0, ""angle_center_rad"": 1.936238235101627, ""arc_radius_ratio"": 0.4186815538953976, ""n_particles"": 175, ""name"": ""wafer_particles.pattern.C08_CurvedScratch"", ""schema_version"": ""wafer_particles.pattern_config.v1"", ""span_deg"": 84.58361068489002, ""wafer_radius_mm"": 150.0, ""width_ratio"": 0.023265468462783587}",941
sample_000942,C05_Sector_Internal,90,"{""angle_center_rad"": 0.6555478801080921, ""angle_width_deg"": 35.402356072780776, ""edge_margin_norm"": 0.05, ""n_particles"": 90, ""name"": ""wafer_particles.pattern.C05_Sector_Internal"", ""r_inner_ratio"": 0.11711878418919508, ""r_outer_ratio"": 0.7660788858020765, ""radial_beta_alpha"": 1.6593667920118484, ""radial_beta_beta"": 1.7738461781043289, ""schema_version"": ""wafer_particles.pattern_config.v1"", ""theta_vonmises_kappa"": 7.748821396118544, ""wafer_radius_mm"": 150.0}",942
sample_000943,C08_CurvedScratch,131,"{""angle_center_deg"": 0.0, ""angle_center_rad"": 0.39693231933044976, ""arc_radius_ratio"": 0.7739004717075935, ""n_particles"": 131, ""name"": ""wafer_particles.pattern.C08_CurvedScratch"", ""schema_version"": ""wafer_particles.pattern_config.v1"", ""span_deg"": 135.8161412372795, ""wafer_radius_mm"": 150.0, ""width_ratio"": 0.04233481479375402}",943
sample_000944,C03_Ring,169,"{""n_particles"": 169, ""name"": ""wafer_particles.pattern.C03_Ring"", ""radius_ratio"": 0.6771732506161835, ""schema_version"": ""wafer_particles.pattern_config.v1"", ""wafer_radius_mm"": 150.0, ""width_ratio"": 0.11106864216163893}",944
sample_000945,C10_Hotspot_Iso,133,"{""center_angle"": ""random"", ""center_angle_rad"": 1.9347282674328548, ""center_radius_ratio"": 0.4629445742258241, ""mode"": ""random"", ""n_particles"": 133, ""name"": ""wafer_particles.pattern.C10_Hotspot_Iso"", ""schema_version"": ""wafer_particles.pattern_config.v1"", ""sigma_ratio"": 0.10520408059503897, ""wafer_radius_mm"": 150.0}",945
sample_000946,C09_Spiral,107,"{""end_r_ratio"": 0.9936781088524395, ""n_particles"": 107, ""name"": ""wafer_particles.pattern.C09_Spiral"", ""schema_version"": ""wafer_particles.pattern_config.v1"", ""start_r_ratio"": 0.11813249380750827, ""theta_max"": 11.768642931911895, ""wafer_radius_mm"": 150.0, ""width_ratio"": 0.028481272480633524}",946
sample_000947,C03_Ring,52,"{""n_particles"": 52, ""name"": ""wafer_particles.pattern.C03_Ring"", ""radius_ratio"": 0.8080442529413325, ""schema_version"": ""wafer_particles.pattern_config.v1"", ""wafer_radius_mm"": 150.0, ""width_ratio"": 0.1235333652308631}",947
sample_000948,C09_Spiral,155,"{""end_r_ratio"": 0.7646171436510357, ""n_particles"": 155, ""name"": ""wafer_particles.pattern.C09_Spiral"", ""schema_version"": ""wafer_particles.pattern_config.v1"", ""start_r_ratio"": 0.21814525630934323, ""theta_max"": 7.715920637195809, ""wafer_radius_mm"": 150.0, ""width_ratio"": 0.03600820339837282}",948
sample_000949,C05_Sector_Internal,35,"{""angle_center_rad"": 0.5395746627887981, ""angle_width_deg"": 59.803780705617086, ""edge_margin_norm"": 0.05, ""n_particles"": 35, ""name"": ""wafer_particles.pattern.C05_Sector_Internal"", ""r_inner_ratio"": 0.0658391517406241, ""r_outer_ratio"": 0.5607956743888868, ""radial_beta_alpha"": 1.331891034028423, ""radial_beta_beta"": 2.3406677256191246, ""schema_version"": ""wafer_particles.pattern_config.v1"", ""theta_vonmises_kappa"": 5.838795004862339, ""wafer_radius_mm"": 150.0}",949
sample_000950,C05_Sector_Internal,143,"{""angle_center_rad"": 4.828681702601169, ""angle_width_deg"": 34.81003120693455, ""edge_margin_norm"": 0.05, ""n_particles"": 143, ""name"": ""wafer_particles.pattern.C05_Sector_Internal"", ""r_inner_ratio"": 0.09558704864192591, ""r_outer_ratio"": 0.6077869098220138, ""radial_beta_alpha"": 3.6861237585769553, ""radial_beta_beta"": 2.435629981127699, ""schema_version"": ""wafer_particles.pattern_config.v1"", ""theta_vonmises_kappa"": 4.733012053847675, ""wafer_radius_mm"": 150.0}",950
sample_000951,C07_StraightLine,176,"{""angle_deg"": 153.82871668785188, ""n_particles"": 176, ""name"": ""wafer_particles.pattern.C07_StraightLine"", ""offset_ratio"": -0.010789581039003049, ""schema_version"": ""wafer_particles.pattern_config.v1"", ""segment_half_length_ratio"": 0.7433798959310245, ""wafer_radius_mm"": 150.0, ""width_ratio"": 0.0075159193613806045}",951
sample_000952,C05_Sector_Internal,178,"{""angle_center_rad"": 2.4702288466867826, ""angle_width_deg"": 47.22830410303385, ""edge_margin_norm"": 0.05, ""n_particles"": 178, ""name"": ""wafer_particles.pattern.C05_Sector_Internal"", ""r_inner_ratio"": 0.16699398035094917, ""r_outer_ratio"": 0.510780813664812, ""radial_beta_alpha"": 3.353889112649114, ""radial_beta_beta"": 3.262320256908068, ""schema_version"": ""wafer_particles.pattern_config.v1"", ""theta_vonmises_kappa"": 2.0499883396848286, ""wafer_radius_mm"": 150.0}",952
sample_000953,C02_EdgeBiased,31,"{""edge_bias"": 1.874692121004235, ""n_particles"": 31, ""name"": ""wafer_particles.pattern.C02_EdgeBiased"", ""schema_version"": ""wafer_particles.pattern_config.v1"", ""wafer_radius_mm"": 150.0}",953
sample_000954,C05_Sector_Internal,73,"{""angle_center_rad"": 0.7368224159793219, ""angle_width_deg"": 55.72814656958966, ""edge_margin_norm"": 0.05, ""n_particles"": 73, ""name"": ""wafer_particles.pattern.C05_Sector_Internal"", ""r_inner_ratio"": 0.35823341050820945, ""r_outer_ratio"": 0.6922400265580014, ""radial_beta_alpha"": 3.184658349859523, ""radial_beta_beta"": 3.98490063060111, ""schema_version"": ""wafer_particles.pattern_config.v1"", ""theta_vonmises_kappa"": 6.747457457211068, ""wafer_radius_mm"": 150.0}",954
sample_000955,C02_EdgeBiased,41,"{""edge_bias"": 2.4799951029150806, ""n_particles"": 41, ""name"": ""wafer_particles.pattern.C02_EdgeBiased"", ""schema_version"": ""wafer_particles.pattern_config.v1"", ""wafer_radius_mm"": 150.0}",955
sample_000956,C03_Ring,179,"{""n_particles"": 179, ""name"": ""wafer_particles.pattern.C03_Ring"", ""radius_ratio"": 0.7741719337290178, ""schema_version"": ""wafer_particles.pattern_config.v1"", ""wafer_radius_mm"": 150.0, ""width_ratio"": 0.17252202433257335}",956
sample_000957,C04_Sector_Edge,21,"{""angle_center_rad"": 6.207174253478445, ""angle_width_deg"": 64.79301736475315, ""edge_width_ratio"": 0.1369444384101754, ""n_particles"": 21, ""name"": ""wafer_particles.pattern.C04_Sector_Edge"", ""radial_beta_alpha"": 2.370571017686677, ""radial_beta_beta"": 1.934717782082569, ""schema_version"": ""wafer_particles.pattern_config.v1"", ""side"": ""right"", ""theta_vonmises_kappa"": 3.8946274471070144, ""wafer_radius_mm"": 150.0}",957
sample_000958,C03_Ring,152,"{""n_particles"": 152, ""name"": ""wafer_particles.pattern.C03_Ring"", ""radius_ratio"": 0.8238256528168225, ""schema_version"": ""wafer_particles.pattern_config.v1"", ""wafer_radius_mm"": 150.0, ""width_ratio"": 0.04614029837096998}",958
sample_000959,C05_Sector_Internal,23,"{""angle_center_rad"": 2.3988456727765457, ""angle_width_deg"": 83.9159752328958, ""edge_margin_norm"": 0.05, ""n_particles"": 23, ""name"": ""wafer_particles.pattern.C05_Sector_Internal"", ""r_inner_ratio"": 0.37495080552859383, ""r_outer_ratio"": 0.696828338500478, ""radial_beta_alpha"": 2.7776959297215047, ""radial_beta_beta"": 2.6076122130922523, ""schema_version"": ""wafer_particles.pattern_config.v1"", ""theta_vonmises_kappa"": 3.4364957039172257, ""wafer_radius_mm"": 150.0}",959
sample_000960,C08_CurvedScratch,38,"{""angle_center_deg"": 0.0, ""angle_center_rad"": 3.0507041176467484, ""arc_radius_ratio"": 0.4256027879607983, ""n_particles"": 38, ""name"": ""wafer_particles.pattern.C08_CurvedScratch"", ""schema_version"": ""wafer_particles.pattern_config.v1"", ""span_deg"": 54.52104709952362, ""wafer_radius_mm"": 150.0, ""width_ratio"": 0.0416856767678573}",960
sample_000961,C09_Spiral,10,"{""end_r_ratio"": 0.8526771304874768, ""n_particles"": 10, ""name"": ""wafer_particles.pattern.C09_Spiral"", ""schema_version"": ""wafer_particles.pattern_config.v1"", ""start_r_ratio"": 0.16811926216476228, ""theta_max"": 8.324256455763884, ""wafer_radius_mm"": 150.0, ""width_ratio"": 0.023905309497477642}",961
sample_000962,C08_CurvedScratch,72,"{""angle_center_deg"": 0.0, ""angle_center_rad"": 4.701812831073638, ""arc_radius_ratio"": 0.5127196585508778, ""n_particles"": 72, ""name"": ""wafer_particles.pattern.C08_CurvedScratch"", ""schema_version"": ""wafer_particles.pattern_config.v1"", ""span_deg"": 142.85082562223144, ""wafer_radius_mm"": 150.0, ""width_ratio"": 0.04171190609851684}",962
sample_000963,C04_Sector_Edge,22,"{""angle_center_rad"": 3.1099902925201817, ""angle_width_deg"": 34.95073870099819, ""edge_width_ratio"": 0.1506933897328892, ""n_particles"": 22, ""name"": ""wafer_particles.pattern.C04_Sector_Edge"", ""radial_beta_alpha"": 2.723571463116662, ""radial_beta_beta"": 3.332899449738239, ""schema_version"": ""wafer_particles.pattern_config.v1"", ""side"": ""right"", ""theta_vonmises_kappa"": 7.19951568709512, ""wafer_radius_mm"": 150.0}",963
sample_000964,C02_EdgeBiased,116,"{""edge_bias"": 3.293329781561999, ""n_particles"": 116, ""name"": ""wafer_particles.pattern.C02_EdgeBiased"", ""schema_version"": ""wafer_particles.pattern_config.v1"", ""wafer_radius_mm"": 150.0}",964
sample_000965,C06_RadialLines,73,"{""angular_jitter_deg"": 2.370474010010197, ""n_lines"": 6, ""n_particles"": 73, ""name"": ""wafer_particles.pattern.C06_RadialLines"", ""r_max_ratio"": 0.8220513223891406, ""r_min_ratio"": 0.06382801477844292, ""schema_version"": ""wafer_particles.pattern_config.v1"", ""sigma_perp_ratio"": 0.01112078483091319, ""wafer_radius_mm"": 150.0}",965
sample_000966,C07_StraightLine,193,"{""angle_deg"": 13.131064872450985, ""n_particles"": 193, ""name"": ""wafer_particles.pattern.C07_StraightLine"", ""offset_ratio"": -0.2957463840414666, ""schema_version"": ""wafer_particles.pattern_config.v1"", ""segment_half_length_ratio"": 0.47771174855309195, ""wafer_radius_mm"": 150.0, ""width_ratio"": 0.021366557231876727}",966
sample_000967,C03_Ring,127,"{""n_particles"": 127, ""name"": ""wafer_particles.pattern.C03_Ring"", ""radius_ratio"": 0.5872156362370444, ""schema_version"": ""wafer_particles.pattern_config.v1"", ""wafer_radius_mm"": 150.0, ""width_ratio"": 0.08130233532668121}",967
sample_000968,C10_Hotspot_Iso,19,"{""center_angle"": ""random"", ""center_angle_rad"": 4.014019467022225, ""center_radius_ratio"": 0.5065562770830867, ""mode"": ""random"", ""n_particles"": 19, ""name"": ""wafer_particles.pattern.C10_Hotspot_Iso"", ""schema_version"": ""wafer_particles.pattern_config.v1"", ""sigma_ratio"": 0.08677190557319339, ""wafer_radius_mm"": 150.0}",968
sample_000969,C09_Spiral,109,"{""end_r_ratio"": 0.7889558598127431, ""n_particles"": 109, ""name"": ""wafer_particles.pattern.C09_Spiral"", ""schema_version"": ""wafer_particles.pattern_config.v1"", ""start_r_ratio"": 0.09474267675232781, ""theta_max"": 13.24126575498384, ""wafer_radius_mm"": 150.0, ""width_ratio"": 0.02472459220185673}",969
sample_000970,C08_CurvedScratch,39,"{""angle_center_deg"": 0.0, ""angle_center_rad"": 0.05184300718559711, ""arc_radius_ratio"": 0.7790818720872446, ""n_particles"": 39, ""name"": ""wafer_particles.pattern.C08_CurvedScratch"", ""schema_version"": ""wafer_particles.pattern_config.v1"", ""span_deg"": 75.49111824704615, ""wafer_radius_mm"": 150.0, ""width_ratio"": 0.04238777339325138}",970
sample_000971,C03_Ring,124,"{""n_particles"": 124, ""name"": ""wafer_particles.pattern.C03_Ring"", ""radius_ratio"": 0.7068812157395608, ""schema_version"": ""wafer_particles.pattern_config.v1"", ""wafer_radius_mm"": 150.0, ""width_ratio"": 0.09858171194949068}",971
sample_000972,C06_RadialLines,177,"{""angular_jitter_deg"": 3.957433388597015, ""n_lines"": 6, ""n_particles"": 177, ""name"": ""wafer_particles.pattern.C06_RadialLines"", ""r_max_ratio"": 0.6082733271300668, ""r_min_ratio"": 0.20137188635121292, ""schema_version"": ""wafer_particles.pattern_config.v1"", ""sigma_perp_ratio"": 0.024693646301258615, ""wafer_radius_mm"": 150.0}",972
sample_000973,C04_Sector_Edge,139,"{""angle_center_rad"": 1.2656129344216094, ""angle_width_deg"": 79.90490746414278, ""edge_width_ratio"": 0.2933550961767474, ""n_particles"": 139, ""name"": ""wafer_particles.pattern.C04_Sector_Edge"", ""radial_beta_alpha"": 3.9565719030082325, ""radial_beta_beta"": 2.2430161345548227, ""schema_version"": ""wafer_particles.pattern_config.v1"", ""side"": ""right"", ""theta_vonmises_kappa"": 7.493598906789887, ""wafer_radius_mm"": 150.0}",973
sample_000974,C01_Uniform,123,"{""n_particles"": 123, ""name"": ""wafer_particles.pattern.C01_Uniform"", ""schema_version"": ""wafer_particles.pattern_config.v1"", ""wafer_radius_mm"": 150.0}",974
sample_000975,C01_Uniform,41,"{""n_particles"": 41, ""name"": ""wafer_particles.pattern.C01_Uniform"", ""schema_version"": ""wafer_particles.pattern_config.v1"", ""wafer_radius_mm"": 150.0}",975
sample_000976,C09_Spiral,55,"{""end_r_ratio"": 0.9533396148890164, ""n_particles"": 55, ""name"": ""wafer_particles.pattern.C09_Spiral"", ""schema_version"": ""wafer_particles.pattern_config.v1"", ""start_r_ratio"": 0.11727052731537696, ""theta_max"": 15.204918988533624, ""wafer_radius_mm"": 150.0, ""width_ratio"": 0.033808442602523074}",976
sample_000977,C03_Ring,146,"{""n_particles"": 146, ""name"": ""wafer_particles.pattern.C03_Ring"", ""radius_ratio"": 0.7386745959380174, ""schema_version"": ""wafer_particles.pattern_config.v1"", ""wafer_radius_mm"": 150.0, ""width_ratio"": 0.16512770092509207}",977
sample_000978,C01_Uniform,139,"{""n_particles"": 139, ""name"": ""wafer_particles.pattern.C01_Uniform"", ""schema_version"": ""wafer_particles.pattern_config.v1"", ""wafer_radius_mm"": 150.0}",978
sample_000979,C08_CurvedScratch,57,"{""angle_center_deg"": 0.0, ""angle_center_rad"": 3.427787106172011, ""arc_radius_ratio"": 0.642458662684761, ""n_particles"": 57, ""name"": ""wafer_particles.pattern.C08_CurvedScratch"", ""schema_version"": ""wafer_particles.pattern_config.v1"", ""span_deg"": 155.58271009490664, ""wafer_radius_mm"": 150.0, ""width_ratio"": 0.04366962569019205}",979
sample_000980,C07_StraightLine,91,"{""angle_deg"": 22.734744244381616, ""n_particles"": 91, ""name"": ""wafer_particles.pattern.C07_StraightLine"", ""offset_ratio"": 0.0627012846262354, ""schema_version"": ""wafer_particles.pattern_config.v1"", ""segment_half_length_ratio"": 0.898822574952461, ""wafer_radius_mm"": 150.0, ""width_ratio"": 0.037806889430780255}",980
sample_000981,C07_StraightLine,44,"{""angle_deg"": 1.6273680381581568, ""n_particles"": 44, ""name"": ""wafer_particles.pattern.C07_StraightLine"", ""offset_ratio"": -0.2558209770311943, ""schema_version"": ""wafer_particles.pattern_config.v1"", ""segment_half_length_ratio"": 0.8982267077284278, ""wafer_radius_mm"": 150.0, ""width_ratio"": 0.025707275828528338}",981
sample_000982,C05_Sector_Internal,111,"{""angle_center_rad"": 0.1815936319520606, ""angle_width_deg"": 59.7330418711149, ""edge_margin_norm"": 0.05, ""n_particles"": 111, ""name"": ""wafer_particles.pattern.C05_Sector_Internal"", ""r_inner_ratio"": 0.18488768138097142, ""r_outer_ratio"": 0.7157299291785885, ""radial_beta_alpha"": 1.2406802633187946, ""radial_beta_beta"": 2.3206227568011557, ""schema_version"": ""wafer_particles.pattern_config.v1"", ""theta_vonmises_kappa"": 4.44871394236236, ""wafer_radius_mm"": 150.0}",982
sample_000983,C01_Uniform,84,"{""n_particles"": 84, ""name"": ""wafer_particles.pattern.C01_Uniform"", ""schema_version"": ""wafer_particles.pattern_config.v1"", ""wafer_radius_mm"": 150.0}",983
sample_000984,C01_Uniform,113,"{""n_particles"": 113, ""name"": ""wafer_particles.pattern.C01_Uniform"", ""schema_version"": ""wafer_particles.pattern_config.v1"", ""wafer_radius_mm"": 150.0}",984
sample_000985,C09_Spiral,65,"{""end_r_ratio"": 0.9368147048378422, ""n_particles"": 65, ""name"": ""wafer_particles.pattern.C09_Spiral"", ""schema_version"": ""wafer_particles.pattern_config.v1"", ""start_r_ratio"": 0.20470790242953693, ""theta_max"": 7.040638770377549, ""wafer_radius_mm"": 150.0, ""width_ratio"": 0.03799855959341431}",985
sample_000986,C01_Uniform,157,"{""n_particles"": 157, ""name"": ""wafer_particles.pattern.C01_Uniform"", ""schema_version"": ""wafer_particles.pattern_config.v1"", ""wafer_radius_mm"": 150.0}",986
sample_000987,C06_RadialLines,182,"{""angular_jitter_deg"": 1.797822074667787, ""n_lines"": 4, ""n_particles"": 182, ""name"": ""wafer_particles.pattern.C06_RadialLines"", ""r_max_ratio"": 0.7797296221443274, ""r_min_ratio"": 0.17782645616914447, ""schema_version"": ""wafer_particles.pattern_config.v1"", ""sigma_perp_ratio"": 0.026994841650027756, ""wafer_radius_mm"": 150.0}",987
sample_000988,C08_CurvedScratch,104,"{""angle_center_deg"": 0.0, ""angle_center_rad"": 2.702521967658811, ""arc_radius_ratio"": 0.6205515406502089, ""n_particles"": 104, ""name"": ""wafer_particles.pattern.C08_CurvedScratch"", ""schema_version"": ""wafer_particles.pattern_config.v1"", ""span_deg"": 83.08265239095945, ""wafer_radius_mm"": 150.0, ""width_ratio"": 0.021431529319802314}",988
sample_000989,C05_Sector_Internal,100,"{""angle_center_rad"": 4.829625927292698, ""angle_width_deg"": 98.11643458414396, ""edge_margin_norm"": 0.05, ""n_particles"": 100, ""name"": ""wafer_particles.pattern.C05_Sector_Internal"", ""r_inner_ratio"": 0.25217813127852273, ""r_outer_ratio"": 0.8421758260733098, ""radial_beta_alpha"": 2.018179582338335, ""radial_beta_beta"": 2.509419847576724, ""schema_version"": ""wafer_particles.pattern_config.v1"", ""theta_vonmises_kappa"": 5.050786889893352, ""wafer_radius_mm"": 150.0}",989
sample_000990,C08_CurvedScratch,150,"{""angle_center_deg"": 0.0, ""angle_center_rad"": 5.467415420452204, ""arc_radius_ratio"": 0.7909647163842141, ""n_particles"": 150, ""name"": ""wafer_particles.pattern.C08_CurvedScratch"", ""schema_version"": ""wafer_particles.pattern_config.v1"", ""span_deg"": 67.99836631724176, ""wafer_radius_mm"": 150.0, ""width_ratio"": 0.023112107563972174}",990
sample_000991,C07_StraightLine,15,"{""angle_deg"": 32.40813871499309, ""n_particles"": 15, ""name"": ""wafer_particles.pattern.C07_StraightLine"", ""offset_ratio"": -0.13216677463247822, ""schema_version"": ""wafer_particles.pattern_config.v1"", ""segment_half_length_ratio"": 0.7884586859059365, ""wafer_radius_mm"": 150.0, ""width_ratio"": 0.037061399719204004}",991
sample_000992,C08_CurvedScratch,121,"{""angle_center_deg"": 0.0, ""angle_center_rad"": 0.8732747458789595, ""arc_radius_ratio"": 0.8720708046302421, ""n_particles"": 121, ""name"": ""wafer_particles.pattern.C08_CurvedScratch"", ""schema_version"": ""wafer_particles.pattern_config.v1"", ""span_deg"": 146.14022178422806, ""wafer_radius_mm"": 150.0, ""width_ratio"": 0.05376998885324736}",992
sample_000993,C03_Ring,93,"{""n_particles"": 93, ""name"": ""wafer_particles.pattern.C03_Ring"", ""radius_ratio"": 0.7171710492718365, ""schema_version"": ""wafer_particles.pattern_config.v1"", ""wafer_radius_mm"": 150.0, ""width_ratio"": 0.031517780093264856}",993
sample_000994,C04_Sector_Edge,134,"{""angle_center_rad"": 5.971881038189535, ""angle_width_deg"": 77.52617405321442, ""edge_width_ratio"": 0.2771122658271916, ""n_particles"": 134, ""name"": ""wafer_particles.pattern.C04_Sector_Edge"", ""radial_beta_alpha"": 1.4087663050406414, ""radial_beta_beta"": 1.2679352733613254, ""schema_version"": ""wafer_particles.pattern_config.v1"", ""side"": ""right"", ""theta_vonmises_kappa"": 1.8025927580109602, ""wafer_radius_mm"": 150.0}",994
sample_000995,C10_Hotspot_Iso,161,"{""center_angle"": ""random"", ""center_angle_rad"": 3.166856644280937, ""center_radius_ratio"": 0.42071822613964815, ""mode"": ""random"", ""n_particles"": 161, ""name"": ""wafer_particles.pattern.C10_Hotspot_Iso"", ""schema_version"": ""wafer_particles.pattern_config.v1"", ""sigma_ratio"": 0.11426890017055713, ""wafer_radius_mm"": 150.0}",995
sample_000996,C08_CurvedScratch,155,"{""angle_center_deg"": 0.0, ""angle_center_rad"": 0.1396270172074421, ""arc_radius_ratio"": 0.57806677802722, ""n_particles"": 155, ""name"": ""wafer_particles.pattern.C08_CurvedScratch"", ""schema_version"": ""wafer_particles.pattern_config.v1"", ""span_deg"": 48.14944596860207, ""wafer_radius_mm"": 150.0, ""width_ratio"": 0.05733687849470393}",996
sample_000997,C02_EdgeBiased,90,"{""edge_bias"": 2.61437055086602, ""n_particles"": 90, ""name"": ""wafer_particles.pattern.C02_EdgeBiased"", ""schema_version"": ""wafer_particles.pattern_config.v1"", ""wafer_radius_mm"": 150.0}",997
sample_000998,C09_Spiral,164,"{""end_r_ratio"": 0.7613380249540582, ""n_particles"": 164, ""name"": ""wafer_particles.pattern.C09_Spiral"", ""schema_version"": ""wafer_particles.pattern_config.v1"", ""start_r_ratio"": 0.04161884704766181, ""theta_max"": 9.03805061698348, ""wafer_radius_mm"": 150.0, ""width_ratio"": 0.04880768632854003}",998
sample_000999,C10_Hotspot_Iso,31,"{""center_angle"": ""random"", ""center_angle_rad"": 3.6909716180955403, ""center_radius_ratio"": 0.6150124298475276, ""mode"": ""random"", ""n_particles"": 31, ""name"": ""wafer_particles.pattern.C10_Hotspot_Iso"", ""schema_version"": ""wafer_particles.pattern_config.v1"", ""sigma_ratio"": 0.08485390023825361, ""wafer_radius_mm"": 150.0}",999
