sample_id,label,size_model,size_params_json,label_coarse,label_family,n_particles,pattern_params,seed_offset
sample_000000,C08_CurvedScratch,lognormal,"{""max_um"": 1.0, ""min_um"": 0.01, ""mu_log"": -1.2626013211924416, ""per_sample"": true, ""sigma_log"": 0.3391054655859305}",,,109,"{""angle_center_deg"": 0.0, ""angle_center_rad"": 5.762739429665927, ""arc_radius_ratio"": 0.47370208750051457, ""n_particles"": 109, ""name"": ""wafer_particles.pattern.C08_CurvedScratch"", ""params"": {""arc_radius_norm"": 0.48479191740572225, ""span_rad"": 0.6998196767391152, ""width_norm"": 0.06144760562247613}, ""schema_version"": ""wafer_particles.pattern_config.v1"", ""span_deg"": 136.6701683519422, ""wafer_radius_mm"": 150.0, ""width_ratio"": 0.023229328595981494}",0
sample_000001,C04_Sector_Edge,gaussian,"{""max_um"": 1.0, ""mean_um"": 0.11991074636134808, ""min_um"": 0.01, ""per_sample"": true, ""std_um"": 0.0671773309195533}",,,110,"{""angle_center_rad"": 4.907651202200273, ""angle_width_deg"": 24.704159849549207, ""edge_width_ratio"": 0.26632616525976965, ""n_particles"": 110, ""name"": ""wafer_particles.pattern.C04_Sector_Edge"", ""radial_beta_alpha"": 2.4044616018347282, ""radial_beta_beta"": 1.1522240656891678, ""schema_version"": ""wafer_particles.pattern_config.v1"", ""side"": ""right"", ""theta_vonmises_kappa"": 6.5852766864015955, ""wafer_radius_mm"": 150.0}",1
sample_000002,C04_Sector_Edge,weibull,"{""k"": 2.9166779778471446, ""lambda_um"": 0.31134381453875526, ""max_um"": 1.0, ""min_um"": 0.01, ""per_sample"": true}",,,78,"{""angle_center_rad"": 2.1564733001202536, ""angle_width_deg"": 81.63952617058683, ""edge_width_ratio"": 0.07783816180216176, ""n_particles"": 78, ""name"": ""wafer_particles.pattern.C04_Sector_Edge"", ""radial_beta_alpha"": 1.2488101271399186, ""radial_beta_beta"": 1.8901141161406156, ""schema_version"": ""wafer_particles.pattern_config.v1"", ""side"": ""right"", ""theta_vonmises_kappa"": 5.986559656810051, ""wafer_radius_mm"": 150.0}",2
sample_000003,C01_Uniform,pareto,"{""alpha"": 3.418236653700826, ""max_um"": 1.0, ""min_um"": 0.01, ""per_sample"": true, ""xm_um"": 0.1975207290973786}",,,181,"{""n_particles"": 181, ""name"": ""wafer_particles.pattern.C01_Uniform"", ""schema_version"": ""wafer_particles.pattern_config.v1"", ""wafer_radius_mm"": 150.0}",3
sample_000004,C03_Ring,gaussian,"{""max_um"": 1.0, ""mean_um"": 0.24672649634511967, ""min_um"": 0.01, ""per_sample"": true, ""std_um"": 0.04586843303917913}",,,113,"{""n_particles"": 113, ""name"": ""wafer_particles.pattern.C03_Ring"", ""radius_ratio"": 0.6423934996849144, ""schema_version"": ""wafer_particles.pattern_config.v1"", ""wafer_radius_mm"": 150.0, ""width_ratio"": 0.1722489580019162}",4
sample_000005,C02_EdgeBiased,lognormal,"{""max_um"": 1.0, ""min_um"": 0.01, ""mu_log"": -3.349164585899246, ""per_sample"": true, ""sigma_log"": 0.3860656308131799}",,,164,"{""edge_bias"": 1.52571418654076, ""n_particles"": 164, ""name"": ""wafer_particles.pattern.C02_EdgeBiased"", ""schema_version"": ""wafer_particles.pattern_config.v1"", ""wafer_radius_mm"": 150.0}",5
sample_000006,C09_Spiral,lognormal,"{""max_um"": 1.0, ""min_um"": 0.01, ""mu_log"": -1.2847277064103673, ""per_sample"": true, ""sigma_log"": 0.6561895668101116}",,,72,"{""end_r_ratio"": 0.8664429908777037, ""n_particles"": 72, ""name"": ""wafer_particles.pattern.C09_Spiral"", ""params"": {""theta_max"": 18.768716054245864, ""width_norm"": 0.04592756323983834}, ""schema_version"": ""wafer_particles.pattern_config.v1"", ""start_r_ratio"": 0.2721387984311871, ""theta_max"": 8.51026561113723, ""wafer_radius_mm"": 150.0, ""width_ratio"": 0.025985468548377993}",6
sample_000007,C06_RadialLines,gaussian,"{""max_um"": 1.0, ""mean_um"": 0.7660651737241552, ""min_um"": 0.01, ""per_sample"": true, ""std_um"": 0.09775089373185696}",,,117,"{""angular_jitter_deg"": 1.5937836495733104, ""n_lines"": 6, ""n_particles"": 117, ""name"": ""wafer_particles.pattern.C06_RadialLines"", ""params"": {""n_lines"": 8.0, ""r_max_norm"": 0.9680347960335216, ""r_min_norm"": 0.267378743912945, ""sigma_perp_norm"": 0.017880546563986605}, ""r_max_ratio"": 0.8110624591820041, ""r_min_ratio"": 0.24201055541602168, ""schema_version"": ""wafer_particles.pattern_config.v1"", ""sigma_perp_ratio"": 0.028952134703483807, ""wafer_radius_mm"": 150.0}",7
sample_000008,C07_StraightLine,weibull,"{""k"": 1.50759270043769, ""lambda_um"": 0.4444645592746632, ""max_um"": 1.0, ""min_um"": 0.01, ""per_sample"": true}",,,173,"{""angle_deg"": 3.683617072683858, ""n_particles"": 173, ""name"": ""wafer_particles.pattern.C07_StraightLine"", ""offset_ratio"": -0.07182136431260125, ""params"": {""segment_half_length_norm"": 0.19984468560733776, ""width_norm"": 0.0595138173688594}, ""schema_version"": ""wafer_particles.pattern_config.v1"", ""segment_half_length_ratio"": 0.30752237538573013, ""wafer_radius_mm"": 150.0, ""width_ratio"": 0.03760966828093387}",8
sample_000009,C04_Sector_Edge,gaussian,"{""max_um"": 1.0, ""mean_um"": 0.24907618189664912, ""min_um"": 0.01, ""per_sample"": true, ""std_um"": 0.07073801851717693}",,,33,"{""angle_center_rad"": 2.9909720370735347, ""angle_width_deg"": 63.42550963280228, ""edge_width_ratio"": 0.2261924086731859, ""n_particles"": 33, ""name"": ""wafer_particles.pattern.C04_Sector_Edge"", ""radial_beta_alpha"": 1.727454487746284, ""radial_beta_beta"": 0.8345694571102185, ""schema_version"": ""wafer_particles.pattern_config.v1"", ""side"": ""right"", ""theta_vonmises_kappa"": 2.031592559410441, ""wafer_radius_mm"": 150.0}",9
sample_000010,C03_Ring,lognormal,"{""max_um"": 1.0, ""min_um"": 0.01, ""mu_log"": -2.482860054619552, ""per_sample"": true, ""sigma_log"": 0.3668657449235492}",,,73,"{""n_particles"": 73, ""name"": ""wafer_particles.pattern.C03_Ring"", ""radius_ratio"": 0.4647129482328593, ""schema_version"": ""wafer_particles.pattern_config.v1"", ""wafer_radius_mm"": 150.0, ""width_ratio"": 0.17976932878147064}",10
sample_000011,C05_Sector_Internal,weibull,"{""k"": 2.8262525623706365, ""lambda_um"": 0.4410924430888589, ""max_um"": 1.0, ""min_um"": 0.01, ""per_sample"": true}",,,147,"{""angle_center_rad"": 4.6597239052592565, ""angle_width_deg"": 66.02587559615108, ""edge_margin_norm"": 0.05, ""n_particles"": 147, ""name"": ""wafer_particles.pattern.C05_Sector_Internal"", ""r_inner_ratio"": 0.1376706779108035, ""r_outer_ratio"": 0.5485555884716231, ""radial_beta_alpha"": 3.8717619791921045, ""radial_beta_beta"": 2.8070050399861057, ""schema_version"": ""wafer_particles.pattern_config.v1"", ""theta_vonmises_kappa"": 5.159466548832015, ""wafer_radius_mm"": 150.0}",11
sample_000012,C04_Sector_Edge,gaussian,"{""max_um"": 1.0, ""mean_um"": 0.417304394541189, ""min_um"": 0.01, ""per_sample"": true, ""std_um"": 0.04133994206422911}",,,14,"{""angle_center_rad"": 0.7737308251046766, ""angle_width_deg"": 26.039707483594402, ""edge_width_ratio"": 0.09222910580319242, ""n_particles"": 14, ""name"": ""wafer_particles.pattern.C04_Sector_Edge"", ""radial_beta_alpha"": 1.5349540636791663, ""radial_beta_beta"": 2.5406929210898004, ""schema_version"": ""wafer_particles.pattern_config.v1"", ""side"": ""right"", ""theta_vonmises_kappa"": 8.960428274039705, ""wafer_radius_mm"": 150.0}",12
sample_000013,C05_Sector_Internal,lognormal,"{""max_um"": 1.0, ""min_um"": 0.01, ""mu_log"": -3.7021703456112784, ""per_sample"": true, ""sigma_log"": 0.21619597402063073}",,,69,"{""angle_center_rad"": 4.881412342990255, ""angle_width_deg"": 78.45605784675058, ""edge_margin_norm"": 0.05, ""n_particles"": 69, ""name"": ""wafer_particles.pattern.C05_Sector_Internal"", ""r_inner_ratio"": 0.3788215735587903, ""r_outer_ratio"": 0.7521216605112591, ""radial_beta_alpha"": 3.958981281702335, ""radial_beta_beta"": 2.969063245131859, ""schema_version"": ""wafer_particles.pattern_config.v1"", ""theta_vonmises_kappa"": 5.154374682827256, ""wafer_radius_mm"": 150.0}",13
sample_000014,C09_Spiral,weibull,"{""k"": 0.7582054701714136, ""lambda_um"": 0.1337233301573901, ""max_um"": 1.0, ""min_um"": 0.01, ""per_sample"": true}",,,106,"{""end_r_ratio"": 0.8366559674233951, ""n_particles"": 106, ""name"": ""wafer_particles.pattern.C09_Spiral"", ""params"": {""theta_max"": 29.747904637283746, ""width_norm"": 0.009648244384477889}, ""schema_version"": ""wafer_particles.pattern_config.v1"", ""start_r_ratio"": 0.2338369450493995, ""theta_max"": 8.078790865473884, ""wafer_radius_mm"": 150.0, ""width_ratio"": 0.03214787036758904}",14
sample_000015,C09_Spiral,lognormal,"{""max_um"": 1.0, ""min_um"": 0.01, ""mu_log"": -2.1920071839432786, ""per_sample"": true, ""sigma_log"": 0.21938054489707626}",,,19,"{""end_r_ratio"": 0.7043403374664571, ""n_particles"": 19, ""name"": ""wafer_particles.pattern.C09_Spiral"", ""params"": {""theta_max"": 20.23375552182489, ""width_norm"": 0.04293464430651076}, ""schema_version"": ""wafer_particles.pattern_config.v1"", ""start_r_ratio"": 0.15297241344273468, ""theta_max"": 17.538183248934217, ""wafer_radius_mm"": 150.0, ""width_ratio"": 0.027038450356125496}",15
sample_000016,C03_Ring,weibull,"{""k"": 2.304722381618711, ""lambda_um"": 0.2660166921746763, ""max_um"": 1.0, ""min_um"": 0.01, ""per_sample"": true}",,,119,"{""n_particles"": 119, ""name"": ""wafer_particles.pattern.C03_Ring"", ""radius_ratio"": 0.7814391028597834, ""schema_version"": ""wafer_particles.pattern_config.v1"", ""wafer_radius_mm"": 150.0, ""width_ratio"": 0.16760185213724102}",16
sample_000017,edge_sector_right,gaussian,"{""max_um"": 1.0, ""mean_um"": 0.4959412427278443, ""min_um"": 0.01, ""per_sample"": true, ""std_um"": 0.08631807732693297}",sector,edge_sector,72,"{""angle_width_deg"": 40.0, ""edge_width_ratio"": 0.1, ""n_particles"": 72, ""name"": ""wafer_particles.pattern.edge_sector"", ""schema_version"": ""wafer_particles.pattern_config.v1"", ""side"": ""right"", ""wafer_radius_mm"": 150.0}",17
sample_000018,C04_Sector_Edge,gaussian,"{""max_um"": 1.0, ""mean_um"": 0.41877465656875285, ""min_um"": 0.01, ""per_sample"": true, ""std_um"": 0.0940733838901619}",,,173,"{""angle_center_rad"": 6.269313471614219, ""angle_width_deg"": 74.77065065468567, ""edge_width_ratio"": 0.07727373570860809, ""n_particles"": 173, ""name"": ""wafer_particles.pattern.C04_Sector_Edge"", ""radial_beta_alpha"": 3.4184197283608384, ""radial_beta_beta"": 0.828111047901934, ""schema_version"": ""wafer_particles.pattern_config.v1"", ""side"": ""right"", ""theta_vonmises_kappa"": 4.965966408200599, ""wafer_radius_mm"": 150.0}",18
sample_000019,C07_StraightLine,lognormal,"{""max_um"": 1.0, ""min_um"": 0.01, ""mu_log"": -3.670227234310325, ""per_sample"": true, ""sigma_log"": 0.27733075829109183}",,,66,"{""angle_deg"": 154.7786786961743, ""n_particles"": 66, ""name"": ""wafer_particles.pattern.C07_StraightLine"", ""offset_ratio"": 0.20579060171916425, ""params"": {""segment_half_length_norm"": 0.046653135512079925, ""width_norm"": 0.041889662203758}, ""schema_version"": ""wafer_particles.pattern_config.v1"", ""segment_half_length_ratio"": 0.6968868263884709, ""wafer_radius_mm"": 150.0, ""width_ratio"": 0.020627044824653176}",19
sample_000020,C09_Spiral,weibull,"{""k"": 1.692863615709763, ""lambda_um"": 0.3284340693658393, ""max_um"": 1.0, ""min_um"": 0.01, ""per_sample"": true}",,,22,"{""end_r_ratio"": 0.7085630928566532, ""n_particles"": 22, ""name"": ""wafer_particles.pattern.C09_Spiral"", ""params"": {""theta_max"": 18.85028078974172, ""width_norm"": 0.007984989173504186}, ""schema_version"": ""wafer_particles.pattern_config.v1"", ""start_r_ratio"": 0.17625255907076406, ""theta_max"": 17.21645987994949, ""wafer_radius_mm"": 150.0, ""width_ratio"": 0.013334657247105478}",20
sample_000021,C01_Uniform,gaussian,"{""max_um"": 1.0, ""mean_um"": 0.4697526572642546, ""min_um"": 0.01, ""per_sample"": true, ""std_um"": 0.07212773314234028}",,,35,"{""n_particles"": 35, ""name"": ""wafer_particles.pattern.C01_Uniform"", ""schema_version"": ""wafer_particles.pattern_config.v1"", ""wafer_radius_mm"": 150.0}",21
sample_000022,C04_Sector_Edge,gaussian,"{""max_um"": 1.0, ""mean_um"": 0.4471221288940223, ""min_um"": 0.01, ""per_sample"": true, ""std_um"": 0.02694114627982259}",,,193,"{""angle_center_rad"": 5.686188529722356, ""angle_width_deg"": 78.20154968128173, ""edge_width_ratio"": 0.11884961480676563, ""n_particles"": 193, ""name"": ""wafer_particles.pattern.C04_Sector_Edge"", ""radial_beta_alpha"": 1.7061614920624542, ""radial_beta_beta"": 1.93606383466906, ""schema_version"": ""wafer_particles.pattern_config.v1"", ""side"": ""right"", ""theta_vonmises_kappa"": 6.579509405219872, ""wafer_radius_mm"": 150.0}",22
sample_000023,C06_RadialLines,lognormal,"{""max_um"": 1.0, ""min_um"": 0.01, ""mu_log"": -1.319794141324767, ""per_sample"": true, ""sigma_log"": 0.30000345102026826}",,,136,"{""angular_jitter_deg"": 1.473577798293999, ""n_lines"": 8, ""n_particles"": 136, ""name"": ""wafer_particles.pattern.C06_RadialLines"", ""params"": {""n_lines"": 2.0, ""r_max_norm"": 0.922919458293295, ""r_min_norm"": 0.1541876619727611, ""sigma_perp_norm"": 0.04002224999441722}, ""r_max_ratio"": 0.7800691514752058, ""r_min_ratio"": 0.2282847541131159, ""schema_version"": ""wafer_particles.pattern_config.v1"", ""sigma_perp_ratio"": 0.021395956492226916, ""wafer_radius_mm"": 150.0}",23
sample_000024,C07_StraightLine,gaussian,"{""max_um"": 1.0, ""mean_um"": 0.7009246945031008, ""min_um"": 0.01, ""per_sample"": true, ""std_um"": 0.03142530970241068}",,,146,"{""angle_deg"": 12.988354042349112, ""n_particles"": 146, ""name"": ""wafer_particles.pattern.C07_StraightLine"", ""offset_ratio"": -0.275416833059811, ""params"": {""segment_half_length_norm"": 0.13661507678105697, ""width_norm"": 0.05548883728198313}, ""schema_version"": ""wafer_particles.pattern_config.v1"", ""segment_half_length_ratio"": 0.6170164297247338, ""wafer_radius_mm"": 150.0, ""width_ratio"": 0.049592531077303194}",24
sample_000025,hotspot_center,weibull,"{""k"": 2.476820468575596, ""lambda_um"": 0.29561054951586246, ""max_um"": 1.0, ""min_um"": 0.01, ""per_sample"": true}",hotspot,hotspot,73,"{""center_angle"": ""random"", ""center_radius_ratio"": 0.9, ""mode"": ""center"", ""n_particles"": 73, ""name"": ""wafer_particles.pattern.hotspot"", ""schema_version"": ""wafer_particles.pattern_config.v1"", ""sigma_ratio"": 0.05, ""wafer_radius_mm"": 150.0}",25
sample_000026,C08_CurvedScratch,gaussian,"{""max_um"": 1.0, ""mean_um"": 0.30157213247426673, ""min_um"": 0.01, ""per_sample"": true, ""std_um"": 0.07326894458383286}",,,104,"{""angle_center_deg"": 0.0, ""angle_center_rad"": 2.2682630333394114, ""arc_radius_ratio"": 0.8996102082782735, ""n_particles"": 104, ""name"": ""wafer_particles.pattern.C08_CurvedScratch"", ""params"": {""arc_radius_norm"": 0.5314698677361263, ""span_rad"": 0.5748740594847085, ""width_norm"": 0.05718304692610537}, ""schema_version"": ""wafer_particles.pattern_config.v1"", ""span_deg"": 147.61189839441352, ""wafer_radius_mm"": 150.0, ""width_ratio"": 0.04369842627068611}",26
sample_000027,C03_Ring,gaussian,"{""max_um"": 1.0, ""mean_um"": 0.6526077407817722, ""min_um"": 0.01, ""per_sample"": true, ""std_um"": 0.09968801746330064}",,,165,"{""n_particles"": 165, ""name"": ""wafer_particles.pattern.C03_Ring"", ""radius_ratio"": 0.6149563716128097, ""schema_version"": ""wafer_particles.pattern_config.v1"", ""wafer_radius_mm"": 150.0, ""width_ratio"": 0.15491714312824473}",27
sample_000028,C09_Spiral,gaussian,"{""max_um"": 1.0, ""mean_um"": 0.6724778489660018, ""min_um"": 0.01, ""per_sample"": true, ""std_um"": 0.02139663451246056}",,,112,"{""end_r_ratio"": 0.8722602996066082, ""n_particles"": 112, ""name"": ""wafer_particles.pattern.C09_Spiral"", ""params"": {""theta_max"": 13.296907120337472, ""width_norm"": 0.02801540631373512}, ""schema_version"": ""wafer_particles.pattern_config.v1"", ""start_r_ratio"": 0.19053285519072544, ""theta_max"": 14.230910029772176, ""wafer_radius_mm"": 150.0, ""width_ratio"": 0.0306114593000069}",28
sample_000029,C02_EdgeBiased,weibull,"{""k"": 1.2302998076862632, ""lambda_um"": 0.054678244599254244, ""max_um"": 1.0, ""min_um"": 0.01, ""per_sample"": true}",,,20,"{""edge_bias"": 2.730944123153889, ""n_particles"": 20, ""name"": ""wafer_particles.pattern.C02_EdgeBiased"", ""schema_version"": ""wafer_particles.pattern_config.v1"", ""wafer_radius_mm"": 150.0}",29
sample_000030,C11_Hotspot_Elliptic,lognormal,"{""max_um"": 1.0, ""min_um"": 0.01, ""mu_log"": -3.268255789222829, ""per_sample"": true, ""sigma_log"": 0.37975532100549547}",,,107,"{""center_angle"": ""random"", ""center_angle_rad"": 2.8339322048537543, ""center_radius_ratio"": 0.09499022955481916, ""mode"": ""random"", ""n_particles"": 107, ""name"": ""wafer_particles.pattern.C11_Hotspot_Elliptic"", ""rotation_deg"": 30.0, ""rotation_rad"": 4.454816185528894, ""schema_version"": ""wafer_particles.pattern_config.v1"", ""sigma_x_ratio"": 0.109207290904681, ""sigma_y_ratio"": 0.026095015210422817, ""wafer_radius_mm"": 150.0}",30
sample_000031,C02_EdgeBiased,pareto,"{""alpha"": 3.284981609905548, ""max_um"": 1.0, ""min_um"": 0.01, ""per_sample"": true, ""xm_um"": 0.21643875246838357}",,,92,"{""edge_bias"": 2.6255976464327775, ""n_particles"": 92, ""name"": ""wafer_particles.pattern.C02_EdgeBiased"", ""schema_version"": ""wafer_particles.pattern_config.v1"", ""wafer_radius_mm"": 150.0}",31
sample_000032,C11_Hotspot_Elliptic,gaussian,"{""max_um"": 1.0, ""mean_um"": 0.20044917518071187, ""min_um"": 0.01, ""per_sample"": true, ""std_um"": 0.05756604392883588}",,,57,"{""center_angle"": ""random"", ""center_angle_rad"": 1.7918652350265696, ""center_radius_ratio"": 0.5453521363789473, ""mode"": ""random"", ""n_particles"": 57, ""name"": ""wafer_particles.pattern.C11_Hotspot_Elliptic"", ""rotation_deg"": 30.0, ""rotation_rad"": 1.0929743331302486, ""schema_version"": ""wafer_particles.pattern_config.v1"", ""sigma_x_ratio"": 0.10876103657180851, ""sigma_y_ratio"": 0.0465548090652871, ""wafer_radius_mm"": 150.0}",32
sample_000033,C08_CurvedScratch,gaussian,"{""max_um"": 1.0, ""mean_um"": 0.41184549866322556, ""min_um"": 0.01, ""per_sample"": true, ""std_um"": 0.04064589038431829}",,,31,"{""angle_center_deg"": 0.0, ""angle_center_rad"": 3.751813512366065, ""arc_radius_ratio"": 0.6925537861021263, ""n_particles"": 31, ""name"": ""wafer_particles.pattern.C08_CurvedScratch"", ""params"": {""arc_radius_norm"": 0.6237383088032836, ""span_rad"": 0.3631486796162635, ""width_norm"": 0.04370473576410963}, ""schema_version"": ""wafer_particles.pattern_config.v1"", ""span_deg"": 39.4007169757495, ""wafer_radius_mm"": 150.0, ""width_ratio"": 0.019865431535001532}",33
sample_000034,C09_Spiral,weibull,"{""k"": 1.3405461333351345, ""lambda_um"": 0.3266417322490872, ""max_um"": 1.0, ""min_um"": 0.01, ""per_sample"": true}",,,164,"{""end_r_ratio"": 0.8737838589150811, ""n_particles"": 164, ""name"": ""wafer_particles.pattern.C09_Spiral"", ""params"": {""theta_max"": 29.149938741025323, ""width_norm"": 0.040841453898194664}, ""schema_version"": ""wafer_particles.pattern_config.v1"", ""start_r_ratio"": 0.2634368064705093, ""theta_max"": 12.741821063973504, ""wafer_radius_mm"": 150.0, ""width_ratio"": 0.04019005156773005}",34
sample_000035,C05_Sector_Internal,pareto,"{""alpha"": 2.129160746393214, ""max_um"": 1.0, ""min_um"": 0.01, ""per_sample"": true, ""xm_um"": 0.13572804489319507}",,,146,"{""angle_center_rad"": 0.8760348493200905, ""angle_width_deg"": 107.63261404857816, ""edge_margin_norm"": 0.05, ""n_particles"": 146, ""name"": ""wafer_particles.pattern.C05_Sector_Internal"", ""r_inner_ratio"": 0.10904367737316206, ""r_outer_ratio"": 0.7861643320683318, ""radial_beta_alpha"": 2.266465380540561, ""radial_beta_beta"": 2.3967299205976325, ""schema_version"": ""wafer_particles.pattern_config.v1"", ""theta_vonmises_kappa"": 0.8066104188862115, ""wafer_radius_mm"": 150.0}",35
sample_000036,C11_Hotspot_Elliptic,gaussian,"{""max_um"": 1.0, ""mean_um"": 0.7594195568072752, ""min_um"": 0.01, ""per_sample"": true, ""std_um"": 0.03848563315101608}",,,70,"{""center_angle"": ""random"", ""center_angle_rad"": 3.495341468581203, ""center_radius_ratio"": 0.7404465066163274, ""mode"": ""random"", ""n_particles"": 70, ""name"": ""wafer_particles.pattern.C11_Hotspot_Elliptic"", ""rotation_deg"": 30.0, ""rotation_rad"": 4.226241215813457, ""schema_version"": ""wafer_particles.pattern_config.v1"", ""sigma_x_ratio"": 0.10503898436316927, ""sigma_y_ratio"": 0.0285327345691083, ""wafer_radius_mm"": 150.0}",36
sample_000037,C11_Hotspot_Elliptic,lognormal,"{""max_um"": 1.0, ""min_um"": 0.01, ""mu_log"": -2.7638429600274557, ""per_sample"": true, ""sigma_log"": 0.6694036811328145}",,,178,"{""center_angle"": ""random"", ""center_angle_rad"": 3.0881232421790186, ""center_radius_ratio"": 0.41236210608733237, ""mode"": ""random"", ""n_particles"": 178, ""name"": ""wafer_particles.pattern.C11_Hotspot_Elliptic"", ""rotation_deg"": 30.0, ""rotation_rad"": 5.400470562237981, ""schema_version"": ""wafer_particles.pattern_config.v1"", ""sigma_x_ratio"": 0.06610841754649033, ""sigma_y_ratio"": 0.016579405681767714, ""wafer_radius_mm"": 150.0}",37
sample_000038,C02_EdgeBiased,weibull,"{""k"": 1.28295008804426, ""lambda_um"": 0.30963584035632946, ""max_um"": 1.0, ""min_um"": 0.01, ""per_sample"": true}",,,166,"{""edge_bias"": 1.898760054830133, ""n_particles"": 166, ""name"": ""wafer_particles.pattern.C02_EdgeBiased"", ""schema_version"": ""wafer_particles.pattern_config.v1"", ""wafer_radius_mm"": 150.0}",38
sample_000039,C07_StraightLine,lognormal,"{""max_um"": 1.0, ""min_um"": 0.01, ""mu_log"": -3.6156274804906356, ""per_sample"": true, ""sigma_log"": 0.5384378192712072}",,,172,"{""angle_deg"": 132.6856548802053, ""n_particles"": 172, ""name"": ""wafer_particles.pattern.C07_StraightLine"", ""offset_ratio"": 0.03145348248216284, ""params"": {""segment_half_length_norm"": 0.2533327093738382, ""width_norm"": 0.05483594554446}, ""schema_version"": ""wafer_particles.pattern_config.v1"", ""segment_half_length_ratio"": 0.7553941894592668, ""wafer_radius_mm"": 150.0, ""width_ratio"": 0.02939166769249454}",39
sample_000040,C08_CurvedScratch,pareto,"{""alpha"": 2.65715021601827, ""max_um"": 1.0, ""min_um"": 0.01, ""per_sample"": true, ""xm_um"": 0.22959235803538347}",,,132,"{""angle_center_deg"": 0.0, ""angle_center_rad"": 5.419721200600314, ""arc_radius_ratio"": 0.6929937778997255, ""n_particles"": 132, ""name"": ""wafer_particles.pattern.C08_CurvedScratch"", ""params"": {""arc_radius_norm"": 0.4271849100638579, ""span_rad"": 0.5757410106187164, ""width_norm"": 0.060118970719117426}, ""schema_version"": ""wafer_particles.pattern_config.v1"", ""span_deg"": 47.84236625397271, ""wafer_radius_mm"": 150.0, ""width_ratio"": 0.05055963460781629}",40
sample_000041,C03_Ring,lognormal,"{""max_um"": 1.0, ""min_um"": 0.01, ""mu_log"": -1.6646859780093033, ""per_sample"": true, ""sigma_log"": 0.8672791244542011}",,,84,"{""n_particles"": 84, ""name"": ""wafer_particles.pattern.C03_Ring"", ""radius_ratio"": 0.40347400520626986, ""schema_version"": ""wafer_particles.pattern_config.v1"", ""wafer_radius_mm"": 150.0, ""width_ratio"": 0.19723606854720196}",41
sample_000042,C05_Sector_Internal,pareto,"{""alpha"": 1.578263533566424, ""max_um"": 1.0, ""min_um"": 0.01, ""per_sample"": true, ""xm_um"": 0.2749113339469292}",,,178,"{""angle_center_rad"": 4.600430520773261, ""angle_width_deg"": 107.36832625813763, ""edge_margin_norm"": 0.05, ""n_particles"": 178, ""name"": ""wafer_particles.pattern.C05_Sector_Internal"", ""r_inner_ratio"": 0.36653753307780523, ""r_outer_ratio"": 0.7284859365470957, ""radial_beta_alpha"": 2.2592887652585327, ""radial_beta_beta"": 2.4199890373827997, ""schema_version"": ""wafer_particles.pattern_config.v1"", ""theta_vonmises_kappa"": 3.44352707071745, ""wafer_radius_mm"": 150.0}",42
sample_000043,C03_Ring,lognormal,"{""max_um"": 1.0, ""min_um"": 0.01, ""mu_log"": -2.7616494445919413, ""per_sample"": true, ""sigma_log"": 0.2562090287750015}",,,176,"{""n_particles"": 176, ""name"": ""wafer_particles.pattern.C03_Ring"", ""radius_ratio"": 0.710182053652746, ""schema_version"": ""wafer_particles.pattern_config.v1"", ""wafer_radius_mm"": 150.0, ""width_ratio"": 0.093811349153454}",43
sample_000044,C01_Uniform,lognormal,"{""max_um"": 1.0, ""min_um"": 0.01, ""mu_log"": -1.1527268586726627, ""per_sample"": true, ""sigma_log"": 0.37746697306768273}",,,18,"{""n_particles"": 18, ""name"": ""wafer_particles.pattern.C01_Uniform"", ""schema_version"": ""wafer_particles.pattern_config.v1"", ""wafer_radius_mm"": 150.0}",44
sample_000045,C06_RadialLines,gaussian,"{""max_um"": 1.0, ""mean_um"": 0.10608420126029482, ""min_um"": 0.01, ""per_sample"": true, ""std_um"": 0.04904131876584338}",,,33,"{""angular_jitter_deg"": 2.8181662229001536, ""n_lines"": 4, ""n_particles"": 33, ""name"": ""wafer_particles.pattern.C06_RadialLines"", ""params"": {""n_lines"": 4.0, ""r_max_norm"": 0.9963193510757651, ""r_min_norm"": 0.18343394516025613, ""sigma_perp_norm"": 0.016899558059822732}, ""r_max_ratio"": 0.840436519592616, ""r_min_ratio"": 0.23571058590984945, ""schema_version"": ""wafer_particles.pattern_config.v1"", ""sigma_perp_ratio"": 0.005175803917888976, ""wafer_radius_mm"": 150.0}",45
sample_000046,C03_Ring,lognormal,"{""max_um"": 1.0, ""min_um"": 0.01, ""mu_log"": -0.9967053381817963, ""per_sample"": true, ""sigma_log"": 0.40955256347631996}",,,142,"{""n_particles"": 142, ""name"": ""wafer_particles.pattern.C03_Ring"", ""radius_ratio"": 0.8345018823711605, ""schema_version"": ""wafer_particles.pattern_config.v1"", ""wafer_radius_mm"": 150.0, ""width_ratio"": 0.13702831086105113}",46
sample_000047,C09_Spiral,weibull,"{""k"": 1.0101484041566264, ""lambda_um"": 0.4214681092089449, ""max_um"": 1.0, ""min_um"": 0.01, ""per_sample"": true}",,,144,"{""end_r_ratio"": 0.7039832148440173, ""n_particles"": 144, ""name"": ""wafer_particles.pattern.C09_Spiral"", ""params"": {""theta_max"": 25.25966932001744, ""width_norm"": 0.02090931704305711}, ""schema_version"": ""wafer_particles.pattern_config.v1"", ""start_r_ratio"": 0.11204410491081977, ""theta_max"": 15.062496374651776, ""wafer_radius_mm"": 150.0, ""width_ratio"": 0.01847635057003262}",47
sample_000048,C08_CurvedScratch,lognormal,"{""max_um"": 1.0, ""min_um"": 0.01, ""mu_log"": -3.410493586706357, ""per_sample"": true, ""sigma_log"": 0.38046548051502893}",,,44,"{""angle_center_deg"": 0.0, ""angle_center_rad"": 5.981807360837662, ""arc_radius_ratio"": 0.4679175590561515, ""n_particles"": 44, ""name"": ""wafer_particles.pattern.C08_CurvedScratch"", ""params"": {""arc_radius_norm"": 0.7485674349139511, ""span_rad"": 0.40811910176179866, ""width_norm"": 0.056616376032911496}, ""schema_version"": ""wafer_particles.pattern_config.v1"", ""span_deg"": 82.28102851636125, ""wafer_radius_mm"": 150.0, ""width_ratio"": 0.035439391643614024}",48
sample_000049,C09_Spiral,lognormal,"{""max_um"": 1.0, ""min_um"": 0.01, ""mu_log"": -0.8221272065220409, ""per_sample"": true, ""sigma_log"": 0.7972186037740563}",,,156,"{""end_r_ratio"": 0.8224703761026401, ""n_particles"": 156, ""name"": ""wafer_particles.pattern.C09_Spiral"", ""params"": {""theta_max"": 18.580754198123955, ""width_norm"": 0.04054333491069178}, ""schema_version"": ""wafer_particles.pattern_config.v1"", ""start_r_ratio"": 0.23891312167891063, ""theta_max"": 8.751500842527664, ""wafer_radius_mm"": 150.0, ""width_ratio"": 0.013449072123547581}",49
sample_000050,C01_Uniform,lognormal,"{""max_um"": 1.0, ""min_um"": 0.01, ""mu_log"": -3.735578290091263, ""per_sample"": true, ""sigma_log"": 0.28448018188523294}",,,69,"{""n_particles"": 69, ""name"": ""wafer_particles.pattern.C01_Uniform"", ""schema_version"": ""wafer_particles.pattern_config.v1"", ""wafer_radius_mm"": 150.0}",50
sample_000051,C07_StraightLine,weibull,"{""k"": 1.6797221886037224, ""lambda_um"": 0.1922453626563876, ""max_um"": 1.0, ""min_um"": 0.01, ""per_sample"": true}",,,99,"{""angle_deg"": 2.9443285347746473, ""n_particles"": 99, ""name"": ""wafer_particles.pattern.C07_StraightLine"", ""offset_ratio"": 0.07547316657377362, ""params"": {""segment_half_length_norm"": 0.3261807775217184, ""width_norm"": 0.04875696070592195}, ""schema_version"": ""wafer_particles.pattern_config.v1"", ""segment_half_length_ratio"": 0.4663996021921235, ""wafer_radius_mm"": 150.0, ""width_ratio"": 0.03597031592399513}",51
sample_000052,ring_narrow,weibull,"{""k"": 1.1454704599112242, ""lambda_um"": 0.06436453430455505, ""max_um"": 1.0, ""min_um"": 0.01, ""per_sample"": true}",ring,ring,81,"{""n_particles"": 81, ""name"": ""wafer_particles.pattern.ring_narrow"", ""radius_ratio"": 0.7, ""schema_version"": ""wafer_particles.pattern_config.v1"", ""wafer_radius_mm"": 150.0, ""width_ratio"": 0.03}",52
sample_000053,C08_CurvedScratch,weibull,"{""k"": 2.6678772060014486, ""lambda_um"": 0.06281324466189249, ""max_um"": 1.0, ""min_um"": 0.01, ""per_sample"": true}",,,169,"{""angle_center_deg"": 0.0, ""angle_center_rad"": 2.9545575566421896, ""arc_radius_ratio"": 0.456579419218324, ""n_particles"": 169, ""name"": ""wafer_particles.pattern.C08_CurvedScratch"", ""params"": {""arc_radius_norm"": 0.7183146170126765, ""span_rad"": 0.2693799045481977, ""width_norm"": 0.035079701879898964}, ""schema_version"": ""wafer_particles.pattern_config.v1"", ""span_deg"": 132.72346989198894, ""wafer_radius_mm"": 150.0, ""width_ratio"": 0.05292496793115705}",53
sample_000054,C05_Sector_Internal,weibull,"{""k"": 2.032972214847069, ""lambda_um"": 0.15038827110476694, ""max_um"": 1.0, ""min_um"": 0.01, ""per_sample"": true}",,,169,"{""angle_center_rad"": 4.543963431526713, ""angle_width_deg"": 113.20456034896502, ""edge_margin_norm"": 0.05, ""n_particles"": 169, ""name"": ""wafer_particles.pattern.C05_Sector_Internal"", ""r_inner_ratio"": 0.399138509055691, ""r_outer_ratio"": 0.5332029816155897, ""radial_beta_alpha"": 1.945346165425074, ""radial_beta_beta"": 3.773050203177257, ""schema_version"": ""wafer_particles.pattern_config.v1"", ""theta_vonmises_kappa"": 6.692081247671043, ""wafer_radius_mm"": 150.0}",54
sample_000055,C01_Uniform,gaussian,"{""max_um"": 1.0, ""mean_um"": 0.29618239461944823, ""min_um"": 0.01, ""per_sample"": true, ""std_um"": 0.07063741271516917}",,,123,"{""n_particles"": 123, ""name"": ""wafer_particles.pattern.C01_Uniform"", ""schema_version"": ""wafer_particles.pattern_config.v1"", ""wafer_radius_mm"": 150.0}",55
sample_000056,C06_RadialLines,lognormal,"{""max_um"": 1.0, ""min_um"": 0.01, ""mu_log"": -0.8643728036235729, ""per_sample"": true, ""sigma_log"": 0.47795013031518147}",,,93,"{""angular_jitter_deg"": 2.635227589406613, ""n_lines"": 8, ""n_particles"": 93, ""name"": ""wafer_particles.pattern.C06_RadialLines"", ""params"": {""n_lines"": 4.0, ""r_max_norm"": 0.9176300019835422, ""r_min_norm"": 0.11905680965291046, ""sigma_perp_norm"": 0.020911960852784017}, ""r_max_ratio"": 0.6587886306806854, ""r_min_ratio"": 0.005230904242275181, ""schema_version"": ""wafer_particles.pattern_config.v1"", ""sigma_perp_ratio"": 0.008972229366883445, ""wafer_radius_mm"": 150.0}",56
sample_000057,C02_EdgeBiased,lognormal,"{""max_um"": 1.0, ""min_um"": 0.01, ""mu_log"": -0.7248687554689948, ""per_sample"": true, ""sigma_log"": 0.8985216723118086}",,,157,"{""edge_bias"": 2.202691842118158, ""n_particles"": 157, ""name"": ""wafer_particles.pattern.C02_EdgeBiased"", ""schema_version"": ""wafer_particles.pattern_config.v1"", ""wafer_radius_mm"": 150.0}",57
sample_000058,C03_Ring,pareto,"{""alpha"": 2.060077934545104, ""max_um"": 1.0, ""min_um"": 0.01, ""per_sample"": true, ""xm_um"": 0.25642001136211706}",,,49,"{""n_particles"": 49, ""name"": ""wafer_particles.pattern.C03_Ring"", ""radius_ratio"": 0.4298010247941639, ""schema_version"": ""wafer_particles.pattern_config.v1"", ""wafer_radius_mm"": 150.0, ""width_ratio"": 0.1703294893174578}",58
sample_000059,C08_CurvedScratch,gaussian,"{""max_um"": 1.0, ""mean_um"": 0.4171377515742733, ""min_um"": 0.01, ""per_sample"": true, ""std_um"": 0.03463347322428418}",,,25,"{""angle_center_deg"": 0.0, ""angle_center_rad"": 4.36834229380315, ""arc_radius_ratio"": 0.5232846348174611, ""n_particles"": 25, ""name"": ""wafer_particles.pattern.C08_CurvedScratch"", ""params"": {""arc_radius_norm"": 0.5770849727983782, ""span_rad"": 0.39138380788127847, ""width_norm"": 0.061804582560163426}, ""schema_version"": ""wafer_particles.pattern_config.v1"", ""span_deg"": 77.33261196865969, ""wafer_radius_mm"": 150.0, ""width_ratio"": 0.03128003062392856}",59
sample_000060,C09_Spiral,lognormal,"{""max_um"": 1.0, ""min_um"": 0.01, ""mu_log"": -0.7476018648142602, ""per_sample"": true, ""sigma_log"": 0.25493658758199556}",,,164,"{""end_r_ratio"": 0.8064257861314722, ""n_particles"": 164, ""name"": ""wafer_particles.pattern.C09_Spiral"", ""params"": {""theta_max"": 13.587094124805468, ""width_norm"": 0.02675123896380869}, ""schema_version"": ""wafer_particles.pattern_config.v1"", ""start_r_ratio"": 0.21228393427968104, ""theta_max"": 18.28787153357952, ""wafer_radius_mm"": 150.0, ""width_ratio"": 0.015340277012190675}",60
sample_000061,C08_CurvedScratch,lognormal,"{""max_um"": 1.0, ""min_um"": 0.01, ""mu_log"": -3.203398648671998, ""per_sample"": true, ""sigma_log"": 0.5466752063554902}",,,17,"{""angle_center_deg"": 0.0, ""angle_center_rad"": 3.1207050295276075, ""arc_radius_ratio"": 0.6858706898823502, ""n_particles"": 17, ""name"": ""wafer_particles.pattern.C08_CurvedScratch"", ""params"": {""arc_radius_norm"": 0.5832207164507821, ""span_rad"": 0.43819679206057705, ""width_norm"": 0.06429144898450492}, ""schema_version"": ""wafer_particles.pattern_config.v1"", ""span_deg"": 143.0662770072435, ""wafer_radius_mm"": 150.0, ""width_ratio"": 0.030894671919483523}",61
sample_000062,C05_Sector_Internal,weibull,"{""k"": 2.528766256355768, ""lambda_um"": 0.4700379309077141, ""max_um"": 1.0, ""min_um"": 0.01, ""per_sample"": true}",,,15,"{""angle_center_rad"": 5.23276773425409, ""angle_width_deg"": 57.29438045178033, ""edge_margin_norm"": 0.05, ""n_particles"": 15, ""name"": ""wafer_particles.pattern.C05_Sector_Internal"", ""r_inner_ratio"": 0.2998931242484042, ""r_outer_ratio"": 0.5446965217570048, ""radial_beta_alpha"": 1.3310262616555735, ""radial_beta_beta"": 1.3292525281359964, ""schema_version"": ""wafer_particles.pattern_config.v1"", ""theta_vonmises_kappa"": 1.4651378770255632, ""wafer_radius_mm"": 150.0}",62
sample_000063,C08_CurvedScratch,weibull,"{""k"": 1.466189886509213, ""lambda_um"": 0.29410494461276426, ""max_um"": 1.0, ""min_um"": 0.01, ""per_sample"": true}",,,145,"{""angle_center_deg"": 0.0, ""angle_center_rad"": 2.3567645841381073, ""arc_radius_ratio"": 0.48052285609758577, ""n_particles"": 145, ""name"": ""wafer_particles.pattern.C08_CurvedScratch"", ""params"": {""arc_radius_norm"": 0.7401210177208379, ""span_rad"": 0.22026997032241505, ""width_norm"": 0.03405588215965399}, ""schema_version"": ""wafer_particles.pattern_config.v1"", ""span_deg"": 130.19973851611908, ""wafer_radius_mm"": 150.0, ""width_ratio"": 0.040348919134177125}",63
sample_000064,C01_Uniform,pareto,"{""alpha"": 3.631226954935924, ""max_um"": 1.0, ""min_um"": 0.01, ""per_sample"": true, ""xm_um"": 0.17551693698182913}",,,179,"{""n_particles"": 179, ""name"": ""wafer_particles.pattern.C01_Uniform"", ""schema_version"": ""wafer_particles.pattern_config.v1"", ""wafer_radius_mm"": 150.0}",64
sample_000065,C04_Sector_Edge,weibull,"{""k"": 1.2982183142251649, ""lambda_um"": 0.27225330809851916, ""max_um"": 1.0, ""min_um"": 0.01, ""per_sample"": true}",,,91,"{""angle_center_rad"": 0.5319010790639512, ""angle_width_deg"": 50.12632349815324, ""edge_width_ratio"": 0.16270861372189155, ""n_particles"": 91, ""name"": ""wafer_particles.pattern.C04_Sector_Edge"", ""radial_beta_alpha"": 2.7129871962772585, ""radial_beta_beta"": 1.5335198185505508, ""schema_version"": ""wafer_particles.pattern_config.v1"", ""side"": ""right"", ""theta_vonmises_kappa"": 5.858615705293624, ""wafer_radius_mm"": 150.0}",65
sample_000066,C07_StraightLine,pareto,"{""alpha"": 3.457030542078013, ""max_um"": 1.0, ""min_um"": 0.01, ""per_sample"": true, ""xm_um"": 0.2200718479603237}",,,161,"{""angle_deg"": 105.02364752293259, ""n_particles"": 161, ""name"": ""wafer_particles.pattern.C07_StraightLine"", ""offset_ratio"": 0.2799481183273604, ""params"": {""segment_half_length_norm"": 0.2892491230020889, ""width_norm"": 0.05191251508483617}, ""schema_version"": ""wafer_particles.pattern_config.v1"", ""segment_half_length_ratio"": 0.45597275063411496, ""wafer_radius_mm"": 150.0, ""width_ratio"": 0.045404341172179924}",66
sample_000067,C04_Sector_Edge,weibull,"{""k"": 2.701600749227584, ""lambda_um"": 0.04862727822811738, ""max_um"": 1.0, ""min_um"": 0.01, ""per_sample"": true}",,,13,"{""angle_center_rad"": 3.108714638000086, ""angle_width_deg"": 59.877841916885345, ""edge_width_ratio"": 0.12561513590526058, ""n_particles"": 13, ""name"": ""wafer_particles.pattern.C04_Sector_Edge"", ""radial_beta_alpha"": 1.5439729642438826, ""radial_beta_beta"": 2.6252224047005583, ""schema_version"": ""wafer_particles.pattern_config.v1"", ""side"": ""right"", ""theta_vonmises_kappa"": 4.376881268388555, ""wafer_radius_mm"": 150.0}",67
sample_000068,C11_Hotspot_Elliptic,weibull,"{""k"": 1.158889129994391, ""lambda_um"": 0.24339852716280203, ""max_um"": 1.0, ""min_um"": 0.01, ""per_sample"": true}",,,160,"{""center_angle"": ""random"", ""center_angle_rad"": 4.551236252872115, ""center_radius_ratio"": 0.41279496675230687, ""mode"": ""random"", ""n_particles"": 160, ""name"": ""wafer_particles.pattern.C11_Hotspot_Elliptic"", ""rotation_deg"": 30.0, ""rotation_rad"": 3.481723547392424, ""schema_version"": ""wafer_particles.pattern_config.v1"", ""sigma_x_ratio"": 0.0898056638480037, ""sigma_y_ratio"": 0.07521068463894358, ""wafer_radius_mm"": 150.0}",68
sample_000069,C05_Sector_Internal,weibull,"{""k"": 2.2113857406929087, ""lambda_um"": 0.17155259334924422, ""max_um"": 1.0, ""min_um"": 0.01, ""per_sample"": true}",,,38,"{""angle_center_rad"": 0.1275128859988509, ""angle_width_deg"": 112.16728025214945, ""edge_margin_norm"": 0.05, ""n_particles"": 38, ""name"": ""wafer_particles.pattern.C05_Sector_Internal"", ""r_inner_ratio"": 0.27008774419082177, ""r_outer_ratio"": 0.6389665846965082, ""radial_beta_alpha"": 2.6333936999885723, ""radial_beta_beta"": 1.796488285864413, ""schema_version"": ""wafer_particles.pattern_config.v1"", ""theta_vonmises_kappa"": 1.9951640430076536, ""wafer_radius_mm"": 150.0}",69
sample_000070,C09_Spiral,pareto,"{""alpha"": 2.516542916711116, ""max_um"": 1.0, ""min_um"": 0.01, ""per_sample"": true, ""xm_um"": 0.07011974063280023}",,,181,"{""end_r_ratio"": 0.9388594777996744, ""n_particles"": 181, ""name"": ""wafer_particles.pattern.C09_Spiral"", ""params"": {""theta_max"": 27.73221562553022, ""width_norm"": 0.013812509274839787}, ""schema_version"": ""wafer_particles.pattern_config.v1"", ""start_r_ratio"": 0.22636617578003115, ""theta_max"": 6.879748923525732, ""wafer_radius_mm"": 150.0, ""width_ratio"": 0.007377979314485455}",70
sample_000071,C07_StraightLine,pareto,"{""alpha"": 3.5409553819066977, ""max_um"": 1.0, ""min_um"": 0.01, ""per_sample"": true, ""xm_um"": 0.18231159449007672}",,,188,"{""angle_deg"": 118.43753638430998, ""n_particles"": 188, ""name"": ""wafer_particles.pattern.C07_StraightLine"", ""offset_ratio"": 0.25082605581253076, ""params"": {""segment_half_length_norm"": 0.2833424604152969, ""width_norm"": 0.038231757187488925}, ""schema_version"": ""wafer_particles.pattern_config.v1"", ""segment_half_length_ratio"": 0.4805631204171902, ""wafer_radius_mm"": 150.0, ""width_ratio"": 0.01011645241107116}",71
sample_000072,C01_Uniform,lognormal,"{""max_um"": 1.0, ""min_um"": 0.01, ""mu_log"": -2.9356802490880227, ""per_sample"": true, ""sigma_log"": 0.7429101631675694}",,,99,"{""n_particles"": 99, ""name"": ""wafer_particles.pattern.C01_Uniform"", ""schema_version"": ""wafer_particles.pattern_config.v1"", ""wafer_radius_mm"": 150.0}",72
sample_000073,C09_Spiral,gaussian,"{""max_um"": 1.0, ""mean_um"": 0.31046254977806886, ""min_um"": 0.01, ""per_sample"": true, ""std_um"": 0.034797042388395275}",,,53,"{""end_r_ratio"": 0.7645768188234069, ""n_particles"": 53, ""name"": ""wafer_particles.pattern.C09_Spiral"", ""params"": {""theta_max"": 23.5996977007318, ""width_norm"": 0.019013002778254517}, ""schema_version"": ""wafer_particles.pattern_config.v1"", ""start_r_ratio"": 0.12950166168708738, ""theta_max"": 14.034037478232625, ""wafer_radius_mm"": 150.0, ""width_ratio"": 0.04871610490528584}",73
sample_000074,hotspot_center,weibull,"{""k"": 2.313690229471816, ""lambda_um"": 0.2739973920507146, ""max_um"": 1.0, ""min_um"": 0.01, ""per_sample"": true}",hotspot,hotspot,91,"{""center_angle"": ""random"", ""center_radius_ratio"": 0.9, ""mode"": ""center"", ""n_particles"": 91, ""name"": ""wafer_particles.pattern.hotspot"", ""schema_version"": ""wafer_particles.pattern_config.v1"", ""sigma_ratio"": 0.05, ""wafer_radius_mm"": 150.0}",74
sample_000075,C09_Spiral,gaussian,"{""max_um"": 1.0, ""mean_um"": 0.7469798624935917, ""min_um"": 0.01, ""per_sample"": true, ""std_um"": 0.0697968392840549}",,,98,"{""end_r_ratio"": 0.8295401563953517, ""n_particles"": 98, ""name"": ""wafer_particles.pattern.C09_Spiral"", ""params"": {""theta_max"": 22.622702141335786, ""width_norm"": 0.025533293639521185}, ""schema_version"": ""wafer_particles.pattern_config.v1"", ""start_r_ratio"": 0.13687903585421896, ""theta_max"": 17.069344789723623, ""wafer_radius_mm"": 150.0, ""width_ratio"": 0.02930282956327899}",75
sample_000076,C03_Ring,weibull,"{""k"": 2.554642375391638, ""lambda_um"": 0.18512261161240587, ""max_um"": 1.0, ""min_um"": 0.01, ""per_sample"": true}",,,39,"{""n_particles"": 39, ""name"": ""wafer_particles.pattern.C03_Ring"", ""radius_ratio"": 0.6706466973918603, ""schema_version"": ""wafer_particles.pattern_config.v1"", ""wafer_radius_mm"": 150.0, ""width_ratio"": 0.1269461263686253}",76
sample_000077,C01_Uniform,pareto,"{""alpha"": 3.0829639097959056, ""max_um"": 1.0, ""min_um"": 0.01, ""per_sample"": true, ""xm_um"": 0.2873568648032964}",,,80,"{""n_particles"": 80, ""name"": ""wafer_particles.pattern.C01_Uniform"", ""schema_version"": ""wafer_particles.pattern_config.v1"", ""wafer_radius_mm"": 150.0}",77
sample_000078,C07_StraightLine,pareto,"{""alpha"": 2.901173156664705, ""max_um"": 1.0, ""min_um"": 0.01, ""per_sample"": true, ""xm_um"": 0.27278991988194834}",,,110,"{""angle_deg"": 142.72629814307197, ""n_particles"": 110, ""name"": ""wafer_particles.pattern.C07_StraightLine"", ""offset_ratio"": 0.02455341327824062, ""params"": {""segment_half_length_norm"": 0.30061245462605185, ""width_norm"": 0.04385656918966316}, ""schema_version"": ""wafer_particles.pattern_config.v1"", ""segment_half_length_ratio"": 0.39637042375342607, ""wafer_radius_mm"": 150.0, ""width_ratio"": 0.008618289960627974}",78
sample_000079,C01_Uniform,weibull,"{""k"": 0.7774439246074625, ""lambda_um"": 0.34325431954288843, ""max_um"": 1.0, ""min_um"": 0.01, ""per_sample"": true}",,,147,"{""n_particles"": 147, ""name"": ""wafer_particles.pattern.C01_Uniform"", ""schema_version"": ""wafer_particles.pattern_config.v1"", ""wafer_radius_mm"": 150.0}",79
sample_000080,C05_Sector_Internal,gaussian,"{""max_um"": 1.0, ""mean_um"": 0.3675748742436488, ""min_um"": 0.01, ""per_sample"": true, ""std_um"": 0.03770555957855799}",,,26,"{""angle_center_rad"": 5.8883952487002675, ""angle_width_deg"": 96.73891247069022, ""edge_margin_norm"": 0.05, ""n_particles"": 26, ""name"": ""wafer_particles.pattern.C05_Sector_Internal"", ""r_inner_ratio"": 0.14679220732370873, ""r_outer_ratio"": 0.8390532307154046, ""radial_beta_alpha"": 1.6321096699081945, ""radial_beta_beta"": 3.5734400202461254, ""schema_version"": ""wafer_particles.pattern_config.v1"", ""theta_vonmises_kappa"": 3.789575998701397, ""wafer_radius_mm"": 150.0}",80
sample_000081,C09_Spiral,weibull,"{""k"": 1.2557487525573343, ""lambda_um"": 0.3712518328890731, ""max_um"": 1.0, ""min_um"": 0.01, ""per_sample"": true}",,,144,"{""end_r_ratio"": 0.8511608534096142, ""n_particles"": 144, ""name"": ""wafer_particles.pattern.C09_Spiral"", ""params"": {""theta_max"": 17.868480174596577, ""width_norm"": 0.016282114709719814}, ""schema_version"": ""wafer_particles.pattern_config.v1"", ""start_r_ratio"": 0.20494663819358575, ""theta_max"": 9.598510557300397, ""wafer_radius_mm"": 150.0, ""width_ratio"": 0.016995146708148716}",81
sample_000082,scratch_horizontal,gaussian,"{""max_um"": 1.0, ""mean_um"": 0.72029145899925, ""min_um"": 0.01, ""per_sample"": true, ""std_um"": 0.08539657142081862}",line,scratch,184,"{""angle_category"": ""horizontal"", ""length_ratio"": 1.0, ""n_particles"": 184, ""name"": ""wafer_particles.pattern.scratch"", ""offset_ratio"": 0.0, ""schema_version"": ""wafer_particles.pattern_config.v1"", ""wafer_radius_mm"": 150.0, ""width_ratio"": 0.01}",82
sample_000083,C09_Spiral,weibull,"{""k"": 2.753787679092837, ""lambda_um"": 0.3888607300207248, ""max_um"": 1.0, ""min_um"": 0.01, ""per_sample"": true}",,,131,"{""end_r_ratio"": 0.843594859397244, ""n_particles"": 131, ""name"": ""wafer_particles.pattern.C09_Spiral"", ""params"": {""theta_max"": 16.52737893570192, ""width_norm"": 0.009537326248289586}, ""schema_version"": ""wafer_particles.pattern_config.v1"", ""start_r_ratio"": 0.2736316515493003, ""theta_max"": 7.045335023245529, ""wafer_radius_mm"": 150.0, ""width_ratio"": 0.0422271870340508}",83
sample_000084,C08_CurvedScratch,weibull,"{""k"": 0.8086961029439407, ""lambda_um"": 0.09418940470354144, ""max_um"": 1.0, ""min_um"": 0.01, ""per_sample"": true}",,,182,"{""angle_center_deg"": 0.0, ""angle_center_rad"": 0.3890701849933949, ""arc_radius_ratio"": 0.875829722499771, ""n_particles"": 182, ""name"": ""wafer_particles.pattern.C08_CurvedScratch"", ""params"": {""arc_radius_norm"": 0.8387901382123651, ""span_rad"": 0.3803923254806566, ""width_norm"": 0.057999502198797584}, ""schema_version"": ""wafer_particles.pattern_config.v1"", ""span_deg"": 76.09794186420581, ""wafer_radius_mm"": 150.0, ""width_ratio"": 0.059900400633767906}",84
sample_000085,C03_Ring,pareto,"{""alpha"": 3.920529727041149, ""max_um"": 1.0, ""min_um"": 0.01, ""per_sample"": true, ""xm_um"": 0.20447774066020058}",,,137,"{""n_particles"": 137, ""name"": ""wafer_particles.pattern.C03_Ring"", ""radius_ratio"": 0.6960140274152287, ""schema_version"": ""wafer_particles.pattern_config.v1"", ""wafer_radius_mm"": 150.0, ""width_ratio"": 0.1635762033335319}",85
sample_000086,C07_StraightLine,lognormal,"{""max_um"": 1.0, ""min_um"": 0.01, ""mu_log"": -3.796459660881957, ""per_sample"": true, ""sigma_log"": 0.7196299157852388}",,,64,"{""angle_deg"": 92.7628617144025, ""n_particles"": 64, ""name"": ""wafer_particles.pattern.C07_StraightLine"", ""offset_ratio"": 0.11307561266766036, ""params"": {""segment_half_length_norm"": 0.3216603292423104, ""width_norm"": 0.046976496510735724}, ""schema_version"": ""wafer_particles.pattern_config.v1"", ""segment_half_length_ratio"": 0.33797332881232345, ""wafer_radius_mm"": 150.0, ""width_ratio"": 0.024578571725293104}",86
sample_000087,C05_Sector_Internal,lognormal,"{""max_um"": 1.0, ""min_um"": 0.01, ""mu_log"": -2.599129050197752, ""per_sample"": true, ""sigma_log"": 0.27031781336737026}",,,190,"{""angle_center_rad"": 2.191444843777848, ""angle_width_deg"": 75.1025995307544, ""edge_margin_norm"": 0.05, ""n_particles"": 190, ""name"": ""wafer_particles.pattern.C05_Sector_Internal"", ""r_inner_ratio"": 0.28392440872367924, ""r_outer_ratio"": 0.7388126165870034, ""radial_beta_alpha"": 2.7059326943524944, ""radial_beta_beta"": 3.62473558959614, ""schema_version"": ""wafer_particles.pattern_config.v1"", ""theta_vonmises_kappa"": 6.73647226199173, ""wafer_radius_mm"": 150.0}",87
sample_000088,C05_Sector_Internal,weibull,"{""k"": 2.0879085941945084, ""lambda_um"": 0.17194003492004617, ""max_um"": 1.0, ""min_um"": 0.01, ""per_sample"": true}",,,178,"{""angle_center_rad"": 5.499234985584643, ""angle_width_deg"": 78.2835801765674, ""edge_margin_norm"": 0.05, ""n_particles"": 178, ""name"": ""wafer_particles.pattern.C05_Sector_Internal"", ""r_inner_ratio"": 0.11462494912464316, ""r_outer_ratio"": 0.8178128502187938, ""radial_beta_alpha"": 1.7507025595646892, ""radial_beta_beta"": 1.582781837565749, ""schema_version"": ""wafer_particles.pattern_config.v1"", ""theta_vonmises_kappa"": 4.136971263804919, ""wafer_radius_mm"": 150.0}",88
sample_000089,C04_Sector_Edge,lognormal,"{""max_um"": 1.0, ""min_um"": 0.01, ""mu_log"": -1.4875279526829774, ""per_sample"": true, ""sigma_log"": 0.7523715819482519}",,,135,"{""angle_center_rad"": 4.579360810938337, ""angle_width_deg"": 27.77772493767968, ""edge_width_ratio"": 0.06091332491695582, ""n_particles"": 135, ""name"": ""wafer_particles.pattern.C04_Sector_Edge"", ""radial_beta_alpha"": 1.8339591033612448, ""radial_beta_beta"": 2.8256968283776116, ""schema_version"": ""wafer_particles.pattern_config.v1"", ""side"": ""right"", ""theta_vonmises_kappa"": 3.595170439958504, ""wafer_radius_mm"": 150.0}",89
sample_000090,C09_Spiral,gaussian,"{""max_um"": 1.0, ""mean_um"": 0.4052649912002047, ""min_um"": 0.01, ""per_sample"": true, ""std_um"": 0.0393097314337169}",,,147,"{""end_r_ratio"": 0.953562712258301, ""n_particles"": 147, ""name"": ""wafer_particles.pattern.C09_Spiral"", ""params"": {""theta_max"": 14.672977207654245, ""width_norm"": 0.04153670941830308}, ""schema_version"": ""wafer_particles.pattern_config.v1"", ""start_r_ratio"": 0.006552645756849618, ""theta_max"": 7.467298530654969, ""wafer_radius_mm"": 150.0, ""width_ratio"": 0.029255146517324433}",90
sample_000091,C07_StraightLine,lognormal,"{""max_um"": 1.0, ""min_um"": 0.01, ""mu_log"": -0.32683713439413387, ""per_sample"": true, ""sigma_log"": 0.4885824919862871}",,,186,"{""angle_deg"": 13.634029992121857, ""n_particles"": 186, ""name"": ""wafer_particles.pattern.C07_StraightLine"", ""offset_ratio"": 0.03432159939320517, ""params"": {""segment_half_length_norm"": 0.27892298887682365, ""width_norm"": 0.05649950523017637}, ""schema_version"": ""wafer_particles.pattern_config.v1"", ""segment_half_length_ratio"": 0.8753223117114204, ""wafer_radius_mm"": 150.0, ""width_ratio"": 0.042081551760185215}",91
sample_000092,C03_Ring,lognormal,"{""max_um"": 1.0, ""min_um"": 0.01, ""mu_log"": -0.8104764825248605, ""per_sample"": true, ""sigma_log"": 0.6252282427055778}",,,182,"{""n_particles"": 182, ""name"": ""wafer_particles.pattern.C03_Ring"", ""radius_ratio"": 0.616743498154964, ""schema_version"": ""wafer_particles.pattern_config.v1"", ""wafer_radius_mm"": 150.0, ""width_ratio"": 0.1490041266125212}",92
sample_000093,C02_EdgeBiased,gaussian,"{""max_um"": 1.0, ""mean_um"": 0.03128299041878097, ""min_um"": 0.01, ""per_sample"": true, ""std_um"": 0.05013458820471762}",,,43,"{""edge_bias"": 2.881658543953419, ""n_particles"": 43, ""name"": ""wafer_particles.pattern.C02_EdgeBiased"", ""schema_version"": ""wafer_particles.pattern_config.v1"", ""wafer_radius_mm"": 150.0}",93
sample_000094,C06_RadialLines,weibull,"{""k"": 2.5675869137927325, ""lambda_um"": 0.20961942835060884, ""max_um"": 1.0, ""min_um"": 0.01, ""per_sample"": true}",,,90,"{""angular_jitter_deg"": 4.624134434667647, ""n_lines"": 8, ""n_particles"": 90, ""name"": ""wafer_particles.pattern.C06_RadialLines"", ""params"": {""n_lines"": 3.0, ""r_max_norm"": 0.7260986419417705, ""r_min_norm"": 0.07420437622155003, ""sigma_perp_norm"": 0.06445213546815207}, ""r_max_ratio"": 0.6604987646092745, ""r_min_ratio"": 0.04212831299716036, ""schema_version"": ""wafer_particles.pattern_config.v1"", ""sigma_perp_ratio"": 0.01845814161314474, ""wafer_radius_mm"": 150.0}",94
sample_000095,C01_Uniform,gaussian,"{""max_um"": 1.0, ""mean_um"": 0.764957311283549, ""min_um"": 0.01, ""per_sample"": true, ""std_um"": 0.058053738211897604}",,,146,"{""n_particles"": 146, ""name"": ""wafer_particles.pattern.C01_Uniform"", ""schema_version"": ""wafer_particles.pattern_config.v1"", ""wafer_radius_mm"": 150.0}",95
sample_000096,C01_Uniform,gaussian,"{""max_um"": 1.0, ""mean_um"": 0.2710393709784727, ""min_um"": 0.01, ""per_sample"": true, ""std_um"": 0.04475439933659441}",,,177,"{""n_particles"": 177, ""name"": ""wafer_particles.pattern.C01_Uniform"", ""schema_version"": ""wafer_particles.pattern_config.v1"", ""wafer_radius_mm"": 150.0}",96
sample_000097,C08_CurvedScratch,weibull,"{""k"": 2.7249473793248784, ""lambda_um"": 0.3804096867315775, ""max_um"": 1.0, ""min_um"": 0.01, ""per_sample"": true}",,,18,"{""angle_center_deg"": 0.0, ""angle_center_rad"": 5.3065581138288085, ""arc_radius_ratio"": 0.5466243041442007, ""n_particles"": 18, ""name"": ""wafer_particles.pattern.C08_CurvedScratch"", ""params"": {""arc_radius_norm"": 0.42702931133645555, ""span_rad"": 0.3362231597234886, ""width_norm"": 0.04254826757171329}, ""schema_version"": ""wafer_particles.pattern_config.v1"", ""span_deg"": 121.10716511451967, ""wafer_radius_mm"": 150.0, ""width_ratio"": 0.05654709051210479}",97
sample_000098,radial_lines,pareto,"{""alpha"": 2.952760458139249, ""max_um"": 1.0, ""min_um"": 0.01, ""per_sample"": true, ""xm_um"": 0.0851414542409827}",line,radial_lines,143,"{""angular_jitter_deg"": 2.0, ""n_lines"": 6, ""n_particles"": 143, ""name"": ""wafer_particles.pattern.radial_lines"", ""r_max_ratio"": 1.0, ""r_min_ratio"": 0.0, ""schema_version"": ""wafer_particles.pattern_config.v1"", ""wafer_radius_mm"": 150.0}",98
sample_000099,edge_sector_right,gaussian,"{""max_um"": 1.0, ""mean_um"": 0.42298249806010607, ""min_um"": 0.01, ""per_sample"": true, ""std_um"": 0.07982510642723159}",sector,edge_sector,173,"{""angle_width_deg"": 40.0, ""edge_width_ratio"": 0.1, ""n_particles"": 173, ""name"": ""wafer_particles.pattern.edge_sector"", ""schema_version"": ""wafer_particles.pattern_config.v1"", ""side"": ""right"", ""wafer_radius_mm"": 150.0}",99
sample_000100,C01_Uniform,lognormal,"{""max_um"": 1.0, ""min_um"": 0.01, ""mu_log"": -0.7184502556040817, ""per_sample"": true, ""sigma_log"": 0.34167845375927364}",,,92,"{""n_particles"": 92, ""name"": ""wafer_particles.pattern.C01_Uniform"", ""schema_version"": ""wafer_particles.pattern_config.v1"", ""wafer_radius_mm"": 150.0}",100
sample_000101,C01_Uniform,weibull,"{""k"": 1.9457208104115338, ""lambda_um"": 0.2745898918734807, ""max_um"": 1.0, ""min_um"": 0.01, ""per_sample"": true}",,,178,"{""n_particles"": 178, ""name"": ""wafer_particles.pattern.C01_Uniform"", ""schema_version"": ""wafer_particles.pattern_config.v1"", ""wafer_radius_mm"": 150.0}",101
sample_000102,C08_CurvedScratch,weibull,"{""k"": 2.3298967030347892, ""lambda_um"": 0.44937727675983946, ""max_um"": 1.0, ""min_um"": 0.01, ""per_sample"": true}",,,18,"{""angle_center_deg"": 0.0, ""angle_center_rad"": 3.402025861557356, ""arc_radius_ratio"": 0.40237225290069967, ""n_particles"": 18, ""name"": ""wafer_particles.pattern.C08_CurvedScratch"", ""params"": {""arc_radius_norm"": 0.8193268082159073, ""span_rad"": 0.7661370514484769, ""width_norm"": 0.033851876655131355}, ""schema_version"": ""wafer_particles.pattern_config.v1"", ""span_deg"": 122.84077603630176, ""wafer_radius_mm"": 150.0, ""width_ratio"": 0.05154566110308204}",102
sample_000103,C06_RadialLines,weibull,"{""k"": 1.6791528894967152, ""lambda_um"": 0.42354834257324137, ""max_um"": 1.0, ""min_um"": 0.01, ""per_sample"": true}",,,116,"{""angular_jitter_deg"": 2.95653013009985, ""n_lines"": 4, ""n_particles"": 116, ""name"": ""wafer_particles.pattern.C06_RadialLines"", ""params"": {""n_lines"": 2.0, ""r_max_norm"": 0.9045960639082, ""r_min_norm"": 0.009204825828677455, ""sigma_perp_norm"": 0.037448109185891296}, ""r_max_ratio"": 0.8002336161662753, ""r_min_ratio"": 0.010787589379375162, ""schema_version"": ""wafer_particles.pattern_config.v1"", ""sigma_perp_ratio"": 0.0052273934145323385, ""wafer_radius_mm"": 150.0}",103
sample_000104,C11_Hotspot_Elliptic,weibull,"{""k"": 0.7597063302866623, ""lambda_um"": 0.1312368529708052, ""max_um"": 1.0, ""min_um"": 0.01, ""per_sample"": true}",,,133,"{""center_angle"": ""random"", ""center_angle_rad"": 3.053478646048756, ""center_radius_ratio"": 0.013887121555801874, ""mode"": ""random"", ""n_particles"": 133, ""name"": ""wafer_particles.pattern.C11_Hotspot_Elliptic"", ""rotation_deg"": 30.0, ""rotation_rad"": 3.91369777622755, ""schema_version"": ""wafer_particles.pattern_config.v1"", ""sigma_x_ratio"": 0.076198687009082, ""sigma_y_ratio"": 0.02100020103016933, ""wafer_radius_mm"": 150.0}",104
sample_000105,C03_Ring,lognormal,"{""max_um"": 1.0, ""min_um"": 0.01, ""mu_log"": -1.4111458038201201, ""per_sample"": true, ""sigma_log"": 0.20212004196919045}",,,72,"{""n_particles"": 72, ""name"": ""wafer_particles.pattern.C03_Ring"", ""radius_ratio"": 0.894406642038553, ""schema_version"": ""wafer_particles.pattern_config.v1"", ""wafer_radius_mm"": 150.0, ""width_ratio"": 0.1817069607827364}",105
sample_000106,C07_StraightLine,weibull,"{""k"": 1.406574331554233, ""lambda_um"": 0.2569521538387618, ""max_um"": 1.0, ""min_um"": 0.01, ""per_sample"": true}",,,94,"{""angle_deg"": 156.01535344123286, ""n_particles"": 94, ""name"": ""wafer_particles.pattern.C07_StraightLine"", ""offset_ratio"": 0.15100244775591204, ""params"": {""segment_half_length_norm"": 0.20381747434298772, ""width_norm"": 0.0471057609334625}, ""schema_version"": ""wafer_particles.pattern_config.v1"", ""segment_half_length_ratio"": 0.5154186301743371, ""wafer_radius_mm"": 150.0, ""width_ratio"": 0.01651627458731103}",106
sample_000107,C06_RadialLines,lognormal,"{""max_um"": 1.0, ""min_um"": 0.01, ""mu_log"": -3.784361777225071, ""per_sample"": true, ""sigma_log"": 0.642716754926618}",,,68,"{""angular_jitter_deg"": 1.8072959840519949, ""n_lines"": 4, ""n_particles"": 68, ""name"": ""wafer_particles.pattern.C06_RadialLines"", ""params"": {""n_lines"": 6.0, ""r_max_norm"": 0.881213588133362, ""r_min_norm"": 0.22933197125706942, ""sigma_perp_norm"": 0.011898842497596478}, ""r_max_ratio"": 0.9536644588252082, ""r_min_ratio"": 0.20603681501517804, ""schema_version"": ""wafer_particles.pattern_config.v1"", ""sigma_perp_ratio"": 0.029330740029354232, ""wafer_radius_mm"": 150.0}",107
sample_000108,C09_Spiral,lognormal,"{""max_um"": 1.0, ""min_um"": 0.01, ""mu_log"": -0.22487477855568905, ""per_sample"": true, ""sigma_log"": 0.21914010001704848}",,,35,"{""end_r_ratio"": 0.8703700710831757, ""n_particles"": 35, ""name"": ""wafer_particles.pattern.C09_Spiral"", ""params"": {""theta_max"": 28.757140972262988, ""width_norm"": 0.03672123926165834}, ""schema_version"": ""wafer_particles.pattern_config.v1"", ""start_r_ratio"": 0.0009882275625612725, ""theta_max"": 12.411083933471065, ""wafer_radius_mm"": 150.0, ""width_ratio"": 0.025662274005937687}",108
sample_000109,C06_RadialLines,pareto,"{""alpha"": 2.561427193131148, ""max_um"": 1.0, ""min_um"": 0.01, ""per_sample"": true, ""xm_um"": 0.1328672443851912}",,,165,"{""angular_jitter_deg"": 3.516657655911727, ""n_lines"": 8, ""n_particles"": 165, ""name"": ""wafer_particles.pattern.C06_RadialLines"", ""params"": {""n_lines"": 2.0, ""r_max_norm"": 0.7211361213249714, ""r_min_norm"": 0.2715506025893895, ""sigma_perp_norm"": 0.023398216643189085}, ""r_max_ratio"": 0.9688096873941159, ""r_min_ratio"": 0.26371641820908814, ""schema_version"": ""wafer_particles.pattern_config.v1"", ""sigma_perp_ratio"": 0.01999010640014678, ""wafer_radius_mm"": 150.0}",109
sample_000110,C03_Ring,weibull,"{""k"": 0.9113822028337576, ""lambda_um"": 0.038930168456514716, ""max_um"": 1.0, ""min_um"": 0.01, ""per_sample"": true}",,,66,"{""n_particles"": 66, ""name"": ""wafer_particles.pattern.C03_Ring"", ""radius_ratio"": 0.5239351944865533, ""schema_version"": ""wafer_particles.pattern_config.v1"", ""wafer_radius_mm"": 150.0, ""width_ratio"": 0.0955455941934985}",110
sample_000111,C01_Uniform,weibull,"{""k"": 1.3877743704923664, ""lambda_um"": 0.2278580220923121, ""max_um"": 1.0, ""min_um"": 0.01, ""per_sample"": true}",,,99,"{""n_particles"": 99, ""name"": ""wafer_particles.pattern.C01_Uniform"", ""schema_version"": ""wafer_particles.pattern_config.v1"", ""wafer_radius_mm"": 150.0}",111
sample_000112,C06_RadialLines,gaussian,"{""max_um"": 1.0, ""mean_um"": 0.6674939758977325, ""min_um"": 0.01, ""per_sample"": true, ""std_um"": 0.047513186018237064}",,,196,"{""angular_jitter_deg"": 3.3786439772042454, ""n_lines"": 6, ""n_particles"": 196, ""name"": ""wafer_particles.pattern.C06_RadialLines"", ""params"": {""n_lines"": 6.0, ""r_max_norm"": 0.8497719166832357, ""r_min_norm"": 0.21767852962450177, ""sigma_perp_norm"": 0.061852426748090904}, ""r_max_ratio"": 0.7326650078586922, ""r_min_ratio"": 0.04183220316721079, ""schema_version"": ""wafer_particles.pattern_config.v1"", ""sigma_perp_ratio"": 0.02339618184173421, ""wafer_radius_mm"": 150.0}",112
sample_000113,C03_Ring,gaussian,"{""max_um"": 1.0, ""mean_um"": 0.18566679389411433, ""min_um"": 0.01, ""per_sample"": true, ""std_um"": 0.08388233469285723}",,,41,"{""n_particles"": 41, ""name"": ""wafer_particles.pattern.C03_Ring"", ""radius_ratio"": 0.8485074818069485, ""schema_version"": ""wafer_particles.pattern_config.v1"", ""wafer_radius_mm"": 150.0, ""width_ratio"": 0.09532198218273669}",113
sample_000114,C11_Hotspot_Elliptic,gaussian,"{""max_um"": 1.0, ""mean_um"": 0.22423373195074467, ""min_um"": 0.01, ""per_sample"": true, ""std_um"": 0.06457564368760976}",,,30,"{""center_angle"": ""random"", ""center_angle_rad"": 3.8755372180656686, ""center_radius_ratio"": 0.25848017623532454, ""mode"": ""random"", ""n_particles"": 30, ""name"": ""wafer_particles.pattern.C11_Hotspot_Elliptic"", ""rotation_deg"": 30.0, ""rotation_rad"": 0.42812868367489965, ""schema_version"": ""wafer_particles.pattern_config.v1"", ""sigma_x_ratio"": 0.03962695975895161, ""sigma_y_ratio"": 0.02263008822375536, ""wafer_radius_mm"": 150.0}",114
sample_000115,C02_EdgeBiased,weibull,"{""k"": 2.960426601734481, ""lambda_um"": 0.14130308943772008, ""max_um"": 1.0, ""min_um"": 0.01, ""per_sample"": true}",,,39,"{""edge_bias"": 1.433257975094672, ""n_particles"": 39, ""name"": ""wafer_particles.pattern.C02_EdgeBiased"", ""schema_version"": ""wafer_particles.pattern_config.v1"", ""wafer_radius_mm"": 150.0}",115
sample_000116,C02_EdgeBiased,weibull,"{""k"": 2.0639137226820705, ""lambda_um"": 0.168417526730284, ""max_um"": 1.0, ""min_um"": 0.01, ""per_sample"": true}",,,122,"{""edge_bias"": 2.5395115014053875, ""n_particles"": 122, ""name"": ""wafer_particles.pattern.C02_EdgeBiased"", ""schema_version"": ""wafer_particles.pattern_config.v1"", ""wafer_radius_mm"": 150.0}",116
sample_000117,C09_Spiral,lognormal,"{""max_um"": 1.0, ""min_um"": 0.01, ""mu_log"": -1.8222226476843404, ""per_sample"": true, ""sigma_log"": 0.2924923529154731}",,,44,"{""end_r_ratio"": 0.7275042775112408, ""n_particles"": 44, ""name"": ""wafer_particles.pattern.C09_Spiral"", ""params"": {""theta_max"": 23.405455293632944, ""width_norm"": 0.02159117226756328}, ""schema_version"": ""wafer_particles.pattern_config.v1"", ""start_r_ratio"": 0.28930623606557054, ""theta_max"": 16.288549144652695, ""wafer_radius_mm"": 150.0, ""width_ratio"": 0.029864930304431773}",117
sample_000118,C06_RadialLines,weibull,"{""k"": 2.6998665641865127, ""lambda_um"": 0.48907586598626096, ""max_um"": 1.0, ""min_um"": 0.01, ""per_sample"": true}",,,131,"{""angular_jitter_deg"": 1.936662899448684, ""n_lines"": 8, ""n_particles"": 131, ""name"": ""wafer_particles.pattern.C06_RadialLines"", ""params"": {""n_lines"": 6.0, ""r_max_norm"": 0.7032170884876264, ""r_min_norm"": 0.041732563313713285, ""sigma_perp_norm"": 0.03627787913059076}, ""r_max_ratio"": 0.8826118013531452, ""r_min_ratio"": 0.10396972388037644, ""schema_version"": ""wafer_particles.pattern_config.v1"", ""sigma_perp_ratio"": 0.012264958063588256, ""wafer_radius_mm"": 150.0}",118
sample_000119,C09_Spiral,lognormal,"{""max_um"": 1.0, ""min_um"": 0.01, ""mu_log"": -2.9318819206138, ""per_sample"": true, ""sigma_log"": 0.8840833395085215}",,,108,"{""end_r_ratio"": 0.888477416700508, ""n_particles"": 108, ""name"": ""wafer_particles.pattern.C09_Spiral"", ""params"": {""theta_max"": 13.260869750935196, ""width_norm"": 0.042436784074797784}, ""schema_version"": ""wafer_particles.pattern_config.v1"", ""start_r_ratio"": 0.18412539232416966, ""theta_max"": 17.350767642571817, ""wafer_radius_mm"": 150.0, ""width_ratio"": 0.04188968234622626}",119
sample_000120,C04_Sector_Edge,weibull,"{""k"": 0.7844056460269654, ""lambda_um"": 0.1295242030528396, ""max_um"": 1.0, ""min_um"": 0.01, ""per_sample"": true}",,,171,"{""angle_center_rad"": 0.6520294256489341, ""angle_width_deg"": 55.425258532889515, ""edge_width_ratio"": 0.134088659119942, ""n_particles"": 171, ""name"": ""wafer_particles.pattern.C04_Sector_Edge"", ""radial_beta_alpha"": 1.6142520162231397, ""radial_beta_beta"": 1.7010923018223982, ""schema_version"": ""wafer_particles.pattern_config.v1"", ""side"": ""right"", ""theta_vonmises_kappa"": 9.920519761632537, ""wafer_radius_mm"": 150.0}",120
sample_000121,C11_Hotspot_Elliptic,lognormal,"{""max_um"": 1.0, ""min_um"": 0.01, ""mu_log"": -1.575079457435939, ""per_sample"": true, ""sigma_log"": 0.729500898705675}",,,178,"{""center_angle"": ""random"", ""center_angle_rad"": 0.7661900320591449, ""center_radius_ratio"": 0.4049253727067833, ""mode"": ""random"", ""n_particles"": 178, ""name"": ""wafer_particles.pattern.C11_Hotspot_Elliptic"", ""rotation_deg"": 30.0, ""rotation_rad"": 2.5397887514566864, ""schema_version"": ""wafer_particles.pattern_config.v1"", ""sigma_x_ratio"": 0.04819777115185805, ""sigma_y_ratio"": 0.038576819349083837, ""wafer_radius_mm"": 150.0}",121
sample_000122,C09_Spiral,gaussian,"{""max_um"": 1.0, ""mean_um"": 0.4715116158009197, ""min_um"": 0.01, ""per_sample"": true, ""std_um"": 0.04503613641077975}",,,180,"{""end_r_ratio"": 0.8856141508179591, ""n_particles"": 180, ""name"": ""wafer_particles.pattern.C09_Spiral"", ""params"": {""theta_max"": 21.123927476984772, ""width_norm"": 0.029265974184159244}, ""schema_version"": ""wafer_particles.pattern_config.v1"", ""start_r_ratio"": 0.09794448467090763, ""theta_max"": 12.113239052708916, ""wafer_radius_mm"": 150.0, ""width_ratio"": 0.031226946546622635}",122
sample_000123,C11_Hotspot_Elliptic,weibull,"{""k"": 1.5307094036026432, ""lambda_um"": 0.08809377264835988, ""max_um"": 1.0, ""min_um"": 0.01, ""per_sample"": true}",,,164,"{""center_angle"": ""random"", ""center_angle_rad"": 1.7766857285820494, ""center_radius_ratio"": 0.610939066120032, ""mode"": ""random"", ""n_particles"": 164, ""name"": ""wafer_particles.pattern.C11_Hotspot_Elliptic"", ""rotation_deg"": 30.0, ""rotation_rad"": 5.2548451019160165, ""schema_version"": ""wafer_particles.pattern_config.v1"", ""sigma_x_ratio"": 0.03860021817695779, ""sigma_y_ratio"": 0.045617908380321155, ""wafer_radius_mm"": 150.0}",123
sample_000124,C03_Ring,weibull,"{""k"": 2.3366762874426596, ""lambda_um"": 0.062191155361106976, ""max_um"": 1.0, ""min_um"": 0.01, ""per_sample"": true}",,,25,"{""n_particles"": 25, ""name"": ""wafer_particles.pattern.C03_Ring"", ""radius_ratio"": 0.6941981579084167, ""schema_version"": ""wafer_particles.pattern_config.v1"", ""wafer_radius_mm"": 150.0, ""width_ratio"": 0.1037664099293722}",124
sample_000125,C07_StraightLine,gaussian,"{""max_um"": 1.0, ""mean_um"": 0.3481669867338568, ""min_um"": 0.01, ""per_sample"": true, ""std_um"": 0.022942313674313767}",,,66,"{""angle_deg"": 111.82715069255669, ""n_particles"": 66, ""name"": ""wafer_particles.pattern.C07_StraightLine"", ""offset_ratio"": 0.2123109227046563, ""params"": {""segment_half_length_norm"": 0.311760881475456, ""width_norm"": 0.05390383685108327}, ""schema_version"": ""wafer_particles.pattern_config.v1"", ""segment_half_length_ratio"": 0.5923868494635998, ""wafer_radius_mm"": 150.0, ""width_ratio"": 0.014688594617140217}",125
sample_000126,C05_Sector_Internal,weibull,"{""k"": 1.9322602468109062, ""lambda_um"": 0.25561573788396325, ""max_um"": 1.0, ""min_um"": 0.01, ""per_sample"": true}",,,163,"{""angle_center_rad"": 6.107167974548985, ""angle_width_deg"": 94.21206922138616, ""edge_margin_norm"": 0.05, ""n_particles"": 163, ""name"": ""wafer_particles.pattern.C05_Sector_Internal"", ""r_inner_ratio"": 0.21874991560680151, ""r_outer_ratio"": 0.7988268539003238, ""radial_beta_alpha"": 3.8345056028049473, ""radial_beta_beta"": 2.936666867371435, ""schema_version"": ""wafer_particles.pattern_config.v1"", ""theta_vonmises_kappa"": 5.082799766832364, ""wafer_radius_mm"": 150.0}",126
sample_000127,C08_CurvedScratch,lognormal,"{""max_um"": 1.0, ""min_um"": 0.01, ""mu_log"": -2.549555500667931, ""per_sample"": true, ""sigma_log"": 0.6056816467690138}",,,44,"{""angle_center_deg"": 0.0, ""angle_center_rad"": 6.077021676766506, ""arc_radius_ratio"": 0.4661806142798696, ""n_particles"": 44, ""name"": ""wafer_particles.pattern.C08_CurvedScratch"", ""params"": {""arc_radius_norm"": 0.49288555994850863, ""span_rad"": 0.35771107285297277, ""width_norm"": 0.051962350303947163}, ""schema_version"": ""wafer_particles.pattern_config.v1"", ""span_deg"": 70.52301916609511, ""wafer_radius_mm"": 150.0, ""width_ratio"": 0.015592452702237965}",127
sample_000128,C08_CurvedScratch,pareto,"{""alpha"": 3.471905150946255, ""max_um"": 1.0, ""min_um"": 0.01, ""per_sample"": true, ""xm_um"": 0.23449279270938855}",,,33,"{""angle_center_deg"": 0.0, ""angle_center_rad"": 6.162784824314251, ""arc_radius_ratio"": 0.42673582501997626, ""n_particles"": 33, ""name"": ""wafer_particles.pattern.C08_CurvedScratch"", ""params"": {""arc_radius_norm"": 0.5896998416372581, ""span_rad"": 0.5772318674844895, ""width_norm"": 0.03662295791695527}, ""schema_version"": ""wafer_particles.pattern_config.v1"", ""span_deg"": 88.57021225765786, ""wafer_radius_mm"": 150.0, ""width_ratio"": 0.018568537876551723}",128
sample_000129,edge_sector_right,lognormal,"{""max_um"": 1.0, ""min_um"": 0.01, ""mu_log"": -2.231109769133153, ""per_sample"": true, ""sigma_log"": 0.367513518578219}",sector,edge_sector,194,"{""angle_width_deg"": 40.0, ""edge_width_ratio"": 0.1, ""n_particles"": 194, ""name"": ""wafer_particles.pattern.edge_sector"", ""schema_version"": ""wafer_particles.pattern_config.v1"", ""side"": ""right"", ""wafer_radius_mm"": 150.0}",129
sample_000130,C09_Spiral,lognormal,"{""max_um"": 1.0, ""min_um"": 0.01, ""mu_log"": -0.3991046642292444, ""per_sample"": true, ""sigma_log"": 0.6549566923832296}",,,73,"{""end_r_ratio"": 0.7461330148673418, ""n_particles"": 73, ""name"": ""wafer_particles.pattern.C09_Spiral"", ""params"": {""theta_max"": 20.044966653319385, ""width_norm"": 0.041221961776998606}, ""schema_version"": ""wafer_particles.pattern_config.v1"", ""start_r_ratio"": 0.013936760407437254, ""theta_max"": 14.700176928329649, ""wafer_radius_mm"": 150.0, ""width_ratio"": 0.02170231436000709}",130
sample_000131,C07_StraightLine,pareto,"{""alpha"": 3.196354328906151, ""max_um"": 1.0, ""min_um"": 0.01, ""per_sample"": true, ""xm_um"": 0.2553801878386042}",,,62,"{""angle_deg"": 56.761611018514614, ""n_particles"": 62, ""name"": ""wafer_particles.pattern.C07_StraightLine"", ""offset_ratio"": 0.1275777679892126, ""params"": {""segment_half_length_norm"": 0.14301101639284214, ""width_norm"": 0.04102083359060858}, ""schema_version"": ""wafer_particles.pattern_config.v1"", ""segment_half_length_ratio"": 0.4684444241791228, ""wafer_radius_mm"": 150.0, ""width_ratio"": 0.02041540586191351}",131
sample_000132,C04_Sector_Edge,lognormal,"{""max_um"": 1.0, ""min_um"": 0.01, ""mu_log"": -2.72283105348684, ""per_sample"": true, ""sigma_log"": 0.5356566924450524}",,,121,"{""angle_center_rad"": 0.6179468137063179, ""angle_width_deg"": 72.00096305245324, ""edge_width_ratio"": 0.05916819058631935, ""n_particles"": 121, ""name"": ""wafer_particles.pattern.C04_Sector_Edge"", ""radial_beta_alpha"": 3.648198827881412, ""radial_beta_beta"": 0.9292919320326634, ""schema_version"": ""wafer_particles.pattern_config.v1"", ""side"": ""right"", ""theta_vonmises_kappa"": 8.010537996816424, ""wafer_radius_mm"": 150.0}",132
sample_000133,C01_Uniform,gaussian,"{""max_um"": 1.0, ""mean_um"": 0.6426805519686901, ""min_um"": 0.01, ""per_sample"": true, ""std_um"": 0.09232803112707454}",,,10,"{""n_particles"": 10, ""name"": ""wafer_particles.pattern.C01_Uniform"", ""schema_version"": ""wafer_particles.pattern_config.v1"", ""wafer_radius_mm"": 150.0}",133
sample_000134,C01_Uniform,gaussian,"{""max_um"": 1.0, ""mean_um"": 0.7067269031453145, ""min_um"": 0.01, ""per_sample"": true, ""std_um"": 0.05236556205708787}",,,119,"{""n_particles"": 119, ""name"": ""wafer_particles.pattern.C01_Uniform"", ""schema_version"": ""wafer_particles.pattern_config.v1"", ""wafer_radius_mm"": 150.0}",134
sample_000135,C07_StraightLine,lognormal,"{""max_um"": 1.0, ""min_um"": 0.01, ""mu_log"": -1.3341253255987127, ""per_sample"": true, ""sigma_log"": 0.8082875796813509}",,,190,"{""angle_deg"": 101.50489703455627, ""n_particles"": 190, ""name"": ""wafer_particles.pattern.C07_StraightLine"", ""offset_ratio"": 0.14782256045196035, ""params"": {""segment_half_length_norm"": 0.12895811693498305, ""width_norm"": 0.053958824878851064}, ""schema_version"": ""wafer_particles.pattern_config.v1"", ""segment_half_length_ratio"": 0.7535754490552141, ""wafer_radius_mm"": 150.0, ""width_ratio"": 0.03797370787919284}",135
sample_000136,C02_EdgeBiased,pareto,"{""alpha"": 3.201935478640009, ""max_um"": 1.0, ""min_um"": 0.01, ""per_sample"": true, ""xm_um"": 0.1756727312252132}",,,116,"{""edge_bias"": 3.3376760523031415, ""n_particles"": 116, ""name"": ""wafer_particles.pattern.C02_EdgeBiased"", ""schema_version"": ""wafer_particles.pattern_config.v1"", ""wafer_radius_mm"": 150.0}",136
sample_000137,C08_CurvedScratch,gaussian,"{""max_um"": 1.0, ""mean_um"": 0.6553272609440298, ""min_um"": 0.01, ""per_sample"": true, ""std_um"": 0.056413442442544884}",,,158,"{""angle_center_deg"": 0.0, ""angle_center_rad"": 3.9281330547035425, ""arc_radius_ratio"": 0.8314821123186642, ""n_particles"": 158, ""name"": ""wafer_particles.pattern.C08_CurvedScratch"", ""params"": {""arc_radius_norm"": 0.6698001632904229, ""span_rad"": 0.36605682619806257, ""width_norm"": 0.04122158334478167}, ""schema_version"": ""wafer_particles.pattern_config.v1"", ""span_deg"": 112.97954614741434, ""wafer_radius_mm"": 150.0, ""width_ratio"": 0.017686824178965443}",137
sample_000138,C02_EdgeBiased,weibull,"{""k"": 1.6413192754419814, ""lambda_um"": 0.3265723148512873, ""max_um"": 1.0, ""min_um"": 0.01, ""per_sample"": true}",,,32,"{""edge_bias"": 1.3966705802199715, ""n_particles"": 32, ""name"": ""wafer_particles.pattern.C02_EdgeBiased"", ""schema_version"": ""wafer_particles.pattern_config.v1"", ""wafer_radius_mm"": 150.0}",138
sample_000139,C05_Sector_Internal,weibull,"{""k"": 2.662960093559893, ""lambda_um"": 0.039797573570671346, ""max_um"": 1.0, ""min_um"": 0.01, ""per_sample"": true}",,,139,"{""angle_center_rad"": 0.6623746374224229, ""angle_width_deg"": 91.56898075837117, ""edge_margin_norm"": 0.05, ""n_particles"": 139, ""name"": ""wafer_particles.pattern.C05_Sector_Internal"", ""r_inner_ratio"": 0.3746146645757046, ""r_outer_ratio"": 0.6891238886357005, ""radial_beta_alpha"": 1.6730066269176034, ""radial_beta_beta"": 3.0091324100671883, ""schema_version"": ""wafer_particles.pattern_config.v1"", ""theta_vonmises_kappa"": 5.82499464581447, ""wafer_radius_mm"": 150.0}",139
sample_000140,C07_StraightLine,weibull,"{""k"": 2.1882038109123343, ""lambda_um"": 0.22357485741297367, ""max_um"": 1.0, ""min_um"": 0.01, ""per_sample"": true}",,,102,"{""angle_deg"": 63.27345609486612, ""n_particles"": 102, ""name"": ""wafer_particles.pattern.C07_StraightLine"", ""offset_ratio"": 0.12544416851004464, ""params"": {""segment_half_length_norm"": 0.2697851953899931, ""width_norm"": 0.059919232316081913}, ""schema_version"": ""wafer_particles.pattern_config.v1"", ""segment_half_length_ratio"": 0.4574010444849369, ""wafer_radius_mm"": 150.0, ""width_ratio"": 0.01163094252612298}",140
sample_000141,ring_wide,gaussian,"{""max_um"": 1.0, ""mean_um"": 0.595562287671336, ""min_um"": 0.01, ""per_sample"": true, ""std_um"": 0.06827501006400188}",ring,ring,137,"{""n_particles"": 137, ""name"": ""wafer_particles.pattern.ring_wide"", ""radius_ratio"": 0.6, ""schema_version"": ""wafer_particles.pattern_config.v1"", ""wafer_radius_mm"": 150.0, ""width_ratio"": 0.15}",141
sample_000142,C03_Ring,lognormal,"{""max_um"": 1.0, ""min_um"": 0.01, ""mu_log"": -3.6958979954633193, ""per_sample"": true, ""sigma_log"": 0.6614661254683909}",,,174,"{""n_particles"": 174, ""name"": ""wafer_particles.pattern.C03_Ring"", ""radius_ratio"": 0.7358126876459881, ""schema_version"": ""wafer_particles.pattern_config.v1"", ""wafer_radius_mm"": 150.0, ""width_ratio"": 0.11820252368004638}",142
sample_000143,C01_Uniform,gaussian,"{""max_um"": 1.0, ""mean_um"": 0.29732510875813156, ""min_um"": 0.01, ""per_sample"": true, ""std_um"": 0.07963133858374954}",,,181,"{""n_particles"": 181, ""name"": ""wafer_particles.pattern.C01_Uniform"", ""schema_version"": ""wafer_particles.pattern_config.v1"", ""wafer_radius_mm"": 150.0}",143
sample_000144,C07_StraightLine,lognormal,"{""max_um"": 1.0, ""min_um"": 0.01, ""mu_log"": -1.438044999176996, ""per_sample"": true, ""sigma_log"": 0.32701005780133696}",,,26,"{""angle_deg"": 129.74260799324506, ""n_particles"": 26, ""name"": ""wafer_particles.pattern.C07_StraightLine"", ""offset_ratio"": 0.2988340471076026, ""params"": {""segment_half_length_norm"": 0.18375952855140795, ""width_norm"": 0.04982367335074127}, ""schema_version"": ""wafer_particles.pattern_config.v1"", ""segment_half_length_ratio"": 0.47965838716927633, ""wafer_radius_mm"": 150.0, ""width_ratio"": 0.023625642116991825}",144
sample_000145,C05_Sector_Internal,weibull,"{""k"": 1.6136325884274707, ""lambda_um"": 0.10599847726456227, ""max_um"": 1.0, ""min_um"": 0.01, ""per_sample"": true}",,,58,"{""angle_center_rad"": 2.5950232823058785, ""angle_width_deg"": 112.00340542113179, ""edge_margin_norm"": 0.05, ""n_particles"": 58, ""name"": ""wafer_particles.pattern.C05_Sector_Internal"", ""r_inner_ratio"": 0.1313067779687657, ""r_outer_ratio"": 0.8106292926528934, ""radial_beta_alpha"": 3.9018851165715525, ""radial_beta_beta"": 1.6963094116877047, ""schema_version"": ""wafer_particles.pattern_config.v1"", ""theta_vonmises_kappa"": 6.400092891367995, ""wafer_radius_mm"": 150.0}",145
sample_000146,C11_Hotspot_Elliptic,gaussian,"{""max_um"": 1.0, ""mean_um"": 0.4268312777249267, ""min_um"": 0.01, ""per_sample"": true, ""std_um"": 0.025435491696947386}",,,188,"{""center_angle"": ""random"", ""center_angle_rad"": 1.717049903023661, ""center_radius_ratio"": 0.0671522355046135, ""mode"": ""random"", ""n_particles"": 188, ""name"": ""wafer_particles.pattern.C11_Hotspot_Elliptic"", ""rotation_deg"": 30.0, ""rotation_rad"": 0.9790757284238845, ""schema_version"": ""wafer_particles.pattern_config.v1"", ""sigma_x_ratio"": 0.03830271775782857, ""sigma_y_ratio"": 0.052668981605793044, ""wafer_radius_mm"": 150.0}",146
sample_000147,C07_StraightLine,lognormal,"{""max_um"": 1.0, ""min_um"": 0.01, ""mu_log"": -2.902555251437172, ""per_sample"": true, ""sigma_log"": 0.7047787686096825}",,,12,"{""angle_deg"": 50.83104455757826, ""n_particles"": 12, ""name"": ""wafer_particles.pattern.C07_StraightLine"", ""offset_ratio"": -0.2054022550273113, ""params"": {""segment_half_length_norm"": 0.23182787952872597, ""width_norm"": 0.05986279648939262}, ""schema_version"": ""wafer_particles.pattern_config.v1"", ""segment_half_length_ratio"": 0.37230081255587516, ""wafer_radius_mm"": 150.0, ""width_ratio"": 0.019461230264767423}",147
sample_000148,C07_StraightLine,gaussian,"{""max_um"": 1.0, ""mean_um"": 0.6696347479359457, ""min_um"": 0.01, ""per_sample"": true, ""std_um"": 0.08113943648138054}",,,16,"{""angle_deg"": 60.329532141383524, ""n_particles"": 16, ""name"": ""wafer_particles.pattern.C07_StraightLine"", ""offset_ratio"": 0.2734417164656014, ""params"": {""segment_half_length_norm"": 0.19562509730386526, ""width_norm"": 0.047106648535078705}, ""schema_version"": ""wafer_particles.pattern_config.v1"", ""segment_half_length_ratio"": 0.583241967464139, ""wafer_radius_mm"": 150.0, ""width_ratio"": 0.01973109176791711}",148
sample_000149,ring_wide,lognormal,"{""max_um"": 1.0, ""min_um"": 0.01, ""mu_log"": -1.5446178048995232, ""per_sample"": true, ""sigma_log"": 0.36627197827250046}",ring,ring,153,"{""n_particles"": 153, ""name"": ""wafer_particles.pattern.ring_wide"", ""radius_ratio"": 0.6, ""schema_version"": ""wafer_particles.pattern_config.v1"", ""wafer_radius_mm"": 150.0, ""width_ratio"": 0.15}",149
sample_000150,C11_Hotspot_Elliptic,pareto,"{""alpha"": 3.9644525671127466, ""max_um"": 1.0, ""min_um"": 0.01, ""per_sample"": true, ""xm_um"": 0.2479743681110686}",,,79,"{""center_angle"": ""random"", ""center_angle_rad"": 5.089554872279183, ""center_radius_ratio"": 0.5520114516803758, ""mode"": ""random"", ""n_particles"": 79, ""name"": ""wafer_particles.pattern.C11_Hotspot_Elliptic"", ""rotation_deg"": 30.0, ""rotation_rad"": 0.2554609232618943, ""schema_version"": ""wafer_particles.pattern_config.v1"", ""sigma_x_ratio"": 0.11488023463669464, ""sigma_y_ratio"": 0.07150371159020397, ""wafer_radius_mm"": 150.0}",150
sample_000151,ring_wide,pareto,"{""alpha"": 2.223034746826272, ""max_um"": 1.0, ""min_um"": 0.01, ""per_sample"": true, ""xm_um"": 0.22728036794040707}",ring,ring,178,"{""n_particles"": 178, ""name"": ""wafer_particles.pattern.ring_wide"", ""radius_ratio"": 0.6, ""schema_version"": ""wafer_particles.pattern_config.v1"", ""wafer_radius_mm"": 150.0, ""width_ratio"": 0.15}",151
sample_000152,C06_RadialLines,lognormal,"{""max_um"": 1.0, ""min_um"": 0.01, ""mu_log"": -3.5118899923253055, ""per_sample"": true, ""sigma_log"": 0.7444438132772031}",,,200,"{""angular_jitter_deg"": 1.9281459769120801, ""n_lines"": 6, ""n_particles"": 200, ""name"": ""wafer_particles.pattern.C06_RadialLines"", ""params"": {""n_lines"": 8.0, ""r_max_norm"": 0.9395584911422826, ""r_min_norm"": 0.1565912884737727, ""sigma_perp_norm"": 0.046108054023850736}, ""r_max_ratio"": 0.6321373503614429, ""r_min_ratio"": 0.07986641399781542, ""schema_version"": ""wafer_particles.pattern_config.v1"", ""sigma_perp_ratio"": 0.009484038892346405, ""wafer_radius_mm"": 150.0}",152
sample_000153,C08_CurvedScratch,weibull,"{""k"": 1.2380667908797025, ""lambda_um"": 0.31111183341691295, ""max_um"": 1.0, ""min_um"": 0.01, ""per_sample"": true}",,,67,"{""angle_center_deg"": 0.0, ""angle_center_rad"": 4.381670329937241, ""arc_radius_ratio"": 0.8108288256224337, ""n_particles"": 67, ""name"": ""wafer_particles.pattern.C08_CurvedScratch"", ""params"": {""arc_radius_norm"": 0.41898162411872225, ""span_rad"": 0.40157244840234396, ""width_norm"": 0.04393317268506493}, ""schema_version"": ""wafer_particles.pattern_config.v1"", ""span_deg"": 47.73893863399017, ""wafer_radius_mm"": 150.0, ""width_ratio"": 0.053979754477638794}",153
sample_000154,C02_EdgeBiased,lognormal,"{""max_um"": 1.0, ""min_um"": 0.01, ""mu_log"": -3.5115266698525076, ""per_sample"": true, ""sigma_log"": 0.588526289379286}",,,68,"{""edge_bias"": 1.9238491852198438, ""n_particles"": 68, ""name"": ""wafer_particles.pattern.C02_EdgeBiased"", ""schema_version"": ""wafer_particles.pattern_config.v1"", ""wafer_radius_mm"": 150.0}",154
sample_000155,ring_wide,lognormal,"{""max_um"": 1.0, ""min_um"": 0.01, ""mu_log"": -0.5342219041098328, ""per_sample"": true, ""sigma_log"": 0.28390532767556664}",ring,ring,163,"{""n_particles"": 163, ""name"": ""wafer_particles.pattern.ring_wide"", ""radius_ratio"": 0.6, ""schema_version"": ""wafer_particles.pattern_config.v1"", ""wafer_radius_mm"": 150.0, ""width_ratio"": 0.15}",155
sample_000156,C04_Sector_Edge,pareto,"{""alpha"": 3.2584259463407066, ""max_um"": 1.0, ""min_um"": 0.01, ""per_sample"": true, ""xm_um"": 0.29372191138699183}",,,199,"{""angle_center_rad"": 2.7393742421346032, ""angle_width_deg"": 38.735414632680275, ""edge_width_ratio"": 0.2615335622026329, ""n_particles"": 199, ""name"": ""wafer_particles.pattern.C04_Sector_Edge"", ""radial_beta_alpha"": 1.924545374309863, ""radial_beta_beta"": 0.9414581359789791, ""schema_version"": ""wafer_particles.pattern_config.v1"", ""side"": ""right"", ""theta_vonmises_kappa"": 0.9018840282125273, ""wafer_radius_mm"": 150.0}",156
sample_000157,C02_EdgeBiased,weibull,"{""k"": 1.30944250313253, ""lambda_um"": 0.07853965506100394, ""max_um"": 1.0, ""min_um"": 0.01, ""per_sample"": true}",,,25,"{""edge_bias"": 3.396150881904216, ""n_particles"": 25, ""name"": ""wafer_particles.pattern.C02_EdgeBiased"", ""schema_version"": ""wafer_particles.pattern_config.v1"", ""wafer_radius_mm"": 150.0}",157
sample_000158,C06_RadialLines,weibull,"{""k"": 2.357878476503452, ""lambda_um"": 0.09577438497515753, ""max_um"": 1.0, ""min_um"": 0.01, ""per_sample"": true}",,,52,"{""angular_jitter_deg"": 0.835524114743823, ""n_lines"": 4, ""n_particles"": 52, ""name"": ""wafer_particles.pattern.C06_RadialLines"", ""params"": {""n_lines"": 4.0, ""r_max_norm"": 0.9822225700314307, ""r_min_norm"": 0.238770431321159, ""sigma_perp_norm"": 0.06789932029876396}, ""r_max_ratio"": 0.6246315549598365, ""r_min_ratio"": 0.05118077833789253, ""schema_version"": ""wafer_particles.pattern_config.v1"", ""sigma_perp_ratio"": 0.028955856097207664, ""wafer_radius_mm"": 150.0}",158
sample_000159,C11_Hotspot_Elliptic,gaussian,"{""max_um"": 1.0, ""mean_um"": 0.2806213260552976, ""min_um"": 0.01, ""per_sample"": true, ""std_um"": 0.028629094671071078}",,,99,"{""center_angle"": ""random"", ""center_angle_rad"": 3.8185912845282894, ""center_radius_ratio"": 0.5479051083693603, ""mode"": ""random"", ""n_particles"": 99, ""name"": ""wafer_particles.pattern.C11_Hotspot_Elliptic"", ""rotation_deg"": 30.0, ""rotation_rad"": 4.4890466413260395, ""schema_version"": ""wafer_particles.pattern_config.v1"", ""sigma_x_ratio"": 0.05997319827721781, ""sigma_y_ratio"": 0.04462681265133754, ""wafer_radius_mm"": 150.0}",159
sample_000160,C04_Sector_Edge,gaussian,"{""max_um"": 1.0, ""mean_um"": 0.6526017084961292, ""min_um"": 0.01, ""per_sample"": true, ""std_um"": 0.0992569987353065}",,,42,"{""angle_center_rad"": 5.166656696181216, ""angle_width_deg"": 77.63084829034639, ""edge_width_ratio"": 0.25040118954729695, ""n_particles"": 42, ""name"": ""wafer_particles.pattern.C04_Sector_Edge"", ""radial_beta_alpha"": 2.744174546323983, ""radial_beta_beta"": 1.2724485794995732, ""schema_version"": ""wafer_particles.pattern_config.v1"", ""side"": ""right"", ""theta_vonmises_kappa"": 4.57268295704404, ""wafer_radius_mm"": 150.0}",160
sample_000161,C08_CurvedScratch,gaussian,"{""max_um"": 1.0, ""mean_um"": 0.38671361058601716, ""min_um"": 0.01, ""per_sample"": true, ""std_um"": 0.031863775038119206}",,,16,"{""angle_center_deg"": 0.0, ""angle_center_rad"": 2.8479875030696506, ""arc_radius_ratio"": 0.40022292389615216, ""n_particles"": 16, ""name"": ""wafer_particles.pattern.C08_CurvedScratch"", ""params"": {""arc_radius_norm"": 0.5169628512197688, ""span_rad"": 0.6227595106755717, ""width_norm"": 0.062070498814880005}, ""schema_version"": ""wafer_particles.pattern_config.v1"", ""span_deg"": 66.10892386456267, ""wafer_radius_mm"": 150.0, ""width_ratio"": 0.03014072720533733}",161
sample_000162,C05_Sector_Internal,lognormal,"{""max_um"": 1.0, ""min_um"": 0.01, ""mu_log"": -3.748177916129575, ""per_sample"": true, ""sigma_log"": 0.3378083539893657}",,,26,"{""angle_center_rad"": 5.542874850125075, ""angle_width_deg"": 86.80247917156234, ""edge_margin_norm"": 0.05, ""n_particles"": 26, ""name"": ""wafer_particles.pattern.C05_Sector_Internal"", ""r_inner_ratio"": 0.18728140304375124, ""r_outer_ratio"": 0.8461328284596388, ""radial_beta_alpha"": 2.5252126157093553, ""radial_beta_beta"": 3.1397817388619815, ""schema_version"": ""wafer_particles.pattern_config.v1"", ""theta_vonmises_kappa"": 4.739897996936423, ""wafer_radius_mm"": 150.0}",162
sample_000163,C01_Uniform,lognormal,"{""max_um"": 1.0, ""min_um"": 0.01, ""mu_log"": -0.2201530027275278, ""per_sample"": true, ""sigma_log"": 0.552690004870637}",,,189,"{""n_particles"": 189, ""name"": ""wafer_particles.pattern.C01_Uniform"", ""schema_version"": ""wafer_particles.pattern_config.v1"", ""wafer_radius_mm"": 150.0}",163
sample_000164,C11_Hotspot_Elliptic,pareto,"{""alpha"": 3.2771556804172337, ""max_um"": 1.0, ""min_um"": 0.01, ""per_sample"": true, ""xm_um"": 0.23934210649407256}",,,140,"{""center_angle"": ""random"", ""center_angle_rad"": 0.5042272243279052, ""center_radius_ratio"": 0.3089491208462172, ""mode"": ""random"", ""n_particles"": 140, ""name"": ""wafer_particles.pattern.C11_Hotspot_Elliptic"", ""rotation_deg"": 30.0, ""rotation_rad"": 3.3092702314502755, ""schema_version"": ""wafer_particles.pattern_config.v1"", ""sigma_x_ratio"": 0.05596318788223664, ""sigma_y_ratio"": 0.04096858146302829, ""wafer_radius_mm"": 150.0}",164
sample_000165,C06_RadialLines,weibull,"{""k"": 2.155484881941051, ""lambda_um"": 0.25991149438117117, ""max_um"": 1.0, ""min_um"": 0.01, ""per_sample"": true}",,,101,"{""angular_jitter_deg"": 0.908954598660775, ""n_lines"": 8, ""n_particles"": 101, ""name"": ""wafer_particles.pattern.C06_RadialLines"", ""params"": {""n_lines"": 5.0, ""r_max_norm"": 0.8047595273349151, ""r_min_norm"": 0.22264315768247758, ""sigma_perp_norm"": 0.03381729252877824}, ""r_max_ratio"": 0.897227014309561, ""r_min_ratio"": 0.24636697833730786, ""schema_version"": ""wafer_particles.pattern_config.v1"", ""sigma_perp_ratio"": 0.02107312329039407, ""wafer_radius_mm"": 150.0}",165
sample_000166,C08_CurvedScratch,gaussian,"{""max_um"": 1.0, ""mean_um"": 0.12231509876962321, ""min_um"": 0.01, ""per_sample"": true, ""std_um"": 0.031431953185657495}",,,185,"{""angle_center_deg"": 0.0, ""angle_center_rad"": 5.391521930426476, ""arc_radius_ratio"": 0.5675556267435498, ""n_particles"": 185, ""name"": ""wafer_particles.pattern.C08_CurvedScratch"", ""params"": {""arc_radius_norm"": 0.5220253224749194, ""span_rad"": 0.3916291117988343, ""width_norm"": 0.048077944954498075}, ""schema_version"": ""wafer_particles.pattern_config.v1"", ""span_deg"": 46.80475196200324, ""wafer_radius_mm"": 150.0, ""width_ratio"": 0.01972728673491219}",166
sample_000167,C11_Hotspot_Elliptic,gaussian,"{""max_um"": 1.0, ""mean_um"": 0.6023305657819478, ""min_um"": 0.01, ""per_sample"": true, ""std_um"": 0.02646644015550753}",,,176,"{""center_angle"": ""random"", ""center_angle_rad"": 2.6263058574664546, ""center_radius_ratio"": 0.8421378689429603, ""mode"": ""random"", ""n_particles"": 176, ""name"": ""wafer_particles.pattern.C11_Hotspot_Elliptic"", ""rotation_deg"": 30.0, ""rotation_rad"": 0.29414899223561447, ""schema_version"": ""wafer_particles.pattern_config.v1"", ""sigma_x_ratio"": 0.05373637918336636, ""sigma_y_ratio"": 0.07501274974424461, ""wafer_radius_mm"": 150.0}",167
sample_000168,C08_CurvedScratch,lognormal,"{""max_um"": 1.0, ""min_um"": 0.01, ""mu_log"": -2.494344380966474, ""per_sample"": true, ""sigma_log"": 0.8028741463467952}",,,83,"{""angle_center_deg"": 0.0, ""angle_center_rad"": 3.8886472217784394, ""arc_radius_ratio"": 0.45230824089517657, ""n_particles"": 83, ""name"": ""wafer_particles.pattern.C08_CurvedScratch"", ""params"": {""arc_radius_norm"": 0.8349331901500625, ""span_rad"": 0.7637690317780441, ""width_norm"": 0.0649537511104428}, ""schema_version"": ""wafer_particles.pattern_config.v1"", ""span_deg"": 79.54197814084614, ""wafer_radius_mm"": 150.0, ""width_ratio"": 0.05395007609986554}",168
sample_000169,C11_Hotspot_Elliptic,gaussian,"{""max_um"": 1.0, ""mean_um"": 0.432874954952733, ""min_um"": 0.01, ""per_sample"": true, ""std_um"": 0.020507667612636303}",,,168,"{""center_angle"": ""random"", ""center_angle_rad"": 0.4298583763843495, ""center_radius_ratio"": 0.7345099373481793, ""mode"": ""random"", ""n_particles"": 168, ""name"": ""wafer_particles.pattern.C11_Hotspot_Elliptic"", ""rotation_deg"": 30.0, ""rotation_rad"": 4.843442782548723, ""schema_version"": ""wafer_particles.pattern_config.v1"", ""sigma_x_ratio"": 0.07102023850000885, ""sigma_y_ratio"": 0.035063069499622956, ""wafer_radius_mm"": 150.0}",169
sample_000170,edge_sector_right,gaussian,"{""max_um"": 1.0, ""mean_um"": 0.412428996459026, ""min_um"": 0.01, ""per_sample"": true, ""std_um"": 0.08520859707103227}",sector,edge_sector,48,"{""angle_width_deg"": 40.0, ""edge_width_ratio"": 0.1, ""n_particles"": 48, ""name"": ""wafer_particles.pattern.edge_sector"", ""schema_version"": ""wafer_particles.pattern_config.v1"", ""side"": ""right"", ""wafer_radius_mm"": 150.0}",170
sample_000171,C04_Sector_Edge,gaussian,"{""max_um"": 1.0, ""mean_um"": 0.3769405582154487, ""min_um"": 0.01, ""per_sample"": true, ""std_um"": 0.04748005356362574}",,,92,"{""angle_center_rad"": 4.032547538076756, ""angle_width_deg"": 29.333659247358167, ""edge_width_ratio"": 0.13887174979285488, ""n_particles"": 92, ""name"": ""wafer_particles.pattern.C04_Sector_Edge"", ""radial_beta_alpha"": 3.8232271886024085, ""radial_beta_beta"": 0.8991819002608574, ""schema_version"": ""wafer_particles.pattern_config.v1"", ""side"": ""right"", ""theta_vonmises_kappa"": 8.852779561338854, ""wafer_radius_mm"": 150.0}",171
sample_000172,C02_EdgeBiased,gaussian,"{""max_um"": 1.0, ""mean_um"": 0.4281546302455373, ""min_um"": 0.01, ""per_sample"": true, ""std_um"": 0.09761041827028302}",,,181,"{""edge_bias"": 1.3001100999866266, ""n_particles"": 181, ""name"": ""wafer_particles.pattern.C02_EdgeBiased"", ""schema_version"": ""wafer_particles.pattern_config.v1"", ""wafer_radius_mm"": 150.0}",172
sample_000173,C01_Uniform,weibull,"{""k"": 2.7864063999837487, ""lambda_um"": 0.27740706773604007, ""max_um"": 1.0, ""min_um"": 0.01, ""per_sample"": true}",,,23,"{""n_particles"": 23, ""name"": ""wafer_particles.pattern.C01_Uniform"", ""schema_version"": ""wafer_particles.pattern_config.v1"", ""wafer_radius_mm"": 150.0}",173
sample_000174,C07_StraightLine,weibull,"{""k"": 1.5219883991883694, ""lambda_um"": 0.128680132962154, ""max_um"": 1.0, ""min_um"": 0.01, ""per_sample"": true}",,,162,"{""angle_deg"": 114.97618086899631, ""n_particles"": 162, ""name"": ""wafer_particles.pattern.C07_StraightLine"", ""offset_ratio"": -0.12488355964634099, ""params"": {""segment_half_length_norm"": 0.13989498802410422, ""width_norm"": 0.046025923323450124}, ""schema_version"": ""wafer_particles.pattern_config.v1"", ""segment_half_length_ratio"": 0.6506048083978886, ""wafer_radius_mm"": 150.0, ""width_ratio"": 0.021725922108420104}",174
sample_000175,C08_CurvedScratch,lognormal,"{""max_um"": 1.0, ""min_um"": 0.01, ""mu_log"": -1.7173691984446817, ""per_sample"": true, ""sigma_log"": 0.8234974597936489}",,,194,"{""angle_center_deg"": 0.0, ""angle_center_rad"": 3.5650797988410856, ""arc_radius_ratio"": 0.47411931725879886, ""n_particles"": 194, ""name"": ""wafer_particles.pattern.C08_CurvedScratch"", ""params"": {""arc_radius_norm"": 0.6904873923601136, ""span_rad"": 0.5487046694099772, ""width_norm"": 0.04024978989483555}, ""schema_version"": ""wafer_particles.pattern_config.v1"", ""span_deg"": 115.52234018569622, ""wafer_radius_mm"": 150.0, ""width_ratio"": 0.020642243181807702}",175
sample_000176,C11_Hotspot_Elliptic,gaussian,"{""max_um"": 1.0, ""mean_um"": 0.5746713669733241, ""min_um"": 0.01, ""per_sample"": true, ""std_um"": 0.0539492896192426}",,,171,"{""center_angle"": ""random"", ""center_angle_rad"": 0.17100880585492442, ""center_radius_ratio"": 0.25248834645696433, ""mode"": ""random"", ""n_particles"": 171, ""name"": ""wafer_particles.pattern.C11_Hotspot_Elliptic"", ""rotation_deg"": 30.0, ""rotation_rad"": 3.4415832879217594, ""schema_version"": ""wafer_particles.pattern_config.v1"", ""sigma_x_ratio"": 0.08539924032049931, ""sigma_y_ratio"": 0.04420922105044573, ""wafer_radius_mm"": 150.0}",176
sample_000177,C06_RadialLines,pareto,"{""alpha"": 2.6760629690279742, ""max_um"": 1.0, ""min_um"": 0.01, ""per_sample"": true, ""xm_um"": 0.2901377595486886}",,,117,"{""angular_jitter_deg"": 0.4279507378540637, ""n_lines"": 4, ""n_particles"": 117, ""name"": ""wafer_particles.pattern.C06_RadialLines"", ""params"": {""n_lines"": 5.0, ""r_max_norm"": 0.8656373504592123, ""r_min_norm"": 0.27906881525397875, ""sigma_perp_norm"": 0.04193533117573403}, ""r_max_ratio"": 0.7103114914574017, ""r_min_ratio"": 0.20165125931367978, ""schema_version"": ""wafer_particles.pattern_config.v1"", ""sigma_perp_ratio"": 0.011512730397350155, ""wafer_radius_mm"": 150.0}",177
sample_000178,C07_StraightLine,weibull,"{""k"": 2.455777365911322, ""lambda_um"": 0.3606621182005, ""max_um"": 1.0, ""min_um"": 0.01, ""per_sample"": true}",,,57,"{""angle_deg"": 71.16268602094034, ""n_particles"": 57, ""name"": ""wafer_particles.pattern.C07_StraightLine"", ""offset_ratio"": 0.031652881127153476, ""params"": {""segment_half_length_norm"": 0.32193792748618477, ""width_norm"": 0.04227944662606624}, ""schema_version"": ""wafer_particles.pattern_config.v1"", ""segment_half_length_ratio"": 0.4257061262188102, ""wafer_radius_mm"": 150.0, ""width_ratio"": 0.020312378657314722}",178
sample_000179,random_uniform,weibull,"{""k"": 0.8974989489838515, ""lambda_um"": 0.252533612398642, ""max_um"": 1.0, ""min_um"": 0.01, ""per_sample"": true}",random,random,11,"{""n_particles"": 11, ""name"": ""wafer_particles.pattern.random_uniform"", ""schema_version"": ""wafer_particles.pattern_config.v1"", ""wafer_radius_mm"": 150.0}",179
sample_000180,C01_Uniform,pareto,"{""alpha"": 2.8120133619811396, ""max_um"": 1.0, ""min_um"": 0.01, ""per_sample"": true, ""xm_um"": 0.1065174116437468}",,,97,"{""n_particles"": 97, ""name"": ""wafer_particles.pattern.C01_Uniform"", ""schema_version"": ""wafer_particles.pattern_config.v1"", ""wafer_radius_mm"": 150.0}",180
sample_000181,C04_Sector_Edge,pareto,"{""alpha"": 2.683945865571516, ""max_um"": 1.0, ""min_um"": 0.01, ""per_sample"": true, ""xm_um"": 0.2572193767579779}",,,79,"{""angle_center_rad"": 0.19527725005593774, ""angle_width_deg"": 36.34859699940783, ""edge_width_ratio"": 0.1413405574690364, ""n_particles"": 79, ""name"": ""wafer_particles.pattern.C04_Sector_Edge"", ""radial_beta_alpha"": 1.4256959083520124, ""radial_beta_beta"": 2.8012300601840012, ""schema_version"": ""wafer_particles.pattern_config.v1"", ""side"": ""right"", ""theta_vonmises_kappa"": 5.89852302158602, ""wafer_radius_mm"": 150.0}",181
sample_000182,C04_Sector_Edge,weibull,"{""k"": 1.8120486662070905, ""lambda_um"": 0.25195953354926837, ""max_um"": 1.0, ""min_um"": 0.01, ""per_sample"": true}",,,162,"{""angle_center_rad"": 4.071544553196242, ""angle_width_deg"": 78.83244582120325, ""edge_width_ratio"": 0.13284217110864188, ""n_particles"": 162, ""name"": ""wafer_particles.pattern.C04_Sector_Edge"", ""radial_beta_alpha"": 2.263903375412193, ""radial_beta_beta"": 1.9620756938695203, ""schema_version"": ""wafer_particles.pattern_config.v1"", ""side"": ""right"", ""theta_vonmises_kappa"": 5.805979434243335, ""wafer_radius_mm"": 150.0}",182
sample_000183,C05_Sector_Internal,lognormal,"{""max_um"": 1.0, ""min_um"": 0.01, ""mu_log"": -1.3120717715803178, ""per_sample"": true, ""sigma_log"": 0.41868523315287454}",,,178,"{""angle_center_rad"": 3.3200162033684104, ""angle_width_deg"": 110.67239460189356, ""edge_margin_norm"": 0.05, ""n_particles"": 178, ""name"": ""wafer_particles.pattern.C05_Sector_Internal"", ""r_inner_ratio"": 0.28364724275773706, ""r_outer_ratio"": 0.8102366626253381, ""radial_beta_alpha"": 1.3082747768661178, ""radial_beta_beta"": 3.2249455397003057, ""schema_version"": ""wafer_particles.pattern_config.v1"", ""theta_vonmises_kappa"": 7.153229381527594, ""wafer_radius_mm"": 150.0}",183
sample_000184,C11_Hotspot_Elliptic,pareto,"{""alpha"": 3.389493595781413, ""max_um"": 1.0, ""min_um"": 0.01, ""per_sample"": true, ""xm_um"": 0.24536722723073068}",,,163,"{""center_angle"": ""random"", ""center_angle_rad"": 1.7074119142055106, ""center_radius_ratio"": 0.3773166113794998, ""mode"": ""random"", ""n_particles"": 163, ""name"": ""wafer_particles.pattern.C11_Hotspot_Elliptic"", ""rotation_deg"": 30.0, ""rotation_rad"": 3.7900406442680663, ""schema_version"": ""wafer_particles.pattern_config.v1"", ""sigma_x_ratio"": 0.053200120521323946, ""sigma_y_ratio"": 0.01130259775812041, ""wafer_radius_mm"": 150.0}",184
sample_000185,C05_Sector_Internal,pareto,"{""alpha"": 1.976278045391989, ""max_um"": 1.0, ""min_um"": 0.01, ""per_sample"": true, ""xm_um"": 0.27160847834260443}",,,60,"{""angle_center_rad"": 4.084576689621512, ""angle_width_deg"": 62.81772131044201, ""edge_margin_norm"": 0.05, ""n_particles"": 60, ""name"": ""wafer_particles.pattern.C05_Sector_Internal"", ""r_inner_ratio"": 0.3603048875779764, ""r_outer_ratio"": 0.5010651519372273, ""radial_beta_alpha"": 1.6539259027061795, ""radial_beta_beta"": 2.6034713422365634, ""schema_version"": ""wafer_particles.pattern_config.v1"", ""theta_vonmises_kappa"": 4.615782690176153, ""wafer_radius_mm"": 150.0}",185
sample_000186,C07_StraightLine,gaussian,"{""max_um"": 1.0, ""mean_um"": 0.7732340044200344, ""min_um"": 0.01, ""per_sample"": true, ""std_um"": 0.052717749388981314}",,,36,"{""angle_deg"": 128.79337210620938, ""n_particles"": 36, ""name"": ""wafer_particles.pattern.C07_StraightLine"", ""offset_ratio"": -0.07015117204070082, ""params"": {""segment_half_length_norm"": 0.21255531561258675, ""width_norm"": 0.04916222885884372}, ""schema_version"": ""wafer_particles.pattern_config.v1"", ""segment_half_length_ratio"": 0.7151951518426787, ""wafer_radius_mm"": 150.0, ""width_ratio"": 0.047502807618659895}",186
sample_000187,C09_Spiral,gaussian,"{""max_um"": 1.0, ""mean_um"": 0.29249932125677336, ""min_um"": 0.01, ""per_sample"": true, ""std_um"": 0.06028981927313923}",,,103,"{""end_r_ratio"": 0.9931474169809552, ""n_particles"": 103, ""name"": ""wafer_particles.pattern.C09_Spiral"", ""params"": {""theta_max"": 13.837118318754994, ""width_norm"": 0.014516267593382193}, ""schema_version"": ""wafer_particles.pattern_config.v1"", ""start_r_ratio"": 0.10150989815113423, ""theta_max"": 13.794688564777623, ""wafer_radius_mm"": 150.0, ""width_ratio"": 0.04766302668365545}",187
sample_000188,C08_CurvedScratch,lognormal,"{""max_um"": 1.0, ""min_um"": 0.01, ""mu_log"": -0.9352006192590383, ""per_sample"": true, ""sigma_log"": 0.5050932694924027}",,,127,"{""angle_center_deg"": 0.0, ""angle_center_rad"": 5.753863841831748, ""arc_radius_ratio"": 0.6671396785559212, ""n_particles"": 127, ""name"": ""wafer_particles.pattern.C08_CurvedScratch"", ""params"": {""arc_radius_norm"": 0.8201965915367153, ""span_rad"": 0.44922194866588916, ""width_norm"": 0.049929936644668695}, ""schema_version"": ""wafer_particles.pattern_config.v1"", ""span_deg"": 43.87818893363098, ""wafer_radius_mm"": 150.0, ""width_ratio"": 0.031535612546993046}",188
sample_000189,C07_StraightLine,lognormal,"{""max_um"": 1.0, ""min_um"": 0.01, ""mu_log"": -3.195616880938933, ""per_sample"": true, ""sigma_log"": 0.7580809220049984}",,,24,"{""angle_deg"": 13.054785633283537, ""n_particles"": 24, ""name"": ""wafer_particles.pattern.C07_StraightLine"", ""offset_ratio"": -0.0113475546556574, ""params"": {""segment_half_length_norm"": 0.06520874421240999, ""width_norm"": 0.03440108456599275}, ""schema_version"": ""wafer_particles.pattern_config.v1"", ""segment_half_length_ratio"": 0.3734182384687361, ""wafer_radius_mm"": 150.0, ""width_ratio"": 0.025303047702096928}",189
sample_000190,C01_Uniform,gaussian,"{""max_um"": 1.0, ""mean_um"": 0.41380008154134656, ""min_um"": 0.01, ""per_sample"": true, ""std_um"": 0.05475987869072797}",,,83,"{""n_particles"": 83, ""name"": ""wafer_particles.pattern.C01_Uniform"", ""schema_version"": ""wafer_particles.pattern_config.v1"", ""wafer_radius_mm"": 150.0}",190
sample_000191,C02_EdgeBiased,pareto,"{""alpha"": 1.528234167606926, ""max_um"": 1.0, ""min_um"": 0.01, ""per_sample"": true, ""xm_um"": 0.1227163278788752}",,,123,"{""edge_bias"": 2.544287248590551, ""n_particles"": 123, ""name"": ""wafer_particles.pattern.C02_EdgeBiased"", ""schema_version"": ""wafer_particles.pattern_config.v1"", ""wafer_radius_mm"": 150.0}",191
sample_000192,C06_RadialLines,weibull,"{""k"": 2.44231152696823, ""lambda_um"": 0.36727020944352273, ""max_um"": 1.0, ""min_um"": 0.01, ""per_sample"": true}",,,184,"{""angular_jitter_deg"": 0.6844060901630222, ""n_lines"": 8, ""n_particles"": 184, ""name"": ""wafer_particles.pattern.C06_RadialLines"", ""params"": {""n_lines"": 5.0, ""r_max_norm"": 0.924625551200869, ""r_min_norm"": 0.10014614604840437, ""sigma_perp_norm"": 0.06793918361159391}, ""r_max_ratio"": 0.8280866557032344, ""r_min_ratio"": 0.24307458302637203, ""schema_version"": ""wafer_particles.pattern_config.v1"", ""sigma_perp_ratio"": 0.010904902700031912, ""wafer_radius_mm"": 150.0}",192
sample_000193,scratch_vertical,weibull,"{""k"": 2.2038119490863766, ""lambda_um"": 0.339962342911854, ""max_um"": 1.0, ""min_um"": 0.01, ""per_sample"": true}",line,scratch,136,"{""angle_category"": ""vertical"", ""length_ratio"": 1.0, ""n_particles"": 136, ""name"": ""wafer_particles.pattern.scratch"", ""offset_ratio"": 0.0, ""schema_version"": ""wafer_particles.pattern_config.v1"", ""wafer_radius_mm"": 150.0, ""width_ratio"": 0.01}",193
sample_000194,C11_Hotspot_Elliptic,lognormal,"{""max_um"": 1.0, ""min_um"": 0.01, ""mu_log"": -2.4182316718336083, ""per_sample"": true, ""sigma_log"": 0.6792783288762095}",,,130,"{""center_angle"": ""random"", ""center_angle_rad"": 3.0983174812385084, ""center_radius_ratio"": 0.673343755459166, ""mode"": ""random"", ""n_particles"": 130, ""name"": ""wafer_particles.pattern.C11_Hotspot_Elliptic"", ""rotation_deg"": 30.0, ""rotation_rad"": 2.321528480955709, ""schema_version"": ""wafer_particles.pattern_config.v1"", ""sigma_x_ratio"": 0.04991774453697151, ""sigma_y_ratio"": 0.027424503860845634, ""wafer_radius_mm"": 150.0}",194
sample_000195,C01_Uniform,gaussian,"{""max_um"": 1.0, ""mean_um"": 0.5109942661737189, ""min_um"": 0.01, ""per_sample"": true, ""std_um"": 0.05719714869062041}",,,93,"{""n_particles"": 93, ""name"": ""wafer_particles.pattern.C01_Uniform"", ""schema_version"": ""wafer_particles.pattern_config.v1"", ""wafer_radius_mm"": 150.0}",195
sample_000196,C03_Ring,lognormal,"{""max_um"": 1.0, ""min_um"": 0.01, ""mu_log"": -2.313754163030805, ""per_sample"": true, ""sigma_log"": 0.8280317761042779}",,,14,"{""n_particles"": 14, ""name"": ""wafer_particles.pattern.C03_Ring"", ""radius_ratio"": 0.44450034423918927, ""schema_version"": ""wafer_particles.pattern_config.v1"", ""wafer_radius_mm"": 150.0, ""width_ratio"": 0.04641622271748272}",196
sample_000197,edge_sector_left,gaussian,"{""max_um"": 1.0, ""mean_um"": 0.7124045952774367, ""min_um"": 0.01, ""per_sample"": true, ""std_um"": 0.06580055526191955}",sector,edge_sector,79,"{""angle_width_deg"": 40.0, ""edge_width_ratio"": 0.1, ""n_particles"": 79, ""name"": ""wafer_particles.pattern.edge_sector"", ""schema_version"": ""wafer_particles.pattern_config.v1"", ""side"": ""left"", ""wafer_radius_mm"": 150.0}",197
sample_000198,C11_Hotspot_Elliptic,lognormal,"{""max_um"": 1.0, ""min_um"": 0.01, ""mu_log"": -3.3673529636218147, ""per_sample"": true, ""sigma_log"": 0.8797078766222972}",,,90,"{""center_angle"": ""random"", ""center_angle_rad"": 4.826166284742825, ""center_radius_ratio"": 0.22056340157412965, ""mode"": ""random"", ""n_particles"": 90, ""name"": ""wafer_particles.pattern.C11_Hotspot_Elliptic"", ""rotation_deg"": 30.0, ""rotation_rad"": 4.889240103331036, ""schema_version"": ""wafer_particles.pattern_config.v1"", ""sigma_x_ratio"": 0.0348224191081564, ""sigma_y_ratio"": 0.04798950074616035, ""wafer_radius_mm"": 150.0}",198
sample_000199,C09_Spiral,weibull,"{""k"": 0.969815799356925, ""lambda_um"": 0.37351614550862117, ""max_um"": 1.0, ""min_um"": 0.01, ""per_sample"": true}",,,179,"{""end_r_ratio"": 0.7956647271483912, ""n_particles"": 179, ""name"": ""wafer_particles.pattern.C09_Spiral"", ""params"": {""theta_max"": 24.72354032836875, ""width_norm"": 0.04748771140248394}, ""schema_version"": ""wafer_particles.pattern_config.v1"", ""start_r_ratio"": 0.10755411795920088, ""theta_max"": 12.134861445696735, ""wafer_radius_mm"": 150.0, ""width_ratio"": 0.04289200116631555}",199
sample_000200,C07_StraightLine,gaussian,"{""max_um"": 1.0, ""mean_um"": 0.48103686654871447, ""min_um"": 0.01, ""per_sample"": true, ""std_um"": 0.07723309231497578}",,,81,"{""angle_deg"": 18.327199451701553, ""n_particles"": 81, ""name"": ""wafer_particles.pattern.C07_StraightLine"", ""offset_ratio"": -0.08643654632435299, ""params"": {""segment_half_length_norm"": 0.14546941620997644, ""width_norm"": 0.042335995444860754}, ""schema_version"": ""wafer_particles.pattern_config.v1"", ""segment_half_length_ratio"": 0.7910078747553748, ""wafer_radius_mm"": 150.0, ""width_ratio"": 0.00988362700602706}",200
sample_000201,C03_Ring,lognormal,"{""max_um"": 1.0, ""min_um"": 0.01, ""mu_log"": -1.561525637446438, ""per_sample"": true, ""sigma_log"": 0.7519753880394398}",,,82,"{""n_particles"": 82, ""name"": ""wafer_particles.pattern.C03_Ring"", ""radius_ratio"": 0.6759907138159297, ""schema_version"": ""wafer_particles.pattern_config.v1"", ""wafer_radius_mm"": 150.0, ""width_ratio"": 0.1112356028142075}",201
sample_000202,C01_Uniform,gaussian,"{""max_um"": 1.0, ""mean_um"": 0.4257393644230654, ""min_um"": 0.01, ""per_sample"": true, ""std_um"": 0.0739758543689177}",,,152,"{""n_particles"": 152, ""name"": ""wafer_particles.pattern.C01_Uniform"", ""schema_version"": ""wafer_particles.pattern_config.v1"", ""wafer_radius_mm"": 150.0}",202
sample_000203,C03_Ring,gaussian,"{""max_um"": 1.0, ""mean_um"": 0.5873446992701121, ""min_um"": 0.01, ""per_sample"": true, ""std_um"": 0.08989106560771672}",,,197,"{""n_particles"": 197, ""name"": ""wafer_particles.pattern.C03_Ring"", ""radius_ratio"": 0.7512570169193493, ""schema_version"": ""wafer_particles.pattern_config.v1"", ""wafer_radius_mm"": 150.0, ""width_ratio"": 0.1751676144537797}",203
sample_000204,C08_CurvedScratch,lognormal,"{""max_um"": 1.0, ""min_um"": 0.01, ""mu_log"": -0.4805315523300857, ""per_sample"": true, ""sigma_log"": 0.5986132386091554}",,,159,"{""angle_center_deg"": 0.0, ""angle_center_rad"": 3.3187345900646297, ""arc_radius_ratio"": 0.6660564364445849, ""n_particles"": 159, ""name"": ""wafer_particles.pattern.C08_CurvedScratch"", ""params"": {""arc_radius_norm"": 0.7577033702283879, ""span_rad"": 0.4274393900337922, ""width_norm"": 0.03937653655187386}, ""schema_version"": ""wafer_particles.pattern_config.v1"", ""span_deg"": 97.76366803767743, ""wafer_radius_mm"": 150.0, ""width_ratio"": 0.0519773731978724}",204
sample_000205,C06_RadialLines,weibull,"{""k"": 2.4296697297451484, ""lambda_um"": 0.4419930864516816, ""max_um"": 1.0, ""min_um"": 0.01, ""per_sample"": true}",,,43,"{""angular_jitter_deg"": 0.12770199632091195, ""n_lines"": 6, ""n_particles"": 43, ""name"": ""wafer_particles.pattern.C06_RadialLines"", ""params"": {""n_lines"": 2.0, ""r_max_norm"": 0.92266323528553, ""r_min_norm"": 0.14689921657363486, ""sigma_perp_norm"": 0.014656646242329104}, ""r_max_ratio"": 0.8063637506153247, ""r_min_ratio"": 0.1724561093931955, ""schema_version"": ""wafer_particles.pattern_config.v1"", ""sigma_perp_ratio"": 0.005841019443879103, ""wafer_radius_mm"": 150.0}",205
sample_000206,radial_lines,lognormal,"{""max_um"": 1.0, ""min_um"": 0.01, ""mu_log"": -0.8945562284723909, ""per_sample"": true, ""sigma_log"": 0.2956144583495672}",line,radial_lines,56,"{""angular_jitter_deg"": 2.0, ""n_lines"": 6, ""n_particles"": 56, ""name"": ""wafer_particles.pattern.radial_lines"", ""r_max_ratio"": 1.0, ""r_min_ratio"": 0.0, ""schema_version"": ""wafer_particles.pattern_config.v1"", ""wafer_radius_mm"": 150.0}",206
sample_000207,edge_sector_left,weibull,"{""k"": 2.28342933827103, ""lambda_um"": 0.2898969998039967, ""max_um"": 1.0, ""min_um"": 0.01, ""per_sample"": true}",sector,edge_sector,61,"{""angle_width_deg"": 40.0, ""edge_width_ratio"": 0.1, ""n_particles"": 61, ""name"": ""wafer_particles.pattern.edge_sector"", ""schema_version"": ""wafer_particles.pattern_config.v1"", ""side"": ""left"", ""wafer_radius_mm"": 150.0}",207
sample_000208,C04_Sector_Edge,weibull,"{""k"": 1.992119532724505, ""lambda_um"": 0.2750920540431693, ""max_um"": 1.0, ""min_um"": 0.01, ""per_sample"": true}",,,120,"{""angle_center_rad"": 0.5851958890116599, ""angle_width_deg"": 45.31321122619561, ""edge_width_ratio"": 0.12441801929149039, ""n_particles"": 120, ""name"": ""wafer_particles.pattern.C04_Sector_Edge"", ""radial_beta_alpha"": 3.9760094223023374, ""radial_beta_beta"": 1.469303945906835, ""schema_version"": ""wafer_particles.pattern_config.v1"", ""side"": ""right"", ""theta_vonmises_kappa"": 4.320138136114888, ""wafer_radius_mm"": 150.0}",208
sample_000209,C05_Sector_Internal,weibull,"{""k"": 1.5135917171111584, ""lambda_um"": 0.08183538525069738, ""max_um"": 1.0, ""min_um"": 0.01, ""per_sample"": true}",,,167,"{""angle_center_rad"": 4.934484195305183, ""angle_width_deg"": 89.05031528891107, ""edge_margin_norm"": 0.05, ""n_particles"": 167, ""name"": ""wafer_particles.pattern.C05_Sector_Internal"", ""r_inner_ratio"": 0.21069253847664315, ""r_outer_ratio"": 0.5922283913326387, ""radial_beta_alpha"": 2.3224500893719284, ""radial_beta_beta"": 1.9572274083161314, ""schema_version"": ""wafer_particles.pattern_config.v1"", ""theta_vonmises_kappa"": 3.677751850548525, ""wafer_radius_mm"": 150.0}",209
sample_000210,C02_EdgeBiased,pareto,"{""alpha"": 1.9297264629077926, ""max_um"": 1.0, ""min_um"": 0.01, ""per_sample"": true, ""xm_um"": 0.22836497178172022}",,,84,"{""edge_bias"": 3.497601804649885, ""n_particles"": 84, ""name"": ""wafer_particles.pattern.C02_EdgeBiased"", ""schema_version"": ""wafer_particles.pattern_config.v1"", ""wafer_radius_mm"": 150.0}",210
sample_000211,C03_Ring,gaussian,"{""max_um"": 1.0, ""mean_um"": 0.35665255089776476, ""min_um"": 0.01, ""per_sample"": true, ""std_um"": 0.02491955027918781}",,,87,"{""n_particles"": 87, ""name"": ""wafer_particles.pattern.C03_Ring"", ""radius_ratio"": 0.7135010489570517, ""schema_version"": ""wafer_particles.pattern_config.v1"", ""wafer_radius_mm"": 150.0, ""width_ratio"": 0.08729984382362577}",211
sample_000212,C01_Uniform,lognormal,"{""max_um"": 1.0, ""min_um"": 0.01, ""mu_log"": -0.8669523008419184, ""per_sample"": true, ""sigma_log"": 0.635777771827708}",,,91,"{""n_particles"": 91, ""name"": ""wafer_particles.pattern.C01_Uniform"", ""schema_version"": ""wafer_particles.pattern_config.v1"", ""wafer_radius_mm"": 150.0}",212
sample_000213,C06_RadialLines,weibull,"{""k"": 1.8495185421206781, ""lambda_um"": 0.38197603942224745, ""max_um"": 1.0, ""min_um"": 0.01, ""per_sample"": true}",,,28,"{""angular_jitter_deg"": 0.39641610192407306, ""n_lines"": 8, ""n_particles"": 28, ""name"": ""wafer_particles.pattern.C06_RadialLines"", ""params"": {""n_lines"": 2.0, ""r_max_norm"": 0.7960882641564763, ""r_min_norm"": 0.2132698965650702, ""sigma_perp_norm"": 0.051062224105208824}, ""r_max_ratio"": 0.9639629073859267, ""r_min_ratio"": 0.1553233728684714, ""schema_version"": ""wafer_particles.pattern_config.v1"", ""sigma_perp_ratio"": 0.029493184793292937, ""wafer_radius_mm"": 150.0}",213
sample_000214,C04_Sector_Edge,lognormal,"{""max_um"": 1.0, ""min_um"": 0.01, ""mu_log"": -2.3215461559100916, ""per_sample"": true, ""sigma_log"": 0.5803272708041214}",,,157,"{""angle_center_rad"": 3.915269691216454, ""angle_width_deg"": 69.65397427818374, ""edge_width_ratio"": 0.21861167995781727, ""n_particles"": 157, ""name"": ""wafer_particles.pattern.C04_Sector_Edge"", ""radial_beta_alpha"": 1.537391198873761, ""radial_beta_beta"": 2.708000921041183, ""schema_version"": ""wafer_particles.pattern_config.v1"", ""side"": ""right"", ""theta_vonmises_kappa"": 6.189822521534463, ""wafer_radius_mm"": 150.0}",214
sample_000215,C08_CurvedScratch,lognormal,"{""max_um"": 1.0, ""min_um"": 0.01, ""mu_log"": -3.2288498342501373, ""per_sample"": true, ""sigma_log"": 0.8346463091462899}",,,126,"{""angle_center_deg"": 0.0, ""angle_center_rad"": 5.072005114032412, ""arc_radius_ratio"": 0.6680309618688349, ""n_particles"": 126, ""name"": ""wafer_particles.pattern.C08_CurvedScratch"", ""params"": {""arc_radius_norm"": 0.7414280611116852, ""span_rad"": 0.7882934359281035, ""width_norm"": 0.04958760271262776}, ""schema_version"": ""wafer_particles.pattern_config.v1"", ""span_deg"": 43.2805545746444, ""wafer_radius_mm"": 150.0, ""width_ratio"": 0.023139585520404495}",215
sample_000216,C01_Uniform,gaussian,"{""max_um"": 1.0, ""mean_um"": 0.19312808559352368, ""min_um"": 0.01, ""per_sample"": true, ""std_um"": 0.06771633221195314}",,,80,"{""n_particles"": 80, ""name"": ""wafer_particles.pattern.C01_Uniform"", ""schema_version"": ""wafer_particles.pattern_config.v1"", ""wafer_radius_mm"": 150.0}",216
sample_000217,C06_RadialLines,gaussian,"{""max_um"": 1.0, ""mean_um"": 0.7587837661639755, ""min_um"": 0.01, ""per_sample"": true, ""std_um"": 0.09708406918769047}",,,127,"{""angular_jitter_deg"": 2.656067497295706, ""n_lines"": 6, ""n_particles"": 127, ""name"": ""wafer_particles.pattern.C06_RadialLines"", ""params"": {""n_lines"": 2.0, ""r_max_norm"": 0.837708903435769, ""r_min_norm"": 0.16489380691005914, ""sigma_perp_norm"": 0.045380472711678096}, ""r_max_ratio"": 0.7716080207733474, ""r_min_ratio"": 0.012397353867707083, ""schema_version"": ""wafer_particles.pattern_config.v1"", ""sigma_perp_ratio"": 0.007246322284474606, ""wafer_radius_mm"": 150.0}",217
sample_000218,C11_Hotspot_Elliptic,gaussian,"{""max_um"": 1.0, ""mean_um"": 0.381584764155957, ""min_um"": 0.01, ""per_sample"": true, ""std_um"": 0.07957738194011209}",,,155,"{""center_angle"": ""random"", ""center_angle_rad"": 0.9372028065250755, ""center_radius_ratio"": 0.7710920393396394, ""mode"": ""random"", ""n_particles"": 155, ""name"": ""wafer_particles.pattern.C11_Hotspot_Elliptic"", ""rotation_deg"": 30.0, ""rotation_rad"": 1.5221578225556311, ""schema_version"": ""wafer_particles.pattern_config.v1"", ""sigma_x_ratio"": 0.03304004397640079, ""sigma_y_ratio"": 0.06920022000870464, ""wafer_radius_mm"": 150.0}",218
sample_000219,C11_Hotspot_Elliptic,lognormal,"{""max_um"": 1.0, ""min_um"": 0.01, ""mu_log"": -2.0635771595094305, ""per_sample"": true, ""sigma_log"": 0.4872011687555511}",,,154,"{""center_angle"": ""random"", ""center_angle_rad"": 2.030453369648548, ""center_radius_ratio"": 0.8467885363073107, ""mode"": ""random"", ""n_particles"": 154, ""name"": ""wafer_particles.pattern.C11_Hotspot_Elliptic"", ""rotation_deg"": 30.0, ""rotation_rad"": 5.0832484307244465, ""schema_version"": ""wafer_particles.pattern_config.v1"", ""sigma_x_ratio"": 0.06292811917376848, ""sigma_y_ratio"": 0.020632382586061433, ""wafer_radius_mm"": 150.0}",219
sample_000220,C05_Sector_Internal,weibull,"{""k"": 1.666867696478104, ""lambda_um"": 0.3015077297758214, ""max_um"": 1.0, ""min_um"": 0.01, ""per_sample"": true}",,,25,"{""angle_center_rad"": 4.272007527461993, ""angle_width_deg"": 56.10452559264725, ""edge_margin_norm"": 0.05, ""n_particles"": 25, ""name"": ""wafer_particles.pattern.C05_Sector_Internal"", ""r_inner_ratio"": 0.13248211092733322, ""r_outer_ratio"": 0.7888968995821941, ""radial_beta_alpha"": 1.2211460019274734, ""radial_beta_beta"": 3.385367482231592, ""schema_version"": ""wafer_particles.pattern_config.v1"", ""theta_vonmises_kappa"": 6.74731506603279, ""wafer_radius_mm"": 150.0}",220
sample_000221,C08_CurvedScratch,weibull,"{""k"": 1.8422333090340262, ""lambda_um"": 0.2001503511817618, ""max_um"": 1.0, ""min_um"": 0.01, ""per_sample"": true}",,,154,"{""angle_center_deg"": 0.0, ""angle_center_rad"": 3.447702590911309, ""arc_radius_ratio"": 0.7260947263385157, ""n_particles"": 154, ""name"": ""wafer_particles.pattern.C08_CurvedScratch"", ""params"": {""arc_radius_norm"": 0.8055366167534693, ""span_rad"": 0.7900673732744561, ""width_norm"": 0.04682710683368488}, ""schema_version"": ""wafer_particles.pattern_config.v1"", ""span_deg"": 155.7524975562447, ""wafer_radius_mm"": 150.0, ""width_ratio"": 0.053836864507307014}",221
sample_000222,C09_Spiral,gaussian,"{""max_um"": 1.0, ""mean_um"": 0.2531353021586386, ""min_um"": 0.01, ""per_sample"": true, ""std_um"": 0.056907045690345326}",,,115,"{""end_r_ratio"": 0.8851879482304505, ""n_particles"": 115, ""name"": ""wafer_particles.pattern.C09_Spiral"", ""params"": {""theta_max"": 19.758208993804764, ""width_norm"": 0.0321176485102351}, ""schema_version"": ""wafer_particles.pattern_config.v1"", ""start_r_ratio"": 0.1443270039598247, ""theta_max"": 10.2973722488134, ""wafer_radius_mm"": 150.0, ""width_ratio"": 0.017653649564314988}",222
sample_000223,C03_Ring,gaussian,"{""max_um"": 1.0, ""mean_um"": 0.231775233560435, ""min_um"": 0.01, ""per_sample"": true, ""std_um"": 0.03769021848662053}",,,71,"{""n_particles"": 71, ""name"": ""wafer_particles.pattern.C03_Ring"", ""radius_ratio"": 0.8773654853113182, ""schema_version"": ""wafer_particles.pattern_config.v1"", ""wafer_radius_mm"": 150.0, ""width_ratio"": 0.11933090751652274}",223
sample_000224,C02_EdgeBiased,pareto,"{""alpha"": 2.9223832059460335, ""max_um"": 1.0, ""min_um"": 0.01, ""per_sample"": true, ""xm_um"": 0.24878050086491627}",,,176,"{""edge_bias"": 3.288446113186346, ""n_particles"": 176, ""name"": ""wafer_particles.pattern.C02_EdgeBiased"", ""schema_version"": ""wafer_particles.pattern_config.v1"", ""wafer_radius_mm"": 150.0}",224
sample_000225,C01_Uniform,gaussian,"{""max_um"": 1.0, ""mean_um"": 0.7463852096447006, ""min_um"": 0.01, ""per_sample"": true, ""std_um"": 0.04405649877895862}",,,83,"{""n_particles"": 83, ""name"": ""wafer_particles.pattern.C01_Uniform"", ""schema_version"": ""wafer_particles.pattern_config.v1"", ""wafer_radius_mm"": 150.0}",225
sample_000226,C04_Sector_Edge,gaussian,"{""max_um"": 1.0, ""mean_um"": 0.5828493535168526, ""min_um"": 0.01, ""per_sample"": true, ""std_um"": 0.03493850304758998}",,,98,"{""angle_center_rad"": 2.0618191407130593, ""angle_width_deg"": 73.62154592532538, ""edge_width_ratio"": 0.18022452915896642, ""n_particles"": 98, ""name"": ""wafer_particles.pattern.C04_Sector_Edge"", ""radial_beta_alpha"": 2.1126458595974222, ""radial_beta_beta"": 1.153014865751686, ""schema_version"": ""wafer_particles.pattern_config.v1"", ""side"": ""right"", ""theta_vonmises_kappa"": 9.927777754978576, ""wafer_radius_mm"": 150.0}",226
sample_000227,C01_Uniform,pareto,"{""alpha"": 3.460513015514088, ""max_um"": 1.0, ""min_um"": 0.01, ""per_sample"": true, ""xm_um"": 0.08170225187396983}",,,32,"{""n_particles"": 32, ""name"": ""wafer_particles.pattern.C01_Uniform"", ""schema_version"": ""wafer_particles.pattern_config.v1"", ""wafer_radius_mm"": 150.0}",227
sample_000228,C05_Sector_Internal,gaussian,"{""max_um"": 1.0, ""mean_um"": 0.11694104739152529, ""min_um"": 0.01, ""per_sample"": true, ""std_um"": 0.0563093888218834}",,,33,"{""angle_center_rad"": 5.431163390468361, ""angle_width_deg"": 45.174120874963506, ""edge_margin_norm"": 0.05, ""n_particles"": 33, ""name"": ""wafer_particles.pattern.C05_Sector_Internal"", ""r_inner_ratio"": 0.21092668172713186, ""r_outer_ratio"": 0.8165753643134661, ""radial_beta_alpha"": 3.2534114844812505, ""radial_beta_beta"": 3.109120194045378, ""schema_version"": ""wafer_particles.pattern_config.v1"", ""theta_vonmises_kappa"": 3.5074248914298685, ""wafer_radius_mm"": 150.0}",228
sample_000229,C06_RadialLines,lognormal,"{""max_um"": 1.0, ""min_um"": 0.01, ""mu_log"": -2.6536292003027784, ""per_sample"": true, ""sigma_log"": 0.5642487078654316}",,,97,"{""angular_jitter_deg"": 2.0912814228428855, ""n_lines"": 8, ""n_particles"": 97, ""name"": ""wafer_particles.pattern.C06_RadialLines"", ""params"": {""n_lines"": 7.0, ""r_max_norm"": 0.8412879692640902, ""r_min_norm"": 0.2589365503203296, ""sigma_perp_norm"": 0.059535573428174816}, ""r_max_ratio"": 0.9051541262565355, ""r_min_ratio"": 0.1964957334307771, ""schema_version"": ""wafer_particles.pattern_config.v1"", ""sigma_perp_ratio"": 0.020075275808501502, ""wafer_radius_mm"": 150.0}",229
sample_000230,C09_Spiral,lognormal,"{""max_um"": 1.0, ""min_um"": 0.01, ""mu_log"": -2.3884822858694257, ""per_sample"": true, ""sigma_log"": 0.22617178266664792}",,,42,"{""end_r_ratio"": 0.988935765427456, ""n_particles"": 42, ""name"": ""wafer_particles.pattern.C09_Spiral"", ""params"": {""theta_max"": 13.698842571213104, ""width_norm"": 0.03683989130536321}, ""schema_version"": ""wafer_particles.pattern_config.v1"", ""start_r_ratio"": 0.007981891347238812, ""theta_max"": 16.762154802561348, ""wafer_radius_mm"": 150.0, ""width_ratio"": 0.035087067285942346}",230
sample_000231,C05_Sector_Internal,weibull,"{""k"": 2.0065252204916315, ""lambda_um"": 0.3099316555686058, ""max_um"": 1.0, ""min_um"": 0.01, ""per_sample"": true}",,,64,"{""angle_center_rad"": 2.0651560813492256, ""angle_width_deg"": 36.29250467724197, ""edge_margin_norm"": 0.05, ""n_particles"": 64, ""name"": ""wafer_particles.pattern.C05_Sector_Internal"", ""r_inner_ratio"": 0.3224883656001198, ""r_outer_ratio"": 0.7563978204750623, ""radial_beta_alpha"": 3.138246492950863, ""radial_beta_beta"": 2.8956580600256077, ""schema_version"": ""wafer_particles.pattern_config.v1"", ""theta_vonmises_kappa"": 6.6433582448127035, ""wafer_radius_mm"": 150.0}",231
sample_000232,C02_EdgeBiased,weibull,"{""k"": 2.8179484357373212, ""lambda_um"": 0.2573775005932267, ""max_um"": 1.0, ""min_um"": 0.01, ""per_sample"": true}",,,18,"{""edge_bias"": 1.4645403915591833, ""n_particles"": 18, ""name"": ""wafer_particles.pattern.C02_EdgeBiased"", ""schema_version"": ""wafer_particles.pattern_config.v1"", ""wafer_radius_mm"": 150.0}",232
sample_000233,C07_StraightLine,lognormal,"{""max_um"": 1.0, ""min_um"": 0.01, ""mu_log"": -3.253257238366144, ""per_sample"": true, ""sigma_log"": 0.3155115679541405}",,,43,"{""angle_deg"": 164.89462343273553, ""n_particles"": 43, ""name"": ""wafer_particles.pattern.C07_StraightLine"", ""offset_ratio"": 0.17677393279336762, ""params"": {""segment_half_length_norm"": 0.2894471470899964, ""width_norm"": 0.05158123644279352}, ""schema_version"": ""wafer_particles.pattern_config.v1"", ""segment_half_length_ratio"": 0.5978714535403973, ""wafer_radius_mm"": 150.0, ""width_ratio"": 0.014918561786798425}",233
sample_000234,ring_wide,pareto,"{""alpha"": 3.0208239810275224, ""max_um"": 1.0, ""min_um"": 0.01, ""per_sample"": true, ""xm_um"": 0.258730094956007}",ring,ring,171,"{""n_particles"": 171, ""name"": ""wafer_particles.pattern.ring_wide"", ""radius_ratio"": 0.6, ""schema_version"": ""wafer_particles.pattern_config.v1"", ""wafer_radius_mm"": 150.0, ""width_ratio"": 0.15}",234
sample_000235,C01_Uniform,gaussian,"{""max_um"": 1.0, ""mean_um"": 0.26682880381425056, ""min_um"": 0.01, ""per_sample"": true, ""std_um"": 0.09210687393435141}",,,152,"{""n_particles"": 152, ""name"": ""wafer_particles.pattern.C01_Uniform"", ""schema_version"": ""wafer_particles.pattern_config.v1"", ""wafer_radius_mm"": 150.0}",235
sample_000236,C11_Hotspot_Elliptic,pareto,"{""alpha"": 2.4827257060268924, ""max_um"": 1.0, ""min_um"": 0.01, ""per_sample"": true, ""xm_um"": 0.24320319515432814}",,,77,"{""center_angle"": ""random"", ""center_angle_rad"": 0.11310333152174022, ""center_radius_ratio"": 0.8825799768050427, ""mode"": ""random"", ""n_particles"": 77, ""name"": ""wafer_particles.pattern.C11_Hotspot_Elliptic"", ""rotation_deg"": 30.0, ""rotation_rad"": 1.1979582975178271, ""schema_version"": ""wafer_particles.pattern_config.v1"", ""sigma_x_ratio"": 0.06617545517994178, ""sigma_y_ratio"": 0.05078965327076103, ""wafer_radius_mm"": 150.0}",236
sample_000237,C04_Sector_Edge,lognormal,"{""max_um"": 1.0, ""min_um"": 0.01, ""mu_log"": -0.6351612710928136, ""per_sample"": true, ""sigma_log"": 0.5834018193159308}",,,15,"{""angle_center_rad"": 4.555897549657983, ""angle_width_deg"": 74.36692060938535, ""edge_width_ratio"": 0.17653869414547857, ""n_particles"": 15, ""name"": ""wafer_particles.pattern.C04_Sector_Edge"", ""radial_beta_alpha"": 2.9846989753280546, ""radial_beta_beta"": 2.1699902461525444, ""schema_version"": ""wafer_particles.pattern_config.v1"", ""side"": ""right"", ""theta_vonmises_kappa"": 5.883196023454227, ""wafer_radius_mm"": 150.0}",237
sample_000238,C01_Uniform,lognormal,"{""max_um"": 1.0, ""min_um"": 0.01, ""mu_log"": -2.7655946635643147, ""per_sample"": true, ""sigma_log"": 0.768470336070536}",,,172,"{""n_particles"": 172, ""name"": ""wafer_particles.pattern.C01_Uniform"", ""schema_version"": ""wafer_particles.pattern_config.v1"", ""wafer_radius_mm"": 150.0}",238
sample_000239,ring_wide,gaussian,"{""max_um"": 1.0, ""mean_um"": 0.6929131076023235, ""min_um"": 0.01, ""per_sample"": true, ""std_um"": 0.03473670140395571}",ring,ring,11,"{""n_particles"": 11, ""name"": ""wafer_particles.pattern.ring_wide"", ""radius_ratio"": 0.6, ""schema_version"": ""wafer_particles.pattern_config.v1"", ""wafer_radius_mm"": 150.0, ""width_ratio"": 0.15}",239
sample_000240,C08_CurvedScratch,gaussian,"{""max_um"": 1.0, ""mean_um"": 0.3555358703256302, ""min_um"": 0.01, ""per_sample"": true, ""std_um"": 0.036927504391692505}",,,200,"{""angle_center_deg"": 0.0, ""angle_center_rad"": 1.5350750926108094, ""arc_radius_ratio"": 0.8205440676109642, ""n_particles"": 200, ""name"": ""wafer_particles.pattern.C08_CurvedScratch"", ""params"": {""arc_radius_norm"": 0.40093027543651993, ""span_rad"": 0.47150276437220867, ""width_norm"": 0.054576305318897594}, ""schema_version"": ""wafer_particles.pattern_config.v1"", ""span_deg"": 90.81219340967664, ""wafer_radius_mm"": 150.0, ""width_ratio"": 0.03055143432116604}",240
sample_000241,C05_Sector_Internal,weibull,"{""k"": 2.3313263769322585, ""lambda_um"": 0.3688033305627102, ""max_um"": 1.0, ""min_um"": 0.01, ""per_sample"": true}",,,38,"{""angle_center_rad"": 0.0763478801169854, ""angle_width_deg"": 95.42695123386116, ""edge_margin_norm"": 0.05, ""n_particles"": 38, ""name"": ""wafer_particles.pattern.C05_Sector_Internal"", ""r_inner_ratio"": 0.26688349047421345, ""r_outer_ratio"": 0.7647560457675495, ""radial_beta_alpha"": 3.0918201930419427, ""radial_beta_beta"": 2.3379600588338647, ""schema_version"": ""wafer_particles.pattern_config.v1"", ""theta_vonmises_kappa"": 5.52664618843304, ""wafer_radius_mm"": 150.0}",241
sample_000242,C04_Sector_Edge,gaussian,"{""max_um"": 1.0, ""mean_um"": 0.7550107808535492, ""min_um"": 0.01, ""per_sample"": true, ""std_um"": 0.021190852845403434}",,,166,"{""angle_center_rad"": 0.32362844919974915, ""angle_width_deg"": 30.079164307225263, ""edge_width_ratio"": 0.22373442533103471, ""n_particles"": 166, ""name"": ""wafer_particles.pattern.C04_Sector_Edge"", ""radial_beta_alpha"": 1.9271543265081685, ""radial_beta_beta"": 1.6145312884794838, ""schema_version"": ""wafer_particles.pattern_config.v1"", ""side"": ""right"", ""theta_vonmises_kappa"": 2.346547922932826, ""wafer_radius_mm"": 150.0}",242
sample_000243,C08_CurvedScratch,pareto,"{""alpha"": 3.8963162183267532, ""max_um"": 1.0, ""min_um"": 0.01, ""per_sample"": true, ""xm_um"": 0.24744766576300387}",,,32,"{""angle_center_deg"": 0.0, ""angle_center_rad"": 4.187548927392429, ""arc_radius_ratio"": 0.48669732390242265, ""n_particles"": 32, ""name"": ""wafer_particles.pattern.C08_CurvedScratch"", ""params"": {""arc_radius_norm"": 0.7733616757045791, ""span_rad"": 0.694654342802183, ""width_norm"": 0.04602907362308496}, ""schema_version"": ""wafer_particles.pattern_config.v1"", ""span_deg"": 93.89994071170446, ""wafer_radius_mm"": 150.0, ""width_ratio"": 0.04824975050853675}",243
sample_000244,C03_Ring,gaussian,"{""max_um"": 1.0, ""mean_um"": 0.33666848064454347, ""min_um"": 0.01, ""per_sample"": true, ""std_um"": 0.08162106199530417}",,,163,"{""n_particles"": 163, ""name"": ""wafer_particles.pattern.C03_Ring"", ""radius_ratio"": 0.48001167819898843, ""schema_version"": ""wafer_particles.pattern_config.v1"", ""wafer_radius_mm"": 150.0, ""width_ratio"": 0.13827275280331744}",244
sample_000245,C01_Uniform,gaussian,"{""max_um"": 1.0, ""mean_um"": 0.11197769927770317, ""min_um"": 0.01, ""per_sample"": true, ""std_um"": 0.060432060450028816}",,,103,"{""n_particles"": 103, ""name"": ""wafer_particles.pattern.C01_Uniform"", ""schema_version"": ""wafer_particles.pattern_config.v1"", ""wafer_radius_mm"": 150.0}",245
sample_000246,C07_StraightLine,gaussian,"{""max_um"": 1.0, ""mean_um"": 0.356704858974155, ""min_um"": 0.01, ""per_sample"": true, ""std_um"": 0.06866936578419662}",,,39,"{""angle_deg"": 18.71570225048415, ""n_particles"": 39, ""name"": ""wafer_particles.pattern.C07_StraightLine"", ""offset_ratio"": -0.16958252332956233, ""params"": {""segment_half_length_norm"": 0.04445527357168792, ""width_norm"": 0.0479294846756035}, ""schema_version"": ""wafer_particles.pattern_config.v1"", ""segment_half_length_ratio"": 0.6232517880203522, ""wafer_radius_mm"": 150.0, ""width_ratio"": 0.045291611097267155}",246
sample_000247,C03_Ring,weibull,"{""k"": 1.16659291890558, ""lambda_um"": 0.12672257773687362, ""max_um"": 1.0, ""min_um"": 0.01, ""per_sample"": true}",,,193,"{""n_particles"": 193, ""name"": ""wafer_particles.pattern.C03_Ring"", ""radius_ratio"": 0.8535574404255232, ""schema_version"": ""wafer_particles.pattern_config.v1"", ""wafer_radius_mm"": 150.0, ""width_ratio"": 0.0789569058711914}",247
sample_000248,C07_StraightLine,gaussian,"{""max_um"": 1.0, ""mean_um"": 0.7480414178457521, ""min_um"": 0.01, ""per_sample"": true, ""std_um"": 0.04323342217497024}",,,50,"{""angle_deg"": 33.30471973224952, ""n_particles"": 50, ""name"": ""wafer_particles.pattern.C07_StraightLine"", ""offset_ratio"": 0.16586386442484657, ""params"": {""segment_half_length_norm"": 0.1419683416541131, ""width_norm"": 0.04518624054976947}, ""schema_version"": ""wafer_particles.pattern_config.v1"", ""segment_half_length_ratio"": 0.6073075551900118, ""wafer_radius_mm"": 150.0, ""width_ratio"": 0.009217958352242223}",248
sample_000249,edge_sector_right,gaussian,"{""max_um"": 1.0, ""mean_um"": 0.410825654626848, ""min_um"": 0.01, ""per_sample"": true, ""std_um"": 0.06819783790051782}",sector,edge_sector,19,"{""angle_width_deg"": 40.0, ""edge_width_ratio"": 0.1, ""n_particles"": 19, ""name"": ""wafer_particles.pattern.edge_sector"", ""schema_version"": ""wafer_particles.pattern_config.v1"", ""side"": ""right"", ""wafer_radius_mm"": 150.0}",249
sample_000250,C02_EdgeBiased,weibull,"{""k"": 0.8562194632697957, ""lambda_um"": 0.027731637285080327, ""max_um"": 1.0, ""min_um"": 0.01, ""per_sample"": true}",,,46,"{""edge_bias"": 3.1640603483141803, ""n_particles"": 46, ""name"": ""wafer_particles.pattern.C02_EdgeBiased"", ""schema_version"": ""wafer_particles.pattern_config.v1"", ""wafer_radius_mm"": 150.0}",250
sample_000251,C01_Uniform,lognormal,"{""max_um"": 1.0, ""min_um"": 0.01, ""mu_log"": -1.9314699830039983, ""per_sample"": true, ""sigma_log"": 0.45740003229358234}",,,72,"{""n_particles"": 72, ""name"": ""wafer_particles.pattern.C01_Uniform"", ""schema_version"": ""wafer_particles.pattern_config.v1"", ""wafer_radius_mm"": 150.0}",251
sample_000252,C01_Uniform,gaussian,"{""max_um"": 1.0, ""mean_um"": 0.14348169647307008, ""min_um"": 0.01, ""per_sample"": true, ""std_um"": 0.0723331559653836}",,,191,"{""n_particles"": 191, ""name"": ""wafer_particles.pattern.C01_Uniform"", ""schema_version"": ""wafer_particles.pattern_config.v1"", ""wafer_radius_mm"": 150.0}",252
sample_000253,C09_Spiral,gaussian,"{""max_um"": 1.0, ""mean_um"": 0.17260467538058602, ""min_um"": 0.01, ""per_sample"": true, ""std_um"": 0.05629497308309328}",,,14,"{""end_r_ratio"": 0.9324322987647089, ""n_particles"": 14, ""name"": ""wafer_particles.pattern.C09_Spiral"", ""params"": {""theta_max"": 16.59238804540107, ""width_norm"": 0.028482640329616307}, ""schema_version"": ""wafer_particles.pattern_config.v1"", ""start_r_ratio"": 0.287308904695479, ""theta_max"": 7.813278683975117, ""wafer_radius_mm"": 150.0, ""width_ratio"": 0.013993691183907218}",253
sample_000254,C04_Sector_Edge,gaussian,"{""max_um"": 1.0, ""mean_um"": 0.16241886019798193, ""min_um"": 0.01, ""per_sample"": true, ""std_um"": 0.07522929593338978}",,,180,"{""angle_center_rad"": 4.739226022950296, ""angle_width_deg"": 45.183382013972846, ""edge_width_ratio"": 0.06351426844935333, ""n_particles"": 180, ""name"": ""wafer_particles.pattern.C04_Sector_Edge"", ""radial_beta_alpha"": 2.4671904151870905, ""radial_beta_beta"": 2.5584803836120855, ""schema_version"": ""wafer_particles.pattern_config.v1"", ""side"": ""right"", ""theta_vonmises_kappa"": 1.9267597066457036, ""wafer_radius_mm"": 150.0}",254
sample_000255,scratch_vertical,gaussian,"{""max_um"": 1.0, ""mean_um"": 0.40559905455431017, ""min_um"": 0.01, ""per_sample"": true, ""std_um"": 0.03301705388459441}",line,scratch,61,"{""angle_category"": ""vertical"", ""length_ratio"": 1.0, ""n_particles"": 61, ""name"": ""wafer_particles.pattern.scratch"", ""offset_ratio"": 0.0, ""schema_version"": ""wafer_particles.pattern_config.v1"", ""wafer_radius_mm"": 150.0, ""width_ratio"": 0.01}",255
sample_000256,C09_Spiral,gaussian,"{""max_um"": 1.0, ""mean_um"": 0.42790246328004233, ""min_um"": 0.01, ""per_sample"": true, ""std_um"": 0.07895527230276041}",,,64,"{""end_r_ratio"": 0.9694598059985514, ""n_particles"": 64, ""name"": ""wafer_particles.pattern.C09_Spiral"", ""params"": {""theta_max"": 16.712684436955872, ""width_norm"": 0.007621888057920601}, ""schema_version"": ""wafer_particles.pattern_config.v1"", ""start_r_ratio"": 0.09948845356038756, ""theta_max"": 6.643101154329566, ""wafer_radius_mm"": 150.0, ""width_ratio"": 0.04834800662611451}",256
sample_000257,C01_Uniform,gaussian,"{""max_um"": 1.0, ""mean_um"": 0.5680811813847072, ""min_um"": 0.01, ""per_sample"": true, ""std_um"": 0.06079579611387091}",,,128,"{""n_particles"": 128, ""name"": ""wafer_particles.pattern.C01_Uniform"", ""schema_version"": ""wafer_particles.pattern_config.v1"", ""wafer_radius_mm"": 150.0}",257
sample_000258,C01_Uniform,gaussian,"{""max_um"": 1.0, ""mean_um"": 0.6079588973370391, ""min_um"": 0.01, ""per_sample"": true, ""std_um"": 0.0865361314785567}",,,189,"{""n_particles"": 189, ""name"": ""wafer_particles.pattern.C01_Uniform"", ""schema_version"": ""wafer_particles.pattern_config.v1"", ""wafer_radius_mm"": 150.0}",258
sample_000259,C07_StraightLine,gaussian,"{""max_um"": 1.0, ""mean_um"": 0.7402502019143548, ""min_um"": 0.01, ""per_sample"": true, ""std_um"": 0.03607968107511261}",,,28,"{""angle_deg"": 178.01431356359896, ""n_particles"": 28, ""name"": ""wafer_particles.pattern.C07_StraightLine"", ""offset_ratio"": 0.10316843757085825, ""params"": {""segment_half_length_norm"": 0.11397525530591317, ""width_norm"": 0.05198786490427448}, ""schema_version"": ""wafer_particles.pattern_config.v1"", ""segment_half_length_ratio"": 0.7454744698872596, ""wafer_radius_mm"": 150.0, ""width_ratio"": 0.03037000178456839}",259
sample_000260,hotspot_center,pareto,"{""alpha"": 2.439396412119124, ""max_um"": 1.0, ""min_um"": 0.01, ""per_sample"": true, ""xm_um"": 0.08682517357155735}",hotspot,hotspot,167,"{""center_angle"": ""random"", ""center_radius_ratio"": 0.9, ""mode"": ""center"", ""n_particles"": 167, ""name"": ""wafer_particles.pattern.hotspot"", ""schema_version"": ""wafer_particles.pattern_config.v1"", ""sigma_ratio"": 0.05, ""wafer_radius_mm"": 150.0}",260
sample_000261,C11_Hotspot_Elliptic,weibull,"{""k"": 0.9796336578674618, ""lambda_um"": 0.033612255452176554, ""max_um"": 1.0, ""min_um"": 0.01, ""per_sample"": true}",,,53,"{""center_angle"": ""random"", ""center_angle_rad"": 0.43542919405709984, ""center_radius_ratio"": 0.42212706626104024, ""mode"": ""random"", ""n_particles"": 53, ""name"": ""wafer_particles.pattern.C11_Hotspot_Elliptic"", ""rotation_deg"": 30.0, ""rotation_rad"": 4.819196676694007, ""schema_version"": ""wafer_particles.pattern_config.v1"", ""sigma_x_ratio"": 0.11921548525979825, ""sigma_y_ratio"": 0.036300292245373934, ""wafer_radius_mm"": 150.0}",261
sample_000262,C09_Spiral,weibull,"{""k"": 1.0047712761840515, ""lambda_um"": 0.3498883462367612, ""max_um"": 1.0, ""min_um"": 0.01, ""per_sample"": true}",,,113,"{""end_r_ratio"": 0.8462268130950833, ""n_particles"": 113, ""name"": ""wafer_particles.pattern.C09_Spiral"", ""params"": {""theta_max"": 29.73229429811707, ""width_norm"": 0.018763691715808984}, ""schema_version"": ""wafer_particles.pattern_config.v1"", ""start_r_ratio"": 0.09125048296681434, ""theta_max"": 16.16082816390474, ""wafer_radius_mm"": 150.0, ""width_ratio"": 0.01852703761794962}",262
sample_000263,C11_Hotspot_Elliptic,weibull,"{""k"": 2.701083417088709, ""lambda_um"": 0.32010335809513385, ""max_um"": 1.0, ""min_um"": 0.01, ""per_sample"": true}",,,25,"{""center_angle"": ""random"", ""center_angle_rad"": 1.2404457676496154, ""center_radius_ratio"": 0.39726208026208304, ""mode"": ""random"", ""n_particles"": 25, ""name"": ""wafer_particles.pattern.C11_Hotspot_Elliptic"", ""rotation_deg"": 30.0, ""rotation_rad"": 3.9510650505832405, ""schema_version"": ""wafer_particles.pattern_config.v1"", ""sigma_x_ratio"": 0.106373482443322, ""sigma_y_ratio"": 0.07691132971740469, ""wafer_radius_mm"": 150.0}",263
sample_000264,C11_Hotspot_Elliptic,weibull,"{""k"": 2.5869643121426638, ""lambda_um"": 0.1603605026557473, ""max_um"": 1.0, ""min_um"": 0.01, ""per_sample"": true}",,,83,"{""center_angle"": ""random"", ""center_angle_rad"": 0.72488588161952, ""center_radius_ratio"": 0.45911767536009823, ""mode"": ""random"", ""n_particles"": 83, ""name"": ""wafer_particles.pattern.C11_Hotspot_Elliptic"", ""rotation_deg"": 30.0, ""rotation_rad"": 2.779625770630356, ""schema_version"": ""wafer_particles.pattern_config.v1"", ""sigma_x_ratio"": 0.10030744920754095, ""sigma_y_ratio"": 0.03481378952352957, ""wafer_radius_mm"": 150.0}",264
sample_000265,C02_EdgeBiased,lognormal,"{""max_um"": 1.0, ""min_um"": 0.01, ""mu_log"": -1.8911259847199875, ""per_sample"": true, ""sigma_log"": 0.20751490665801847}",,,35,"{""edge_bias"": 1.920881350497643, ""n_particles"": 35, ""name"": ""wafer_particles.pattern.C02_EdgeBiased"", ""schema_version"": ""wafer_particles.pattern_config.v1"", ""wafer_radius_mm"": 150.0}",265
sample_000266,C11_Hotspot_Elliptic,gaussian,"{""max_um"": 1.0, ""mean_um"": 0.4651938380488283, ""min_um"": 0.01, ""per_sample"": true, ""std_um"": 0.047756417500925435}",,,78,"{""center_angle"": ""random"", ""center_angle_rad"": 2.183550078460323, ""center_radius_ratio"": 0.05808685130387753, ""mode"": ""random"", ""n_particles"": 78, ""name"": ""wafer_particles.pattern.C11_Hotspot_Elliptic"", ""rotation_deg"": 30.0, ""rotation_rad"": 3.9030973181299893, ""schema_version"": ""wafer_particles.pattern_config.v1"", ""sigma_x_ratio"": 0.10552149670667262, ""sigma_y_ratio"": 0.07489280795429752, ""wafer_radius_mm"": 150.0}",266
sample_000267,C11_Hotspot_Elliptic,lognormal,"{""max_um"": 1.0, ""min_um"": 0.01, ""mu_log"": -2.4777959339582525, ""per_sample"": true, ""sigma_log"": 0.8648225061949084}",,,182,"{""center_angle"": ""random"", ""center_angle_rad"": 5.365065632265343, ""center_radius_ratio"": 0.7479818017825589, ""mode"": ""random"", ""n_particles"": 182, ""name"": ""wafer_particles.pattern.C11_Hotspot_Elliptic"", ""rotation_deg"": 30.0, ""rotation_rad"": 2.67673997915864, ""schema_version"": ""wafer_particles.pattern_config.v1"", ""sigma_x_ratio"": 0.05818051645872227, ""sigma_y_ratio"": 0.01217203216312966, ""wafer_radius_mm"": 150.0}",267
sample_000268,C08_CurvedScratch,lognormal,"{""max_um"": 1.0, ""min_um"": 0.01, ""mu_log"": -2.0755102655533006, ""per_sample"": true, ""sigma_log"": 0.8411137273391289}",,,10,"{""angle_center_deg"": 0.0, ""angle_center_rad"": 6.240389989709501, ""arc_radius_ratio"": 0.7575432368546353, ""n_particles"": 10, ""name"": ""wafer_particles.pattern.C08_CurvedScratch"", ""params"": {""arc_radius_norm"": 0.5297585441213624, ""span_rad"": 0.7610555097695295, ""width_norm"": 0.035610777734786804}, ""schema_version"": ""wafer_particles.pattern_config.v1"", ""span_deg"": 119.59435205035501, ""wafer_radius_mm"": 150.0, ""width_ratio"": 0.029307844013559604}",268
sample_000269,C04_Sector_Edge,lognormal,"{""max_um"": 1.0, ""min_um"": 0.01, ""mu_log"": -0.897319637341742, ""per_sample"": true, ""sigma_log"": 0.26807915678002525}",,,22,"{""angle_center_rad"": 2.2187053608252687, ""angle_width_deg"": 24.766330315290162, ""edge_width_ratio"": 0.10664555818479186, ""n_particles"": 22, ""name"": ""wafer_particles.pattern.C04_Sector_Edge"", ""radial_beta_alpha"": 1.479296790382679, ""radial_beta_beta"": 2.0651766529215623, ""schema_version"": ""wafer_particles.pattern_config.v1"", ""side"": ""right"", ""theta_vonmises_kappa"": 5.426601501008759, ""wafer_radius_mm"": 150.0}",269
sample_000270,C06_RadialLines,weibull,"{""k"": 2.369215211566552, ""lambda_um"": 0.4445711107378279, ""max_um"": 1.0, ""min_um"": 0.01, ""per_sample"": true}",,,175,"{""angular_jitter_deg"": 3.0480883900373508, ""n_lines"": 4, ""n_particles"": 175, ""name"": ""wafer_particles.pattern.C06_RadialLines"", ""params"": {""n_lines"": 8.0, ""r_max_norm"": 0.8156167157333174, ""r_min_norm"": 0.053089121127739246, ""sigma_perp_norm"": 0.04282893845706115}, ""r_max_ratio"": 0.6817408506640686, ""r_min_ratio"": 0.25503172216143016, ""schema_version"": ""wafer_particles.pattern_config.v1"", ""sigma_perp_ratio"": 0.0168084479298802, ""wafer_radius_mm"": 150.0}",270
sample_000271,C01_Uniform,lognormal,"{""max_um"": 1.0, ""min_um"": 0.01, ""mu_log"": -3.334101369195766, ""per_sample"": true, ""sigma_log"": 0.27725494321532607}",,,171,"{""n_particles"": 171, ""name"": ""wafer_particles.pattern.C01_Uniform"", ""schema_version"": ""wafer_particles.pattern_config.v1"", ""wafer_radius_mm"": 150.0}",271
sample_000272,C11_Hotspot_Elliptic,pareto,"{""alpha"": 3.429675501005121, ""max_um"": 1.0, ""min_um"": 0.01, ""per_sample"": true, ""xm_um"": 0.07830361749938251}",,,42,"{""center_angle"": ""random"", ""center_angle_rad"": 1.2382301775209064, ""center_radius_ratio"": 0.6214485249653546, ""mode"": ""random"", ""n_particles"": 42, ""name"": ""wafer_particles.pattern.C11_Hotspot_Elliptic"", ""rotation_deg"": 30.0, ""rotation_rad"": 1.0100994872206155, ""schema_version"": ""wafer_particles.pattern_config.v1"", ""sigma_x_ratio"": 0.09448046560760005, ""sigma_y_ratio"": 0.039834388450535475, ""wafer_radius_mm"": 150.0}",272
sample_000273,C08_CurvedScratch,weibull,"{""k"": 1.1441239074660645, ""lambda_um"": 0.44517408100633105, ""max_um"": 1.0, ""min_um"": 0.01, ""per_sample"": true}",,,21,"{""angle_center_deg"": 0.0, ""angle_center_rad"": 5.266504314381065, ""arc_radius_ratio"": 0.6450036155467689, ""n_particles"": 21, ""name"": ""wafer_particles.pattern.C08_CurvedScratch"", ""params"": {""arc_radius_norm"": 0.8710989968119176, ""span_rad"": 0.27756054829143045, ""width_norm"": 0.03848092025099877}, ""schema_version"": ""wafer_particles.pattern_config.v1"", ""span_deg"": 53.060941365175246, ""wafer_radius_mm"": 150.0, ""width_ratio"": 0.04336639339496218}",273
sample_000274,C02_EdgeBiased,weibull,"{""k"": 2.307722802066735, ""lambda_um"": 0.11311279090366978, ""max_um"": 1.0, ""min_um"": 0.01, ""per_sample"": true}",,,159,"{""edge_bias"": 3.5935220879486067, ""n_particles"": 159, ""name"": ""wafer_particles.pattern.C02_EdgeBiased"", ""schema_version"": ""wafer_particles.pattern_config.v1"", ""wafer_radius_mm"": 150.0}",274
sample_000275,C02_EdgeBiased,gaussian,"{""max_um"": 1.0, ""mean_um"": 0.07377036454212706, ""min_um"": 0.01, ""per_sample"": true, ""std_um"": 0.07849655548665901}",,,200,"{""edge_bias"": 1.8463326770463522, ""n_particles"": 200, ""name"": ""wafer_particles.pattern.C02_EdgeBiased"", ""schema_version"": ""wafer_particles.pattern_config.v1"", ""wafer_radius_mm"": 150.0}",275
sample_000276,C05_Sector_Internal,gaussian,"{""max_um"": 1.0, ""mean_um"": 0.3493969216335425, ""min_um"": 0.01, ""per_sample"": true, ""std_um"": 0.07999791378865156}",,,128,"{""angle_center_rad"": 0.6922155251113706, ""angle_width_deg"": 57.605937919285026, ""edge_margin_norm"": 0.05, ""n_particles"": 128, ""name"": ""wafer_particles.pattern.C05_Sector_Internal"", ""r_inner_ratio"": 0.21699207685646854, ""r_outer_ratio"": 0.582056528615674, ""radial_beta_alpha"": 1.2775296341758602, ""radial_beta_beta"": 1.8812905856603832, ""schema_version"": ""wafer_particles.pattern_config.v1"", ""theta_vonmises_kappa"": 6.874825689840227, ""wafer_radius_mm"": 150.0}",276
sample_000277,C09_Spiral,lognormal,"{""max_um"": 1.0, ""min_um"": 0.01, ""mu_log"": -1.5117823602006593, ""per_sample"": true, ""sigma_log"": 0.6011923300043857}",,,132,"{""end_r_ratio"": 0.7020691424906645, ""n_particles"": 132, ""name"": ""wafer_particles.pattern.C09_Spiral"", ""params"": {""theta_max"": 24.03542855314841, ""width_norm"": 0.04197740611276658}, ""schema_version"": ""wafer_particles.pattern_config.v1"", ""start_r_ratio"": 0.12515203916454928, ""theta_max"": 8.590717903972436, ""wafer_radius_mm"": 150.0, ""width_ratio"": 0.005309514402810389}",277
sample_000278,C03_Ring,lognormal,"{""max_um"": 1.0, ""min_um"": 0.01, ""mu_log"": -0.6118088262987809, ""per_sample"": true, ""sigma_log"": 0.21621429626368754}",,,182,"{""n_particles"": 182, ""name"": ""wafer_particles.pattern.C03_Ring"", ""radius_ratio"": 0.7034873042632533, ""schema_version"": ""wafer_particles.pattern_config.v1"", ""wafer_radius_mm"": 150.0, ""width_ratio"": 0.16545057067703084}",278
sample_000279,C06_RadialLines,weibull,"{""k"": 2.4776994811934205, ""lambda_um"": 0.4413238879972308, ""max_um"": 1.0, ""min_um"": 0.01, ""per_sample"": true}",,,69,"{""angular_jitter_deg"": 0.9323547963816098, ""n_lines"": 4, ""n_particles"": 69, ""name"": ""wafer_particles.pattern.C06_RadialLines"", ""params"": {""n_lines"": 6.0, ""r_max_norm"": 0.7306946556720482, ""r_min_norm"": 0.2941774027174449, ""sigma_perp_norm"": 0.036640793356764075}, ""r_max_ratio"": 0.7237626279624266, ""r_min_ratio"": 0.27435592440793927, ""schema_version"": ""wafer_particles.pattern_config.v1"", ""sigma_perp_ratio"": 0.017570244954865064, ""wafer_radius_mm"": 150.0}",279
sample_000280,C04_Sector_Edge,weibull,"{""k"": 0.7457455066394015, ""lambda_um"": 0.30813869034254765, ""max_um"": 1.0, ""min_um"": 0.01, ""per_sample"": true}",,,122,"{""angle_center_rad"": 0.44058694205422666, ""angle_width_deg"": 46.297960482248115, ""edge_width_ratio"": 0.16886104166141713, ""n_particles"": 122, ""name"": ""wafer_particles.pattern.C04_Sector_Edge"", ""radial_beta_alpha"": 2.0708054631238486, ""radial_beta_beta"": 1.1518111508120779, ""schema_version"": ""wafer_particles.pattern_config.v1"", ""side"": ""right"", ""theta_vonmises_kappa"": 7.685809891251472, ""wafer_radius_mm"": 150.0}",280
sample_000281,C11_Hotspot_Elliptic,weibull,"{""k"": 2.3687266138746903, ""lambda_um"": 0.37338176772171533, ""max_um"": 1.0, ""min_um"": 0.01, ""per_sample"": true}",,,105,"{""center_angle"": ""random"", ""center_angle_rad"": 5.165780113788877, ""center_radius_ratio"": 0.883608341723376, ""mode"": ""random"", ""n_particles"": 105, ""name"": ""wafer_particles.pattern.C11_Hotspot_Elliptic"", ""rotation_deg"": 30.0, ""rotation_rad"": 1.6267941958104013, ""schema_version"": ""wafer_particles.pattern_config.v1"", ""sigma_x_ratio"": 0.07519603582409334, ""sigma_y_ratio"": 0.0320215946891036, ""wafer_radius_mm"": 150.0}",281
sample_000282,ring_narrow,gaussian,"{""max_um"": 1.0, ""mean_um"": 0.4295371540839927, ""min_um"": 0.01, ""per_sample"": true, ""std_um"": 0.06238688036133615}",ring,ring,111,"{""n_particles"": 111, ""name"": ""wafer_particles.pattern.ring_narrow"", ""radius_ratio"": 0.7, ""schema_version"": ""wafer_particles.pattern_config.v1"", ""wafer_radius_mm"": 150.0, ""width_ratio"": 0.03}",282
sample_000283,C07_StraightLine,pareto,"{""alpha"": 3.6648112190881936, ""max_um"": 1.0, ""min_um"": 0.01, ""per_sample"": true, ""xm_um"": 0.2828693211667748}",,,190,"{""angle_deg"": 142.43516383935474, ""n_particles"": 190, ""name"": ""wafer_particles.pattern.C07_StraightLine"", ""offset_ratio"": 0.14112888672133184, ""params"": {""segment_half_length_norm"": 0.2556219396288268, ""width_norm"": 0.053454183933200596}, ""schema_version"": ""wafer_particles.pattern_config.v1"", ""segment_half_length_ratio"": 0.5007993901517264, ""wafer_radius_mm"": 150.0, ""width_ratio"": 0.024623319640733457}",283
sample_000284,C07_StraightLine,weibull,"{""k"": 1.6471715062554413, ""lambda_um"": 0.07226881639207045, ""max_um"": 1.0, ""min_um"": 0.01, ""per_sample"": true}",,,37,"{""angle_deg"": 131.68314453213856, ""n_particles"": 37, ""name"": ""wafer_particles.pattern.C07_StraightLine"", ""offset_ratio"": -0.11852148533629209, ""params"": {""segment_half_length_norm"": 0.03988530944996691, ""width_norm"": 0.05828443263016639}, ""schema_version"": ""wafer_particles.pattern_config.v1"", ""segment_half_length_ratio"": 0.5551777593081828, ""wafer_radius_mm"": 150.0, ""width_ratio"": 0.005487959527998235}",284
sample_000285,C03_Ring,gaussian,"{""max_um"": 1.0, ""mean_um"": 0.31609325557316176, ""min_um"": 0.01, ""per_sample"": true, ""std_um"": 0.05901116991293835}",,,71,"{""n_particles"": 71, ""name"": ""wafer_particles.pattern.C03_Ring"", ""radius_ratio"": 0.7990508007415017, ""schema_version"": ""wafer_particles.pattern_config.v1"", ""wafer_radius_mm"": 150.0, ""width_ratio"": 0.18470575750533086}",285
sample_000286,C09_Spiral,lognormal,"{""max_um"": 1.0, ""min_um"": 0.01, ""mu_log"": -0.3020003893879286, ""per_sample"": true, ""sigma_log"": 0.5071756480231479}",,,79,"{""end_r_ratio"": 0.7685604369781613, ""n_particles"": 79, ""name"": ""wafer_particles.pattern.C09_Spiral"", ""params"": {""theta_max"": 19.63507296917629, ""width_norm"": 0.011386811423028918}, ""schema_version"": ""wafer_particles.pattern_config.v1"", ""start_r_ratio"": 0.1465940467235714, ""theta_max"": 11.96491184097566, ""wafer_radius_mm"": 150.0, ""width_ratio"": 0.027978132980516802}",286
sample_000287,C06_RadialLines,weibull,"{""k"": 2.0969908186411885, ""lambda_um"": 0.48008913397168557, ""max_um"": 1.0, ""min_um"": 0.01, ""per_sample"": true}",,,86,"{""angular_jitter_deg"": 4.109824372219256, ""n_lines"": 8, ""n_particles"": 86, ""name"": ""wafer_particles.pattern.C06_RadialLines"", ""params"": {""n_lines"": 4.0, ""r_max_norm"": 0.9795993833704968, ""r_min_norm"": 0.042139969094572106, ""sigma_perp_norm"": 0.05248651747302492}, ""r_max_ratio"": 0.7440375922125885, ""r_min_ratio"": 0.020409503626787784, ""schema_version"": ""wafer_particles.pattern_config.v1"", ""sigma_perp_ratio"": 0.013390256234840105, ""wafer_radius_mm"": 150.0}",287
sample_000288,C11_Hotspot_Elliptic,pareto,"{""alpha"": 3.1935465163991354, ""max_um"": 1.0, ""min_um"": 0.01, ""per_sample"": true, ""xm_um"": 0.20057773365232967}",,,66,"{""center_angle"": ""random"", ""center_angle_rad"": 1.6024155454796702, ""center_radius_ratio"": 0.7014748747632479, ""mode"": ""random"", ""n_particles"": 66, ""name"": ""wafer_particles.pattern.C11_Hotspot_Elliptic"", ""rotation_deg"": 30.0, ""rotation_rad"": 1.7290568692989787, ""schema_version"": ""wafer_particles.pattern_config.v1"", ""sigma_x_ratio"": 0.09245839207832335, ""sigma_y_ratio"": 0.07997236116670975, ""wafer_radius_mm"": 150.0}",288
sample_000289,C09_Spiral,lognormal,"{""max_um"": 1.0, ""min_um"": 0.01, ""mu_log"": -2.0069130218162545, ""per_sample"": true, ""sigma_log"": 0.7892447818366282}",,,43,"{""end_r_ratio"": 0.9327270889234516, ""n_particles"": 43, ""name"": ""wafer_particles.pattern.C09_Spiral"", ""params"": {""theta_max"": 12.90309190018889, ""width_norm"": 0.01941322370108971}, ""schema_version"": ""wafer_particles.pattern_config.v1"", ""start_r_ratio"": 0.12941596592433324, ""theta_max"": 12.66881550229201, ""wafer_radius_mm"": 150.0, ""width_ratio"": 0.037036970144762545}",289
sample_000290,C08_CurvedScratch,lognormal,"{""max_um"": 1.0, ""min_um"": 0.01, ""mu_log"": -2.289574765260416, ""per_sample"": true, ""sigma_log"": 0.8139087416604565}",,,180,"{""angle_center_deg"": 0.0, ""angle_center_rad"": 1.7663403978420098, ""arc_radius_ratio"": 0.4208848427518128, ""n_particles"": 180, ""name"": ""wafer_particles.pattern.C08_CurvedScratch"", ""params"": {""arc_radius_norm"": 0.562102379146525, ""span_rad"": 0.6383953637486248, ""width_norm"": 0.04362022136539086}, ""schema_version"": ""wafer_particles.pattern_config.v1"", ""span_deg"": 136.87534717404623, ""wafer_radius_mm"": 150.0, ""width_ratio"": 0.021885682379115902}",290
sample_000291,C06_RadialLines,lognormal,"{""max_um"": 1.0, ""min_um"": 0.01, ""mu_log"": -0.4765998956113471, ""per_sample"": true, ""sigma_log"": 0.49395616919039925}",,,190,"{""angular_jitter_deg"": 2.3964356250509655, ""n_lines"": 4, ""n_particles"": 190, ""name"": ""wafer_particles.pattern.C06_RadialLines"", ""params"": {""n_lines"": 5.0, ""r_max_norm"": 0.823501148872867, ""r_min_norm"": 0.2846000418864992, ""sigma_perp_norm"": 0.05272498440294016}, ""r_max_ratio"": 0.6662667340117114, ""r_min_ratio"": 0.24437857543777, ""schema_version"": ""wafer_particles.pattern_config.v1"", ""sigma_perp_ratio"": 0.017088883235001674, ""wafer_radius_mm"": 150.0}",291
sample_000292,C11_Hotspot_Elliptic,gaussian,"{""max_um"": 1.0, ""mean_um"": 0.6078159487952012, ""min_um"": 0.01, ""per_sample"": true, ""std_um"": 0.03366842540197744}",,,173,"{""center_angle"": ""random"", ""center_angle_rad"": 5.868288093260939, ""center_radius_ratio"": 0.814561062352085, ""mode"": ""random"", ""n_particles"": 173, ""name"": ""wafer_particles.pattern.C11_Hotspot_Elliptic"", ""rotation_deg"": 30.0, ""rotation_rad"": 3.4724338505885353, ""schema_version"": ""wafer_particles.pattern_config.v1"", ""sigma_x_ratio"": 0.06875045031041091, ""sigma_y_ratio"": 0.026114011638005356, ""wafer_radius_mm"": 150.0}",292
sample_000293,C07_StraightLine,lognormal,"{""max_um"": 1.0, ""min_um"": 0.01, ""mu_log"": -1.5814938056272871, ""per_sample"": true, ""sigma_log"": 0.6377657217899498}",,,142,"{""angle_deg"": 57.92419678609905, ""n_particles"": 142, ""name"": ""wafer_particles.pattern.C07_StraightLine"", ""offset_ratio"": 0.17589390336795757, ""params"": {""segment_half_length_norm"": 0.07038243811602707, ""width_norm"": 0.042142145009707296}, ""schema_version"": ""wafer_particles.pattern_config.v1"", ""segment_half_length_ratio"": 0.8186902924315711, ""wafer_radius_mm"": 150.0, ""width_ratio"": 0.04191713364762848}",293
sample_000294,C05_Sector_Internal,lognormal,"{""max_um"": 1.0, ""min_um"": 0.01, ""mu_log"": -0.9261749356468552, ""per_sample"": true, ""sigma_log"": 0.26187238009636704}",,,136,"{""angle_center_rad"": 2.67506550400298, ""angle_width_deg"": 44.71150727595341, ""edge_margin_norm"": 0.05, ""n_particles"": 136, ""name"": ""wafer_particles.pattern.C05_Sector_Internal"", ""r_inner_ratio"": 0.34312650642400055, ""r_outer_ratio"": 0.7387103026861032, ""radial_beta_alpha"": 3.519607536612871, ""radial_beta_beta"": 1.586078777517294, ""schema_version"": ""wafer_particles.pattern_config.v1"", ""theta_vonmises_kappa"": 0.6640684392556448, ""wafer_radius_mm"": 150.0}",294
sample_000295,C01_Uniform,weibull,"{""k"": 1.806319002043886, ""lambda_um"": 0.0995856532265585, ""max_um"": 1.0, ""min_um"": 0.01, ""per_sample"": true}",,,37,"{""n_particles"": 37, ""name"": ""wafer_particles.pattern.C01_Uniform"", ""schema_version"": ""wafer_particles.pattern_config.v1"", ""wafer_radius_mm"": 150.0}",295
sample_000296,C05_Sector_Internal,pareto,"{""alpha"": 3.646166548745732, ""max_um"": 1.0, ""min_um"": 0.01, ""per_sample"": true, ""xm_um"": 0.10380395315139236}",,,81,"{""angle_center_rad"": 1.1994018611438382, ""angle_width_deg"": 87.04734619937946, ""edge_margin_norm"": 0.05, ""n_particles"": 81, ""name"": ""wafer_particles.pattern.C05_Sector_Internal"", ""r_inner_ratio"": 0.16611455806467929, ""r_outer_ratio"": 0.556891063487127, ""radial_beta_alpha"": 1.3812652619260528, ""radial_beta_beta"": 1.3566078408031061, ""schema_version"": ""wafer_particles.pattern_config.v1"", ""theta_vonmises_kappa"": 3.10798333996546, ""wafer_radius_mm"": 150.0}",296
sample_000297,C01_Uniform,pareto,"{""alpha"": 2.413911350420156, ""max_um"": 1.0, ""min_um"": 0.01, ""per_sample"": true, ""xm_um"": 0.19614197042138498}",,,137,"{""n_particles"": 137, ""name"": ""wafer_particles.pattern.C01_Uniform"", ""schema_version"": ""wafer_particles.pattern_config.v1"", ""wafer_radius_mm"": 150.0}",297
sample_000298,C01_Uniform,weibull,"{""k"": 1.1653611025987627, ""lambda_um"": 0.40780132361683485, ""max_um"": 1.0, ""min_um"": 0.01, ""per_sample"": true}",,,50,"{""n_particles"": 50, ""name"": ""wafer_particles.pattern.C01_Uniform"", ""schema_version"": ""wafer_particles.pattern_config.v1"", ""wafer_radius_mm"": 150.0}",298
sample_000299,C09_Spiral,gaussian,"{""max_um"": 1.0, ""mean_um"": 0.37277113770398157, ""min_um"": 0.01, ""per_sample"": true, ""std_um"": 0.08939553511914304}",,,58,"{""end_r_ratio"": 0.9626181735490974, ""n_particles"": 58, ""name"": ""wafer_particles.pattern.C09_Spiral"", ""params"": {""theta_max"": 25.581942240281105, ""width_norm"": 0.011026716633168192}, ""schema_version"": ""wafer_particles.pattern_config.v1"", ""start_r_ratio"": 0.055744488168291806, ""theta_max"": 16.971971946061018, ""wafer_radius_mm"": 150.0, ""width_ratio"": 0.03868752182828372}",299
sample_000300,C02_EdgeBiased,lognormal,"{""max_um"": 1.0, ""min_um"": 0.01, ""mu_log"": -2.8748412349999173, ""per_sample"": true, ""sigma_log"": 0.21879637627862222}",,,111,"{""edge_bias"": 2.2511265760944816, ""n_particles"": 111, ""name"": ""wafer_particles.pattern.C02_EdgeBiased"", ""schema_version"": ""wafer_particles.pattern_config.v1"", ""wafer_radius_mm"": 150.0}",300
sample_000301,C06_RadialLines,lognormal,"{""max_um"": 1.0, ""min_um"": 0.01, ""mu_log"": -3.411394761913777, ""per_sample"": true, ""sigma_log"": 0.34732980036587296}",,,171,"{""angular_jitter_deg"": 1.2468283303895566, ""n_lines"": 6, ""n_particles"": 171, ""name"": ""wafer_particles.pattern.C06_RadialLines"", ""params"": {""n_lines"": 3.0, ""r_max_norm"": 0.7574457721194369, ""r_min_norm"": 0.2800213203330337, ""sigma_perp_norm"": 0.036203264816477954}, ""r_max_ratio"": 0.6675851147107473, ""r_min_ratio"": 0.10177139145695797, ""schema_version"": ""wafer_particles.pattern_config.v1"", ""sigma_perp_ratio"": 0.0254007068184011, ""wafer_radius_mm"": 150.0}",301
sample_000302,C11_Hotspot_Elliptic,pareto,"{""alpha"": 2.0198784197332715, ""max_um"": 1.0, ""min_um"": 0.01, ""per_sample"": true, ""xm_um"": 0.2156932933194205}",,,60,"{""center_angle"": ""random"", ""center_angle_rad"": 2.2850226713505792, ""center_radius_ratio"": 0.24872943530507316, ""mode"": ""random"", ""n_particles"": 60, ""name"": ""wafer_particles.pattern.C11_Hotspot_Elliptic"", ""rotation_deg"": 30.0, ""rotation_rad"": 3.1089140296501285, ""schema_version"": ""wafer_particles.pattern_config.v1"", ""sigma_x_ratio"": 0.09967850334096777, ""sigma_y_ratio"": 0.049304422684624455, ""wafer_radius_mm"": 150.0}",302
sample_000303,C06_RadialLines,pareto,"{""alpha"": 2.952010163155873, ""max_um"": 1.0, ""min_um"": 0.01, ""per_sample"": true, ""xm_um"": 0.2056803184152426}",,,59,"{""angular_jitter_deg"": 1.7916462068108718, ""n_lines"": 8, ""n_particles"": 59, ""name"": ""wafer_particles.pattern.C06_RadialLines"", ""params"": {""n_lines"": 6.0, ""r_max_norm"": 0.93188981521273, ""r_min_norm"": 0.2872941031332026, ""sigma_perp_norm"": 0.030963455888274552}, ""r_max_ratio"": 0.7163140733558161, ""r_min_ratio"": 0.20096453052240068, ""schema_version"": ""wafer_particles.pattern_config.v1"", ""sigma_perp_ratio"": 0.02244269354797628, ""wafer_radius_mm"": 150.0}",303
sample_000304,C05_Sector_Internal,lognormal,"{""max_um"": 1.0, ""min_um"": 0.01, ""mu_log"": -2.6706575898988607, ""per_sample"": true, ""sigma_log"": 0.5834370399605853}",,,175,"{""angle_center_rad"": 4.282936930433927, ""angle_width_deg"": 72.22694698393266, ""edge_margin_norm"": 0.05, ""n_particles"": 175, ""name"": ""wafer_particles.pattern.C05_Sector_Internal"", ""r_inner_ratio"": 0.2949325383138052, ""r_outer_ratio"": 0.6486744213248324, ""radial_beta_alpha"": 2.780307293155967, ""radial_beta_beta"": 1.348021854407171, ""schema_version"": ""wafer_particles.pattern_config.v1"", ""theta_vonmises_kappa"": 6.7315641378788404, ""wafer_radius_mm"": 150.0}",304
sample_000305,C03_Ring,weibull,"{""k"": 1.9465605483419557, ""lambda_um"": 0.059139765517258705, ""max_um"": 1.0, ""min_um"": 0.01, ""per_sample"": true}",,,171,"{""n_particles"": 171, ""name"": ""wafer_particles.pattern.C03_Ring"", ""radius_ratio"": 0.7114290478220284, ""schema_version"": ""wafer_particles.pattern_config.v1"", ""wafer_radius_mm"": 150.0, ""width_ratio"": 0.058311491677166136}",305
sample_000306,ring_narrow,lognormal,"{""max_um"": 1.0, ""min_um"": 0.01, ""mu_log"": -3.3412835305739597, ""per_sample"": true, ""sigma_log"": 0.3340029053366436}",ring,ring,146,"{""n_particles"": 146, ""name"": ""wafer_particles.pattern.ring_narrow"", ""radius_ratio"": 0.7, ""schema_version"": ""wafer_particles.pattern_config.v1"", ""wafer_radius_mm"": 150.0, ""width_ratio"": 0.03}",306
sample_000307,C08_CurvedScratch,weibull,"{""k"": 1.6836042694813658, ""lambda_um"": 0.351562201242382, ""max_um"": 1.0, ""min_um"": 0.01, ""per_sample"": true}",,,23,"{""angle_center_deg"": 0.0, ""angle_center_rad"": 5.6959170740634715, ""arc_radius_ratio"": 0.8283848739960097, ""n_particles"": 23, ""name"": ""wafer_particles.pattern.C08_CurvedScratch"", ""params"": {""arc_radius_norm"": 0.8589308335563803, ""span_rad"": 0.3408756297700187, ""width_norm"": 0.059765494465464364}, ""schema_version"": ""wafer_particles.pattern_config.v1"", ""span_deg"": 157.58744230131367, ""wafer_radius_mm"": 150.0, ""width_ratio"": 0.034423534676763456}",307
sample_000308,C04_Sector_Edge,weibull,"{""k"": 1.8092279929493729, ""lambda_um"": 0.4710423528081339, ""max_um"": 1.0, ""min_um"": 0.01, ""per_sample"": true}",,,199,"{""angle_center_rad"": 6.184621738166923, ""angle_width_deg"": 51.33469700645898, ""edge_width_ratio"": 0.1143324033107825, ""n_particles"": 199, ""name"": ""wafer_particles.pattern.C04_Sector_Edge"", ""radial_beta_alpha"": 1.570461360083589, ""radial_beta_beta"": 2.0417972589862674, ""schema_version"": ""wafer_particles.pattern_config.v1"", ""side"": ""right"", ""theta_vonmises_kappa"": 4.591106445504256, ""wafer_radius_mm"": 150.0}",308
sample_000309,C06_RadialLines,gaussian,"{""max_um"": 1.0, ""mean_um"": 0.6459316300589082, ""min_um"": 0.01, ""per_sample"": true, ""std_um"": 0.06642286758767382}",,,15,"{""angular_jitter_deg"": 4.461325951724074, ""n_lines"": 6, ""n_particles"": 15, ""name"": ""wafer_particles.pattern.C06_RadialLines"", ""params"": {""n_lines"": 5.0, ""r_max_norm"": 0.7880452935943174, ""r_min_norm"": 0.15123295618691585, ""sigma_perp_norm"": 0.03924154345949226}, ""r_max_ratio"": 0.6055929966771065, ""r_min_ratio"": 0.08415378493233973, ""schema_version"": ""wafer_particles.pattern_config.v1"", ""sigma_perp_ratio"": 0.014686093998528778, ""wafer_radius_mm"": 150.0}",309
sample_000310,C03_Ring,lognormal,"{""max_um"": 1.0, ""min_um"": 0.01, ""mu_log"": -0.26834822161809413, ""per_sample"": true, ""sigma_log"": 0.4985208146577958}",,,67,"{""n_particles"": 67, ""name"": ""wafer_particles.pattern.C03_Ring"", ""radius_ratio"": 0.5724243197933144, ""schema_version"": ""wafer_particles.pattern_config.v1"", ""wafer_radius_mm"": 150.0, ""width_ratio"": 0.18999767214946872}",310
sample_000311,C06_RadialLines,weibull,"{""k"": 1.316867584059526, ""lambda_um"": 0.26922986012199407, ""max_um"": 1.0, ""min_um"": 0.01, ""per_sample"": true}",,,121,"{""angular_jitter_deg"": 3.0168356685252147, ""n_lines"": 4, ""n_particles"": 121, ""name"": ""wafer_particles.pattern.C06_RadialLines"", ""params"": {""n_lines"": 6.0, ""r_max_norm"": 0.9234785259595903, ""r_min_norm"": 0.19550437084216446, ""sigma_perp_norm"": 0.03100403618580106}, ""r_max_ratio"": 0.6394582034462915, ""r_min_ratio"": 0.2806302066459033, ""schema_version"": ""wafer_particles.pattern_config.v1"", ""sigma_perp_ratio"": 0.021696950647915592, ""wafer_radius_mm"": 150.0}",311
sample_000312,C07_StraightLine,weibull,"{""k"": 2.927275443681693, ""lambda_um"": 0.07125945611111618, ""max_um"": 1.0, ""min_um"": 0.01, ""per_sample"": true}",,,199,"{""angle_deg"": 4.51361840644566, ""n_particles"": 199, ""name"": ""wafer_particles.pattern.C07_StraightLine"", ""offset_ratio"": -0.27782272837174443, ""params"": {""segment_half_length_norm"": 0.1791332358458825, ""width_norm"": 0.06541111944152042}, ""schema_version"": ""wafer_particles.pattern_config.v1"", ""segment_half_length_ratio"": 0.6768431077729375, ""wafer_radius_mm"": 150.0, ""width_ratio"": 0.007415880179228207}",312
sample_000313,C05_Sector_Internal,lognormal,"{""max_um"": 1.0, ""min_um"": 0.01, ""mu_log"": -1.280940081353592, ""per_sample"": true, ""sigma_log"": 0.6614669609717744}",,,90,"{""angle_center_rad"": 3.926863768360384, ""angle_width_deg"": 44.651987259442095, ""edge_margin_norm"": 0.05, ""n_particles"": 90, ""name"": ""wafer_particles.pattern.C05_Sector_Internal"", ""r_inner_ratio"": 0.3826160638179983, ""r_outer_ratio"": 0.6588528260847359, ""radial_beta_alpha"": 3.128076082670957, ""radial_beta_beta"": 2.617739946110599, ""schema_version"": ""wafer_particles.pattern_config.v1"", ""theta_vonmises_kappa"": 1.7906079642148702, ""wafer_radius_mm"": 150.0}",313
sample_000314,C07_StraightLine,gaussian,"{""max_um"": 1.0, ""mean_um"": 0.5360707558901517, ""min_um"": 0.01, ""per_sample"": true, ""std_um"": 0.05855464624666039}",,,31,"{""angle_deg"": 107.00116651525643, ""n_particles"": 31, ""name"": ""wafer_particles.pattern.C07_StraightLine"", ""offset_ratio"": -0.044377993420567974, ""params"": {""segment_half_length_norm"": 0.206166301309702, ""width_norm"": 0.04945147174447103}, ""schema_version"": ""wafer_particles.pattern_config.v1"", ""segment_half_length_ratio"": 0.5558455596990853, ""wafer_radius_mm"": 150.0, ""width_ratio"": 0.03373895508276151}",314
sample_000315,C08_CurvedScratch,weibull,"{""k"": 2.6673490195284244, ""lambda_um"": 0.3335614829075499, ""max_um"": 1.0, ""min_um"": 0.01, ""per_sample"": true}",,,46,"{""angle_center_deg"": 0.0, ""angle_center_rad"": 1.583596031162886, ""arc_radius_ratio"": 0.4636964099572421, ""n_particles"": 46, ""name"": ""wafer_particles.pattern.C08_CurvedScratch"", ""params"": {""arc_radius_norm"": 0.6997828147908004, ""span_rad"": 0.5003956757450496, ""width_norm"": 0.039940069361074276}, ""schema_version"": ""wafer_particles.pattern_config.v1"", ""span_deg"": 143.02198064724874, ""wafer_radius_mm"": 150.0, ""width_ratio"": 0.04731350381714535}",315
sample_000316,C07_StraightLine,lognormal,"{""max_um"": 1.0, ""min_um"": 0.01, ""mu_log"": -0.9313968370859249, ""per_sample"": true, ""sigma_log"": 0.8974682636531188}",,,85,"{""angle_deg"": 179.22292299495587, ""n_particles"": 85, ""name"": ""wafer_particles.pattern.C07_StraightLine"", ""offset_ratio"": 0.046998379947709945, ""params"": {""segment_half_length_norm"": 0.28679029335995665, ""width_norm"": 0.0439919367254233}, ""schema_version"": ""wafer_particles.pattern_config.v1"", ""segment_half_length_ratio"": 0.8198858071720103, ""wafer_radius_mm"": 150.0, ""width_ratio"": 0.045821169233524923}",316
sample_000317,C01_Uniform,gaussian,"{""max_um"": 1.0, ""mean_um"": 0.12363808529177728, ""min_um"": 0.01, ""per_sample"": true, ""std_um"": 0.029315159826015756}",,,156,"{""n_particles"": 156, ""name"": ""wafer_particles.pattern.C01_Uniform"", ""schema_version"": ""wafer_particles.pattern_config.v1"", ""wafer_radius_mm"": 150.0}",317
sample_000318,C04_Sector_Edge,gaussian,"{""max_um"": 1.0, ""mean_um"": 0.22153805674017593, ""min_um"": 0.01, ""per_sample"": true, ""std_um"": 0.04442638121367166}",,,11,"{""angle_center_rad"": 3.465632014754045, ""angle_width_deg"": 60.234080467558776, ""edge_width_ratio"": 0.07581484540441459, ""n_particles"": 11, ""name"": ""wafer_particles.pattern.C04_Sector_Edge"", ""radial_beta_alpha"": 2.6413784094397244, ""radial_beta_beta"": 2.728616493388664, ""schema_version"": ""wafer_particles.pattern_config.v1"", ""side"": ""right"", ""theta_vonmises_kappa"": 7.4737759045526095, ""wafer_radius_mm"": 150.0}",318
sample_000319,C07_StraightLine,weibull,"{""k"": 1.6554107997844356, ""lambda_um"": 0.3034960325073089, ""max_um"": 1.0, ""min_um"": 0.01, ""per_sample"": true}",,,167,"{""angle_deg"": 177.32333709330766, ""n_particles"": 167, ""name"": ""wafer_particles.pattern.C07_StraightLine"", ""offset_ratio"": -0.09985953844610376, ""params"": {""segment_half_length_norm"": 0.2523969451640129, ""width_norm"": 0.04987290948803283}, ""schema_version"": ""wafer_particles.pattern_config.v1"", ""segment_half_length_ratio"": 0.4798739185521632, ""wafer_radius_mm"": 150.0, ""width_ratio"": 0.027355382184446407}",319
sample_000320,C03_Ring,gaussian,"{""max_um"": 1.0, ""mean_um"": 0.2286227941553224, ""min_um"": 0.01, ""per_sample"": true, ""std_um"": 0.03790328622097543}",,,134,"{""n_particles"": 134, ""name"": ""wafer_particles.pattern.C03_Ring"", ""radius_ratio"": 0.4175137702150797, ""schema_version"": ""wafer_particles.pattern_config.v1"", ""wafer_radius_mm"": 150.0, ""width_ratio"": 0.06977653934728933}",320
sample_000321,ring_wide,weibull,"{""k"": 1.4910927051025227, ""lambda_um"": 0.290936342771661, ""max_um"": 1.0, ""min_um"": 0.01, ""per_sample"": true}",ring,ring,103,"{""n_particles"": 103, ""name"": ""wafer_particles.pattern.ring_wide"", ""radius_ratio"": 0.6, ""schema_version"": ""wafer_particles.pattern_config.v1"", ""wafer_radius_mm"": 150.0, ""width_ratio"": 0.15}",321
sample_000322,C09_Spiral,lognormal,"{""max_um"": 1.0, ""min_um"": 0.01, ""mu_log"": -2.9413744841839646, ""per_sample"": true, ""sigma_log"": 0.5130112015720996}",,,90,"{""end_r_ratio"": 0.7986087971057847, ""n_particles"": 90, ""name"": ""wafer_particles.pattern.C09_Spiral"", ""params"": {""theta_max"": 14.74415691605801, ""width_norm"": 0.02062023696314754}, ""schema_version"": ""wafer_particles.pattern_config.v1"", ""start_r_ratio"": 0.21942317579512385, ""theta_max"": 11.58069629447671, ""wafer_radius_mm"": 150.0, ""width_ratio"": 0.048413072782894855}",322
sample_000323,C02_EdgeBiased,gaussian,"{""max_um"": 1.0, ""mean_um"": 0.29621114088295836, ""min_um"": 0.01, ""per_sample"": true, ""std_um"": 0.027587581231603018}",,,126,"{""edge_bias"": 3.823821337828993, ""n_particles"": 126, ""name"": ""wafer_particles.pattern.C02_EdgeBiased"", ""schema_version"": ""wafer_particles.pattern_config.v1"", ""wafer_radius_mm"": 150.0}",323
sample_000324,C08_CurvedScratch,gaussian,"{""max_um"": 1.0, ""mean_um"": 0.2730390301783577, ""min_um"": 0.01, ""per_sample"": true, ""std_um"": 0.06294973617114752}",,,121,"{""angle_center_deg"": 0.0, ""angle_center_rad"": 2.5123358747142843, ""arc_radius_ratio"": 0.8778988780925441, ""n_particles"": 121, ""name"": ""wafer_particles.pattern.C08_CurvedScratch"", ""params"": {""arc_radius_norm"": 0.886754393174733, ""span_rad"": 0.547390507859356, ""width_norm"": 0.03992692197104302}, ""schema_version"": ""wafer_particles.pattern_config.v1"", ""span_deg"": 78.03353254623957, ""wafer_radius_mm"": 150.0, ""width_ratio"": 0.021092867283001044}",324
sample_000325,C06_RadialLines,lognormal,"{""max_um"": 1.0, ""min_um"": 0.01, ""mu_log"": -1.7006072368225356, ""per_sample"": true, ""sigma_log"": 0.4087695200360481}",,,107,"{""angular_jitter_deg"": 2.6269021637370256, ""n_lines"": 6, ""n_particles"": 107, ""name"": ""wafer_particles.pattern.C06_RadialLines"", ""params"": {""n_lines"": 2.0, ""r_max_norm"": 0.9730527337476838, ""r_min_norm"": 0.03528050229465485, ""sigma_perp_norm"": 0.020781983088791093}, ""r_max_ratio"": 0.7248588997307309, ""r_min_ratio"": 0.11230438156361096, ""schema_version"": ""wafer_particles.pattern_config.v1"", ""sigma_perp_ratio"": 0.014823135417169717, ""wafer_radius_mm"": 150.0}",325
sample_000326,C08_CurvedScratch,lognormal,"{""max_um"": 1.0, ""min_um"": 0.01, ""mu_log"": -2.028393222877149, ""per_sample"": true, ""sigma_log"": 0.8438448525330482}",,,153,"{""angle_center_deg"": 0.0, ""angle_center_rad"": 5.4562583831964995, ""arc_radius_ratio"": 0.48015046932980193, ""n_particles"": 153, ""name"": ""wafer_particles.pattern.C08_CurvedScratch"", ""params"": {""arc_radius_norm"": 0.44137269290792147, ""span_rad"": 0.7639907678896751, ""width_norm"": 0.06602383447048124}, ""schema_version"": ""wafer_particles.pattern_config.v1"", ""span_deg"": 129.89850532363215, ""wafer_radius_mm"": 150.0, ""width_ratio"": 0.027526566830925712}",326
sample_000327,C06_RadialLines,pareto,"{""alpha"": 1.626324465046058, ""max_um"": 1.0, ""min_um"": 0.01, ""per_sample"": true, ""xm_um"": 0.20047029572459085}",,,114,"{""angular_jitter_deg"": 2.439915679375168, ""n_lines"": 4, ""n_particles"": 114, ""name"": ""wafer_particles.pattern.C06_RadialLines"", ""params"": {""n_lines"": 5.0, ""r_max_norm"": 0.9324618962077907, ""r_min_norm"": 0.1294320869562883, ""sigma_perp_norm"": 0.02933804690128844}, ""r_max_ratio"": 0.6802588245405179, ""r_min_ratio"": 0.2378915983784857, ""schema_version"": ""wafer_particles.pattern_config.v1"", ""sigma_perp_ratio"": 0.008583938472030875, ""wafer_radius_mm"": 150.0}",327
sample_000328,scratch_horizontal,gaussian,"{""max_um"": 1.0, ""mean_um"": 0.5121703549188645, ""min_um"": 0.01, ""per_sample"": true, ""std_um"": 0.06317650194768007}",line,scratch,119,"{""angle_category"": ""horizontal"", ""length_ratio"": 1.0, ""n_particles"": 119, ""name"": ""wafer_particles.pattern.scratch"", ""offset_ratio"": 0.0, ""schema_version"": ""wafer_particles.pattern_config.v1"", ""wafer_radius_mm"": 150.0, ""width_ratio"": 0.01}",328
sample_000329,C08_CurvedScratch,gaussian,"{""max_um"": 1.0, ""mean_um"": 0.1345671216037109, ""min_um"": 0.01, ""per_sample"": true, ""std_um"": 0.06862029546831126}",,,40,"{""angle_center_deg"": 0.0, ""angle_center_rad"": 5.014708635587627, ""arc_radius_ratio"": 0.4243711243031654, ""n_particles"": 40, ""name"": ""wafer_particles.pattern.C08_CurvedScratch"", ""params"": {""arc_radius_norm"": 0.5396723676093242, ""span_rad"": 0.26418681057813354, ""width_norm"": 0.047605820149186094}, ""schema_version"": ""wafer_particles.pattern_config.v1"", ""span_deg"": 103.76153117952387, ""wafer_radius_mm"": 150.0, ""width_ratio"": 0.019236547510971917}",329
sample_000330,C05_Sector_Internal,lognormal,"{""max_um"": 1.0, ""min_um"": 0.01, ""mu_log"": -2.109548743805475, ""per_sample"": true, ""sigma_log"": 0.5280086937776269}",,,194,"{""angle_center_rad"": 5.027241965660646, ""angle_width_deg"": 107.07450190140864, ""edge_margin_norm"": 0.05, ""n_particles"": 194, ""name"": ""wafer_particles.pattern.C05_Sector_Internal"", ""r_inner_ratio"": 0.2772583172233951, ""r_outer_ratio"": 0.718119387553705, ""radial_beta_alpha"": 2.6895860169215764, ""radial_beta_beta"": 3.541899659891616, ""schema_version"": ""wafer_particles.pattern_config.v1"", ""theta_vonmises_kappa"": 7.006720522271048, ""wafer_radius_mm"": 150.0}",330
sample_000331,C07_StraightLine,pareto,"{""alpha"": 1.9023394295815186, ""max_um"": 1.0, ""min_um"": 0.01, ""per_sample"": true, ""xm_um"": 0.1689875950753404}",,,87,"{""angle_deg"": 40.86605651029488, ""n_particles"": 87, ""name"": ""wafer_particles.pattern.C07_StraightLine"", ""offset_ratio"": -0.1264536308068355, ""params"": {""segment_half_length_norm"": 0.22102217154674644, ""width_norm"": 0.06044979828499366}, ""schema_version"": ""wafer_particles.pattern_config.v1"", ""segment_half_length_ratio"": 0.7192802183298095, ""wafer_radius_mm"": 150.0, ""width_ratio"": 0.009744264815774173}",331
sample_000332,ring_narrow,weibull,"{""k"": 1.9443614678134233, ""lambda_um"": 0.3163653751575978, ""max_um"": 1.0, ""min_um"": 0.01, ""per_sample"": true}",ring,ring,71,"{""n_particles"": 71, ""name"": ""wafer_particles.pattern.ring_narrow"", ""radius_ratio"": 0.7, ""schema_version"": ""wafer_particles.pattern_config.v1"", ""wafer_radius_mm"": 150.0, ""width_ratio"": 0.03}",332
sample_000333,C07_StraightLine,weibull,"{""k"": 1.3194177518746768, ""lambda_um"": 0.3994045116272205, ""max_um"": 1.0, ""min_um"": 0.01, ""per_sample"": true}",,,178,"{""angle_deg"": 36.26316157541984, ""n_particles"": 178, ""name"": ""wafer_particles.pattern.C07_StraightLine"", ""offset_ratio"": 0.1656521589071378, ""params"": {""segment_half_length_norm"": 0.28977746454807063, ""width_norm"": 0.06354875862524503}, ""schema_version"": ""wafer_particles.pattern_config.v1"", ""segment_half_length_ratio"": 0.7790363696433874, ""wafer_radius_mm"": 150.0, ""width_ratio"": 0.04862764841103351}",333
sample_000334,C11_Hotspot_Elliptic,gaussian,"{""max_um"": 1.0, ""mean_um"": 0.4301470702289985, ""min_um"": 0.01, ""per_sample"": true, ""std_um"": 0.0677427106966452}",,,74,"{""center_angle"": ""random"", ""center_angle_rad"": 0.03569092563508671, ""center_radius_ratio"": 0.7154624739579979, ""mode"": ""random"", ""n_particles"": 74, ""name"": ""wafer_particles.pattern.C11_Hotspot_Elliptic"", ""rotation_deg"": 30.0, ""rotation_rad"": 2.779580154127681, ""schema_version"": ""wafer_particles.pattern_config.v1"", ""sigma_x_ratio"": 0.11366684082253531, ""sigma_y_ratio"": 0.028499025891535683, ""wafer_radius_mm"": 150.0}",334
sample_000335,scratch_vertical,lognormal,"{""max_um"": 1.0, ""min_um"": 0.01, ""mu_log"": -0.8961735083422173, ""per_sample"": true, ""sigma_log"": 0.5761637585540051}",line,scratch,55,"{""angle_category"": ""vertical"", ""length_ratio"": 1.0, ""n_particles"": 55, ""name"": ""wafer_particles.pattern.scratch"", ""offset_ratio"": 0.0, ""schema_version"": ""wafer_particles.pattern_config.v1"", ""wafer_radius_mm"": 150.0, ""width_ratio"": 0.01}",335
sample_000336,C11_Hotspot_Elliptic,lognormal,"{""max_um"": 1.0, ""min_um"": 0.01, ""mu_log"": -3.7885024475471996, ""per_sample"": true, ""sigma_log"": 0.4740072763271306}",,,105,"{""center_angle"": ""random"", ""center_angle_rad"": 4.674375307475087, ""center_radius_ratio"": 0.43239229797254103, ""mode"": ""random"", ""n_particles"": 105, ""name"": ""wafer_particles.pattern.C11_Hotspot_Elliptic"", ""rotation_deg"": 30.0, ""rotation_rad"": 4.242448311291541, ""schema_version"": ""wafer_particles.pattern_config.v1"", ""sigma_x_ratio"": 0.10216921218152278, ""sigma_y_ratio"": 0.059000773686209776, ""wafer_radius_mm"": 150.0}",336
sample_000337,C01_Uniform,weibull,"{""k"": 1.6590134278091613, ""lambda_um"": 0.27362362030433945, ""max_um"": 1.0, ""min_um"": 0.01, ""per_sample"": true}",,,173,"{""n_particles"": 173, ""name"": ""wafer_particles.pattern.C01_Uniform"", ""schema_version"": ""wafer_particles.pattern_config.v1"", ""wafer_radius_mm"": 150.0}",337
sample_000338,ring_narrow,gaussian,"{""max_um"": 1.0, ""mean_um"": 0.2668495676665898, ""min_um"": 0.01, ""per_sample"": true, ""std_um"": 0.07767366094891069}",ring,ring,11,"{""n_particles"": 11, ""name"": ""wafer_particles.pattern.ring_narrow"", ""radius_ratio"": 0.7, ""schema_version"": ""wafer_particles.pattern_config.v1"", ""wafer_radius_mm"": 150.0, ""width_ratio"": 0.03}",338
sample_000339,C05_Sector_Internal,lognormal,"{""max_um"": 1.0, ""min_um"": 0.01, ""mu_log"": -3.8312011378399915, ""per_sample"": true, ""sigma_log"": 0.8066662703335432}",,,150,"{""angle_center_rad"": 3.3652993493909573, ""angle_width_deg"": 88.48748834269604, ""edge_margin_norm"": 0.05, ""n_particles"": 150, ""name"": ""wafer_particles.pattern.C05_Sector_Internal"", ""r_inner_ratio"": 0.35651805687934734, ""r_outer_ratio"": 0.7226857049806777, ""radial_beta_alpha"": 3.7620753682412937, ""radial_beta_beta"": 1.759326089996092, ""schema_version"": ""wafer_particles.pattern_config.v1"", ""theta_vonmises_kappa"": 5.94189917627321, ""wafer_radius_mm"": 150.0}",339
sample_000340,C11_Hotspot_Elliptic,gaussian,"{""max_um"": 1.0, ""mean_um"": 0.6702671109421533, ""min_um"": 0.01, ""per_sample"": true, ""std_um"": 0.024983147451667048}",,,164,"{""center_angle"": ""random"", ""center_angle_rad"": 4.520981224845069, ""center_radius_ratio"": 0.6197524030597433, ""mode"": ""random"", ""n_particles"": 164, ""name"": ""wafer_particles.pattern.C11_Hotspot_Elliptic"", ""rotation_deg"": 30.0, ""rotation_rad"": 3.5910598891374033, ""schema_version"": ""wafer_particles.pattern_config.v1"", ""sigma_x_ratio"": 0.03314614721098329, ""sigma_y_ratio"": 0.04007114434665827, ""wafer_radius_mm"": 150.0}",340
sample_000341,edge_sector_left,lognormal,"{""max_um"": 1.0, ""min_um"": 0.01, ""mu_log"": -3.3051269223321644, ""per_sample"": true, ""sigma_log"": 0.8656383949026993}",sector,edge_sector,151,"{""angle_width_deg"": 40.0, ""edge_width_ratio"": 0.1, ""n_particles"": 151, ""name"": ""wafer_particles.pattern.edge_sector"", ""schema_version"": ""wafer_particles.pattern_config.v1"", ""side"": ""left"", ""wafer_radius_mm"": 150.0}",341
sample_000342,C06_RadialLines,gaussian,"{""max_um"": 1.0, ""mean_um"": 0.2524441594307698, ""min_um"": 0.01, ""per_sample"": true, ""std_um"": 0.044547022938640546}",,,176,"{""angular_jitter_deg"": 3.4277206889539737, ""n_lines"": 4, ""n_particles"": 176, ""name"": ""wafer_particles.pattern.C06_RadialLines"", ""params"": {""n_lines"": 8.0, ""r_max_norm"": 0.7623405061075408, ""r_min_norm"": 0.22108203555948852, ""sigma_perp_norm"": 0.02852946787864038}, ""r_max_ratio"": 0.8504938837608191, ""r_min_ratio"": 0.2813623313409648, ""schema_version"": ""wafer_particles.pattern_config.v1"", ""sigma_perp_ratio"": 0.003941566746597656, ""wafer_radius_mm"": 150.0}",342
sample_000343,C06_RadialLines,lognormal,"{""max_um"": 1.0, ""min_um"": 0.01, ""mu_log"": -0.6811218634826637, ""per_sample"": true, ""sigma_log"": 0.8311017434963219}",,,192,"{""angular_jitter_deg"": 4.017277425892972, ""n_lines"": 6, ""n_particles"": 192, ""name"": ""wafer_particles.pattern.C06_RadialLines"", ""params"": {""n_lines"": 6.0, ""r_max_norm"": 0.8371060868965285, ""r_min_norm"": 0.1230007681618084, ""sigma_perp_norm"": 0.040088023624776474}, ""r_max_ratio"": 0.8019678118385682, ""r_min_ratio"": 0.12133906321781196, ""schema_version"": ""wafer_particles.pattern_config.v1"", ""sigma_perp_ratio"": 0.02433661985579751, ""wafer_radius_mm"": 150.0}",343
sample_000344,C09_Spiral,weibull,"{""k"": 2.2389204215036256, ""lambda_um"": 0.25602818337505934, ""max_um"": 1.0, ""min_um"": 0.01, ""per_sample"": true}",,,67,"{""end_r_ratio"": 0.9093963793474888, ""n_particles"": 67, ""name"": ""wafer_particles.pattern.C09_Spiral"", ""params"": {""theta_max"": 21.334487628393987, ""width_norm"": 0.013959142897178985}, ""schema_version"": ""wafer_particles.pattern_config.v1"", ""start_r_ratio"": 0.16155935837173047, ""theta_max"": 15.858108503557727, ""wafer_radius_mm"": 150.0, ""width_ratio"": 0.027686558413366456}",344
sample_000345,C04_Sector_Edge,gaussian,"{""max_um"": 1.0, ""mean_um"": 0.6610421838425657, ""min_um"": 0.01, ""per_sample"": true, ""std_um"": 0.04801782221476772}",,,27,"{""angle_center_rad"": 1.2484161927430077, ""angle_width_deg"": 81.96299461567718, ""edge_width_ratio"": 0.2464984498116869, ""n_particles"": 27, ""name"": ""wafer_particles.pattern.C04_Sector_Edge"", ""radial_beta_alpha"": 2.6013174545289575, ""radial_beta_beta"": 2.4333922714281426, ""schema_version"": ""wafer_particles.pattern_config.v1"", ""side"": ""right"", ""theta_vonmises_kappa"": 3.947794916466781, ""wafer_radius_mm"": 150.0}",345
sample_000346,C04_Sector_Edge,gaussian,"{""max_um"": 1.0, ""mean_um"": 0.30956671754598736, ""min_um"": 0.01, ""per_sample"": true, ""std_um"": 0.029463489958173918}",,,121,"{""angle_center_rad"": 2.340673051085093, ""angle_width_deg"": 21.13366100184569, ""edge_width_ratio"": 0.1343156801383083, ""n_particles"": 121, ""name"": ""wafer_particles.pattern.C04_Sector_Edge"", ""radial_beta_alpha"": 1.2708796584173891, ""radial_beta_beta"": 0.9202682916971133, ""schema_version"": ""wafer_particles.pattern_config.v1"", ""side"": ""right"", ""theta_vonmises_kappa"": 3.6761851353982964, ""wafer_radius_mm"": 150.0}",346
sample_000347,C04_Sector_Edge,weibull,"{""k"": 2.7306144618189023, ""lambda_um"": 0.19669704289757242, ""max_um"": 1.0, ""min_um"": 0.01, ""per_sample"": true}",,,28,"{""angle_center_rad"": 2.83400484842256, ""angle_width_deg"": 76.24477924169082, ""edge_width_ratio"": 0.2103678905741624, ""n_particles"": 28, ""name"": ""wafer_particles.pattern.C04_Sector_Edge"", ""radial_beta_alpha"": 3.1189816725714694, ""radial_beta_beta"": 2.674896150169859, ""schema_version"": ""wafer_particles.pattern_config.v1"", ""side"": ""right"", ""theta_vonmises_kappa"": 0.5071308878263372, ""wafer_radius_mm"": 150.0}",347
sample_000348,scratch_horizontal,weibull,"{""k"": 1.8471162686716553, ""lambda_um"": 0.02431749390241482, ""max_um"": 1.0, ""min_um"": 0.01, ""per_sample"": true}",line,scratch,40,"{""angle_category"": ""horizontal"", ""length_ratio"": 1.0, ""n_particles"": 40, ""name"": ""wafer_particles.pattern.scratch"", ""offset_ratio"": 0.0, ""schema_version"": ""wafer_particles.pattern_config.v1"", ""wafer_radius_mm"": 150.0, ""width_ratio"": 0.01}",348
sample_000349,C06_RadialLines,gaussian,"{""max_um"": 1.0, ""mean_um"": 0.5831047397699368, ""min_um"": 0.01, ""per_sample"": true, ""std_um"": 0.03437758099925294}",,,176,"{""angular_jitter_deg"": 2.8373838402714338, ""n_lines"": 4, ""n_particles"": 176, ""name"": ""wafer_particles.pattern.C06_RadialLines"", ""params"": {""n_lines"": 2.0, ""r_max_norm"": 0.9404127515452108, ""r_min_norm"": 0.1100492465887641, ""sigma_perp_norm"": 0.04093437018546935}, ""r_max_ratio"": 0.7339729880338993, ""r_min_ratio"": 0.004980309125972437, ""schema_version"": ""wafer_particles.pattern_config.v1"", ""sigma_perp_ratio"": 0.003334721882693056, ""wafer_radius_mm"": 150.0}",349
sample_000350,C06_RadialLines,gaussian,"{""max_um"": 1.0, ""mean_um"": 0.42781102681901856, ""min_um"": 0.01, ""per_sample"": true, ""std_um"": 0.05949407001558228}",,,143,"{""angular_jitter_deg"": 1.3853054132989202, ""n_lines"": 6, ""n_particles"": 143, ""name"": ""wafer_particles.pattern.C06_RadialLines"", ""params"": {""n_lines"": 6.0, ""r_max_norm"": 0.9798195030095997, ""r_min_norm"": 0.22790281371113102, ""sigma_perp_norm"": 0.018769433432256635}, ""r_max_ratio"": 0.9277986715534812, ""r_min_ratio"": 0.1883429574442695, ""schema_version"": ""wafer_particles.pattern_config.v1"", ""sigma_perp_ratio"": 0.019287651472706828, ""wafer_radius_mm"": 150.0}",350
sample_000351,C07_StraightLine,gaussian,"{""max_um"": 1.0, ""mean_um"": 0.41015561493315916, ""min_um"": 0.01, ""per_sample"": true, ""std_um"": 0.09715600088836411}",,,123,"{""angle_deg"": 135.7010227509856, ""n_particles"": 123, ""name"": ""wafer_particles.pattern.C07_StraightLine"", ""offset_ratio"": 0.050481341605977614, ""params"": {""segment_half_length_norm"": 0.07104899384735325, ""width_norm"": 0.060842829569997134}, ""schema_version"": ""wafer_particles.pattern_config.v1"", ""segment_half_length_ratio"": 0.8548450124065274, ""wafer_radius_mm"": 150.0, ""width_ratio"": 0.005455688724801783}",351
sample_000352,C07_StraightLine,gaussian,"{""max_um"": 1.0, ""mean_um"": 0.10035991826874611, ""min_um"": 0.01, ""per_sample"": true, ""std_um"": 0.028814624706073454}",,,56,"{""angle_deg"": 179.21625856204406, ""n_particles"": 56, ""name"": ""wafer_particles.pattern.C07_StraightLine"", ""offset_ratio"": 0.25034151378102226, ""params"": {""segment_half_length_norm"": 0.30059251660626074, ""width_norm"": 0.044471816393464855}, ""schema_version"": ""wafer_particles.pattern_config.v1"", ""segment_half_length_ratio"": 0.31028822517021026, ""wafer_radius_mm"": 150.0, ""width_ratio"": 0.047547407916403266}",352
sample_000353,C08_CurvedScratch,weibull,"{""k"": 0.8058889651762042, ""lambda_um"": 0.1197372125755647, ""max_um"": 1.0, ""min_um"": 0.01, ""per_sample"": true}",,,82,"{""angle_center_deg"": 0.0, ""angle_center_rad"": 1.6108999991567727, ""arc_radius_ratio"": 0.8862700605908155, ""n_particles"": 82, ""name"": ""wafer_particles.pattern.C08_CurvedScratch"", ""params"": {""arc_radius_norm"": 0.44716019037120497, ""span_rad"": 0.36737569223830163, ""width_norm"": 0.04768409434849391}, ""schema_version"": ""wafer_particles.pattern_config.v1"", ""span_deg"": 83.39727624303717, ""wafer_radius_mm"": 150.0, ""width_ratio"": 0.0446434026384906}",353
sample_000354,C04_Sector_Edge,lognormal,"{""max_um"": 1.0, ""min_um"": 0.01, ""mu_log"": -2.790776011085249, ""per_sample"": true, ""sigma_log"": 0.589525532821828}",,,43,"{""angle_center_rad"": 4.952781223025814, ""angle_width_deg"": 20.00135821163876, ""edge_width_ratio"": 0.2722253292990435, ""n_particles"": 43, ""name"": ""wafer_particles.pattern.C04_Sector_Edge"", ""radial_beta_alpha"": 1.313720937373683, ""radial_beta_beta"": 1.1595496739795896, ""schema_version"": ""wafer_particles.pattern_config.v1"", ""side"": ""right"", ""theta_vonmises_kappa"": 1.1798527338575902, ""wafer_radius_mm"": 150.0}",354
sample_000355,C04_Sector_Edge,pareto,"{""alpha"": 3.429202666291343, ""max_um"": 1.0, ""min_um"": 0.01, ""per_sample"": true, ""xm_um"": 0.22851191512873253}",,,175,"{""angle_center_rad"": 3.110219065548904, ""angle_width_deg"": 75.17454919759487, ""edge_width_ratio"": 0.22600273218611716, ""n_particles"": 175, ""name"": ""wafer_particles.pattern.C04_Sector_Edge"", ""radial_beta_alpha"": 2.221061343254049, ""radial_beta_beta"": 3.1156688908446535, ""schema_version"": ""wafer_particles.pattern_config.v1"", ""side"": ""right"", ""theta_vonmises_kappa"": 6.984326814005263, ""wafer_radius_mm"": 150.0}",355
sample_000356,C03_Ring,weibull,"{""k"": 1.8501703039886321, ""lambda_um"": 0.48236391257641276, ""max_um"": 1.0, ""min_um"": 0.01, ""per_sample"": true}",,,50,"{""n_particles"": 50, ""name"": ""wafer_particles.pattern.C03_Ring"", ""radius_ratio"": 0.47930903178257916, ""schema_version"": ""wafer_particles.pattern_config.v1"", ""wafer_radius_mm"": 150.0, ""width_ratio"": 0.08390110992547993}",356
sample_000357,C06_RadialLines,lognormal,"{""max_um"": 1.0, ""min_um"": 0.01, ""mu_log"": -1.9891431554087362, ""per_sample"": true, ""sigma_log"": 0.7799752140463849}",,,34,"{""angular_jitter_deg"": 0.6763698954261688, ""n_lines"": 8, ""n_particles"": 34, ""name"": ""wafer_particles.pattern.C06_RadialLines"", ""params"": {""n_lines"": 5.0, ""r_max_norm"": 0.8696321967125832, ""r_min_norm"": 0.07972150778663202, ""sigma_perp_norm"": 0.062191871901371695}, ""r_max_ratio"": 0.9027874314988606, ""r_min_ratio"": 0.07955050540305376, ""schema_version"": ""wafer_particles.pattern_config.v1"", ""sigma_perp_ratio"": 0.01615467829084989, ""wafer_radius_mm"": 150.0}",357
sample_000358,C07_StraightLine,weibull,"{""k"": 2.880332058646885, ""lambda_um"": 0.401370388779394, ""max_um"": 1.0, ""min_um"": 0.01, ""per_sample"": true}",,,14,"{""angle_deg"": 84.64331732975583, ""n_particles"": 14, ""name"": ""wafer_particles.pattern.C07_StraightLine"", ""offset_ratio"": -0.2931085138772024, ""params"": {""segment_half_length_norm"": 0.2881853687977194, ""width_norm"": 0.04903911001399556}, ""schema_version"": ""wafer_particles.pattern_config.v1"", ""segment_half_length_ratio"": 0.7752281206610541, ""wafer_radius_mm"": 150.0, ""width_ratio"": 0.012593547266749171}",358
sample_000359,C09_Spiral,gaussian,"{""max_um"": 1.0, ""mean_um"": 0.6344024977963968, ""min_um"": 0.01, ""per_sample"": true, ""std_um"": 0.08245927806565058}",,,109,"{""end_r_ratio"": 0.8993241035249183, ""n_particles"": 109, ""name"": ""wafer_particles.pattern.C09_Spiral"", ""params"": {""theta_max"": 26.160717306552833, ""width_norm"": 0.047048997987670114}, ""schema_version"": ""wafer_particles.pattern_config.v1"", ""start_r_ratio"": 0.28652595100604555, ""theta_max"": 12.313569685824632, ""wafer_radius_mm"": 150.0, ""width_ratio"": 0.006990351184059051}",359
sample_000360,scratch_horizontal,lognormal,"{""max_um"": 1.0, ""min_um"": 0.01, ""mu_log"": -0.5100056191955544, ""per_sample"": true, ""sigma_log"": 0.8355891712052166}",line,scratch,153,"{""angle_category"": ""horizontal"", ""length_ratio"": 1.0, ""n_particles"": 153, ""name"": ""wafer_particles.pattern.scratch"", ""offset_ratio"": 0.0, ""schema_version"": ""wafer_particles.pattern_config.v1"", ""wafer_radius_mm"": 150.0, ""width_ratio"": 0.01}",360
sample_000361,C03_Ring,gaussian,"{""max_um"": 1.0, ""mean_um"": 0.6905236764935356, ""min_um"": 0.01, ""per_sample"": true, ""std_um"": 0.06697950975173002}",,,167,"{""n_particles"": 167, ""name"": ""wafer_particles.pattern.C03_Ring"", ""radius_ratio"": 0.8670531268114428, ""schema_version"": ""wafer_particles.pattern_config.v1"", ""wafer_radius_mm"": 150.0, ""width_ratio"": 0.09116197831140865}",361
sample_000362,scratch_horizontal,lognormal,"{""max_um"": 1.0, ""min_um"": 0.01, ""mu_log"": -1.5276836876351956, ""per_sample"": true, ""sigma_log"": 0.8948788964377412}",line,scratch,197,"{""angle_category"": ""horizontal"", ""length_ratio"": 1.0, ""n_particles"": 197, ""name"": ""wafer_particles.pattern.scratch"", ""offset_ratio"": 0.0, ""schema_version"": ""wafer_particles.pattern_config.v1"", ""wafer_radius_mm"": 150.0, ""width_ratio"": 0.01}",362
sample_000363,C08_CurvedScratch,lognormal,"{""max_um"": 1.0, ""min_um"": 0.01, ""mu_log"": -2.4001051224542245, ""per_sample"": true, ""sigma_log"": 0.29819024163006147}",,,164,"{""angle_center_deg"": 0.0, ""angle_center_rad"": 0.5507996758785295, ""arc_radius_ratio"": 0.8175453153827967, ""n_particles"": 164, ""name"": ""wafer_particles.pattern.C08_CurvedScratch"", ""params"": {""arc_radius_norm"": 0.49811806029419453, ""span_rad"": 0.4265237895821642, ""width_norm"": 0.040362354441090854}, ""schema_version"": ""wafer_particles.pattern_config.v1"", ""span_deg"": 121.10179519994614, ""wafer_radius_mm"": 150.0, ""width_ratio"": 0.014438872744004218}",363
sample_000364,C03_Ring,weibull,"{""k"": 1.5228447202881303, ""lambda_um"": 0.1626755580951479, ""max_um"": 1.0, ""min_um"": 0.01, ""per_sample"": true}",,,124,"{""n_particles"": 124, ""name"": ""wafer_particles.pattern.C03_Ring"", ""radius_ratio"": 0.4355527022547771, ""schema_version"": ""wafer_particles.pattern_config.v1"", ""wafer_radius_mm"": 150.0, ""width_ratio"": 0.08131273985769077}",364
sample_000365,C03_Ring,weibull,"{""k"": 2.890082199027244, ""lambda_um"": 0.33040546123285697, ""max_um"": 1.0, ""min_um"": 0.01, ""per_sample"": true}",,,129,"{""n_particles"": 129, ""name"": ""wafer_particles.pattern.C03_Ring"", ""radius_ratio"": 0.6307740114860375, ""schema_version"": ""wafer_particles.pattern_config.v1"", ""wafer_radius_mm"": 150.0, ""width_ratio"": 0.06906629548295945}",365
sample_000366,C02_EdgeBiased,weibull,"{""k"": 0.9492988619753415, ""lambda_um"": 0.10502749585356819, ""max_um"": 1.0, ""min_um"": 0.01, ""per_sample"": true}",,,157,"{""edge_bias"": 2.0081781335889284, ""n_particles"": 157, ""name"": ""wafer_particles.pattern.C02_EdgeBiased"", ""schema_version"": ""wafer_particles.pattern_config.v1"", ""wafer_radius_mm"": 150.0}",366
sample_000367,C05_Sector_Internal,gaussian,"{""max_um"": 1.0, ""mean_um"": 0.6789525582297, ""min_um"": 0.01, ""per_sample"": true, ""std_um"": 0.08140469076565592}",,,44,"{""angle_center_rad"": 1.3269723107962728, ""angle_width_deg"": 110.13925230561611, ""edge_margin_norm"": 0.05, ""n_particles"": 44, ""name"": ""wafer_particles.pattern.C05_Sector_Internal"", ""r_inner_ratio"": 0.3775967726698456, ""r_outer_ratio"": 0.6900600262986734, ""radial_beta_alpha"": 2.588936269302017, ""radial_beta_beta"": 1.7481372148157253, ""schema_version"": ""wafer_particles.pattern_config.v1"", ""theta_vonmises_kappa"": 5.925831691246707, ""wafer_radius_mm"": 150.0}",367
sample_000368,C07_StraightLine,pareto,"{""alpha"": 2.7531455272500485, ""max_um"": 1.0, ""min_um"": 0.01, ""per_sample"": true, ""xm_um"": 0.18854875861079906}",,,156,"{""angle_deg"": 28.33472920670629, ""n_particles"": 156, ""name"": ""wafer_particles.pattern.C07_StraightLine"", ""offset_ratio"": 0.027845001115725798, ""params"": {""segment_half_length_norm"": 0.2880610604176852, ""width_norm"": 0.058718734175490395}, ""schema_version"": ""wafer_particles.pattern_config.v1"", ""segment_half_length_ratio"": 0.5148678204815558, ""wafer_radius_mm"": 150.0, ""width_ratio"": 0.025759569587164837}",368
sample_000369,C08_CurvedScratch,weibull,"{""k"": 0.7833231092672003, ""lambda_um"": 0.09005225368319801, ""max_um"": 1.0, ""min_um"": 0.01, ""per_sample"": true}",,,169,"{""angle_center_deg"": 0.0, ""angle_center_rad"": 2.9910948294612485, ""arc_radius_ratio"": 0.7565915780467154, ""n_particles"": 169, ""name"": ""wafer_particles.pattern.C08_CurvedScratch"", ""params"": {""arc_radius_norm"": 0.6277241224401171, ""span_rad"": 0.7497179848252842, ""width_norm"": 0.04389425075616826}, ""schema_version"": ""wafer_particles.pattern_config.v1"", ""span_deg"": 68.5956995551109, ""wafer_radius_mm"": 150.0, ""width_ratio"": 0.04759660335160405}",369
sample_000370,C02_EdgeBiased,lognormal,"{""max_um"": 1.0, ""min_um"": 0.01, ""mu_log"": -0.24179847565572343, ""per_sample"": true, ""sigma_log"": 0.4537699345750921}",,,102,"{""edge_bias"": 1.6989476599613818, ""n_particles"": 102, ""name"": ""wafer_particles.pattern.C02_EdgeBiased"", ""schema_version"": ""wafer_particles.pattern_config.v1"", ""wafer_radius_mm"": 150.0}",370
sample_000371,C05_Sector_Internal,weibull,"{""k"": 0.7504184288786067, ""lambda_um"": 0.3882771138219039, ""max_um"": 1.0, ""min_um"": 0.01, ""per_sample"": true}",,,17,"{""angle_center_rad"": 5.071188869093569, ""angle_width_deg"": 86.48382347615438, ""edge_margin_norm"": 0.05, ""n_particles"": 17, ""name"": ""wafer_particles.pattern.C05_Sector_Internal"", ""r_inner_ratio"": 0.17178854948529526, ""r_outer_ratio"": 0.7449815268048591, ""radial_beta_alpha"": 2.3604754419480134, ""radial_beta_beta"": 1.745328617783786, ""schema_version"": ""wafer_particles.pattern_config.v1"", ""theta_vonmises_kappa"": 7.740680920905216, ""wafer_radius_mm"": 150.0}",371
sample_000372,C11_Hotspot_Elliptic,gaussian,"{""max_um"": 1.0, ""mean_um"": 0.3226587269160951, ""min_um"": 0.01, ""per_sample"": true, ""std_um"": 0.052696601248985744}",,,26,"{""center_angle"": ""random"", ""center_angle_rad"": 5.7046548306415685, ""center_radius_ratio"": 0.29457152164069267, ""mode"": ""random"", ""n_particles"": 26, ""name"": ""wafer_particles.pattern.C11_Hotspot_Elliptic"", ""rotation_deg"": 30.0, ""rotation_rad"": 2.4149295337201098, ""schema_version"": ""wafer_particles.pattern_config.v1"", ""sigma_x_ratio"": 0.06643317734748855, ""sigma_y_ratio"": 0.06915595800335679, ""wafer_radius_mm"": 150.0}",372
sample_000373,C05_Sector_Internal,weibull,"{""k"": 2.2012614630970937, ""lambda_um"": 0.32292300756952397, ""max_um"": 1.0, ""min_um"": 0.01, ""per_sample"": true}",,,115,"{""angle_center_rad"": 2.1933963427081613, ""angle_width_deg"": 55.63274376844019, ""edge_margin_norm"": 0.05, ""n_particles"": 115, ""name"": ""wafer_particles.pattern.C05_Sector_Internal"", ""r_inner_ratio"": 0.3264293700431281, ""r_outer_ratio"": 0.5009184990340815, ""radial_beta_alpha"": 3.5222834667722207, ""radial_beta_beta"": 3.4665852825396852, ""schema_version"": ""wafer_particles.pattern_config.v1"", ""theta_vonmises_kappa"": 2.659502405475265, ""wafer_radius_mm"": 150.0}",373
sample_000374,C03_Ring,pareto,"{""alpha"": 2.763662552259093, ""max_um"": 1.0, ""min_um"": 0.01, ""per_sample"": true, ""xm_um"": 0.19118360014406754}",,,133,"{""n_particles"": 133, ""name"": ""wafer_particles.pattern.C03_Ring"", ""radius_ratio"": 0.46146024152569254, ""schema_version"": ""wafer_particles.pattern_config.v1"", ""wafer_radius_mm"": 150.0, ""width_ratio"": 0.09282076339992515}",374
sample_000375,C04_Sector_Edge,weibull,"{""k"": 1.8514511735179813, ""lambda_um"": 0.03833455561402326, ""max_um"": 1.0, ""min_um"": 0.01, ""per_sample"": true}",,,121,"{""angle_center_rad"": 6.23280286246783, ""angle_width_deg"": 48.75494633471264, ""edge_width_ratio"": 0.20056058329155535, ""n_particles"": 121, ""name"": ""wafer_particles.pattern.C04_Sector_Edge"", ""radial_beta_alpha"": 3.6411265291865513, ""radial_beta_beta"": 1.5083100055745549, ""schema_version"": ""wafer_particles.pattern_config.v1"", ""side"": ""right"", ""theta_vonmises_kappa"": 4.256382569750554, ""wafer_radius_mm"": 150.0}",375
sample_000376,C08_CurvedScratch,pareto,"{""alpha"": 3.5050268104365845, ""max_um"": 1.0, ""min_um"": 0.01, ""per_sample"": true, ""xm_um"": 0.06820847095632813}",,,132,"{""angle_center_deg"": 0.0, ""angle_center_rad"": 0.28180023827745915, ""arc_radius_ratio"": 0.4391811208251474, ""n_particles"": 132, ""name"": ""wafer_particles.pattern.C08_CurvedScratch"", ""params"": {""arc_radius_norm"": 0.8190198642144213, ""span_rad"": 0.6890016446918967, ""width_norm"": 0.04413427376609517}, ""schema_version"": ""wafer_particles.pattern_config.v1"", ""span_deg"": 44.929305503586804, ""wafer_radius_mm"": 150.0, ""width_ratio"": 0.04637554808626227}",376
sample_000377,C05_Sector_Internal,lognormal,"{""max_um"": 1.0, ""min_um"": 0.01, ""mu_log"": -1.1356754535190796, ""per_sample"": true, ""sigma_log"": 0.545909229642499}",,,70,"{""angle_center_rad"": 4.150464874231524, ""angle_width_deg"": 51.15732860602027, ""edge_margin_norm"": 0.05, ""n_particles"": 70, ""name"": ""wafer_particles.pattern.C05_Sector_Internal"", ""r_inner_ratio"": 0.19590089152889023, ""r_outer_ratio"": 0.6398750717285439, ""radial_beta_alpha"": 2.539794641797374, ""radial_beta_beta"": 2.584525264564167, ""schema_version"": ""wafer_particles.pattern_config.v1"", ""theta_vonmises_kappa"": 6.441251644039363, ""wafer_radius_mm"": 150.0}",377
sample_000378,C01_Uniform,gaussian,"{""max_um"": 1.0, ""mean_um"": 0.4633479543802862, ""min_um"": 0.01, ""per_sample"": true, ""std_um"": 0.06533376471501123}",,,198,"{""n_particles"": 198, ""name"": ""wafer_particles.pattern.C01_Uniform"", ""schema_version"": ""wafer_particles.pattern_config.v1"", ""wafer_radius_mm"": 150.0}",378
sample_000379,C11_Hotspot_Elliptic,pareto,"{""alpha"": 2.693550998111895, ""max_um"": 1.0, ""min_um"": 0.01, ""per_sample"": true, ""xm_um"": 0.20758840469466866}",,,33,"{""center_angle"": ""random"", ""center_angle_rad"": 2.9965539659608442, ""center_radius_ratio"": 0.0779403770261622, ""mode"": ""random"", ""n_particles"": 33, ""name"": ""wafer_particles.pattern.C11_Hotspot_Elliptic"", ""rotation_deg"": 30.0, ""rotation_rad"": 3.269872119524159, ""schema_version"": ""wafer_particles.pattern_config.v1"", ""sigma_x_ratio"": 0.09120294634020634, ""sigma_y_ratio"": 0.050449207569285316, ""wafer_radius_mm"": 150.0}",379
sample_000380,C03_Ring,lognormal,"{""max_um"": 1.0, ""min_um"": 0.01, ""mu_log"": -1.683349517576569, ""per_sample"": true, ""sigma_log"": 0.7028201190115564}",,,165,"{""n_particles"": 165, ""name"": ""wafer_particles.pattern.C03_Ring"", ""radius_ratio"": 0.41183057191807654, ""schema_version"": ""wafer_particles.pattern_config.v1"", ""wafer_radius_mm"": 150.0, ""width_ratio"": 0.046328742367889045}",380
sample_000381,ring_narrow,weibull,"{""k"": 1.0220846890374204, ""lambda_um"": 0.3983719033560653, ""max_um"": 1.0, ""min_um"": 0.01, ""per_sample"": true}",ring,ring,161,"{""n_particles"": 161, ""name"": ""wafer_particles.pattern.ring_narrow"", ""radius_ratio"": 0.7, ""schema_version"": ""wafer_particles.pattern_config.v1"", ""wafer_radius_mm"": 150.0, ""width_ratio"": 0.03}",381
sample_000382,C09_Spiral,weibull,"{""k"": 2.0056413086951896, ""lambda_um"": 0.4615061298238007, ""max_um"": 1.0, ""min_um"": 0.01, ""per_sample"": true}",,,31,"{""end_r_ratio"": 0.8488880571975265, ""n_particles"": 31, ""name"": ""wafer_particles.pattern.C09_Spiral"", ""params"": {""theta_max"": 15.595783525487903, ""width_norm"": 0.01470742965646556}, ""schema_version"": ""wafer_particles.pattern_config.v1"", ""start_r_ratio"": 0.17738917252885075, ""theta_max"": 10.574233910052113, ""wafer_radius_mm"": 150.0, ""width_ratio"": 0.022473719890980036}",382
sample_000383,C08_CurvedScratch,gaussian,"{""max_um"": 1.0, ""mean_um"": 0.7488049612655, ""min_um"": 0.01, ""per_sample"": true, ""std_um"": 0.05285353477741789}",,,192,"{""angle_center_deg"": 0.0, ""angle_center_rad"": 3.1674298116781254, ""arc_radius_ratio"": 0.8360980702346427, ""n_particles"": 192, ""name"": ""wafer_particles.pattern.C08_CurvedScratch"", ""params"": {""arc_radius_norm"": 0.5376107301425779, ""span_rad"": 0.4650419116350036, ""width_norm"": 0.04643551752241362}, ""schema_version"": ""wafer_particles.pattern_config.v1"", ""span_deg"": 119.55242478677131, ""wafer_radius_mm"": 150.0, ""width_ratio"": 0.03509985093263492}",383
sample_000384,C06_RadialLines,pareto,"{""alpha"": 2.852669703069253, ""max_um"": 1.0, ""min_um"": 0.01, ""per_sample"": true, ""xm_um"": 0.10856860264795733}",,,188,"{""angular_jitter_deg"": 4.3832207952946005, ""n_lines"": 6, ""n_particles"": 188, ""name"": ""wafer_particles.pattern.C06_RadialLines"", ""params"": {""n_lines"": 8.0, ""r_max_norm"": 0.7910437032113651, ""r_min_norm"": 0.137398235700287, ""sigma_perp_norm"": 0.011929553671750609}, ""r_max_ratio"": 0.7223701874059032, ""r_min_ratio"": 0.1109809669772884, ""schema_version"": ""wafer_particles.pattern_config.v1"", ""sigma_perp_ratio"": 0.012249562747986418, ""wafer_radius_mm"": 150.0}",384
sample_000385,C04_Sector_Edge,gaussian,"{""max_um"": 1.0, ""mean_um"": 0.7576027578207911, ""min_um"": 0.01, ""per_sample"": true, ""std_um"": 0.058501132703364545}",,,198,"{""angle_center_rad"": 3.249599106147367, ""angle_width_deg"": 42.01122345219661, ""edge_width_ratio"": 0.24546763318633924, ""n_particles"": 198, ""name"": ""wafer_particles.pattern.C04_Sector_Edge"", ""radial_beta_alpha"": 2.2464711628501197, ""radial_beta_beta"": 2.5477396113883053, ""schema_version"": ""wafer_particles.pattern_config.v1"", ""side"": ""right"", ""theta_vonmises_kappa"": 5.119327525077659, ""wafer_radius_mm"": 150.0}",385
sample_000386,C02_EdgeBiased,lognormal,"{""max_um"": 1.0, ""min_um"": 0.01, ""mu_log"": -3.752808095732781, ""per_sample"": true, ""sigma_log"": 0.43902509025991565}",,,52,"{""edge_bias"": 1.6930565020963664, ""n_particles"": 52, ""name"": ""wafer_particles.pattern.C02_EdgeBiased"", ""schema_version"": ""wafer_particles.pattern_config.v1"", ""wafer_radius_mm"": 150.0}",386
sample_000387,C04_Sector_Edge,gaussian,"{""max_um"": 1.0, ""mean_um"": 0.1634088338554775, ""min_um"": 0.01, ""per_sample"": true, ""std_um"": 0.08107858618154597}",,,164,"{""angle_center_rad"": 0.9125066702155191, ""angle_width_deg"": 82.40058117737316, ""edge_width_ratio"": 0.19349808949377972, ""n_particles"": 164, ""name"": ""wafer_particles.pattern.C04_Sector_Edge"", ""radial_beta_alpha"": 3.2984381224374717, ""radial_beta_beta"": 1.1510711859698843, ""schema_version"": ""wafer_particles.pattern_config.v1"", ""side"": ""right"", ""theta_vonmises_kappa"": 7.296463071049767, ""wafer_radius_mm"": 150.0}",387
sample_000388,C03_Ring,weibull,"{""k"": 1.7945840525886674, ""lambda_um"": 0.2554024805529067, ""max_um"": 1.0, ""min_um"": 0.01, ""per_sample"": true}",,,50,"{""n_particles"": 50, ""name"": ""wafer_particles.pattern.C03_Ring"", ""radius_ratio"": 0.4256910344198783, ""schema_version"": ""wafer_particles.pattern_config.v1"", ""wafer_radius_mm"": 150.0, ""width_ratio"": 0.03920878141862601}",388
sample_000389,C09_Spiral,gaussian,"{""max_um"": 1.0, ""mean_um"": 0.7588734998517273, ""min_um"": 0.01, ""per_sample"": true, ""std_um"": 0.04662712031738998}",,,28,"{""end_r_ratio"": 0.8106723024841487, ""n_particles"": 28, ""name"": ""wafer_particles.pattern.C09_Spiral"", ""params"": {""theta_max"": 13.260143201105596, ""width_norm"": 0.04193766369081585}, ""schema_version"": ""wafer_particles.pattern_config.v1"", ""start_r_ratio"": 0.0056794969466477324, ""theta_max"": 13.442326593316832, ""wafer_radius_mm"": 150.0, ""width_ratio"": 0.01399781862094637}",389
sample_000390,C09_Spiral,lognormal,"{""max_um"": 1.0, ""min_um"": 0.01, ""mu_log"": -0.2512455466389665, ""per_sample"": true, ""sigma_log"": 0.42517232985310016}",,,167,"{""end_r_ratio"": 0.7340871921480416, ""n_particles"": 167, ""name"": ""wafer_particles.pattern.C09_Spiral"", ""params"": {""theta_max"": 19.872965136189855, ""width_norm"": 0.04741747475273344}, ""schema_version"": ""wafer_particles.pattern_config.v1"", ""start_r_ratio"": 0.13912841756025784, ""theta_max"": 7.607344328688809, ""wafer_radius_mm"": 150.0, ""width_ratio"": 0.03998987235759041}",390
sample_000391,C07_StraightLine,weibull,"{""k"": 1.9899251902926538, ""lambda_um"": 0.4395720040600163, ""max_um"": 1.0, ""min_um"": 0.01, ""per_sample"": true}",,,134,"{""angle_deg"": 129.73140262355798, ""n_particles"": 134, ""name"": ""wafer_particles.pattern.C07_StraightLine"", ""offset_ratio"": -0.023734354250830092, ""params"": {""segment_half_length_norm"": 0.3273805910892695, ""width_norm"": 0.048745630694629165}, ""schema_version"": ""wafer_particles.pattern_config.v1"", ""segment_half_length_ratio"": 0.5010594321806294, ""wafer_radius_mm"": 150.0, ""width_ratio"": 0.021768784333102923}",391
sample_000392,ring_wide,lognormal,"{""max_um"": 1.0, ""min_um"": 0.01, ""mu_log"": -2.197663156280428, ""per_sample"": true, ""sigma_log"": 0.8328616734289513}",ring,ring,95,"{""n_particles"": 95, ""name"": ""wafer_particles.pattern.ring_wide"", ""radius_ratio"": 0.6, ""schema_version"": ""wafer_particles.pattern_config.v1"", ""wafer_radius_mm"": 150.0, ""width_ratio"": 0.15}",392
sample_000393,C06_RadialLines,gaussian,"{""max_um"": 1.0, ""mean_um"": 0.3298906333594845, ""min_um"": 0.01, ""per_sample"": true, ""std_um"": 0.09647179638926646}",,,97,"{""angular_jitter_deg"": 4.017906279002655, ""n_lines"": 4, ""n_particles"": 97, ""name"": ""wafer_particles.pattern.C06_RadialLines"", ""params"": {""n_lines"": 6.0, ""r_max_norm"": 0.8622431808387626, ""r_min_norm"": 0.15217627717437915, ""sigma_perp_norm"": 0.033854927923809036}, ""r_max_ratio"": 0.6042833132244547, ""r_min_ratio"": 0.20995391401061345, ""schema_version"": ""wafer_particles.pattern_config.v1"", ""sigma_perp_ratio"": 0.014836859692796203, ""wafer_radius_mm"": 150.0}",393
sample_000394,C01_Uniform,gaussian,"{""max_um"": 1.0, ""mean_um"": 0.7915300526290537, ""min_um"": 0.01, ""per_sample"": true, ""std_um"": 0.021327816909967573}",,,12,"{""n_particles"": 12, ""name"": ""wafer_particles.pattern.C01_Uniform"", ""schema_version"": ""wafer_particles.pattern_config.v1"", ""wafer_radius_mm"": 150.0}",394
sample_000395,scratch_horizontal,weibull,"{""k"": 1.7944595150600742, ""lambda_um"": 0.45429230610170185, ""max_um"": 1.0, ""min_um"": 0.01, ""per_sample"": true}",line,scratch,29,"{""angle_category"": ""horizontal"", ""length_ratio"": 1.0, ""n_particles"": 29, ""name"": ""wafer_particles.pattern.scratch"", ""offset_ratio"": 0.0, ""schema_version"": ""wafer_particles.pattern_config.v1"", ""wafer_radius_mm"": 150.0, ""width_ratio"": 0.01}",395
sample_000396,C02_EdgeBiased,lognormal,"{""max_um"": 1.0, ""min_um"": 0.01, ""mu_log"": -1.0802575320120122, ""per_sample"": true, ""sigma_log"": 0.7831800042986115}",,,89,"{""edge_bias"": 1.2345929459583758, ""n_particles"": 89, ""name"": ""wafer_particles.pattern.C02_EdgeBiased"", ""schema_version"": ""wafer_particles.pattern_config.v1"", ""wafer_radius_mm"": 150.0}",396
sample_000397,C01_Uniform,lognormal,"{""max_um"": 1.0, ""min_um"": 0.01, ""mu_log"": -0.3251570132092194, ""per_sample"": true, ""sigma_log"": 0.8439468036075926}",,,26,"{""n_particles"": 26, ""name"": ""wafer_particles.pattern.C01_Uniform"", ""schema_version"": ""wafer_particles.pattern_config.v1"", ""wafer_radius_mm"": 150.0}",397
sample_000398,C02_EdgeBiased,gaussian,"{""max_um"": 1.0, ""mean_um"": 0.6034754537714194, ""min_um"": 0.01, ""per_sample"": true, ""std_um"": 0.05809990271989214}",,,104,"{""edge_bias"": 1.435826002358842, ""n_particles"": 104, ""name"": ""wafer_particles.pattern.C02_EdgeBiased"", ""schema_version"": ""wafer_particles.pattern_config.v1"", ""wafer_radius_mm"": 150.0}",398
sample_000399,C01_Uniform,weibull,"{""k"": 2.254414997685437, ""lambda_um"": 0.02677538113318935, ""max_um"": 1.0, ""min_um"": 0.01, ""per_sample"": true}",,,61,"{""n_particles"": 61, ""name"": ""wafer_particles.pattern.C01_Uniform"", ""schema_version"": ""wafer_particles.pattern_config.v1"", ""wafer_radius_mm"": 150.0}",399
sample_000400,C03_Ring,weibull,"{""k"": 2.3267736859866446, ""lambda_um"": 0.30870232687723986, ""max_um"": 1.0, ""min_um"": 0.01, ""per_sample"": true}",,,47,"{""n_particles"": 47, ""name"": ""wafer_particles.pattern.C03_Ring"", ""radius_ratio"": 0.8525941270492668, ""schema_version"": ""wafer_particles.pattern_config.v1"", ""wafer_radius_mm"": 150.0, ""width_ratio"": 0.11757187786864118}",400
sample_000401,C05_Sector_Internal,weibull,"{""k"": 2.90061624796713, ""lambda_um"": 0.1482833463235385, ""max_um"": 1.0, ""min_um"": 0.01, ""per_sample"": true}",,,17,"{""angle_center_rad"": 4.311328754823569, ""angle_width_deg"": 69.91231864740098, ""edge_margin_norm"": 0.05, ""n_particles"": 17, ""name"": ""wafer_particles.pattern.C05_Sector_Internal"", ""r_inner_ratio"": 0.10890714772364966, ""r_outer_ratio"": 0.6566352402387263, ""radial_beta_alpha"": 2.0911949724538954, ""radial_beta_beta"": 2.8104535706872023, ""schema_version"": ""wafer_particles.pattern_config.v1"", ""theta_vonmises_kappa"": 3.1044842234321046, ""wafer_radius_mm"": 150.0}",401
sample_000402,C09_Spiral,lognormal,"{""max_um"": 1.0, ""min_um"": 0.01, ""mu_log"": -2.938458550720812, ""per_sample"": true, ""sigma_log"": 0.6528346376756853}",,,15,"{""end_r_ratio"": 0.7009248512337415, ""n_particles"": 15, ""name"": ""wafer_particles.pattern.C09_Spiral"", ""params"": {""theta_max"": 28.72544232555104, ""width_norm"": 0.04350865019277561}, ""schema_version"": ""wafer_particles.pattern_config.v1"", ""start_r_ratio"": 0.04136990342052422, ""theta_max"": 18.087435861295553, ""wafer_radius_mm"": 150.0, ""width_ratio"": 0.030225496651222747}",402
sample_000403,C04_Sector_Edge,weibull,"{""k"": 1.8354754906954305, ""lambda_um"": 0.26515846327826265, ""max_um"": 1.0, ""min_um"": 0.01, ""per_sample"": true}",,,82,"{""angle_center_rad"": 4.500277984600579, ""angle_width_deg"": 61.281345941225624, ""edge_width_ratio"": 0.179880957505184, ""n_particles"": 82, ""name"": ""wafer_particles.pattern.C04_Sector_Edge"", ""radial_beta_alpha"": 2.433639266129428, ""radial_beta_beta"": 1.1121508722803748, ""schema_version"": ""wafer_particles.pattern_config.v1"", ""side"": ""right"", ""theta_vonmises_kappa"": 7.360379599497069, ""wafer_radius_mm"": 150.0}",403
sample_000404,C07_StraightLine,lognormal,"{""max_um"": 1.0, ""min_um"": 0.01, ""mu_log"": -0.637783271531442, ""per_sample"": true, ""sigma_log"": 0.6487572279423801}",,,128,"{""angle_deg"": 102.42291512863058, ""n_particles"": 128, ""name"": ""wafer_particles.pattern.C07_StraightLine"", ""offset_ratio"": -0.17684933623807103, ""params"": {""segment_half_length_norm"": 0.2705532838163346, ""width_norm"": 0.06356978799681923}, ""schema_version"": ""wafer_particles.pattern_config.v1"", ""segment_half_length_ratio"": 0.7996240277574549, ""wafer_radius_mm"": 150.0, ""width_ratio"": 0.023757590162332805}",404
sample_000405,C06_RadialLines,lognormal,"{""max_um"": 1.0, ""min_um"": 0.01, ""mu_log"": -1.2198524437267904, ""per_sample"": true, ""sigma_log"": 0.3823780301032421}",,,159,"{""angular_jitter_deg"": 3.741697449729955, ""n_lines"": 8, ""n_particles"": 159, ""name"": ""wafer_particles.pattern.C06_RadialLines"", ""params"": {""n_lines"": 5.0, ""r_max_norm"": 0.7098482225378968, ""r_min_norm"": 0.2274904716779741, ""sigma_perp_norm"": 0.03900669763453361}, ""r_max_ratio"": 0.7215365757694674, ""r_min_ratio"": 0.07826670020134288, ""schema_version"": ""wafer_particles.pattern_config.v1"", ""sigma_perp_ratio"": 0.006914128271494543, ""wafer_radius_mm"": 150.0}",405
sample_000406,C01_Uniform,lognormal,"{""max_um"": 1.0, ""min_um"": 0.01, ""mu_log"": -1.1947380081532466, ""per_sample"": true, ""sigma_log"": 0.33252707973471096}",,,76,"{""n_particles"": 76, ""name"": ""wafer_particles.pattern.C01_Uniform"", ""schema_version"": ""wafer_particles.pattern_config.v1"", ""wafer_radius_mm"": 150.0}",406
sample_000407,C09_Spiral,lognormal,"{""max_um"": 1.0, ""min_um"": 0.01, ""mu_log"": -3.732084020498607, ""per_sample"": true, ""sigma_log"": 0.6125719604596191}",,,88,"{""end_r_ratio"": 0.9034029568862834, ""n_particles"": 88, ""name"": ""wafer_particles.pattern.C09_Spiral"", ""params"": {""theta_max"": 13.843993151303234, ""width_norm"": 0.03830252915533977}, ""schema_version"": ""wafer_particles.pattern_config.v1"", ""start_r_ratio"": 0.059419129702635805, ""theta_max"": 18.801203601298333, ""wafer_radius_mm"": 150.0, ""width_ratio"": 0.008370400692860012}",407
sample_000408,C05_Sector_Internal,lognormal,"{""max_um"": 1.0, ""min_um"": 0.01, ""mu_log"": -0.70330534873028, ""per_sample"": true, ""sigma_log"": 0.6969751878277121}",,,100,"{""angle_center_rad"": 1.0523835058949078, ""angle_width_deg"": 71.9022719311734, ""edge_margin_norm"": 0.05, ""n_particles"": 100, ""name"": ""wafer_particles.pattern.C05_Sector_Internal"", ""r_inner_ratio"": 0.11949578108699764, ""r_outer_ratio"": 0.6465763257837623, ""radial_beta_alpha"": 3.194060212428645, ""radial_beta_beta"": 2.6890955981839957, ""schema_version"": ""wafer_particles.pattern_config.v1"", ""theta_vonmises_kappa"": 6.147626456936324, ""wafer_radius_mm"": 150.0}",408
sample_000409,C03_Ring,gaussian,"{""max_um"": 1.0, ""mean_um"": 0.7967245818936658, ""min_um"": 0.01, ""per_sample"": true, ""std_um"": 0.03692847983020922}",,,117,"{""n_particles"": 117, ""name"": ""wafer_particles.pattern.C03_Ring"", ""radius_ratio"": 0.8576958064027898, ""schema_version"": ""wafer_particles.pattern_config.v1"", ""wafer_radius_mm"": 150.0, ""width_ratio"": 0.14552803897761066}",409
sample_000410,C03_Ring,gaussian,"{""max_um"": 1.0, ""mean_um"": 0.37629977418875943, ""min_um"": 0.01, ""per_sample"": true, ""std_um"": 0.08152854840600862}",,,63,"{""n_particles"": 63, ""name"": ""wafer_particles.pattern.C03_Ring"", ""radius_ratio"": 0.7804444049540843, ""schema_version"": ""wafer_particles.pattern_config.v1"", ""wafer_radius_mm"": 150.0, ""width_ratio"": 0.09605637944084511}",410
sample_000411,C03_Ring,weibull,"{""k"": 2.828185218319022, ""lambda_um"": 0.13507358555957202, ""max_um"": 1.0, ""min_um"": 0.01, ""per_sample"": true}",,,137,"{""n_particles"": 137, ""name"": ""wafer_particles.pattern.C03_Ring"", ""radius_ratio"": 0.8645719457216408, ""schema_version"": ""wafer_particles.pattern_config.v1"", ""wafer_radius_mm"": 150.0, ""width_ratio"": 0.15546897813300056}",411
sample_000412,C03_Ring,gaussian,"{""max_um"": 1.0, ""mean_um"": 0.6458454522897188, ""min_um"": 0.01, ""per_sample"": true, ""std_um"": 0.055747752476179}",,,62,"{""n_particles"": 62, ""name"": ""wafer_particles.pattern.C03_Ring"", ""radius_ratio"": 0.4044161692473027, ""schema_version"": ""wafer_particles.pattern_config.v1"", ""wafer_radius_mm"": 150.0, ""width_ratio"": 0.1613107332038455}",412
sample_000413,C07_StraightLine,gaussian,"{""max_um"": 1.0, ""mean_um"": 0.723932683461375, ""min_um"": 0.01, ""per_sample"": true, ""std_um"": 0.05128810504370096}",,,86,"{""angle_deg"": 174.36096962250755, ""n_particles"": 86, ""name"": ""wafer_particles.pattern.C07_StraightLine"", ""offset_ratio"": 0.2702723355952336, ""params"": {""segment_half_length_norm"": 0.23096781906199587, ""width_norm"": 0.036927027021928086}, ""schema_version"": ""wafer_particles.pattern_config.v1"", ""segment_half_length_ratio"": 0.8933345352894431, ""wafer_radius_mm"": 150.0, ""width_ratio"": 0.009251499781830926}",413
sample_000414,C11_Hotspot_Elliptic,weibull,"{""k"": 2.2468313835478675, ""lambda_um"": 0.1283792065847266, ""max_um"": 1.0, ""min_um"": 0.01, ""per_sample"": true}",,,77,"{""center_angle"": ""random"", ""center_angle_rad"": 0.23078771060882128, ""center_radius_ratio"": 0.7888070158118491, ""mode"": ""random"", ""n_particles"": 77, ""name"": ""wafer_particles.pattern.C11_Hotspot_Elliptic"", ""rotation_deg"": 30.0, ""rotation_rad"": 5.8833150462783195, ""schema_version"": ""wafer_particles.pattern_config.v1"", ""sigma_x_ratio"": 0.05691563589962413, ""sigma_y_ratio"": 0.05094134557781857, ""wafer_radius_mm"": 150.0}",414
sample_000415,radial_lines,gaussian,"{""max_um"": 1.0, ""mean_um"": 0.36129093688622693, ""min_um"": 0.01, ""per_sample"": true, ""std_um"": 0.03998911817407198}",line,radial_lines,173,"{""angular_jitter_deg"": 2.0, ""n_lines"": 6, ""n_particles"": 173, ""name"": ""wafer_particles.pattern.radial_lines"", ""r_max_ratio"": 1.0, ""r_min_ratio"": 0.0, ""schema_version"": ""wafer_particles.pattern_config.v1"", ""wafer_radius_mm"": 150.0}",415
sample_000416,C05_Sector_Internal,gaussian,"{""max_um"": 1.0, ""mean_um"": 0.44369984314651467, ""min_um"": 0.01, ""per_sample"": true, ""std_um"": 0.03970672271642896}",,,104,"{""angle_center_rad"": 2.293525293128889, ""angle_width_deg"": 46.60581157177639, ""edge_margin_norm"": 0.05, ""n_particles"": 104, ""name"": ""wafer_particles.pattern.C05_Sector_Internal"", ""r_inner_ratio"": 0.3461618274174385, ""r_outer_ratio"": 0.7769427710777905, ""radial_beta_alpha"": 2.7689292125021745, ""radial_beta_beta"": 3.274687665692178, ""schema_version"": ""wafer_particles.pattern_config.v1"", ""theta_vonmises_kappa"": 0.29728286318613034, ""wafer_radius_mm"": 150.0}",416
sample_000417,C01_Uniform,gaussian,"{""max_um"": 1.0, ""mean_um"": 0.24276270862965127, ""min_um"": 0.01, ""per_sample"": true, ""std_um"": 0.02913297497342833}",,,160,"{""n_particles"": 160, ""name"": ""wafer_particles.pattern.C01_Uniform"", ""schema_version"": ""wafer_particles.pattern_config.v1"", ""wafer_radius_mm"": 150.0}",417
sample_000418,C09_Spiral,lognormal,"{""max_um"": 1.0, ""min_um"": 0.01, ""mu_log"": -2.268004873037277, ""per_sample"": true, ""sigma_log"": 0.48783250135542733}",,,127,"{""end_r_ratio"": 0.7224101238856375, ""n_particles"": 127, ""name"": ""wafer_particles.pattern.C09_Spiral"", ""params"": {""theta_max"": 24.260168914360527, ""width_norm"": 0.04970765281908993}, ""schema_version"": ""wafer_particles.pattern_config.v1"", ""start_r_ratio"": 0.004891600915711225, ""theta_max"": 9.191239217633207, ""wafer_radius_mm"": 150.0, ""width_ratio"": 0.01792461774044394}",418
sample_000419,C03_Ring,weibull,"{""k"": 2.760317320427461, ""lambda_um"": 0.19593820952804353, ""max_um"": 1.0, ""min_um"": 0.01, ""per_sample"": true}",,,45,"{""n_particles"": 45, ""name"": ""wafer_particles.pattern.C03_Ring"", ""radius_ratio"": 0.6347228758499304, ""schema_version"": ""wafer_particles.pattern_config.v1"", ""wafer_radius_mm"": 150.0, ""width_ratio"": 0.04910616897900672}",419
sample_000420,C04_Sector_Edge,weibull,"{""k"": 1.7696241940696866, ""lambda_um"": 0.24372302239460186, ""max_um"": 1.0, ""min_um"": 0.01, ""per_sample"": true}",,,45,"{""angle_center_rad"": 4.03702605010535, ""angle_width_deg"": 36.95514122061108, ""edge_width_ratio"": 0.19288170264137983, ""n_particles"": 45, ""name"": ""wafer_particles.pattern.C04_Sector_Edge"", ""radial_beta_alpha"": 1.893987792662732, ""radial_beta_beta"": 1.3164151062846747, ""schema_version"": ""wafer_particles.pattern_config.v1"", ""side"": ""right"", ""theta_vonmises_kappa"": 9.182587802558851, ""wafer_radius_mm"": 150.0}",420
sample_000421,C09_Spiral,gaussian,"{""max_um"": 1.0, ""mean_um"": 0.7458372922621342, ""min_um"": 0.01, ""per_sample"": true, ""std_um"": 0.0725026611875978}",,,110,"{""end_r_ratio"": 0.8152278428727675, ""n_particles"": 110, ""name"": ""wafer_particles.pattern.C09_Spiral"", ""params"": {""theta_max"": 28.91533443094439, ""width_norm"": 0.04687510449877689}, ""schema_version"": ""wafer_particles.pattern_config.v1"", ""start_r_ratio"": 0.07200377178236636, ""theta_max"": 8.55039173328975, ""wafer_radius_mm"": 150.0, ""width_ratio"": 0.020371020134227716}",421
sample_000422,C08_CurvedScratch,lognormal,"{""max_um"": 1.0, ""min_um"": 0.01, ""mu_log"": -1.386103558538864, ""per_sample"": true, ""sigma_log"": 0.8998019677947946}",,,123,"{""angle_center_deg"": 0.0, ""angle_center_rad"": 2.8073315714653138, ""arc_radius_ratio"": 0.6852104158332921, ""n_particles"": 123, ""name"": ""wafer_particles.pattern.C08_CurvedScratch"", ""params"": {""arc_radius_norm"": 0.7022662874477688, ""span_rad"": 0.5876910533517015, ""width_norm"": 0.06649889675330442}, ""schema_version"": ""wafer_particles.pattern_config.v1"", ""span_deg"": 69.24020034422253, ""wafer_radius_mm"": 150.0, ""width_ratio"": 0.058132456322670056}",422
sample_000423,C02_EdgeBiased,weibull,"{""k"": 1.1197917041960537, ""lambda_um"": 0.19943924228957507, ""max_um"": 1.0, ""min_um"": 0.01, ""per_sample"": true}",,,43,"{""edge_bias"": 2.0759644963082486, ""n_particles"": 43, ""name"": ""wafer_particles.pattern.C02_EdgeBiased"", ""schema_version"": ""wafer_particles.pattern_config.v1"", ""wafer_radius_mm"": 150.0}",423
sample_000424,C06_RadialLines,lognormal,"{""max_um"": 1.0, ""min_um"": 0.01, ""mu_log"": -2.6313186149251995, ""per_sample"": true, ""sigma_log"": 0.5599162962544814}",,,156,"{""angular_jitter_deg"": 2.494700530332208, ""n_lines"": 4, ""n_particles"": 156, ""name"": ""wafer_particles.pattern.C06_RadialLines"", ""params"": {""n_lines"": 5.0, ""r_max_norm"": 0.9358668136819988, ""r_min_norm"": 0.05771892874519091, ""sigma_perp_norm"": 0.06269237311382582}, ""r_max_ratio"": 0.9494681619390664, ""r_min_ratio"": 0.057724123485434174, ""schema_version"": ""wafer_particles.pattern_config.v1"", ""sigma_perp_ratio"": 0.023852534551063446, ""wafer_radius_mm"": 150.0}",424
sample_000425,C04_Sector_Edge,gaussian,"{""max_um"": 1.0, ""mean_um"": 0.5534965869318014, ""min_um"": 0.01, ""per_sample"": true, ""std_um"": 0.03819641065377699}",,,94,"{""angle_center_rad"": 3.8235784171986795, ""angle_width_deg"": 28.481975782407858, ""edge_width_ratio"": 0.1280322759499904, ""n_particles"": 94, ""name"": ""wafer_particles.pattern.C04_Sector_Edge"", ""radial_beta_alpha"": 2.6583006661329653, ""radial_beta_beta"": 1.898933509074502, ""schema_version"": ""wafer_particles.pattern_config.v1"", ""side"": ""right"", ""theta_vonmises_kappa"": 4.443945403464321, ""wafer_radius_mm"": 150.0}",425
sample_000426,ring_wide,weibull,"{""k"": 2.602791176515548, ""lambda_um"": 0.33679517615007576, ""max_um"": 1.0, ""min_um"": 0.01, ""per_sample"": true}",ring,ring,74,"{""n_particles"": 74, ""name"": ""wafer_particles.pattern.ring_wide"", ""radius_ratio"": 0.6, ""schema_version"": ""wafer_particles.pattern_config.v1"", ""wafer_radius_mm"": 150.0, ""width_ratio"": 0.15}",426
sample_000427,C05_Sector_Internal,lognormal,"{""max_um"": 1.0, ""min_um"": 0.01, ""mu_log"": -2.5819384074911405, ""per_sample"": true, ""sigma_log"": 0.4509367611007069}",,,44,"{""angle_center_rad"": 3.888602348271787, ""angle_width_deg"": 64.92518913926068, ""edge_margin_norm"": 0.05, ""n_particles"": 44, ""name"": ""wafer_particles.pattern.C05_Sector_Internal"", ""r_inner_ratio"": 0.24108709355934899, ""r_outer_ratio"": 0.7103321399935738, ""radial_beta_alpha"": 2.461618017863973, ""radial_beta_beta"": 1.5068412262531676, ""schema_version"": ""wafer_particles.pattern_config.v1"", ""theta_vonmises_kappa"": 7.345365948768318, ""wafer_radius_mm"": 150.0}",427
sample_000428,C02_EdgeBiased,weibull,"{""k"": 2.7145070807137284, ""lambda_um"": 0.07581350643270328, ""max_um"": 1.0, ""min_um"": 0.01, ""per_sample"": true}",,,19,"{""edge_bias"": 3.1252963616826617, ""n_particles"": 19, ""name"": ""wafer_particles.pattern.C02_EdgeBiased"", ""schema_version"": ""wafer_particles.pattern_config.v1"", ""wafer_radius_mm"": 150.0}",428
sample_000429,C06_RadialLines,weibull,"{""k"": 1.6385091906434979, ""lambda_um"": 0.10924442186871916, ""max_um"": 1.0, ""min_um"": 0.01, ""per_sample"": true}",,,157,"{""angular_jitter_deg"": 0.2503358976948905, ""n_lines"": 4, ""n_particles"": 157, ""name"": ""wafer_particles.pattern.C06_RadialLines"", ""params"": {""n_lines"": 5.0, ""r_max_norm"": 0.8203254317520521, ""r_min_norm"": 0.2533452808090788, ""sigma_perp_norm"": 0.06426254868960049}, ""r_max_ratio"": 0.6077059213704944, ""r_min_ratio"": 0.04834038536962931, ""schema_version"": ""wafer_particles.pattern_config.v1"", ""sigma_perp_ratio"": 0.016484055584206066, ""wafer_radius_mm"": 150.0}",429
sample_000430,C09_Spiral,lognormal,"{""max_um"": 1.0, ""min_um"": 0.01, ""mu_log"": -2.1541548002357, ""per_sample"": true, ""sigma_log"": 0.775110797932375}",,,111,"{""end_r_ratio"": 0.8528156782146441, ""n_particles"": 111, ""name"": ""wafer_particles.pattern.C09_Spiral"", ""params"": {""theta_max"": 25.067388101744385, ""width_norm"": 0.02533399068301649}, ""schema_version"": ""wafer_particles.pattern_config.v1"", ""start_r_ratio"": 0.07913801166376865, ""theta_max"": 7.750691141491172, ""wafer_radius_mm"": 150.0, ""width_ratio"": 0.010175842301905304}",430
sample_000431,C02_EdgeBiased,pareto,"{""alpha"": 3.546701878310576, ""max_um"": 1.0, ""min_um"": 0.01, ""per_sample"": true, ""xm_um"": 0.23424568098449394}",,,145,"{""edge_bias"": 3.9872729330187218, ""n_particles"": 145, ""name"": ""wafer_particles.pattern.C02_EdgeBiased"", ""schema_version"": ""wafer_particles.pattern_config.v1"", ""wafer_radius_mm"": 150.0}",431
sample_000432,ring_narrow,weibull,"{""k"": 2.0449528284668474, ""lambda_um"": 0.16917377603070644, ""max_um"": 1.0, ""min_um"": 0.01, ""per_sample"": true}",ring,ring,88,"{""n_particles"": 88, ""name"": ""wafer_particles.pattern.ring_narrow"", ""radius_ratio"": 0.7, ""schema_version"": ""wafer_particles.pattern_config.v1"", ""wafer_radius_mm"": 150.0, ""width_ratio"": 0.03}",432
sample_000433,C03_Ring,weibull,"{""k"": 1.1705392793607476, ""lambda_um"": 0.22807523001311356, ""max_um"": 1.0, ""min_um"": 0.01, ""per_sample"": true}",,,93,"{""n_particles"": 93, ""name"": ""wafer_particles.pattern.C03_Ring"", ""radius_ratio"": 0.8137942340795685, ""schema_version"": ""wafer_particles.pattern_config.v1"", ""wafer_radius_mm"": 150.0, ""width_ratio"": 0.12391901596955293}",433
sample_000434,C07_StraightLine,weibull,"{""k"": 1.1676046498570263, ""lambda_um"": 0.32865045639553686, ""max_um"": 1.0, ""min_um"": 0.01, ""per_sample"": true}",,,98,"{""angle_deg"": 149.7959211242405, ""n_particles"": 98, ""name"": ""wafer_particles.pattern.C07_StraightLine"", ""offset_ratio"": -0.10139243521688149, ""params"": {""segment_half_length_norm"": 0.04785224713230848, ""width_norm"": 0.05340493055951395}, ""schema_version"": ""wafer_particles.pattern_config.v1"", ""segment_half_length_ratio"": 0.6798884018175348, ""wafer_radius_mm"": 150.0, ""width_ratio"": 0.042938299137528016}",434
sample_000435,C08_CurvedScratch,weibull,"{""k"": 2.8288656537159325, ""lambda_um"": 0.3992021514723107, ""max_um"": 1.0, ""min_um"": 0.01, ""per_sample"": true}",,,189,"{""angle_center_deg"": 0.0, ""angle_center_rad"": 3.1693679029974513, ""arc_radius_ratio"": 0.6665360393146618, ""n_particles"": 189, ""name"": ""wafer_particles.pattern.C08_CurvedScratch"", ""params"": {""arc_radius_norm"": 0.5625337853573067, ""span_rad"": 0.2336548819009877, ""width_norm"": 0.06408559204263586}, ""schema_version"": ""wafer_particles.pattern_config.v1"", ""span_deg"": 146.9173135230078, ""wafer_radius_mm"": 150.0, ""width_ratio"": 0.014366565255334803}",435
sample_000436,C02_EdgeBiased,lognormal,"{""max_um"": 1.0, ""min_um"": 0.01, ""mu_log"": -1.7154046542432262, ""per_sample"": true, ""sigma_log"": 0.6886267686863927}",,,20,"{""edge_bias"": 1.3982902144518439, ""n_particles"": 20, ""name"": ""wafer_particles.pattern.C02_EdgeBiased"", ""schema_version"": ""wafer_particles.pattern_config.v1"", ""wafer_radius_mm"": 150.0}",436
sample_000437,C08_CurvedScratch,lognormal,"{""max_um"": 1.0, ""min_um"": 0.01, ""mu_log"": -1.6065299691452894, ""per_sample"": true, ""sigma_log"": 0.7061730190328934}",,,103,"{""angle_center_deg"": 0.0, ""angle_center_rad"": 6.026201429551733, ""arc_radius_ratio"": 0.5863179941289771, ""n_particles"": 103, ""name"": ""wafer_particles.pattern.C08_CurvedScratch"", ""params"": {""arc_radius_norm"": 0.5639705032493849, ""span_rad"": 0.7936208912490246, ""width_norm"": 0.034449326662580736}, ""schema_version"": ""wafer_particles.pattern_config.v1"", ""span_deg"": 126.71098082031874, ""wafer_radius_mm"": 150.0, ""width_ratio"": 0.044758221102757186}",437
sample_000438,C02_EdgeBiased,pareto,"{""alpha"": 2.0516604203518862, ""max_um"": 1.0, ""min_um"": 0.01, ""per_sample"": true, ""xm_um"": 0.2638137761183697}",,,165,"{""edge_bias"": 2.0206092135700264, ""n_particles"": 165, ""name"": ""wafer_particles.pattern.C02_EdgeBiased"", ""schema_version"": ""wafer_particles.pattern_config.v1"", ""wafer_radius_mm"": 150.0}",438
sample_000439,C03_Ring,gaussian,"{""max_um"": 1.0, ""mean_um"": 0.23097672976400874, ""min_um"": 0.01, ""per_sample"": true, ""std_um"": 0.07060702213704956}",,,37,"{""n_particles"": 37, ""name"": ""wafer_particles.pattern.C03_Ring"", ""radius_ratio"": 0.7207649231228681, ""schema_version"": ""wafer_particles.pattern_config.v1"", ""wafer_radius_mm"": 150.0, ""width_ratio"": 0.09791909504780814}",439
sample_000440,C02_EdgeBiased,weibull,"{""k"": 0.8248749746892586, ""lambda_um"": 0.4255722882989584, ""max_um"": 1.0, ""min_um"": 0.01, ""per_sample"": true}",,,32,"{""edge_bias"": 1.571523232202805, ""n_particles"": 32, ""name"": ""wafer_particles.pattern.C02_EdgeBiased"", ""schema_version"": ""wafer_particles.pattern_config.v1"", ""wafer_radius_mm"": 150.0}",440
sample_000441,C02_EdgeBiased,weibull,"{""k"": 2.867746559162608, ""lambda_um"": 0.4436983210139318, ""max_um"": 1.0, ""min_um"": 0.01, ""per_sample"": true}",,,32,"{""edge_bias"": 3.737222038263986, ""n_particles"": 32, ""name"": ""wafer_particles.pattern.C02_EdgeBiased"", ""schema_version"": ""wafer_particles.pattern_config.v1"", ""wafer_radius_mm"": 150.0}",441
sample_000442,C06_RadialLines,pareto,"{""alpha"": 3.9193826023183145, ""max_um"": 1.0, ""min_um"": 0.01, ""per_sample"": true, ""xm_um"": 0.2158285331812116}",,,70,"{""angular_jitter_deg"": 2.7806744782203445, ""n_lines"": 4, ""n_particles"": 70, ""name"": ""wafer_particles.pattern.C06_RadialLines"", ""params"": {""n_lines"": 4.0, ""r_max_norm"": 0.8437572234183217, ""r_min_norm"": 0.11891504605494162, ""sigma_perp_norm"": 0.05296835750790843}, ""r_max_ratio"": 0.6314715235795154, ""r_min_ratio"": 0.24173917151852464, ""schema_version"": ""wafer_particles.pattern_config.v1"", ""sigma_perp_ratio"": 0.012397728735723722, ""wafer_radius_mm"": 150.0}",442
sample_000443,C09_Spiral,pareto,"{""alpha"": 3.434536913510823, ""max_um"": 1.0, ""min_um"": 0.01, ""per_sample"": true, ""xm_um"": 0.23254420148442945}",,,193,"{""end_r_ratio"": 0.7676023877830416, ""n_particles"": 193, ""name"": ""wafer_particles.pattern.C09_Spiral"", ""params"": {""theta_max"": 14.58463025752236, ""width_norm"": 0.04729493651421888}, ""schema_version"": ""wafer_particles.pattern_config.v1"", ""start_r_ratio"": 0.15044453303504057, ""theta_max"": 17.510444098494922, ""wafer_radius_mm"": 150.0, ""width_ratio"": 0.017984130295281803}",443
sample_000444,C08_CurvedScratch,lognormal,"{""max_um"": 1.0, ""min_um"": 0.01, ""mu_log"": -1.781761988063543, ""per_sample"": true, ""sigma_log"": 0.5033646625843309}",,,80,"{""angle_center_deg"": 0.0, ""angle_center_rad"": 1.267990568495992, ""arc_radius_ratio"": 0.43675599104038043, ""n_particles"": 80, ""name"": ""wafer_particles.pattern.C08_CurvedScratch"", ""params"": {""arc_radius_norm"": 0.8216067203647794, ""span_rad"": 0.7852045140478656, ""width_norm"": 0.03831910168576065}, ""schema_version"": ""wafer_particles.pattern_config.v1"", ""span_deg"": 116.83042076984275, ""wafer_radius_mm"": 150.0, ""width_ratio"": 0.011601464577503986}",444
sample_000445,C01_Uniform,gaussian,"{""max_um"": 1.0, ""mean_um"": 0.3787773856080487, ""min_um"": 0.01, ""per_sample"": true, ""std_um"": 0.08719589907223602}",,,16,"{""n_particles"": 16, ""name"": ""wafer_particles.pattern.C01_Uniform"", ""schema_version"": ""wafer_particles.pattern_config.v1"", ""wafer_radius_mm"": 150.0}",445
sample_000446,C09_Spiral,gaussian,"{""max_um"": 1.0, ""mean_um"": 0.20711317632152368, ""min_um"": 0.01, ""per_sample"": true, ""std_um"": 0.09376728842520511}",,,26,"{""end_r_ratio"": 0.8710920860464845, ""n_particles"": 26, ""name"": ""wafer_particles.pattern.C09_Spiral"", ""params"": {""theta_max"": 27.765545790958942, ""width_norm"": 0.016165220704852948}, ""schema_version"": ""wafer_particles.pattern_config.v1"", ""start_r_ratio"": 0.0812490214776794, ""theta_max"": 17.832279394160963, ""wafer_radius_mm"": 150.0, ""width_ratio"": 0.025560818801048768}",446
sample_000447,C09_Spiral,weibull,"{""k"": 1.2984217922674932, ""lambda_um"": 0.16841590203117707, ""max_um"": 1.0, ""min_um"": 0.01, ""per_sample"": true}",,,59,"{""end_r_ratio"": 0.7425776775554305, ""n_particles"": 59, ""name"": ""wafer_particles.pattern.C09_Spiral"", ""params"": {""theta_max"": 17.467775199186434, ""width_norm"": 0.03523162672735299}, ""schema_version"": ""wafer_particles.pattern_config.v1"", ""start_r_ratio"": 0.02988835307216876, ""theta_max"": 16.671963949351404, ""wafer_radius_mm"": 150.0, ""width_ratio"": 0.010141077167992403}",447
sample_000448,C02_EdgeBiased,weibull,"{""k"": 2.2802920667387028, ""lambda_um"": 0.2706218551583753, ""max_um"": 1.0, ""min_um"": 0.01, ""per_sample"": true}",,,155,"{""edge_bias"": 2.1778554373667047, ""n_particles"": 155, ""name"": ""wafer_particles.pattern.C02_EdgeBiased"", ""schema_version"": ""wafer_particles.pattern_config.v1"", ""wafer_radius_mm"": 150.0}",448
sample_000449,C05_Sector_Internal,weibull,"{""k"": 1.8070876476840165, ""lambda_um"": 0.387730562148997, ""max_um"": 1.0, ""min_um"": 0.01, ""per_sample"": true}",,,101,"{""angle_center_rad"": 4.447512044948288, ""angle_width_deg"": 49.23395222571528, ""edge_margin_norm"": 0.05, ""n_particles"": 101, ""name"": ""wafer_particles.pattern.C05_Sector_Internal"", ""r_inner_ratio"": 0.12081319112939803, ""r_outer_ratio"": 0.7107484648370498, ""radial_beta_alpha"": 2.8434800857199116, ""radial_beta_beta"": 1.394287593609149, ""schema_version"": ""wafer_particles.pattern_config.v1"", ""theta_vonmises_kappa"": 4.214825438084429, ""wafer_radius_mm"": 150.0}",449
sample_000450,C09_Spiral,pareto,"{""alpha"": 3.6492608704735865, ""max_um"": 1.0, ""min_um"": 0.01, ""per_sample"": true, ""xm_um"": 0.20505467757997176}",,,155,"{""end_r_ratio"": 0.8321462325638398, ""n_particles"": 155, ""name"": ""wafer_particles.pattern.C09_Spiral"", ""params"": {""theta_max"": 12.709288725583173, ""width_norm"": 0.009335331485006112}, ""schema_version"": ""wafer_particles.pattern_config.v1"", ""start_r_ratio"": 0.23414323407906176, ""theta_max"": 10.901832691608897, ""wafer_radius_mm"": 150.0, ""width_ratio"": 0.03852067951799732}",450
sample_000451,C03_Ring,weibull,"{""k"": 2.9508499877550616, ""lambda_um"": 0.46671101677037624, ""max_um"": 1.0, ""min_um"": 0.01, ""per_sample"": true}",,,172,"{""n_particles"": 172, ""name"": ""wafer_particles.pattern.C03_Ring"", ""radius_ratio"": 0.6975745732803491, ""schema_version"": ""wafer_particles.pattern_config.v1"", ""wafer_radius_mm"": 150.0, ""width_ratio"": 0.0817829018491592}",451
sample_000452,C08_CurvedScratch,lognormal,"{""max_um"": 1.0, ""min_um"": 0.01, ""mu_log"": -0.30083358012838834, ""per_sample"": true, ""sigma_log"": 0.2835590921497873}",,,80,"{""angle_center_deg"": 0.0, ""angle_center_rad"": 3.963574688449133, ""arc_radius_ratio"": 0.6135796989158383, ""n_particles"": 80, ""name"": ""wafer_particles.pattern.C08_CurvedScratch"", ""params"": {""arc_radius_norm"": 0.6181902426756176, ""span_rad"": 0.27561661310431573, ""width_norm"": 0.047122765383784675}, ""schema_version"": ""wafer_particles.pattern_config.v1"", ""span_deg"": 67.5653924734879, ""wafer_radius_mm"": 150.0, ""width_ratio"": 0.03473320094441013}",452
sample_000453,C08_CurvedScratch,weibull,"{""k"": 1.6419172469420755, ""lambda_um"": 0.17727902487385877, ""max_um"": 1.0, ""min_um"": 0.01, ""per_sample"": true}",,,131,"{""angle_center_deg"": 0.0, ""angle_center_rad"": 0.9876901559617002, ""arc_radius_ratio"": 0.7207003631752966, ""n_particles"": 131, ""name"": ""wafer_particles.pattern.C08_CurvedScratch"", ""params"": {""arc_radius_norm"": 0.5892961348233663, ""span_rad"": 0.7807492070251958, ""width_norm"": 0.05906450875083799}, ""schema_version"": ""wafer_particles.pattern_config.v1"", ""span_deg"": 148.59140798510612, ""wafer_radius_mm"": 150.0, ""width_ratio"": 0.01108266088366789}",453
sample_000454,C04_Sector_Edge,gaussian,"{""max_um"": 1.0, ""mean_um"": 0.5235420104325572, ""min_um"": 0.01, ""per_sample"": true, ""std_um"": 0.026064434953463868}",,,45,"{""angle_center_rad"": 2.7806227676223, ""angle_width_deg"": 21.707746939306112, ""edge_width_ratio"": 0.17757002834861269, ""n_particles"": 45, ""name"": ""wafer_particles.pattern.C04_Sector_Edge"", ""radial_beta_alpha"": 1.9796395125195354, ""radial_beta_beta"": 1.2032767747807336, ""schema_version"": ""wafer_particles.pattern_config.v1"", ""side"": ""right"", ""theta_vonmises_kappa"": 4.229629482382378, ""wafer_radius_mm"": 150.0}",454
sample_000455,C02_EdgeBiased,pareto,"{""alpha"": 3.2518551643057636, ""max_um"": 1.0, ""min_um"": 0.01, ""per_sample"": true, ""xm_um"": 0.2878109652506203}",,,98,"{""edge_bias"": 3.5197128951085883, ""n_particles"": 98, ""name"": ""wafer_particles.pattern.C02_EdgeBiased"", ""schema_version"": ""wafer_particles.pattern_config.v1"", ""wafer_radius_mm"": 150.0}",455
sample_000456,C06_RadialLines,weibull,"{""k"": 1.181684223167515, ""lambda_um"": 0.03198794627997785, ""max_um"": 1.0, ""min_um"": 0.01, ""per_sample"": true}",,,32,"{""angular_jitter_deg"": 3.1972846368770735, ""n_lines"": 8, ""n_particles"": 32, ""name"": ""wafer_particles.pattern.C06_RadialLines"", ""params"": {""n_lines"": 5.0, ""r_max_norm"": 0.8061175428278199, ""r_min_norm"": 0.12406667025662839, ""sigma_perp_norm"": 0.031864400946826035}, ""r_max_ratio"": 0.792317013004778, ""r_min_ratio"": 0.27505427112925035, ""schema_version"": ""wafer_particles.pattern_config.v1"", ""sigma_perp_ratio"": 0.011318443234931638, ""wafer_radius_mm"": 150.0}",456
sample_000457,C01_Uniform,pareto,"{""alpha"": 2.814185363074431, ""max_um"": 1.0, ""min_um"": 0.01, ""per_sample"": true, ""xm_um"": 0.15281091514247663}",,,91,"{""n_particles"": 91, ""name"": ""wafer_particles.pattern.C01_Uniform"", ""schema_version"": ""wafer_particles.pattern_config.v1"", ""wafer_radius_mm"": 150.0}",457
sample_000458,C08_CurvedScratch,lognormal,"{""max_um"": 1.0, ""min_um"": 0.01, ""mu_log"": -1.400148506761314, ""per_sample"": true, ""sigma_log"": 0.22904597269269691}",,,140,"{""angle_center_deg"": 0.0, ""angle_center_rad"": 0.6761609442047147, ""arc_radius_ratio"": 0.4292326399052531, ""n_particles"": 140, ""name"": ""wafer_particles.pattern.C08_CurvedScratch"", ""params"": {""arc_radius_norm"": 0.6999113374739065, ""span_rad"": 0.363446473001266, ""width_norm"": 0.05953363029031463}, ""schema_version"": ""wafer_particles.pattern_config.v1"", ""span_deg"": 87.82393211221017, ""wafer_radius_mm"": 150.0, ""width_ratio"": 0.04329612786780163}",458
sample_000459,C05_Sector_Internal,gaussian,"{""max_um"": 1.0, ""mean_um"": 0.7566034341486259, ""min_um"": 0.01, ""per_sample"": true, ""std_um"": 0.06319166613193171}",,,74,"{""angle_center_rad"": 1.646140180073954, ""angle_width_deg"": 75.70446323066733, ""edge_margin_norm"": 0.05, ""n_particles"": 74, ""name"": ""wafer_particles.pattern.C05_Sector_Internal"", ""r_inner_ratio"": 0.2372245833340526, ""r_outer_ratio"": 0.7299234708579948, ""radial_beta_alpha"": 3.4720431290817366, ""radial_beta_beta"": 2.7121695935135204, ""schema_version"": ""wafer_particles.pattern_config.v1"", ""theta_vonmises_kappa"": 1.0726908792928518, ""wafer_radius_mm"": 150.0}",459
sample_000460,C02_EdgeBiased,weibull,"{""k"": 2.6674632907706743, ""lambda_um"": 0.290902450342657, ""max_um"": 1.0, ""min_um"": 0.01, ""per_sample"": true}",,,88,"{""edge_bias"": 3.334352354710556, ""n_particles"": 88, ""name"": ""wafer_particles.pattern.C02_EdgeBiased"", ""schema_version"": ""wafer_particles.pattern_config.v1"", ""wafer_radius_mm"": 150.0}",460
sample_000461,C04_Sector_Edge,weibull,"{""k"": 2.73382953460273, ""lambda_um"": 0.33734487196804724, ""max_um"": 1.0, ""min_um"": 0.01, ""per_sample"": true}",,,133,"{""angle_center_rad"": 2.767204301152573, ""angle_width_deg"": 60.61173044287844, ""edge_width_ratio"": 0.12289001344750396, ""n_particles"": 133, ""name"": ""wafer_particles.pattern.C04_Sector_Edge"", ""radial_beta_alpha"": 3.072299005544498, ""radial_beta_beta"": 2.557201710368771, ""schema_version"": ""wafer_particles.pattern_config.v1"", ""side"": ""right"", ""theta_vonmises_kappa"": 5.001018239770085, ""wafer_radius_mm"": 150.0}",461
sample_000462,C03_Ring,lognormal,"{""max_um"": 1.0, ""min_um"": 0.01, ""mu_log"": -3.3938445604380734, ""per_sample"": true, ""sigma_log"": 0.7644647593591816}",,,108,"{""n_particles"": 108, ""name"": ""wafer_particles.pattern.C03_Ring"", ""radius_ratio"": 0.5460926212457211, ""schema_version"": ""wafer_particles.pattern_config.v1"", ""wafer_radius_mm"": 150.0, ""width_ratio"": 0.07649137238518677}",462
sample_000463,C07_StraightLine,weibull,"{""k"": 1.5486641967270858, ""lambda_um"": 0.03996658148952413, ""max_um"": 1.0, ""min_um"": 0.01, ""per_sample"": true}",,,70,"{""angle_deg"": 178.66127144601168, ""n_particles"": 70, ""name"": ""wafer_particles.pattern.C07_StraightLine"", ""offset_ratio"": -0.286388078159033, ""params"": {""segment_half_length_norm"": 0.10251813767391141, ""width_norm"": 0.04019526950936065}, ""schema_version"": ""wafer_particles.pattern_config.v1"", ""segment_half_length_ratio"": 0.4172953623905205, ""wafer_radius_mm"": 150.0, ""width_ratio"": 0.022602469185289336}",463
sample_000464,C04_Sector_Edge,lognormal,"{""max_um"": 1.0, ""min_um"": 0.01, ""mu_log"": -2.879918829474045, ""per_sample"": true, ""sigma_log"": 0.26739475578020516}",,,194,"{""angle_center_rad"": 2.6468883109559846, ""angle_width_deg"": 43.40936262756282, ""edge_width_ratio"": 0.29080535535513446, ""n_particles"": 194, ""name"": ""wafer_particles.pattern.C04_Sector_Edge"", ""radial_beta_alpha"": 2.599963802159791, ""radial_beta_beta"": 3.1389801276329026, ""schema_version"": ""wafer_particles.pattern_config.v1"", ""side"": ""right"", ""theta_vonmises_kappa"": 6.557708711731999, ""wafer_radius_mm"": 150.0}",464
sample_000465,C09_Spiral,lognormal,"{""max_um"": 1.0, ""min_um"": 0.01, ""mu_log"": -0.6764871609296512, ""per_sample"": true, ""sigma_log"": 0.5435953676837042}",,,165,"{""end_r_ratio"": 0.9916027101492926, ""n_particles"": 165, ""name"": ""wafer_particles.pattern.C09_Spiral"", ""params"": {""theta_max"": 16.214567812975393, ""width_norm"": 0.038144253262600555}, ""schema_version"": ""wafer_particles.pattern_config.v1"", ""start_r_ratio"": 0.15400048915238462, ""theta_max"": 12.912915133525544, ""wafer_radius_mm"": 150.0, ""width_ratio"": 0.030171243999569164}",465
sample_000466,C07_StraightLine,gaussian,"{""max_um"": 1.0, ""mean_um"": 0.7059097087662625, ""min_um"": 0.01, ""per_sample"": true, ""std_um"": 0.07536943948973583}",,,77,"{""angle_deg"": 34.44713664673997, ""n_particles"": 77, ""name"": ""wafer_particles.pattern.C07_StraightLine"", ""offset_ratio"": -0.2306156031794536, ""params"": {""segment_half_length_norm"": 0.3234437801255784, ""width_norm"": 0.06010106864246383}, ""schema_version"": ""wafer_particles.pattern_config.v1"", ""segment_half_length_ratio"": 0.7306894937580821, ""wafer_radius_mm"": 150.0, ""width_ratio"": 0.03366792093904576}",466
sample_000467,C07_StraightLine,lognormal,"{""max_um"": 1.0, ""min_um"": 0.01, ""mu_log"": -0.4925219091856574, ""per_sample"": true, ""sigma_log"": 0.7224961902677105}",,,20,"{""angle_deg"": 130.10874245900777, ""n_particles"": 20, ""name"": ""wafer_particles.pattern.C07_StraightLine"", ""offset_ratio"": 0.2717062474397584, ""params"": {""segment_half_length_norm"": 0.21165096394200325, ""width_norm"": 0.034501803091430104}, ""schema_version"": ""wafer_particles.pattern_config.v1"", ""segment_half_length_ratio"": 0.5321309032326165, ""wafer_radius_mm"": 150.0, ""width_ratio"": 0.03720202727834327}",467
sample_000468,C04_Sector_Edge,pareto,"{""alpha"": 2.6842197300681505, ""max_um"": 1.0, ""min_um"": 0.01, ""per_sample"": true, ""xm_um"": 0.18171563868143675}",,,106,"{""angle_center_rad"": 2.8967730821534423, ""angle_width_deg"": 87.30637539754224, ""edge_width_ratio"": 0.2574342448452798, ""n_particles"": 106, ""name"": ""wafer_particles.pattern.C04_Sector_Edge"", ""radial_beta_alpha"": 3.67823262882123, ""radial_beta_beta"": 1.3476372895819015, ""schema_version"": ""wafer_particles.pattern_config.v1"", ""side"": ""right"", ""theta_vonmises_kappa"": 3.111433918207151, ""wafer_radius_mm"": 150.0}",468
sample_000469,C08_CurvedScratch,weibull,"{""k"": 1.005205672628727, ""lambda_um"": 0.046042855308989314, ""max_um"": 1.0, ""min_um"": 0.01, ""per_sample"": true}",,,197,"{""angle_center_deg"": 0.0, ""angle_center_rad"": 0.9904495310826053, ""arc_radius_ratio"": 0.7529891566984521, ""n_particles"": 197, ""name"": ""wafer_particles.pattern.C08_CurvedScratch"", ""params"": {""arc_radius_norm"": 0.4924959688368453, ""span_rad"": 0.2589255558668796, ""width_norm"": 0.0350658792450498}, ""schema_version"": ""wafer_particles.pattern_config.v1"", ""span_deg"": 72.00603358801224, ""wafer_radius_mm"": 150.0, ""width_ratio"": 0.034951117674028157}",469
sample_000470,C04_Sector_Edge,lognormal,"{""max_um"": 1.0, ""min_um"": 0.01, ""mu_log"": -1.055752280215886, ""per_sample"": true, ""sigma_log"": 0.7251392705951241}",,,120,"{""angle_center_rad"": 5.70396899915357, ""angle_width_deg"": 36.62493082172382, ""edge_width_ratio"": 0.2619672550426249, ""n_particles"": 120, ""name"": ""wafer_particles.pattern.C04_Sector_Edge"", ""radial_beta_alpha"": 2.5682653936966875, ""radial_beta_beta"": 2.105084526527711, ""schema_version"": ""wafer_particles.pattern_config.v1"", ""side"": ""right"", ""theta_vonmises_kappa"": 9.333084898865266, ""wafer_radius_mm"": 150.0}",470
sample_000471,C01_Uniform,lognormal,"{""max_um"": 1.0, ""min_um"": 0.01, ""mu_log"": -1.5101910894455859, ""per_sample"": true, ""sigma_log"": 0.2021568750493022}",,,67,"{""n_particles"": 67, ""name"": ""wafer_particles.pattern.C01_Uniform"", ""schema_version"": ""wafer_particles.pattern_config.v1"", ""wafer_radius_mm"": 150.0}",471
sample_000472,C06_RadialLines,weibull,"{""k"": 2.6048859952165353, ""lambda_um"": 0.20142039508909787, ""max_um"": 1.0, ""min_um"": 0.01, ""per_sample"": true}",,,120,"{""angular_jitter_deg"": 1.010343265153875, ""n_lines"": 6, ""n_particles"": 120, ""name"": ""wafer_particles.pattern.C06_RadialLines"", ""params"": {""n_lines"": 6.0, ""r_max_norm"": 0.9059905884111875, ""r_min_norm"": 0.14979066406922842, ""sigma_perp_norm"": 0.05419447940374118}, ""r_max_ratio"": 0.7718568170938073, ""r_min_ratio"": 0.20963272597148266, ""schema_version"": ""wafer_particles.pattern_config.v1"", ""sigma_perp_ratio"": 0.023667679398751047, ""wafer_radius_mm"": 150.0}",472
sample_000473,C05_Sector_Internal,gaussian,"{""max_um"": 1.0, ""mean_um"": 0.46018659912512583, ""min_um"": 0.01, ""per_sample"": true, ""std_um"": 0.02718853007205265}",,,121,"{""angle_center_rad"": 0.7045105948982782, ""angle_width_deg"": 65.5089557200883, ""edge_margin_norm"": 0.05, ""n_particles"": 121, ""name"": ""wafer_particles.pattern.C05_Sector_Internal"", ""r_inner_ratio"": 0.0845967411001086, ""r_outer_ratio"": 0.8126838157986702, ""radial_beta_alpha"": 3.803883405157168, ""radial_beta_beta"": 3.107193560988641, ""schema_version"": ""wafer_particles.pattern_config.v1"", ""theta_vonmises_kappa"": 4.748936882878993, ""wafer_radius_mm"": 150.0}",473
sample_000474,C05_Sector_Internal,pareto,"{""alpha"": 1.6067565947802864, ""max_um"": 1.0, ""min_um"": 0.01, ""per_sample"": true, ""xm_um"": 0.2406000867780675}",,,77,"{""angle_center_rad"": 1.5314148401708305, ""angle_width_deg"": 47.48107789418812, ""edge_margin_norm"": 0.05, ""n_particles"": 77, ""name"": ""wafer_particles.pattern.C05_Sector_Internal"", ""r_inner_ratio"": 0.30858829037102276, ""r_outer_ratio"": 0.8217777348889815, ""radial_beta_alpha"": 3.9734461698736316, ""radial_beta_beta"": 3.177762744301762, ""schema_version"": ""wafer_particles.pattern_config.v1"", ""theta_vonmises_kappa"": 5.668574921378171, ""wafer_radius_mm"": 150.0}",474
sample_000475,C07_StraightLine,gaussian,"{""max_um"": 1.0, ""mean_um"": 0.032463529336801154, ""min_um"": 0.01, ""per_sample"": true, ""std_um"": 0.060346479518081406}",,,82,"{""angle_deg"": 137.83565125836947, ""n_particles"": 82, ""name"": ""wafer_particles.pattern.C07_StraightLine"", ""offset_ratio"": 0.28677501311663695, ""params"": {""segment_half_length_norm"": 0.2863911047455447, ""width_norm"": 0.04018744341765083}, ""schema_version"": ""wafer_particles.pattern_config.v1"", ""segment_half_length_ratio"": 0.8115484594242555, ""wafer_radius_mm"": 150.0, ""width_ratio"": 0.016409345028828022}",475
sample_000476,C05_Sector_Internal,weibull,"{""k"": 0.8568313187758405, ""lambda_um"": 0.4176439156397875, ""max_um"": 1.0, ""min_um"": 0.01, ""per_sample"": true}",,,45,"{""angle_center_rad"": 3.1524926286840884, ""angle_width_deg"": 34.030528910199294, ""edge_margin_norm"": 0.05, ""n_particles"": 45, ""name"": ""wafer_particles.pattern.C05_Sector_Internal"", ""r_inner_ratio"": 0.33752097833308314, ""r_outer_ratio"": 0.687681351549332, ""radial_beta_alpha"": 3.9599014585328973, ""radial_beta_beta"": 3.554768102151998, ""schema_version"": ""wafer_particles.pattern_config.v1"", ""theta_vonmises_kappa"": 3.808358559132404, ""wafer_radius_mm"": 150.0}",476
sample_000477,C06_RadialLines,weibull,"{""k"": 1.7046177202821908, ""lambda_um"": 0.44984046125322213, ""max_um"": 1.0, ""min_um"": 0.01, ""per_sample"": true}",,,44,"{""angular_jitter_deg"": 4.5623618377984885, ""n_lines"": 8, ""n_particles"": 44, ""name"": ""wafer_particles.pattern.C06_RadialLines"", ""params"": {""n_lines"": 4.0, ""r_max_norm"": 0.8243946752132878, ""r_min_norm"": 0.006523055002470313, ""sigma_perp_norm"": 0.01883156745259973}, ""r_max_ratio"": 0.9765154103007949, ""r_min_ratio"": 0.02567865821864691, ""schema_version"": ""wafer_particles.pattern_config.v1"", ""sigma_perp_ratio"": 0.004736387704419216, ""wafer_radius_mm"": 150.0}",477
sample_000478,C03_Ring,gaussian,"{""max_um"": 1.0, ""mean_um"": 0.5266206384945206, ""min_um"": 0.01, ""per_sample"": true, ""std_um"": 0.05890222162388205}",,,138,"{""n_particles"": 138, ""name"": ""wafer_particles.pattern.C03_Ring"", ""radius_ratio"": 0.5672058011279335, ""schema_version"": ""wafer_particles.pattern_config.v1"", ""wafer_radius_mm"": 150.0, ""width_ratio"": 0.14225073789636938}",478
sample_000479,C11_Hotspot_Elliptic,weibull,"{""k"": 2.247918530020794, ""lambda_um"": 0.4222039829450779, ""max_um"": 1.0, ""min_um"": 0.01, ""per_sample"": true}",,,17,"{""center_angle"": ""random"", ""center_angle_rad"": 3.9157888518241912, ""center_radius_ratio"": 0.35818696014470996, ""mode"": ""random"", ""n_particles"": 17, ""name"": ""wafer_particles.pattern.C11_Hotspot_Elliptic"", ""rotation_deg"": 30.0, ""rotation_rad"": 5.580936807875495, ""schema_version"": ""wafer_particles.pattern_config.v1"", ""sigma_x_ratio"": 0.04054798745122647, ""sigma_y_ratio"": 0.058579723166522504, ""wafer_radius_mm"": 150.0}",479
sample_000480,C11_Hotspot_Elliptic,lognormal,"{""max_um"": 1.0, ""min_um"": 0.01, ""mu_log"": -2.940000800124188, ""per_sample"": true, ""sigma_log"": 0.4106417383671074}",,,136,"{""center_angle"": ""random"", ""center_angle_rad"": 2.6628284535449143, ""center_radius_ratio"": 0.28920616224367435, ""mode"": ""random"", ""n_particles"": 136, ""name"": ""wafer_particles.pattern.C11_Hotspot_Elliptic"", ""rotation_deg"": 30.0, ""rotation_rad"": 1.918220346143475, ""schema_version"": ""wafer_particles.pattern_config.v1"", ""sigma_x_ratio"": 0.08161552451941417, ""sigma_y_ratio"": 0.07281461819427548, ""wafer_radius_mm"": 150.0}",480
sample_000481,C11_Hotspot_Elliptic,gaussian,"{""max_um"": 1.0, ""mean_um"": 0.4357684029336548, ""min_um"": 0.01, ""per_sample"": true, ""std_um"": 0.05954686241663647}",,,12,"{""center_angle"": ""random"", ""center_angle_rad"": 6.025834507374812, ""center_radius_ratio"": 0.5002149816034295, ""mode"": ""random"", ""n_particles"": 12, ""name"": ""wafer_particles.pattern.C11_Hotspot_Elliptic"", ""rotation_deg"": 30.0, ""rotation_rad"": 3.5973549642141176, ""schema_version"": ""wafer_particles.pattern_config.v1"", ""sigma_x_ratio"": 0.0787506564108161, ""sigma_y_ratio"": 0.06490697056550283, ""wafer_radius_mm"": 150.0}",481
sample_000482,C07_StraightLine,pareto,"{""alpha"": 2.3718966396850165, ""max_um"": 1.0, ""min_um"": 0.01, ""per_sample"": true, ""xm_um"": 0.2661017310105066}",,,156,"{""angle_deg"": 99.21888235200142, ""n_particles"": 156, ""name"": ""wafer_particles.pattern.C07_StraightLine"", ""offset_ratio"": -0.08622899187203772, ""params"": {""segment_half_length_norm"": 0.07702071662663054, ""width_norm"": 0.05586817276532151}, ""schema_version"": ""wafer_particles.pattern_config.v1"", ""segment_half_length_ratio"": 0.3161826637090791, ""wafer_radius_mm"": 150.0, ""width_ratio"": 0.016597463338750423}",482
sample_000483,C11_Hotspot_Elliptic,weibull,"{""k"": 1.4172985980864636, ""lambda_um"": 0.15957791581581998, ""max_um"": 1.0, ""min_um"": 0.01, ""per_sample"": true}",,,114,"{""center_angle"": ""random"", ""center_angle_rad"": 5.24016306179138, ""center_radius_ratio"": 0.6376614224818811, ""mode"": ""random"", ""n_particles"": 114, ""name"": ""wafer_particles.pattern.C11_Hotspot_Elliptic"", ""rotation_deg"": 30.0, ""rotation_rad"": 3.1776968099715477, ""schema_version"": ""wafer_particles.pattern_config.v1"", ""sigma_x_ratio"": 0.03984465950569521, ""sigma_y_ratio"": 0.023287225297491318, ""wafer_radius_mm"": 150.0}",483
sample_000484,C11_Hotspot_Elliptic,gaussian,"{""max_um"": 1.0, ""mean_um"": 0.5782856909328516, ""min_um"": 0.01, ""per_sample"": true, ""std_um"": 0.05335435810721699}",,,100,"{""center_angle"": ""random"", ""center_angle_rad"": 0.1377729952499571, ""center_radius_ratio"": 0.7542351067997308, ""mode"": ""random"", ""n_particles"": 100, ""name"": ""wafer_particles.pattern.C11_Hotspot_Elliptic"", ""rotation_deg"": 30.0, ""rotation_rad"": 2.5332326659572644, ""schema_version"": ""wafer_particles.pattern_config.v1"", ""sigma_x_ratio"": 0.08644836574059284, ""sigma_y_ratio"": 0.026934509549827026, ""wafer_radius_mm"": 150.0}",484
sample_000485,C08_CurvedScratch,lognormal,"{""max_um"": 1.0, ""min_um"": 0.01, ""mu_log"": -0.6592129772438455, ""per_sample"": true, ""sigma_log"": 0.4482216285751127}",,,102,"{""angle_center_deg"": 0.0, ""angle_center_rad"": 0.6864429181163981, ""arc_radius_ratio"": 0.6497030530386105, ""n_particles"": 102, ""name"": ""wafer_particles.pattern.C08_CurvedScratch"", ""params"": {""arc_radius_norm"": 0.5523327247960977, ""span_rad"": 0.46209656458995774, ""width_norm"": 0.044149914821323216}, ""schema_version"": ""wafer_particles.pattern_config.v1"", ""span_deg"": 55.9359209818968, ""wafer_radius_mm"": 150.0, ""width_ratio"": 0.016822450821529767}",485
sample_000486,C06_RadialLines,gaussian,"{""max_um"": 1.0, ""mean_um"": 0.26475859202198193, ""min_um"": 0.01, ""per_sample"": true, ""std_um"": 0.0327973924342819}",,,73,"{""angular_jitter_deg"": 0.08768494089513912, ""n_lines"": 6, ""n_particles"": 73, ""name"": ""wafer_particles.pattern.C06_RadialLines"", ""params"": {""n_lines"": 5.0, ""r_max_norm"": 0.8328033645920063, ""r_min_norm"": 0.13587329296173487, ""sigma_perp_norm"": 0.03865425496821403}, ""r_max_ratio"": 0.6948429344495642, ""r_min_ratio"": 0.24126426678493526, ""schema_version"": ""wafer_particles.pattern_config.v1"", ""sigma_perp_ratio"": 0.015488151383110296, ""wafer_radius_mm"": 150.0}",486
sample_000487,C07_StraightLine,weibull,"{""k"": 2.654573924272753, ""lambda_um"": 0.2678792376887521, ""max_um"": 1.0, ""min_um"": 0.01, ""per_sample"": true}",,,189,"{""angle_deg"": 55.25373458807747, ""n_particles"": 189, ""name"": ""wafer_particles.pattern.C07_StraightLine"", ""offset_ratio"": 0.08848333556962218, ""params"": {""segment_half_length_norm"": 0.06510350495902512, ""width_norm"": 0.050028298614496335}, ""schema_version"": ""wafer_particles.pattern_config.v1"", ""segment_half_length_ratio"": 0.6175906104433002, ""wafer_radius_mm"": 150.0, ""width_ratio"": 0.00786344986159274}",487
sample_000488,C05_Sector_Internal,weibull,"{""k"": 2.571892738832971, ""lambda_um"": 0.29922116043540514, ""max_um"": 1.0, ""min_um"": 0.01, ""per_sample"": true}",,,173,"{""angle_center_rad"": 3.960822233157997, ""angle_width_deg"": 57.897677411113236, ""edge_margin_norm"": 0.05, ""n_particles"": 173, ""name"": ""wafer_particles.pattern.C05_Sector_Internal"", ""r_inner_ratio"": 0.11766979647345908, ""r_outer_ratio"": 0.6857773222758196, ""radial_beta_alpha"": 3.8889914707363955, ""radial_beta_beta"": 2.3411463496802796, ""schema_version"": ""wafer_particles.pattern_config.v1"", ""theta_vonmises_kappa"": 2.268842760101975, ""wafer_radius_mm"": 150.0}",488
sample_000489,C02_EdgeBiased,weibull,"{""k"": 1.9831863748058909, ""lambda_um"": 0.2199432337163275, ""max_um"": 1.0, ""min_um"": 0.01, ""per_sample"": true}",,,167,"{""edge_bias"": 2.969402856711339, ""n_particles"": 167, ""name"": ""wafer_particles.pattern.C02_EdgeBiased"", ""schema_version"": ""wafer_particles.pattern_config.v1"", ""wafer_radius_mm"": 150.0}",489
sample_000490,C07_StraightLine,weibull,"{""k"": 2.215050083387234, ""lambda_um"": 0.16949041114009028, ""max_um"": 1.0, ""min_um"": 0.01, ""per_sample"": true}",,,194,"{""angle_deg"": 124.87825175293251, ""n_particles"": 194, ""name"": ""wafer_particles.pattern.C07_StraightLine"", ""offset_ratio"": 0.23750745249944877, ""params"": {""segment_half_length_norm"": 0.24385772640595108, ""width_norm"": 0.03900674831441949}, ""schema_version"": ""wafer_particles.pattern_config.v1"", ""segment_half_length_ratio"": 0.38955992544466395, ""wafer_radius_mm"": 150.0, ""width_ratio"": 0.013245158160772166}",490
sample_000491,C07_StraightLine,weibull,"{""k"": 2.0527669045057135, ""lambda_um"": 0.13505594461090084, ""max_um"": 1.0, ""min_um"": 0.01, ""per_sample"": true}",,,102,"{""angle_deg"": 65.92235979699107, ""n_particles"": 102, ""name"": ""wafer_particles.pattern.C07_StraightLine"", ""offset_ratio"": 0.1822069715957474, ""params"": {""segment_half_length_norm"": 0.03970984468592161, ""width_norm"": 0.044350365842824785}, ""schema_version"": ""wafer_particles.pattern_config.v1"", ""segment_half_length_ratio"": 0.34962925720581356, ""wafer_radius_mm"": 150.0, ""width_ratio"": 0.027149781434190817}",491
sample_000492,C07_StraightLine,weibull,"{""k"": 2.468314279477184, ""lambda_um"": 0.27552959526339516, ""max_um"": 1.0, ""min_um"": 0.01, ""per_sample"": true}",,,195,"{""angle_deg"": 162.92435576387868, ""n_particles"": 195, ""name"": ""wafer_particles.pattern.C07_StraightLine"", ""offset_ratio"": -0.14036346146394765, ""params"": {""segment_half_length_norm"": 0.27841993568926887, ""width_norm"": 0.0603846917487922}, ""schema_version"": ""wafer_particles.pattern_config.v1"", ""segment_half_length_ratio"": 0.599392556074331, ""wafer_radius_mm"": 150.0, ""width_ratio"": 0.03245963072973217}",492
sample_000493,C04_Sector_Edge,lognormal,"{""max_um"": 1.0, ""min_um"": 0.01, ""mu_log"": -2.131849927852344, ""per_sample"": true, ""sigma_log"": 0.30844432553235496}",,,31,"{""angle_center_rad"": 2.7027119760575995, ""angle_width_deg"": 41.753468134461805, ""edge_width_ratio"": 0.09295610671237513, ""n_particles"": 31, ""name"": ""wafer_particles.pattern.C04_Sector_Edge"", ""radial_beta_alpha"": 2.9589260249409977, ""radial_beta_beta"": 1.9866464018712768, ""schema_version"": ""wafer_particles.pattern_config.v1"", ""side"": ""right"", ""theta_vonmises_kappa"": 9.350771558876513, ""wafer_radius_mm"": 150.0}",493
sample_000494,C08_CurvedScratch,lognormal,"{""max_um"": 1.0, ""min_um"": 0.01, ""mu_log"": -1.356817816375623, ""per_sample"": true, ""sigma_log"": 0.3459791059753468}",,,140,"{""angle_center_deg"": 0.0, ""angle_center_rad"": 1.8306815152095164, ""arc_radius_ratio"": 0.45638233687358615, ""n_particles"": 140, ""name"": ""wafer_particles.pattern.C08_CurvedScratch"", ""params"": {""arc_radius_norm"": 0.6764846522732801, ""span_rad"": 0.4503877586368916, ""width_norm"": 0.06074230360514562}, ""schema_version"": ""wafer_particles.pattern_config.v1"", ""span_deg"": 130.67453630585885, ""wafer_radius_mm"": 150.0, ""width_ratio"": 0.04414249481660885}",494
sample_000495,C08_CurvedScratch,pareto,"{""alpha"": 2.19334181132244, ""max_um"": 1.0, ""min_um"": 0.01, ""per_sample"": true, ""xm_um"": 0.28201198303704267}",,,164,"{""angle_center_deg"": 0.0, ""angle_center_rad"": 5.2188951563557655, ""arc_radius_ratio"": 0.6712694333367247, ""n_particles"": 164, ""name"": ""wafer_particles.pattern.C08_CurvedScratch"", ""params"": {""arc_radius_norm"": 0.808673017651149, ""span_rad"": 0.586058184531288, ""width_norm"": 0.050473516877856256}, ""schema_version"": ""wafer_particles.pattern_config.v1"", ""span_deg"": 117.1056593843511, ""wafer_radius_mm"": 150.0, ""width_ratio"": 0.018525309872206738}",495
sample_000496,C03_Ring,weibull,"{""k"": 0.7375175254593589, ""lambda_um"": 0.33339767950550403, ""max_um"": 1.0, ""min_um"": 0.01, ""per_sample"": true}",,,40,"{""n_particles"": 40, ""name"": ""wafer_particles.pattern.C03_Ring"", ""radius_ratio"": 0.7420326932921183, ""schema_version"": ""wafer_particles.pattern_config.v1"", ""wafer_radius_mm"": 150.0, ""width_ratio"": 0.09632759788168196}",496
sample_000497,C07_StraightLine,pareto,"{""alpha"": 2.2198780522241766, ""max_um"": 1.0, ""min_um"": 0.01, ""per_sample"": true, ""xm_um"": 0.09539355354183011}",,,181,"{""angle_deg"": 166.01897623085358, ""n_particles"": 181, ""name"": ""wafer_particles.pattern.C07_StraightLine"", ""offset_ratio"": 0.09038584894087776, ""params"": {""segment_half_length_norm"": 0.29121032364923805, ""width_norm"": 0.03622442162441833}, ""schema_version"": ""wafer_particles.pattern_config.v1"", ""segment_half_length_ratio"": 0.585690521470915, ""wafer_radius_mm"": 150.0, ""width_ratio"": 0.03039284477829771}",497
sample_000498,C03_Ring,gaussian,"{""max_um"": 1.0, ""mean_um"": 0.3313994424247877, ""min_um"": 0.01, ""per_sample"": true, ""std_um"": 0.05294167763753595}",,,99,"{""n_particles"": 99, ""name"": ""wafer_particles.pattern.C03_Ring"", ""radius_ratio"": 0.4412241878907895, ""schema_version"": ""wafer_particles.pattern_config.v1"", ""wafer_radius_mm"": 150.0, ""width_ratio"": 0.19228568412521427}",498
sample_000499,C02_EdgeBiased,lognormal,"{""max_um"": 1.0, ""min_um"": 0.01, ""mu_log"": -3.710388653389983, ""per_sample"": true, ""sigma_log"": 0.3810669026483009}",,,99,"{""edge_bias"": 3.9652835546877787, ""n_particles"": 99, ""name"": ""wafer_particles.pattern.C02_EdgeBiased"", ""schema_version"": ""wafer_particles.pattern_config.v1"", ""wafer_radius_mm"": 150.0}",499
sample_000500,C04_Sector_Edge,lognormal,"{""max_um"": 1.0, ""min_um"": 0.01, ""mu_log"": -3.346882227787267, ""per_sample"": true, ""sigma_log"": 0.21891560889046405}",,,200,"{""angle_center_rad"": 5.474840175340405, ""angle_width_deg"": 62.29458348930111, ""edge_width_ratio"": 0.2566851086367132, ""n_particles"": 200, ""name"": ""wafer_particles.pattern.C04_Sector_Edge"", ""radial_beta_alpha"": 1.3049487230191863, ""radial_beta_beta"": 2.7220494981785075, ""schema_version"": ""wafer_particles.pattern_config.v1"", ""side"": ""right"", ""theta_vonmises_kappa"": 9.995441291747369, ""wafer_radius_mm"": 150.0}",500
sample_000501,C09_Spiral,gaussian,"{""max_um"": 1.0, ""mean_um"": 0.47632033907797205, ""min_um"": 0.01, ""per_sample"": true, ""std_um"": 0.07585144395332419}",,,143,"{""end_r_ratio"": 0.7871367388195664, ""n_particles"": 143, ""name"": ""wafer_particles.pattern.C09_Spiral"", ""params"": {""theta_max"": 26.517524544939697, ""width_norm"": 0.00992098921510154}, ""schema_version"": ""wafer_particles.pattern_config.v1"", ""start_r_ratio"": 0.10179395754929312, ""theta_max"": 6.295912283088766, ""wafer_radius_mm"": 150.0, ""width_ratio"": 0.04860737992096147}",501
sample_000502,C05_Sector_Internal,weibull,"{""k"": 2.1217071722288154, ""lambda_um"": 0.03099123623764468, ""max_um"": 1.0, ""min_um"": 0.01, ""per_sample"": true}",,,141,"{""angle_center_rad"": 5.22434854895512, ""angle_width_deg"": 43.41963941996, ""edge_margin_norm"": 0.05, ""n_particles"": 141, ""name"": ""wafer_particles.pattern.C05_Sector_Internal"", ""r_inner_ratio"": 0.16250803674959557, ""r_outer_ratio"": 0.5143480289335784, ""radial_beta_alpha"": 1.6113121398618686, ""radial_beta_beta"": 1.2591051762759167, ""schema_version"": ""wafer_particles.pattern_config.v1"", ""theta_vonmises_kappa"": 5.282980244756196, ""wafer_radius_mm"": 150.0}",502
sample_000503,C06_RadialLines,lognormal,"{""max_um"": 1.0, ""min_um"": 0.01, ""mu_log"": -2.497664568812372, ""per_sample"": true, ""sigma_log"": 0.39715699255019177}",,,49,"{""angular_jitter_deg"": 3.2721798477098583, ""n_lines"": 4, ""n_particles"": 49, ""name"": ""wafer_particles.pattern.C06_RadialLines"", ""params"": {""n_lines"": 5.0, ""r_max_norm"": 0.794762233642221, ""r_min_norm"": 0.05942148242260172, ""sigma_perp_norm"": 0.017202534248600618}, ""r_max_ratio"": 0.7631096931750245, ""r_min_ratio"": 0.25874929161731597, ""schema_version"": ""wafer_particles.pattern_config.v1"", ""sigma_perp_ratio"": 0.025520942618663126, ""wafer_radius_mm"": 150.0}",503
sample_000504,C04_Sector_Edge,lognormal,"{""max_um"": 1.0, ""min_um"": 0.01, ""mu_log"": -1.3150017623390773, ""per_sample"": true, ""sigma_log"": 0.2621741763733638}",,,158,"{""angle_center_rad"": 1.5701906914243442, ""angle_width_deg"": 35.26610380345403, ""edge_width_ratio"": 0.28759364649560165, ""n_particles"": 158, ""name"": ""wafer_particles.pattern.C04_Sector_Edge"", ""radial_beta_alpha"": 3.1681820741985947, ""radial_beta_beta"": 2.292508905065145, ""schema_version"": ""wafer_particles.pattern_config.v1"", ""side"": ""right"", ""theta_vonmises_kappa"": 8.83806464615795, ""wafer_radius_mm"": 150.0}",504
sample_000505,C11_Hotspot_Elliptic,lognormal,"{""max_um"": 1.0, ""min_um"": 0.01, ""mu_log"": -0.6375797803031498, ""per_sample"": true, ""sigma_log"": 0.7992914802864699}",,,33,"{""center_angle"": ""random"", ""center_angle_rad"": 5.570118497378944, ""center_radius_ratio"": 0.5118501523988451, ""mode"": ""random"", ""n_particles"": 33, ""name"": ""wafer_particles.pattern.C11_Hotspot_Elliptic"", ""rotation_deg"": 30.0, ""rotation_rad"": 4.665373772626081, ""schema_version"": ""wafer_particles.pattern_config.v1"", ""sigma_x_ratio"": 0.08541644721413748, ""sigma_y_ratio"": 0.05456306689180966, ""wafer_radius_mm"": 150.0}",505
sample_000506,C03_Ring,pareto,"{""alpha"": 2.961792912752103, ""max_um"": 1.0, ""min_um"": 0.01, ""per_sample"": true, ""xm_um"": 0.06325190878834551}",,,124,"{""n_particles"": 124, ""name"": ""wafer_particles.pattern.C03_Ring"", ""radius_ratio"": 0.46223344327250654, ""schema_version"": ""wafer_particles.pattern_config.v1"", ""wafer_radius_mm"": 150.0, ""width_ratio"": 0.1391352583792544}",506
sample_000507,C05_Sector_Internal,weibull,"{""k"": 1.6816494647674776, ""lambda_um"": 0.2628358868052196, ""max_um"": 1.0, ""min_um"": 0.01, ""per_sample"": true}",,,142,"{""angle_center_rad"": 3.2254270402088534, ""angle_width_deg"": 85.3616767149136, ""edge_margin_norm"": 0.05, ""n_particles"": 142, ""name"": ""wafer_particles.pattern.C05_Sector_Internal"", ""r_inner_ratio"": 0.08127456320074745, ""r_outer_ratio"": 0.7311019364137422, ""radial_beta_alpha"": 3.562562509440691, ""radial_beta_beta"": 1.4518507308773247, ""schema_version"": ""wafer_particles.pattern_config.v1"", ""theta_vonmises_kappa"": 3.547934279821569, ""wafer_radius_mm"": 150.0}",507
sample_000508,C06_RadialLines,weibull,"{""k"": 1.2322694812465365, ""lambda_um"": 0.28041017136268936, ""max_um"": 1.0, ""min_um"": 0.01, ""per_sample"": true}",,,156,"{""angular_jitter_deg"": 1.6792299154952284, ""n_lines"": 6, ""n_particles"": 156, ""name"": ""wafer_particles.pattern.C06_RadialLines"", ""params"": {""n_lines"": 5.0, ""r_max_norm"": 0.973219973166297, ""r_min_norm"": 0.2337407972659661, ""sigma_perp_norm"": 0.06849880498116553}, ""r_max_ratio"": 0.8220651377601755, ""r_min_ratio"": 0.029077678583627795, ""schema_version"": ""wafer_particles.pattern_config.v1"", ""sigma_perp_ratio"": 0.02483707258035645, ""wafer_radius_mm"": 150.0}",508
sample_000509,C08_CurvedScratch,pareto,"{""alpha"": 3.9548341259666793, ""max_um"": 1.0, ""min_um"": 0.01, ""per_sample"": true, ""xm_um"": 0.1943009547923632}",,,200,"{""angle_center_deg"": 0.0, ""angle_center_rad"": 3.6678986444042567, ""arc_radius_ratio"": 0.5352005160752895, ""n_particles"": 200, ""name"": ""wafer_particles.pattern.C08_CurvedScratch"", ""params"": {""arc_radius_norm"": 0.6685976330641048, ""span_rad"": 0.6644414834926258, ""width_norm"": 0.04665071740896998}, ""schema_version"": ""wafer_particles.pattern_config.v1"", ""span_deg"": 113.14071285522375, ""wafer_radius_mm"": 150.0, ""width_ratio"": 0.023996400921665863}",509
sample_000510,C05_Sector_Internal,lognormal,"{""max_um"": 1.0, ""min_um"": 0.01, ""mu_log"": -1.5320211994157384, ""per_sample"": true, ""sigma_log"": 0.3642472387389701}",,,159,"{""angle_center_rad"": 2.391624431695576, ""angle_width_deg"": 112.91245013900694, ""edge_margin_norm"": 0.05, ""n_particles"": 159, ""name"": ""wafer_particles.pattern.C05_Sector_Internal"", ""r_inner_ratio"": 0.25534052558593684, ""r_outer_ratio"": 0.5469786264077822, ""radial_beta_alpha"": 3.231029188950555, ""radial_beta_beta"": 2.7965613091339847, ""schema_version"": ""wafer_particles.pattern_config.v1"", ""theta_vonmises_kappa"": 1.0691019269809432, ""wafer_radius_mm"": 150.0}",510
sample_000511,C08_CurvedScratch,lognormal,"{""max_um"": 1.0, ""min_um"": 0.01, ""mu_log"": -0.8139203608830305, ""per_sample"": true, ""sigma_log"": 0.8050416410228509}",,,97,"{""angle_center_deg"": 0.0, ""angle_center_rad"": 1.5979289019477239, ""arc_radius_ratio"": 0.4533183189361683, ""n_particles"": 97, ""name"": ""wafer_particles.pattern.C08_CurvedScratch"", ""params"": {""arc_radius_norm"": 0.6587371033252947, ""span_rad"": 0.20006696208454755, ""width_norm"": 0.04974024375137397}, ""schema_version"": ""wafer_particles.pattern_config.v1"", ""span_deg"": 132.0624778332841, ""wafer_radius_mm"": 150.0, ""width_ratio"": 0.04513353385922528}",511
sample_000512,C04_Sector_Edge,gaussian,"{""max_um"": 1.0, ""mean_um"": 0.12844082716156988, ""min_um"": 0.01, ""per_sample"": true, ""std_um"": 0.0823373763593309}",,,74,"{""angle_center_rad"": 0.6747044728688402, ""angle_width_deg"": 47.19882652824607, ""edge_width_ratio"": 0.0665483272786722, ""n_particles"": 74, ""name"": ""wafer_particles.pattern.C04_Sector_Edge"", ""radial_beta_alpha"": 3.702569316647021, ""radial_beta_beta"": 0.9317363726512584, ""schema_version"": ""wafer_particles.pattern_config.v1"", ""side"": ""right"", ""theta_vonmises_kappa"": 7.880390072607756, ""wafer_radius_mm"": 150.0}",512
sample_000513,C05_Sector_Internal,gaussian,"{""max_um"": 1.0, ""mean_um"": 0.2890776723110239, ""min_um"": 0.01, ""per_sample"": true, ""std_um"": 0.07792665263499969}",,,14,"{""angle_center_rad"": 3.531197170473015, ""angle_width_deg"": 109.17740616242743, ""edge_margin_norm"": 0.05, ""n_particles"": 14, ""name"": ""wafer_particles.pattern.C05_Sector_Internal"", ""r_inner_ratio"": 0.3253023274997548, ""r_outer_ratio"": 0.6895999586025662, ""radial_beta_alpha"": 2.102780451930383, ""radial_beta_beta"": 1.9767861572024812, ""schema_version"": ""wafer_particles.pattern_config.v1"", ""theta_vonmises_kappa"": 5.428414289311483, ""wafer_radius_mm"": 150.0}",513
sample_000514,C02_EdgeBiased,weibull,"{""k"": 1.9751379706956087, ""lambda_um"": 0.04891215882305808, ""max_um"": 1.0, ""min_um"": 0.01, ""per_sample"": true}",,,128,"{""edge_bias"": 3.8991968479973567, ""n_particles"": 128, ""name"": ""wafer_particles.pattern.C02_EdgeBiased"", ""schema_version"": ""wafer_particles.pattern_config.v1"", ""wafer_radius_mm"": 150.0}",514
sample_000515,C09_Spiral,lognormal,"{""max_um"": 1.0, ""min_um"": 0.01, ""mu_log"": -0.6435543871231744, ""per_sample"": true, ""sigma_log"": 0.47987637261019955}",,,167,"{""end_r_ratio"": 0.8396636939847204, ""n_particles"": 167, ""name"": ""wafer_particles.pattern.C09_Spiral"", ""params"": {""theta_max"": 14.20246913115873, ""width_norm"": 0.043068906861398006}, ""schema_version"": ""wafer_particles.pattern_config.v1"", ""start_r_ratio"": 0.22658042022232355, ""theta_max"": 12.998121600776635, ""wafer_radius_mm"": 150.0, ""width_ratio"": 0.011067005568155507}",515
sample_000516,C06_RadialLines,lognormal,"{""max_um"": 1.0, ""min_um"": 0.01, ""mu_log"": -1.5367615094067624, ""per_sample"": true, ""sigma_log"": 0.5593224380677102}",,,35,"{""angular_jitter_deg"": 2.1274446335317476, ""n_lines"": 6, ""n_particles"": 35, ""name"": ""wafer_particles.pattern.C06_RadialLines"", ""params"": {""n_lines"": 7.0, ""r_max_norm"": 0.835564610854646, ""r_min_norm"": 0.08166074106405276, ""sigma_perp_norm"": 0.015999007746154464}, ""r_max_ratio"": 0.8980115053778179, ""r_min_ratio"": 0.07972034060199622, ""schema_version"": ""wafer_particles.pattern_config.v1"", ""sigma_perp_ratio"": 0.014016674728060185, ""wafer_radius_mm"": 150.0}",516
sample_000517,C08_CurvedScratch,weibull,"{""k"": 2.0904818122505855, ""lambda_um"": 0.1738465085206039, ""max_um"": 1.0, ""min_um"": 0.01, ""per_sample"": true}",,,136,"{""angle_center_deg"": 0.0, ""angle_center_rad"": 6.236963852649314, ""arc_radius_ratio"": 0.5575010099704055, ""n_particles"": 136, ""name"": ""wafer_particles.pattern.C08_CurvedScratch"", ""params"": {""arc_radius_norm"": 0.8880257959468303, ""span_rad"": 0.3580472362559122, ""width_norm"": 0.037267156851075484}, ""schema_version"": ""wafer_particles.pattern_config.v1"", ""span_deg"": 50.66942338611979, ""wafer_radius_mm"": 150.0, ""width_ratio"": 0.053998265510710235}",517
sample_000518,C06_RadialLines,weibull,"{""k"": 1.4170575364017224, ""lambda_um"": 0.2585035554355634, ""max_um"": 1.0, ""min_um"": 0.01, ""per_sample"": true}",,,73,"{""angular_jitter_deg"": 1.8377932380490125, ""n_lines"": 6, ""n_particles"": 73, ""name"": ""wafer_particles.pattern.C06_RadialLines"", ""params"": {""n_lines"": 3.0, ""r_max_norm"": 0.8713339152052816, ""r_min_norm"": 0.03204338056903897, ""sigma_perp_norm"": 0.06919504902283174}, ""r_max_ratio"": 0.9225703872059132, ""r_min_ratio"": 0.12346002040695452, ""schema_version"": ""wafer_particles.pattern_config.v1"", ""sigma_perp_ratio"": 0.02903357692640978, ""wafer_radius_mm"": 150.0}",518
sample_000519,C02_EdgeBiased,weibull,"{""k"": 1.016808593288572, ""lambda_um"": 0.3934698179451931, ""max_um"": 1.0, ""min_um"": 0.01, ""per_sample"": true}",,,53,"{""edge_bias"": 3.4198495946800422, ""n_particles"": 53, ""name"": ""wafer_particles.pattern.C02_EdgeBiased"", ""schema_version"": ""wafer_particles.pattern_config.v1"", ""wafer_radius_mm"": 150.0}",519
sample_000520,C06_RadialLines,lognormal,"{""max_um"": 1.0, ""min_um"": 0.01, ""mu_log"": -3.7903072533988587, ""per_sample"": true, ""sigma_log"": 0.3957822295811586}",,,155,"{""angular_jitter_deg"": 0.890158411676743, ""n_lines"": 8, ""n_particles"": 155, ""name"": ""wafer_particles.pattern.C06_RadialLines"", ""params"": {""n_lines"": 3.0, ""r_max_norm"": 0.8658551980227704, ""r_min_norm"": 0.17063565657450175, ""sigma_perp_norm"": 0.04247295389940278}, ""r_max_ratio"": 0.6556526177905171, ""r_min_ratio"": 0.18190688151452458, ""schema_version"": ""wafer_particles.pattern_config.v1"", ""sigma_perp_ratio"": 0.006838436062923451, ""wafer_radius_mm"": 150.0}",520
sample_000521,C09_Spiral,lognormal,"{""max_um"": 1.0, ""min_um"": 0.01, ""mu_log"": -1.1063318677415017, ""per_sample"": true, ""sigma_log"": 0.3591170630349749}",,,133,"{""end_r_ratio"": 0.9693416271468702, ""n_particles"": 133, ""name"": ""wafer_particles.pattern.C09_Spiral"", ""params"": {""theta_max"": 29.280295491848292, ""width_norm"": 0.0445128324490239}, ""schema_version"": ""wafer_particles.pattern_config.v1"", ""start_r_ratio"": 0.23050343481569566, ""theta_max"": 17.816281300128146, ""wafer_radius_mm"": 150.0, ""width_ratio"": 0.043555521336257744}",521
sample_000522,C04_Sector_Edge,weibull,"{""k"": 1.0648151141609905, ""lambda_um"": 0.4531469855601476, ""max_um"": 1.0, ""min_um"": 0.01, ""per_sample"": true}",,,84,"{""angle_center_rad"": 3.484698692319328, ""angle_width_deg"": 28.194311391651915, ""edge_width_ratio"": 0.17845181528250675, ""n_particles"": 84, ""name"": ""wafer_particles.pattern.C04_Sector_Edge"", ""radial_beta_alpha"": 1.803727671260973, ""radial_beta_beta"": 1.6831617012109974, ""schema_version"": ""wafer_particles.pattern_config.v1"", ""side"": ""right"", ""theta_vonmises_kappa"": 1.9405443357142749, ""wafer_radius_mm"": 150.0}",522
sample_000523,C06_RadialLines,lognormal,"{""max_um"": 1.0, ""min_um"": 0.01, ""mu_log"": -2.807442746057432, ""per_sample"": true, ""sigma_log"": 0.5317624547691915}",,,142,"{""angular_jitter_deg"": 3.1342626906355484, ""n_lines"": 8, ""n_particles"": 142, ""name"": ""wafer_particles.pattern.C06_RadialLines"", ""params"": {""n_lines"": 3.0, ""r_max_norm"": 0.8422869073380196, ""r_min_norm"": 0.06734532137565306, ""sigma_perp_norm"": 0.05833862537430073}, ""r_max_ratio"": 0.7035541555592342, ""r_min_ratio"": 0.19973396273107769, ""schema_version"": ""wafer_particles.pattern_config.v1"", ""sigma_perp_ratio"": 0.023378442298407683, ""wafer_radius_mm"": 150.0}",523
sample_000524,C04_Sector_Edge,lognormal,"{""max_um"": 1.0, ""min_um"": 0.01, ""mu_log"": -2.0285627464768807, ""per_sample"": true, ""sigma_log"": 0.8208963234981457}",,,107,"{""angle_center_rad"": 6.139383224672621, ""angle_width_deg"": 89.6147278500121, ""edge_width_ratio"": 0.22713029239933064, ""n_particles"": 107, ""name"": ""wafer_particles.pattern.C04_Sector_Edge"", ""radial_beta_alpha"": 3.8638954050718297, ""radial_beta_beta"": 1.5837074906553603, ""schema_version"": ""wafer_particles.pattern_config.v1"", ""side"": ""right"", ""theta_vonmises_kappa"": 4.98405467852654, ""wafer_radius_mm"": 150.0}",524
sample_000525,C03_Ring,weibull,"{""k"": 2.777886360075712, ""lambda_um"": 0.1277505094729099, ""max_um"": 1.0, ""min_um"": 0.01, ""per_sample"": true}",,,185,"{""n_particles"": 185, ""name"": ""wafer_particles.pattern.C03_Ring"", ""radius_ratio"": 0.48672300623779513, ""schema_version"": ""wafer_particles.pattern_config.v1"", ""wafer_radius_mm"": 150.0, ""width_ratio"": 0.034905705578909006}",525
sample_000526,C02_EdgeBiased,lognormal,"{""max_um"": 1.0, ""min_um"": 0.01, ""mu_log"": -0.4837408522854463, ""per_sample"": true, ""sigma_log"": 0.645105519685627}",,,87,"{""edge_bias"": 3.788213079433696, ""n_particles"": 87, ""name"": ""wafer_particles.pattern.C02_EdgeBiased"", ""schema_version"": ""wafer_particles.pattern_config.v1"", ""wafer_radius_mm"": 150.0}",526
sample_000527,C03_Ring,pareto,"{""alpha"": 2.4758339637295914, ""max_um"": 1.0, ""min_um"": 0.01, ""per_sample"": true, ""xm_um"": 0.10111227424930598}",,,181,"{""n_particles"": 181, ""name"": ""wafer_particles.pattern.C03_Ring"", ""radius_ratio"": 0.6641462060652055, ""schema_version"": ""wafer_particles.pattern_config.v1"", ""wafer_radius_mm"": 150.0, ""width_ratio"": 0.14383486570667048}",527
sample_000528,C09_Spiral,weibull,"{""k"": 2.627103207696009, ""lambda_um"": 0.2426185605150047, ""max_um"": 1.0, ""min_um"": 0.01, ""per_sample"": true}",,,69,"{""end_r_ratio"": 0.9021547406602606, ""n_particles"": 69, ""name"": ""wafer_particles.pattern.C09_Spiral"", ""params"": {""theta_max"": 30.372967143015284, ""width_norm"": 0.0238302182898639}, ""schema_version"": ""wafer_particles.pattern_config.v1"", ""start_r_ratio"": 0.11153372279776426, ""theta_max"": 17.284453028604716, ""wafer_radius_mm"": 150.0, ""width_ratio"": 0.04662476745236732}",528
sample_000529,ring_narrow,gaussian,"{""max_um"": 1.0, ""mean_um"": 0.24543699253533957, ""min_um"": 0.01, ""per_sample"": true, ""std_um"": 0.05300906448912793}",ring,ring,150,"{""n_particles"": 150, ""name"": ""wafer_particles.pattern.ring_narrow"", ""radius_ratio"": 0.7, ""schema_version"": ""wafer_particles.pattern_config.v1"", ""wafer_radius_mm"": 150.0, ""width_ratio"": 0.03}",529
sample_000530,C07_StraightLine,lognormal,"{""max_um"": 1.0, ""min_um"": 0.01, ""mu_log"": -2.1887599595227214, ""per_sample"": true, ""sigma_log"": 0.46482423065755973}",,,78,"{""angle_deg"": 8.935309855359053, ""n_particles"": 78, ""name"": ""wafer_particles.pattern.C07_StraightLine"", ""offset_ratio"": -0.29918769147398405, ""params"": {""segment_half_length_norm"": 0.2143757475592428, ""width_norm"": 0.05366799770128755}, ""schema_version"": ""wafer_particles.pattern_config.v1"", ""segment_half_length_ratio"": 0.6961231083679522, ""wafer_radius_mm"": 150.0, ""width_ratio"": 0.02421530598820106}",530
sample_000531,C03_Ring,gaussian,"{""max_um"": 1.0, ""mean_um"": 0.13156711884881003, ""min_um"": 0.01, ""per_sample"": true, ""std_um"": 0.03505941694585773}",,,179,"{""n_particles"": 179, ""name"": ""wafer_particles.pattern.C03_Ring"", ""radius_ratio"": 0.7338053686888282, ""schema_version"": ""wafer_particles.pattern_config.v1"", ""wafer_radius_mm"": 150.0, ""width_ratio"": 0.131053570024205}",531
sample_000532,C05_Sector_Internal,weibull,"{""k"": 1.0277105314089376, ""lambda_um"": 0.1357456466915216, ""max_um"": 1.0, ""min_um"": 0.01, ""per_sample"": true}",,,163,"{""angle_center_rad"": 1.9739105773886678, ""angle_width_deg"": 30.49504797454971, ""edge_margin_norm"": 0.05, ""n_particles"": 163, ""name"": ""wafer_particles.pattern.C05_Sector_Internal"", ""r_inner_ratio"": 0.16761941337951974, ""r_outer_ratio"": 0.5076222351653845, ""radial_beta_alpha"": 3.209916077343056, ""radial_beta_beta"": 1.2004808896634842, ""schema_version"": ""wafer_particles.pattern_config.v1"", ""theta_vonmises_kappa"": 1.0090171401728805, ""wafer_radius_mm"": 150.0}",532
sample_000533,C06_RadialLines,gaussian,"{""max_um"": 1.0, ""mean_um"": 0.1626608497908198, ""min_um"": 0.01, ""per_sample"": true, ""std_um"": 0.0739706392599212}",,,168,"{""angular_jitter_deg"": 2.711164284463013, ""n_lines"": 4, ""n_particles"": 168, ""name"": ""wafer_particles.pattern.C06_RadialLines"", ""params"": {""n_lines"": 8.0, ""r_max_norm"": 0.7031881793108112, ""r_min_norm"": 0.13035360144348226, ""sigma_perp_norm"": 0.03446507945181907}, ""r_max_ratio"": 0.8418746407181983, ""r_min_ratio"": 0.1724975302594456, ""schema_version"": ""wafer_particles.pattern_config.v1"", ""sigma_perp_ratio"": 0.029704377521268213, ""wafer_radius_mm"": 150.0}",533
sample_000534,C11_Hotspot_Elliptic,gaussian,"{""max_um"": 1.0, ""mean_um"": 0.2619120973317136, ""min_um"": 0.01, ""per_sample"": true, ""std_um"": 0.0285428845488949}",,,145,"{""center_angle"": ""random"", ""center_angle_rad"": 0.9132539307786286, ""center_radius_ratio"": 0.05591456552117079, ""mode"": ""random"", ""n_particles"": 145, ""name"": ""wafer_particles.pattern.C11_Hotspot_Elliptic"", ""rotation_deg"": 30.0, ""rotation_rad"": 3.8988597045009525, ""schema_version"": ""wafer_particles.pattern_config.v1"", ""sigma_x_ratio"": 0.09354709458470051, ""sigma_y_ratio"": 0.03985891120150727, ""wafer_radius_mm"": 150.0}",534
sample_000535,C11_Hotspot_Elliptic,weibull,"{""k"": 0.8609559782602291, ""lambda_um"": 0.2807606703504619, ""max_um"": 1.0, ""min_um"": 0.01, ""per_sample"": true}",,,155,"{""center_angle"": ""random"", ""center_angle_rad"": 3.494036735856433, ""center_radius_ratio"": 0.13197262309043822, ""mode"": ""random"", ""n_particles"": 155, ""name"": ""wafer_particles.pattern.C11_Hotspot_Elliptic"", ""rotation_deg"": 30.0, ""rotation_rad"": 4.386190756430347, ""schema_version"": ""wafer_particles.pattern_config.v1"", ""sigma_x_ratio"": 0.07761520497982922, ""sigma_y_ratio"": 0.06749272131646399, ""wafer_radius_mm"": 150.0}",535
sample_000536,C06_RadialLines,gaussian,"{""max_um"": 1.0, ""mean_um"": 0.5525750111304326, ""min_um"": 0.01, ""per_sample"": true, ""std_um"": 0.02879193506552876}",,,88,"{""angular_jitter_deg"": 3.6187828968091966, ""n_lines"": 4, ""n_particles"": 88, ""name"": ""wafer_particles.pattern.C06_RadialLines"", ""params"": {""n_lines"": 3.0, ""r_max_norm"": 0.9812373734707677, ""r_min_norm"": 0.265422720799932, ""sigma_perp_norm"": 0.06426848580729427}, ""r_max_ratio"": 0.6763459928115836, ""r_min_ratio"": 0.13647500740984328, ""schema_version"": ""wafer_particles.pattern_config.v1"", ""sigma_perp_ratio"": 0.021723458600416374, ""wafer_radius_mm"": 150.0}",536
sample_000537,C05_Sector_Internal,gaussian,"{""max_um"": 1.0, ""mean_um"": 0.6245228732193854, ""min_um"": 0.01, ""per_sample"": true, ""std_um"": 0.0792925191429116}",,,177,"{""angle_center_rad"": 0.06268877287929138, ""angle_width_deg"": 30.430067681032497, ""edge_margin_norm"": 0.05, ""n_particles"": 177, ""name"": ""wafer_particles.pattern.C05_Sector_Internal"", ""r_inner_ratio"": 0.3922108504360345, ""r_outer_ratio"": 0.7979123770408658, ""radial_beta_alpha"": 1.3836640032076768, ""radial_beta_beta"": 3.1906764641380145, ""schema_version"": ""wafer_particles.pattern_config.v1"", ""theta_vonmises_kappa"": 5.829928443740779, ""wafer_radius_mm"": 150.0}",537
sample_000538,C04_Sector_Edge,gaussian,"{""max_um"": 1.0, ""mean_um"": 0.6423204316481262, ""min_um"": 0.01, ""per_sample"": true, ""std_um"": 0.0590377682774782}",,,23,"{""angle_center_rad"": 0.29387955324511456, ""angle_width_deg"": 72.59671975493652, ""edge_width_ratio"": 0.20834515202314285, ""n_particles"": 23, ""name"": ""wafer_particles.pattern.C04_Sector_Edge"", ""radial_beta_alpha"": 3.51520309965787, ""radial_beta_beta"": 1.0876565779857963, ""schema_version"": ""wafer_particles.pattern_config.v1"", ""side"": ""right"", ""theta_vonmises_kappa"": 4.025544984509036, ""wafer_radius_mm"": 150.0}",538
sample_000539,C03_Ring,gaussian,"{""max_um"": 1.0, ""mean_um"": 0.4837768895002717, ""min_um"": 0.01, ""per_sample"": true, ""std_um"": 0.08749284277156273}",,,34,"{""n_particles"": 34, ""name"": ""wafer_particles.pattern.C03_Ring"", ""radius_ratio"": 0.40739155036890196, ""schema_version"": ""wafer_particles.pattern_config.v1"", ""wafer_radius_mm"": 150.0, ""width_ratio"": 0.19400800336136265}",539
sample_000540,C05_Sector_Internal,weibull,"{""k"": 2.0110677111126094, ""lambda_um"": 0.20449506549844196, ""max_um"": 1.0, ""min_um"": 0.01, ""per_sample"": true}",,,176,"{""angle_center_rad"": 1.2338674249204715, ""angle_width_deg"": 40.59882174422414, ""edge_margin_norm"": 0.05, ""n_particles"": 176, ""name"": ""wafer_particles.pattern.C05_Sector_Internal"", ""r_inner_ratio"": 0.0762505773944882, ""r_outer_ratio"": 0.6532017292724742, ""radial_beta_alpha"": 1.3116139750789926, ""radial_beta_beta"": 2.1273399831653146, ""schema_version"": ""wafer_particles.pattern_config.v1"", ""theta_vonmises_kappa"": 0.605213828063933, ""wafer_radius_mm"": 150.0}",540
sample_000541,C06_RadialLines,gaussian,"{""max_um"": 1.0, ""mean_um"": 0.7665358067017822, ""min_um"": 0.01, ""per_sample"": true, ""std_um"": 0.061125194895335605}",,,182,"{""angular_jitter_deg"": 3.343681866451274, ""n_lines"": 8, ""n_particles"": 182, ""name"": ""wafer_particles.pattern.C06_RadialLines"", ""params"": {""n_lines"": 2.0, ""r_max_norm"": 0.7083830660924582, ""r_min_norm"": 0.1971285532266888, ""sigma_perp_norm"": 0.06251487843072116}, ""r_max_ratio"": 0.6467743933282288, ""r_min_ratio"": 0.19872690053729966, ""schema_version"": ""wafer_particles.pattern_config.v1"", ""sigma_perp_ratio"": 0.013873036161774887, ""wafer_radius_mm"": 150.0}",541
sample_000542,C08_CurvedScratch,weibull,"{""k"": 1.3596286092035599, ""lambda_um"": 0.43773083311389976, ""max_um"": 1.0, ""min_um"": 0.01, ""per_sample"": true}",,,152,"{""angle_center_deg"": 0.0, ""angle_center_rad"": 3.9415951410432437, ""arc_radius_ratio"": 0.5704354287589597, ""n_particles"": 152, ""name"": ""wafer_particles.pattern.C08_CurvedScratch"", ""params"": {""arc_radius_norm"": 0.7333991045028629, ""span_rad"": 0.7584559789974135, ""width_norm"": 0.06399932294779122}, ""schema_version"": ""wafer_particles.pattern_config.v1"", ""span_deg"": 136.7649029630626, ""wafer_radius_mm"": 150.0, ""width_ratio"": 0.025684038161760174}",542
sample_000543,C03_Ring,gaussian,"{""max_um"": 1.0, ""mean_um"": 0.048700679783573966, ""min_um"": 0.01, ""per_sample"": true, ""std_um"": 0.07323931221856213}",,,150,"{""n_particles"": 150, ""name"": ""wafer_particles.pattern.C03_Ring"", ""radius_ratio"": 0.7148016324027784, ""schema_version"": ""wafer_particles.pattern_config.v1"", ""wafer_radius_mm"": 150.0, ""width_ratio"": 0.09169838520889584}",543
sample_000544,C01_Uniform,pareto,"{""alpha"": 2.484718940993651, ""max_um"": 1.0, ""min_um"": 0.01, ""per_sample"": true, ""xm_um"": 0.06329091083372458}",,,27,"{""n_particles"": 27, ""name"": ""wafer_particles.pattern.C01_Uniform"", ""schema_version"": ""wafer_particles.pattern_config.v1"", ""wafer_radius_mm"": 150.0}",544
sample_000545,random_uniform,gaussian,"{""max_um"": 1.0, ""mean_um"": 0.7824412739094653, ""min_um"": 0.01, ""per_sample"": true, ""std_um"": 0.0923259380666128}",random,random,90,"{""n_particles"": 90, ""name"": ""wafer_particles.pattern.random_uniform"", ""schema_version"": ""wafer_particles.pattern_config.v1"", ""wafer_radius_mm"": 150.0}",545
sample_000546,C09_Spiral,weibull,"{""k"": 2.595160969386093, ""lambda_um"": 0.037978583842180315, ""max_um"": 1.0, ""min_um"": 0.01, ""per_sample"": true}",,,69,"{""end_r_ratio"": 0.9582413428607288, ""n_particles"": 69, ""name"": ""wafer_particles.pattern.C09_Spiral"", ""params"": {""theta_max"": 26.312469806325534, ""width_norm"": 0.023313374184052254}, ""schema_version"": ""wafer_particles.pattern_config.v1"", ""start_r_ratio"": 0.15940848661230736, ""theta_max"": 15.150438721633067, ""wafer_radius_mm"": 150.0, ""width_ratio"": 0.016035307812772997}",546
sample_000547,C08_CurvedScratch,gaussian,"{""max_um"": 1.0, ""mean_um"": 0.3360727045696796, ""min_um"": 0.01, ""per_sample"": true, ""std_um"": 0.024898339799342625}",,,183,"{""angle_center_deg"": 0.0, ""angle_center_rad"": 0.6470796324729803, ""arc_radius_ratio"": 0.46591656377583257, ""n_particles"": 183, ""name"": ""wafer_particles.pattern.C08_CurvedScratch"", ""params"": {""arc_radius_norm"": 0.7005022255626686, ""span_rad"": 0.3897500762571213, ""width_norm"": 0.05002221351761878}, ""schema_version"": ""wafer_particles.pattern_config.v1"", ""span_deg"": 105.59954808799259, ""wafer_radius_mm"": 150.0, ""width_ratio"": 0.05137780795389144}",547
sample_000548,C08_CurvedScratch,lognormal,"{""max_um"": 1.0, ""min_um"": 0.01, ""mu_log"": -0.5945161033971731, ""per_sample"": true, ""sigma_log"": 0.5708464318107398}",,,191,"{""angle_center_deg"": 0.0, ""angle_center_rad"": 1.5708055237698408, ""arc_radius_ratio"": 0.6892158880252, ""n_particles"": 191, ""name"": ""wafer_particles.pattern.C08_CurvedScratch"", ""params"": {""arc_radius_norm"": 0.4120796163225336, ""span_rad"": 0.5578113956068667, ""width_norm"": 0.04002064654300001}, ""schema_version"": ""wafer_particles.pattern_config.v1"", ""span_deg"": 119.87273819882705, ""wafer_radius_mm"": 150.0, ""width_ratio"": 0.030527157266438933}",548
sample_000549,C11_Hotspot_Elliptic,weibull,"{""k"": 2.525229183157988, ""lambda_um"": 0.23399123777388234, ""max_um"": 1.0, ""min_um"": 0.01, ""per_sample"": true}",,,162,"{""center_angle"": ""random"", ""center_angle_rad"": 4.04263275208827, ""center_radius_ratio"": 0.5682415113045005, ""mode"": ""random"", ""n_particles"": 162, ""name"": ""wafer_particles.pattern.C11_Hotspot_Elliptic"", ""rotation_deg"": 30.0, ""rotation_rad"": 6.141564806987268, ""schema_version"": ""wafer_particles.pattern_config.v1"", ""sigma_x_ratio"": 0.09963785221622552, ""sigma_y_ratio"": 0.079182505268798, ""wafer_radius_mm"": 150.0}",549
sample_000550,scratch_vertical,gaussian,"{""max_um"": 1.0, ""mean_um"": 0.3295165149092899, ""min_um"": 0.01, ""per_sample"": true, ""std_um"": 0.06167512885242292}",line,scratch,77,"{""angle_category"": ""vertical"", ""length_ratio"": 1.0, ""n_particles"": 77, ""name"": ""wafer_particles.pattern.scratch"", ""offset_ratio"": 0.0, ""schema_version"": ""wafer_particles.pattern_config.v1"", ""wafer_radius_mm"": 150.0, ""width_ratio"": 0.01}",550
sample_000551,C03_Ring,gaussian,"{""max_um"": 1.0, ""mean_um"": 0.5233941933248623, ""min_um"": 0.01, ""per_sample"": true, ""std_um"": 0.08970116589037821}",,,144,"{""n_particles"": 144, ""name"": ""wafer_particles.pattern.C03_Ring"", ""radius_ratio"": 0.7463002724102389, ""schema_version"": ""wafer_particles.pattern_config.v1"", ""wafer_radius_mm"": 150.0, ""width_ratio"": 0.10378260414065735}",551
sample_000552,C05_Sector_Internal,gaussian,"{""max_um"": 1.0, ""mean_um"": 0.10028509901004484, ""min_um"": 0.01, ""per_sample"": true, ""std_um"": 0.05715483788326589}",,,100,"{""angle_center_rad"": 3.4470611886908324, ""angle_width_deg"": 51.48203239826633, ""edge_margin_norm"": 0.05, ""n_particles"": 100, ""name"": ""wafer_particles.pattern.C05_Sector_Internal"", ""r_inner_ratio"": 0.3934799162097777, ""r_outer_ratio"": 0.7149629749284363, ""radial_beta_alpha"": 2.165807823439432, ""radial_beta_beta"": 1.9849538860128497, ""schema_version"": ""wafer_particles.pattern_config.v1"", ""theta_vonmises_kappa"": 5.365219793080256, ""wafer_radius_mm"": 150.0}",552
sample_000553,C09_Spiral,gaussian,"{""max_um"": 1.0, ""mean_um"": 0.7349270210328439, ""min_um"": 0.01, ""per_sample"": true, ""std_um"": 0.09331747535256617}",,,31,"{""end_r_ratio"": 0.9160559805332177, ""n_particles"": 31, ""name"": ""wafer_particles.pattern.C09_Spiral"", ""params"": {""theta_max"": 13.906265408518646, ""width_norm"": 0.010007473954731689}, ""schema_version"": ""wafer_particles.pattern_config.v1"", ""start_r_ratio"": 0.2509885271125185, ""theta_max"": 13.069773644042844, ""wafer_radius_mm"": 150.0, ""width_ratio"": 0.006064968229512557}",553
sample_000554,C06_RadialLines,lognormal,"{""max_um"": 1.0, ""min_um"": 0.01, ""mu_log"": -2.121475134048751, ""per_sample"": true, ""sigma_log"": 0.4109587861452904}",,,76,"{""angular_jitter_deg"": 0.5237968654571062, ""n_lines"": 6, ""n_particles"": 76, ""name"": ""wafer_particles.pattern.C06_RadialLines"", ""params"": {""n_lines"": 4.0, ""r_max_norm"": 0.8054433951615318, ""r_min_norm"": 0.1209777512315619, ""sigma_perp_norm"": 0.04197720133935071}, ""r_max_ratio"": 0.8566290681584585, ""r_min_ratio"": 0.06321862572627188, ""schema_version"": ""wafer_particles.pattern_config.v1"", ""sigma_perp_ratio"": 0.016172391656202392, ""wafer_radius_mm"": 150.0}",554
sample_000555,C09_Spiral,weibull,"{""k"": 0.7601755156579333, ""lambda_um"": 0.34454894968178856, ""max_um"": 1.0, ""min_um"": 0.01, ""per_sample"": true}",,,77,"{""end_r_ratio"": 0.8265217454933421, ""n_particles"": 77, ""name"": ""wafer_particles.pattern.C09_Spiral"", ""params"": {""theta_max"": 24.067961913862895, ""width_norm"": 0.005744145684356037}, ""schema_version"": ""wafer_particles.pattern_config.v1"", ""start_r_ratio"": 0.24760839059217782, ""theta_max"": 9.204448982931988, ""wafer_radius_mm"": 150.0, ""width_ratio"": 0.01921279722996681}",555
sample_000556,C01_Uniform,weibull,"{""k"": 2.2971242667404854, ""lambda_um"": 0.1282718001298584, ""max_um"": 1.0, ""min_um"": 0.01, ""per_sample"": true}",,,16,"{""n_particles"": 16, ""name"": ""wafer_particles.pattern.C01_Uniform"", ""schema_version"": ""wafer_particles.pattern_config.v1"", ""wafer_radius_mm"": 150.0}",556
sample_000557,C08_CurvedScratch,gaussian,"{""max_um"": 1.0, ""mean_um"": 0.7664391851217962, ""min_um"": 0.01, ""per_sample"": true, ""std_um"": 0.039128976489551354}",,,198,"{""angle_center_deg"": 0.0, ""angle_center_rad"": 1.5708740828535783, ""arc_radius_ratio"": 0.46385224640422734, ""n_particles"": 198, ""name"": ""wafer_particles.pattern.C08_CurvedScratch"", ""params"": {""arc_radius_norm"": 0.8960025593049874, ""span_rad"": 0.6713195603014883, ""width_norm"": 0.0391581152888089}, ""schema_version"": ""wafer_particles.pattern_config.v1"", ""span_deg"": 53.25551299402918, ""wafer_radius_mm"": 150.0, ""width_ratio"": 0.016429663478979614}",557
sample_000558,C09_Spiral,gaussian,"{""max_um"": 1.0, ""mean_um"": 0.04947929630402756, ""min_um"": 0.01, ""per_sample"": true, ""std_um"": 0.039914572498861656}",,,103,"{""end_r_ratio"": 0.9910206620561872, ""n_particles"": 103, ""name"": ""wafer_particles.pattern.C09_Spiral"", ""params"": {""theta_max"": 31.109139902827295, ""width_norm"": 0.029867727038299687}, ""schema_version"": ""wafer_particles.pattern_config.v1"", ""start_r_ratio"": 0.2364390913459419, ""theta_max"": 9.640053344783334, ""wafer_radius_mm"": 150.0, ""width_ratio"": 0.029247371308396098}",558
sample_000559,C11_Hotspot_Elliptic,lognormal,"{""max_um"": 1.0, ""min_um"": 0.01, ""mu_log"": -2.5493994917792184, ""per_sample"": true, ""sigma_log"": 0.7797355893005216}",,,194,"{""center_angle"": ""random"", ""center_angle_rad"": 0.40924724480335073, ""center_radius_ratio"": 0.04257698291436275, ""mode"": ""random"", ""n_particles"": 194, ""name"": ""wafer_particles.pattern.C11_Hotspot_Elliptic"", ""rotation_deg"": 30.0, ""rotation_rad"": 1.3536223879273037, ""schema_version"": ""wafer_particles.pattern_config.v1"", ""sigma_x_ratio"": 0.0882767932268661, ""sigma_y_ratio"": 0.023258330023107673, ""wafer_radius_mm"": 150.0}",559
sample_000560,C01_Uniform,gaussian,"{""max_um"": 1.0, ""mean_um"": 0.1678652597735198, ""min_um"": 0.01, ""per_sample"": true, ""std_um"": 0.0579216850465579}",,,126,"{""n_particles"": 126, ""name"": ""wafer_particles.pattern.C01_Uniform"", ""schema_version"": ""wafer_particles.pattern_config.v1"", ""wafer_radius_mm"": 150.0}",560
sample_000561,C11_Hotspot_Elliptic,lognormal,"{""max_um"": 1.0, ""min_um"": 0.01, ""mu_log"": -3.1217838213165425, ""per_sample"": true, ""sigma_log"": 0.8607038828714992}",,,200,"{""center_angle"": ""random"", ""center_angle_rad"": 3.446296070757696, ""center_radius_ratio"": 0.25470328791183355, ""mode"": ""random"", ""n_particles"": 200, ""name"": ""wafer_particles.pattern.C11_Hotspot_Elliptic"", ""rotation_deg"": 30.0, ""rotation_rad"": 1.918435652224258, ""schema_version"": ""wafer_particles.pattern_config.v1"", ""sigma_x_ratio"": 0.04201668397013404, ""sigma_y_ratio"": 0.03487031918568919, ""wafer_radius_mm"": 150.0}",561
sample_000562,C11_Hotspot_Elliptic,lognormal,"{""max_um"": 1.0, ""min_um"": 0.01, ""mu_log"": -0.9651842633727701, ""per_sample"": true, ""sigma_log"": 0.7534832803006299}",,,199,"{""center_angle"": ""random"", ""center_angle_rad"": 5.886393309285257, ""center_radius_ratio"": 0.5405991277255144, ""mode"": ""random"", ""n_particles"": 199, ""name"": ""wafer_particles.pattern.C11_Hotspot_Elliptic"", ""rotation_deg"": 30.0, ""rotation_rad"": 5.779672163915162, ""schema_version"": ""wafer_particles.pattern_config.v1"", ""sigma_x_ratio"": 0.07066279435383041, ""sigma_y_ratio"": 0.0713104081765204, ""wafer_radius_mm"": 150.0}",562
sample_000563,C08_CurvedScratch,pareto,"{""alpha"": 3.6473577172020777, ""max_um"": 1.0, ""min_um"": 0.01, ""per_sample"": true, ""xm_um"": 0.20339653055248058}",,,17,"{""angle_center_deg"": 0.0, ""angle_center_rad"": 2.7083069777485984, ""arc_radius_ratio"": 0.8984262473501685, ""n_particles"": 17, ""name"": ""wafer_particles.pattern.C08_CurvedScratch"", ""params"": {""arc_radius_norm"": 0.5417587860619434, ""span_rad"": 0.7405852802971524, ""width_norm"": 0.037176347913726246}, ""schema_version"": ""wafer_particles.pattern_config.v1"", ""span_deg"": 133.29770063578457, ""wafer_radius_mm"": 150.0, ""width_ratio"": 0.04556118575476484}",563
sample_000564,scratch_vertical,lognormal,"{""max_um"": 1.0, ""min_um"": 0.01, ""mu_log"": -1.0613525751864366, ""per_sample"": true, ""sigma_log"": 0.4350921723753899}",line,scratch,140,"{""angle_category"": ""vertical"", ""length_ratio"": 1.0, ""n_particles"": 140, ""name"": ""wafer_particles.pattern.scratch"", ""offset_ratio"": 0.0, ""schema_version"": ""wafer_particles.pattern_config.v1"", ""wafer_radius_mm"": 150.0, ""width_ratio"": 0.01}",564
sample_000565,C05_Sector_Internal,lognormal,"{""max_um"": 1.0, ""min_um"": 0.01, ""mu_log"": -0.24666498043125884, ""per_sample"": true, ""sigma_log"": 0.39110852823555786}",,,63,"{""angle_center_rad"": 5.374000092253217, ""angle_width_deg"": 64.69533423490397, ""edge_margin_norm"": 0.05, ""n_particles"": 63, ""name"": ""wafer_particles.pattern.C05_Sector_Internal"", ""r_inner_ratio"": 0.35660225173113125, ""r_outer_ratio"": 0.6154462426916121, ""radial_beta_alpha"": 3.8574782232033833, ""radial_beta_beta"": 2.764144676989048, ""schema_version"": ""wafer_particles.pattern_config.v1"", ""theta_vonmises_kappa"": 6.173727404739399, ""wafer_radius_mm"": 150.0}",565
sample_000566,C03_Ring,gaussian,"{""max_um"": 1.0, ""mean_um"": 0.6569250487153574, ""min_um"": 0.01, ""per_sample"": true, ""std_um"": 0.05027356094281213}",,,91,"{""n_particles"": 91, ""name"": ""wafer_particles.pattern.C03_Ring"", ""radius_ratio"": 0.7064906812627532, ""schema_version"": ""wafer_particles.pattern_config.v1"", ""wafer_radius_mm"": 150.0, ""width_ratio"": 0.19555578288725853}",566
sample_000567,C03_Ring,gaussian,"{""max_um"": 1.0, ""mean_um"": 0.7374604687695285, ""min_um"": 0.01, ""per_sample"": true, ""std_um"": 0.034700775834640096}",,,165,"{""n_particles"": 165, ""name"": ""wafer_particles.pattern.C03_Ring"", ""radius_ratio"": 0.6973883491263114, ""schema_version"": ""wafer_particles.pattern_config.v1"", ""wafer_radius_mm"": 150.0, ""width_ratio"": 0.16936919749149607}",567
sample_000568,C07_StraightLine,pareto,"{""alpha"": 2.5905536624399303, ""max_um"": 1.0, ""min_um"": 0.01, ""per_sample"": true, ""xm_um"": 0.14264075195675502}",,,111,"{""angle_deg"": 68.187014185985, ""n_particles"": 111, ""name"": ""wafer_particles.pattern.C07_StraightLine"", ""offset_ratio"": -0.03761924085167967, ""params"": {""segment_half_length_norm"": 0.3304131921133805, ""width_norm"": 0.06375631091584599}, ""schema_version"": ""wafer_particles.pattern_config.v1"", ""segment_half_length_ratio"": 0.7552377586976822, ""wafer_radius_mm"": 150.0, ""width_ratio"": 0.042319993757566954}",568
sample_000569,C05_Sector_Internal,weibull,"{""k"": 1.8723205962380591, ""lambda_um"": 0.14924388048162726, ""max_um"": 1.0, ""min_um"": 0.01, ""per_sample"": true}",,,131,"{""angle_center_rad"": 2.828148289172722, ""angle_width_deg"": 43.15987763897974, ""edge_margin_norm"": 0.05, ""n_particles"": 131, ""name"": ""wafer_particles.pattern.C05_Sector_Internal"", ""r_inner_ratio"": 0.3861079643939661, ""r_outer_ratio"": 0.7620230431934951, ""radial_beta_alpha"": 1.4122612933905503, ""radial_beta_beta"": 1.4080541550630887, ""schema_version"": ""wafer_particles.pattern_config.v1"", ""theta_vonmises_kappa"": 2.4300708086522915, ""wafer_radius_mm"": 150.0}",569
sample_000570,C02_EdgeBiased,gaussian,"{""max_um"": 1.0, ""mean_um"": 0.6681446378859386, ""min_um"": 0.01, ""per_sample"": true, ""std_um"": 0.08913769677244603}",,,153,"{""edge_bias"": 1.401024984130911, ""n_particles"": 153, ""name"": ""wafer_particles.pattern.C02_EdgeBiased"", ""schema_version"": ""wafer_particles.pattern_config.v1"", ""wafer_radius_mm"": 150.0}",570
sample_000571,edge_sector_left,gaussian,"{""max_um"": 1.0, ""mean_um"": 0.6742446268738174, ""min_um"": 0.01, ""per_sample"": true, ""std_um"": 0.07863299302173443}",sector,edge_sector,143,"{""angle_width_deg"": 40.0, ""edge_width_ratio"": 0.1, ""n_particles"": 143, ""name"": ""wafer_particles.pattern.edge_sector"", ""schema_version"": ""wafer_particles.pattern_config.v1"", ""side"": ""left"", ""wafer_radius_mm"": 150.0}",571
sample_000572,C08_CurvedScratch,gaussian,"{""max_um"": 1.0, ""mean_um"": 0.7978383229618093, ""min_um"": 0.01, ""per_sample"": true, ""std_um"": 0.025195881570393538}",,,10,"{""angle_center_deg"": 0.0, ""angle_center_rad"": 4.178240608004029, ""arc_radius_ratio"": 0.8222959627588557, ""n_particles"": 10, ""name"": ""wafer_particles.pattern.C08_CurvedScratch"", ""params"": {""arc_radius_norm"": 0.7365360393186573, ""span_rad"": 0.4251430782437901, ""width_norm"": 0.06630685217410029}, ""schema_version"": ""wafer_particles.pattern_config.v1"", ""span_deg"": 146.80425375544513, ""wafer_radius_mm"": 150.0, ""width_ratio"": 0.051633298649073116}",572
sample_000573,C09_Spiral,gaussian,"{""max_um"": 1.0, ""mean_um"": 0.12349941355781034, ""min_um"": 0.01, ""per_sample"": true, ""std_um"": 0.09718963830187363}",,,69,"{""end_r_ratio"": 0.7759024106414665, ""n_particles"": 69, ""name"": ""wafer_particles.pattern.C09_Spiral"", ""params"": {""theta_max"": 18.514132509504385, ""width_norm"": 0.034637084733624875}, ""schema_version"": ""wafer_particles.pattern_config.v1"", ""start_r_ratio"": 0.20809360170043545, ""theta_max"": 7.875045237043103, ""wafer_radius_mm"": 150.0, ""width_ratio"": 0.04356863327280461}",573
sample_000574,C07_StraightLine,lognormal,"{""max_um"": 1.0, ""min_um"": 0.01, ""mu_log"": -1.9284428160128513, ""per_sample"": true, ""sigma_log"": 0.5633798915692331}",,,116,"{""angle_deg"": 89.32289185034227, ""n_particles"": 116, ""name"": ""wafer_particles.pattern.C07_StraightLine"", ""offset_ratio"": 0.2364924822234617, ""params"": {""segment_half_length_norm"": 0.09962672908191558, ""width_norm"": 0.05048998173307695}, ""schema_version"": ""wafer_particles.pattern_config.v1"", ""segment_half_length_ratio"": 0.4234159778968107, ""wafer_radius_mm"": 150.0, ""width_ratio"": 0.032549259293625385}",574
sample_000575,C08_CurvedScratch,weibull,"{""k"": 1.6096270757072428, ""lambda_um"": 0.3082968023089061, ""max_um"": 1.0, ""min_um"": 0.01, ""per_sample"": true}",,,17,"{""angle_center_deg"": 0.0, ""angle_center_rad"": 1.9715717377665993, ""arc_radius_ratio"": 0.5637949265656237, ""n_particles"": 17, ""name"": ""wafer_particles.pattern.C08_CurvedScratch"", ""params"": {""arc_radius_norm"": 0.6903634141437913, ""span_rad"": 0.24432656698460645, ""width_norm"": 0.05643163118888218}, ""schema_version"": ""wafer_particles.pattern_config.v1"", ""span_deg"": 43.716518764427704, ""wafer_radius_mm"": 150.0, ""width_ratio"": 0.0272249641651122}",575
sample_000576,C03_Ring,lognormal,"{""max_um"": 1.0, ""min_um"": 0.01, ""mu_log"": -0.4911270943775352, ""per_sample"": true, ""sigma_log"": 0.7237960632624489}",,,132,"{""n_particles"": 132, ""name"": ""wafer_particles.pattern.C03_Ring"", ""radius_ratio"": 0.6168061779182512, ""schema_version"": ""wafer_particles.pattern_config.v1"", ""wafer_radius_mm"": 150.0, ""width_ratio"": 0.09574222475585484}",576
sample_000577,C01_Uniform,lognormal,"{""max_um"": 1.0, ""min_um"": 0.01, ""mu_log"": -3.3331770308654654, ""per_sample"": true, ""sigma_log"": 0.7095253987557528}",,,63,"{""n_particles"": 63, ""name"": ""wafer_particles.pattern.C01_Uniform"", ""schema_version"": ""wafer_particles.pattern_config.v1"", ""wafer_radius_mm"": 150.0}",577
sample_000578,C04_Sector_Edge,weibull,"{""k"": 2.0402365778929203, ""lambda_um"": 0.38342440103117564, ""max_um"": 1.0, ""min_um"": 0.01, ""per_sample"": true}",,,175,"{""angle_center_rad"": 5.561277496359976, ""angle_width_deg"": 73.14009678555996, ""edge_width_ratio"": 0.2973876072269274, ""n_particles"": 175, ""name"": ""wafer_particles.pattern.C04_Sector_Edge"", ""radial_beta_alpha"": 2.744762446889861, ""radial_beta_beta"": 1.7256142303426887, ""schema_version"": ""wafer_particles.pattern_config.v1"", ""side"": ""right"", ""theta_vonmises_kappa"": 5.683818933700625, ""wafer_radius_mm"": 150.0}",578
sample_000579,C09_Spiral,weibull,"{""k"": 1.051826317904174, ""lambda_um"": 0.10015023230523629, ""max_um"": 1.0, ""min_um"": 0.01, ""per_sample"": true}",,,165,"{""end_r_ratio"": 0.8478157508015328, ""n_particles"": 165, ""name"": ""wafer_particles.pattern.C09_Spiral"", ""params"": {""theta_max"": 16.661376660036726, ""width_norm"": 0.04586919915804355}, ""schema_version"": ""wafer_particles.pattern_config.v1"", ""start_r_ratio"": 0.2224680182026732, ""theta_max"": 16.89213134696089, ""wafer_radius_mm"": 150.0, ""width_ratio"": 0.006055638849843818}",579
sample_000580,C02_EdgeBiased,lognormal,"{""max_um"": 1.0, ""min_um"": 0.01, ""mu_log"": -3.35772827549548, ""per_sample"": true, ""sigma_log"": 0.7724727249811483}",,,122,"{""edge_bias"": 3.770321877200632, ""n_particles"": 122, ""name"": ""wafer_particles.pattern.C02_EdgeBiased"", ""schema_version"": ""wafer_particles.pattern_config.v1"", ""wafer_radius_mm"": 150.0}",580
sample_000581,C02_EdgeBiased,lognormal,"{""max_um"": 1.0, ""min_um"": 0.01, ""mu_log"": -2.0518350105306338, ""per_sample"": true, ""sigma_log"": 0.30883054844616636}",,,88,"{""edge_bias"": 2.9079626724310135, ""n_particles"": 88, ""name"": ""wafer_particles.pattern.C02_EdgeBiased"", ""schema_version"": ""wafer_particles.pattern_config.v1"", ""wafer_radius_mm"": 150.0}",581
sample_000582,C03_Ring,lognormal,"{""max_um"": 1.0, ""min_um"": 0.01, ""mu_log"": -0.34552186757337733, ""per_sample"": true, ""sigma_log"": 0.30931824884651654}",,,105,"{""n_particles"": 105, ""name"": ""wafer_particles.pattern.C03_Ring"", ""radius_ratio"": 0.8120429006566798, ""schema_version"": ""wafer_particles.pattern_config.v1"", ""wafer_radius_mm"": 150.0, ""width_ratio"": 0.07948818575635849}",582
sample_000583,C03_Ring,lognormal,"{""max_um"": 1.0, ""min_um"": 0.01, ""mu_log"": -3.8399479046459173, ""per_sample"": true, ""sigma_log"": 0.8250409176120381}",,,79,"{""n_particles"": 79, ""name"": ""wafer_particles.pattern.C03_Ring"", ""radius_ratio"": 0.651617079302432, ""schema_version"": ""wafer_particles.pattern_config.v1"", ""wafer_radius_mm"": 150.0, ""width_ratio"": 0.11259831962330581}",583
sample_000584,C02_EdgeBiased,lognormal,"{""max_um"": 1.0, ""min_um"": 0.01, ""mu_log"": -2.090154822580058, ""per_sample"": true, ""sigma_log"": 0.2805728562116288}",,,30,"{""edge_bias"": 2.8286264675693014, ""n_particles"": 30, ""name"": ""wafer_particles.pattern.C02_EdgeBiased"", ""schema_version"": ""wafer_particles.pattern_config.v1"", ""wafer_radius_mm"": 150.0}",584
sample_000585,C04_Sector_Edge,weibull,"{""k"": 2.746780023289447, ""lambda_um"": 0.24604186550050727, ""max_um"": 1.0, ""min_um"": 0.01, ""per_sample"": true}",,,60,"{""angle_center_rad"": 3.089278861737842, ""angle_width_deg"": 44.79562908550889, ""edge_width_ratio"": 0.23745337910701814, ""n_particles"": 60, ""name"": ""wafer_particles.pattern.C04_Sector_Edge"", ""radial_beta_alpha"": 3.609445981343412, ""radial_beta_beta"": 2.0087681761447334, ""schema_version"": ""wafer_particles.pattern_config.v1"", ""side"": ""right"", ""theta_vonmises_kappa"": 8.184509896668128, ""wafer_radius_mm"": 150.0}",585
sample_000586,C07_StraightLine,lognormal,"{""max_um"": 1.0, ""min_um"": 0.01, ""mu_log"": -3.2680247164402276, ""per_sample"": true, ""sigma_log"": 0.6757789596403241}",,,40,"{""angle_deg"": 29.661749588528618, ""n_particles"": 40, ""name"": ""wafer_particles.pattern.C07_StraightLine"", ""offset_ratio"": -0.11234648798149693, ""params"": {""segment_half_length_norm"": 0.27488305903247434, ""width_norm"": 0.051343442906281775}, ""schema_version"": ""wafer_particles.pattern_config.v1"", ""segment_half_length_ratio"": 0.7078117800269643, ""wafer_radius_mm"": 150.0, ""width_ratio"": 0.011873747149037214}",586
sample_000587,C09_Spiral,weibull,"{""k"": 2.373996418846275, ""lambda_um"": 0.33309331204591575, ""max_um"": 1.0, ""min_um"": 0.01, ""per_sample"": true}",,,137,"{""end_r_ratio"": 0.8950500731863404, ""n_particles"": 137, ""name"": ""wafer_particles.pattern.C09_Spiral"", ""params"": {""theta_max"": 22.99286883583858, ""width_norm"": 0.014473499832996992}, ""schema_version"": ""wafer_particles.pattern_config.v1"", ""start_r_ratio"": 0.1973067413332349, ""theta_max"": 15.632123369872998, ""wafer_radius_mm"": 150.0, ""width_ratio"": 0.023767221392519855}",587
sample_000588,C04_Sector_Edge,gaussian,"{""max_um"": 1.0, ""mean_um"": 0.4853196266169714, ""min_um"": 0.01, ""per_sample"": true, ""std_um"": 0.033535134960119437}",,,78,"{""angle_center_rad"": 2.8749002627893283, ""angle_width_deg"": 78.6765834616584, ""edge_width_ratio"": 0.0739893106890271, ""n_particles"": 78, ""name"": ""wafer_particles.pattern.C04_Sector_Edge"", ""radial_beta_alpha"": 2.667099707626954, ""radial_beta_beta"": 0.9567016757562959, ""schema_version"": ""wafer_particles.pattern_config.v1"", ""side"": ""right"", ""theta_vonmises_kappa"": 3.8067495998318748, ""wafer_radius_mm"": 150.0}",588
sample_000589,C09_Spiral,lognormal,"{""max_um"": 1.0, ""min_um"": 0.01, ""mu_log"": -1.7271403388202962, ""per_sample"": true, ""sigma_log"": 0.2613077483890913}",,,100,"{""end_r_ratio"": 0.8016947881953416, ""n_particles"": 100, ""name"": ""wafer_particles.pattern.C09_Spiral"", ""params"": {""theta_max"": 24.966884625034552, ""width_norm"": 0.03744018614020764}, ""schema_version"": ""wafer_particles.pattern_config.v1"", ""start_r_ratio"": 0.11596121702374057, ""theta_max"": 12.598048798463566, ""wafer_radius_mm"": 150.0, ""width_ratio"": 0.019934115728194063}",589
sample_000590,C07_StraightLine,lognormal,"{""max_um"": 1.0, ""min_um"": 0.01, ""mu_log"": -0.7299747576295625, ""per_sample"": true, ""sigma_log"": 0.43686936621495087}",,,80,"{""angle_deg"": 159.82010022877495, ""n_particles"": 80, ""name"": ""wafer_particles.pattern.C07_StraightLine"", ""offset_ratio"": 0.1350114566481262, ""params"": {""segment_half_length_norm"": 0.21907627279536881, ""width_norm"": 0.0589399500327408}, ""schema_version"": ""wafer_particles.pattern_config.v1"", ""segment_half_length_ratio"": 0.44765922900936406, ""wafer_radius_mm"": 150.0, ""width_ratio"": 0.014976259465675754}",590
sample_000591,C11_Hotspot_Elliptic,lognormal,"{""max_um"": 1.0, ""min_um"": 0.01, ""mu_log"": -2.5691554620002464, ""per_sample"": true, ""sigma_log"": 0.7259118761510082}",,,27,"{""center_angle"": ""random"", ""center_angle_rad"": 4.562377184260348, ""center_radius_ratio"": 0.4048255803039947, ""mode"": ""random"", ""n_particles"": 27, ""name"": ""wafer_particles.pattern.C11_Hotspot_Elliptic"", ""rotation_deg"": 30.0, ""rotation_rad"": 2.835288200470645, ""schema_version"": ""wafer_particles.pattern_config.v1"", ""sigma_x_ratio"": 0.10348243160495782, ""sigma_y_ratio"": 0.017481708702785755, ""wafer_radius_mm"": 150.0}",591
sample_000592,C05_Sector_Internal,weibull,"{""k"": 1.8216940143520783, ""lambda_um"": 0.1792605559440998, ""max_um"": 1.0, ""min_um"": 0.01, ""per_sample"": true}",,,125,"{""angle_center_rad"": 2.88951914344496, ""angle_width_deg"": 48.12644680336291, ""edge_margin_norm"": 0.05, ""n_particles"": 125, ""name"": ""wafer_particles.pattern.C05_Sector_Internal"", ""r_inner_ratio"": 0.11168789518845368, ""r_outer_ratio"": 0.502187324113804, ""radial_beta_alpha"": 1.420545925909502, ""radial_beta_beta"": 3.6304438621449453, ""schema_version"": ""wafer_particles.pattern_config.v1"", ""theta_vonmises_kappa"": 5.0430657265585355, ""wafer_radius_mm"": 150.0}",592
sample_000593,C05_Sector_Internal,lognormal,"{""max_um"": 1.0, ""min_um"": 0.01, ""mu_log"": -3.4014847774532697, ""per_sample"": true, ""sigma_log"": 0.24807551206422418}",,,117,"{""angle_center_rad"": 4.221378629160977, ""angle_width_deg"": 62.466991551317165, ""edge_margin_norm"": 0.05, ""n_particles"": 117, ""name"": ""wafer_particles.pattern.C05_Sector_Internal"", ""r_inner_ratio"": 0.27847048285560827, ""r_outer_ratio"": 0.8250241610052009, ""radial_beta_alpha"": 3.707626714967196, ""radial_beta_beta"": 2.657808256836508, ""schema_version"": ""wafer_particles.pattern_config.v1"", ""theta_vonmises_kappa"": 1.0036521314312323, ""wafer_radius_mm"": 150.0}",593
sample_000594,C02_EdgeBiased,gaussian,"{""max_um"": 1.0, ""mean_um"": 0.6834580293981323, ""min_um"": 0.01, ""per_sample"": true, ""std_um"": 0.09411917627998742}",,,111,"{""edge_bias"": 1.542789566581541, ""n_particles"": 111, ""name"": ""wafer_particles.pattern.C02_EdgeBiased"", ""schema_version"": ""wafer_particles.pattern_config.v1"", ""wafer_radius_mm"": 150.0}",594
sample_000595,C06_RadialLines,lognormal,"{""max_um"": 1.0, ""min_um"": 0.01, ""mu_log"": -0.27251361728083845, ""per_sample"": true, ""sigma_log"": 0.5703746804937027}",,,173,"{""angular_jitter_deg"": 3.8778526385393923, ""n_lines"": 8, ""n_particles"": 173, ""name"": ""wafer_particles.pattern.C06_RadialLines"", ""params"": {""n_lines"": 6.0, ""r_max_norm"": 0.9741909070161741, ""r_min_norm"": 0.06639965880995263, ""sigma_perp_norm"": 0.06882774106261283}, ""r_max_ratio"": 0.9521464310538601, ""r_min_ratio"": 0.020181480416334795, ""schema_version"": ""wafer_particles.pattern_config.v1"", ""sigma_perp_ratio"": 0.026653135483990512, ""wafer_radius_mm"": 150.0}",595
sample_000596,scratch_vertical,gaussian,"{""max_um"": 1.0, ""mean_um"": 0.6726922111402139, ""min_um"": 0.01, ""per_sample"": true, ""std_um"": 0.07692370501542979}",line,scratch,178,"{""angle_category"": ""vertical"", ""length_ratio"": 1.0, ""n_particles"": 178, ""name"": ""wafer_particles.pattern.scratch"", ""offset_ratio"": 0.0, ""schema_version"": ""wafer_particles.pattern_config.v1"", ""wafer_radius_mm"": 150.0, ""width_ratio"": 0.01}",596
sample_000597,C02_EdgeBiased,gaussian,"{""max_um"": 1.0, ""mean_um"": 0.49900824516574227, ""min_um"": 0.01, ""per_sample"": true, ""std_um"": 0.06995832772698102}",,,114,"{""edge_bias"": 3.7231115116512736, ""n_particles"": 114, ""name"": ""wafer_particles.pattern.C02_EdgeBiased"", ""schema_version"": ""wafer_particles.pattern_config.v1"", ""wafer_radius_mm"": 150.0}",597
sample_000598,C02_EdgeBiased,pareto,"{""alpha"": 1.9080084211088622, ""max_um"": 1.0, ""min_um"": 0.01, ""per_sample"": true, ""xm_um"": 0.12234838355116952}",,,116,"{""edge_bias"": 1.3133590746509258, ""n_particles"": 116, ""name"": ""wafer_particles.pattern.C02_EdgeBiased"", ""schema_version"": ""wafer_particles.pattern_config.v1"", ""wafer_radius_mm"": 150.0}",598
sample_000599,C02_EdgeBiased,weibull,"{""k"": 0.7227281600283421, ""lambda_um"": 0.4100689257892226, ""max_um"": 1.0, ""min_um"": 0.01, ""per_sample"": true}",,,164,"{""edge_bias"": 1.4186709642993063, ""n_particles"": 164, ""name"": ""wafer_particles.pattern.C02_EdgeBiased"", ""schema_version"": ""wafer_particles.pattern_config.v1"", ""wafer_radius_mm"": 150.0}",599
sample_000600,C04_Sector_Edge,gaussian,"{""max_um"": 1.0, ""mean_um"": 0.3198478381920955, ""min_um"": 0.01, ""per_sample"": true, ""std_um"": 0.025971810704006656}",,,42,"{""angle_center_rad"": 0.3464397568050621, ""angle_width_deg"": 54.05853731332884, ""edge_width_ratio"": 0.25869828931334327, ""n_particles"": 42, ""name"": ""wafer_particles.pattern.C04_Sector_Edge"", ""radial_beta_alpha"": 1.5924087740971853, ""radial_beta_beta"": 1.6871903378854611, ""schema_version"": ""wafer_particles.pattern_config.v1"", ""side"": ""right"", ""theta_vonmises_kappa"": 6.863041510592237, ""wafer_radius_mm"": 150.0}",600
sample_000601,C08_CurvedScratch,gaussian,"{""max_um"": 1.0, ""mean_um"": 0.7471519700024808, ""min_um"": 0.01, ""per_sample"": true, ""std_um"": 0.050087310445912865}",,,84,"{""angle_center_deg"": 0.0, ""angle_center_rad"": 5.929061891924139, ""arc_radius_ratio"": 0.7666574241188262, ""n_particles"": 84, ""name"": ""wafer_particles.pattern.C08_CurvedScratch"", ""params"": {""arc_radius_norm"": 0.7574374876764595, ""span_rad"": 0.28315737201395447, ""width_norm"": 0.06314064390977457}, ""schema_version"": ""wafer_particles.pattern_config.v1"", ""span_deg"": 38.68330355121583, ""wafer_radius_mm"": 150.0, ""width_ratio"": 0.0428199958359443}",601
sample_000602,C07_StraightLine,lognormal,"{""max_um"": 1.0, ""min_um"": 0.01, ""mu_log"": -0.3585962144375747, ""per_sample"": true, ""sigma_log"": 0.2746878190816709}",,,198,"{""angle_deg"": 116.82289980759475, ""n_particles"": 198, ""name"": ""wafer_particles.pattern.C07_StraightLine"", ""offset_ratio"": 0.27740405651432304, ""params"": {""segment_half_length_norm"": 0.2591743703263871, ""width_norm"": 0.05520161151424809}, ""schema_version"": ""wafer_particles.pattern_config.v1"", ""segment_half_length_ratio"": 0.6415677375960258, ""wafer_radius_mm"": 150.0, ""width_ratio"": 0.031192120155675605}",602
sample_000603,C04_Sector_Edge,gaussian,"{""max_um"": 1.0, ""mean_um"": 0.34335165099998766, ""min_um"": 0.01, ""per_sample"": true, ""std_um"": 0.04808655912787596}",,,41,"{""angle_center_rad"": 5.455960868267397, ""angle_width_deg"": 38.15232610474139, ""edge_width_ratio"": 0.13581227141645624, ""n_particles"": 41, ""name"": ""wafer_particles.pattern.C04_Sector_Edge"", ""radial_beta_alpha"": 2.4488382617190703, ""radial_beta_beta"": 1.592088802870214, ""schema_version"": ""wafer_particles.pattern_config.v1"", ""side"": ""right"", ""theta_vonmises_kappa"": 0.5228691994295228, ""wafer_radius_mm"": 150.0}",603
sample_000604,C04_Sector_Edge,lognormal,"{""max_um"": 1.0, ""min_um"": 0.01, ""mu_log"": -0.7086017024625177, ""per_sample"": true, ""sigma_log"": 0.6614402262082713}",,,59,"{""angle_center_rad"": 3.5806738015997217, ""angle_width_deg"": 37.326157817022164, ""edge_width_ratio"": 0.28053058486719357, ""n_particles"": 59, ""name"": ""wafer_particles.pattern.C04_Sector_Edge"", ""radial_beta_alpha"": 1.498579202126163, ""radial_beta_beta"": 1.623449593632098, ""schema_version"": ""wafer_particles.pattern_config.v1"", ""side"": ""right"", ""theta_vonmises_kappa"": 7.542734121815138, ""wafer_radius_mm"": 150.0}",604
sample_000605,ring_wide,gaussian,"{""max_um"": 1.0, ""mean_um"": 0.1025067320576165, ""min_um"": 0.01, ""per_sample"": true, ""std_um"": 0.08573585900883275}",ring,ring,54,"{""n_particles"": 54, ""name"": ""wafer_particles.pattern.ring_wide"", ""radius_ratio"": 0.6, ""schema_version"": ""wafer_particles.pattern_config.v1"", ""wafer_radius_mm"": 150.0, ""width_ratio"": 0.15}",605
sample_000606,C08_CurvedScratch,weibull,"{""k"": 0.9492662491044985, ""lambda_um"": 0.037195746742801156, ""max_um"": 1.0, ""min_um"": 0.01, ""per_sample"": true}",,,162,"{""angle_center_deg"": 0.0, ""angle_center_rad"": 3.9907155565992105, ""arc_radius_ratio"": 0.5562563881848132, ""n_particles"": 162, ""name"": ""wafer_particles.pattern.C08_CurvedScratch"", ""params"": {""arc_radius_norm"": 0.4403587459433039, ""span_rad"": 0.6482015596909336, ""width_norm"": 0.04299809653754496}, ""schema_version"": ""wafer_particles.pattern_config.v1"", ""span_deg"": 48.51697405172358, ""wafer_radius_mm"": 150.0, ""width_ratio"": 0.010753103570521547}",606
sample_000607,C09_Spiral,gaussian,"{""max_um"": 1.0, ""mean_um"": 0.08850307569705354, ""min_um"": 0.01, ""per_sample"": true, ""std_um"": 0.09687566799300959}",,,146,"{""end_r_ratio"": 0.8706969734818288, ""n_particles"": 146, ""name"": ""wafer_particles.pattern.C09_Spiral"", ""params"": {""theta_max"": 20.109744552630737, ""width_norm"": 0.005445536593621714}, ""schema_version"": ""wafer_particles.pattern_config.v1"", ""start_r_ratio"": 0.29069848616438443, ""theta_max"": 6.308009204031406, ""wafer_radius_mm"": 150.0, ""width_ratio"": 0.032754288746408025}",607
sample_000608,C03_Ring,weibull,"{""k"": 2.0070139467178394, ""lambda_um"": 0.060757598209589106, ""max_um"": 1.0, ""min_um"": 0.01, ""per_sample"": true}",,,120,"{""n_particles"": 120, ""name"": ""wafer_particles.pattern.C03_Ring"", ""radius_ratio"": 0.5919464257385505, ""schema_version"": ""wafer_particles.pattern_config.v1"", ""wafer_radius_mm"": 150.0, ""width_ratio"": 0.05504360480486699}",608
sample_000609,C11_Hotspot_Elliptic,lognormal,"{""max_um"": 1.0, ""min_um"": 0.01, ""mu_log"": -3.2901363042020635, ""per_sample"": true, ""sigma_log"": 0.5362882173639462}",,,12,"{""center_angle"": ""random"", ""center_angle_rad"": 4.807634349343165, ""center_radius_ratio"": 0.0009966436595551854, ""mode"": ""random"", ""n_particles"": 12, ""name"": ""wafer_particles.pattern.C11_Hotspot_Elliptic"", ""rotation_deg"": 30.0, ""rotation_rad"": 3.638937878366785, ""schema_version"": ""wafer_particles.pattern_config.v1"", ""sigma_x_ratio"": 0.09903263036413547, ""sigma_y_ratio"": 0.041401655047014124, ""wafer_radius_mm"": 150.0}",609
sample_000610,C08_CurvedScratch,gaussian,"{""max_um"": 1.0, ""mean_um"": 0.7645325598099575, ""min_um"": 0.01, ""per_sample"": true, ""std_um"": 0.05143917464347457}",,,44,"{""angle_center_deg"": 0.0, ""angle_center_rad"": 3.7146563716498417, ""arc_radius_ratio"": 0.8639693420531123, ""n_particles"": 44, ""name"": ""wafer_particles.pattern.C08_CurvedScratch"", ""params"": {""arc_radius_norm"": 0.6780811739520818, ""span_rad"": 0.7553483596194814, ""width_norm"": 0.04551024097827174}, ""schema_version"": ""wafer_particles.pattern_config.v1"", ""span_deg"": 43.96342014020054, ""wafer_radius_mm"": 150.0, ""width_ratio"": 0.012764681654571126}",610
sample_000611,C06_RadialLines,lognormal,"{""max_um"": 1.0, ""min_um"": 0.01, ""mu_log"": -0.4080858462293562, ""per_sample"": true, ""sigma_log"": 0.71876863136151}",,,63,"{""angular_jitter_deg"": 3.585072074875188, ""n_lines"": 8, ""n_particles"": 63, ""name"": ""wafer_particles.pattern.C06_RadialLines"", ""params"": {""n_lines"": 8.0, ""r_max_norm"": 0.7914132345097826, ""r_min_norm"": 0.030063236736647958, ""sigma_perp_norm"": 0.06454008892116869}, ""r_max_ratio"": 0.9057212465656707, ""r_min_ratio"": 0.24897042630576255, ""schema_version"": ""wafer_particles.pattern_config.v1"", ""sigma_perp_ratio"": 0.0054026617940582475, ""wafer_radius_mm"": 150.0}",611
sample_000612,C06_RadialLines,weibull,"{""k"": 2.982966248824967, ""lambda_um"": 0.4193839565076408, ""max_um"": 1.0, ""min_um"": 0.01, ""per_sample"": true}",,,14,"{""angular_jitter_deg"": 2.8343931717012314, ""n_lines"": 8, ""n_particles"": 14, ""name"": ""wafer_particles.pattern.C06_RadialLines"", ""params"": {""n_lines"": 2.0, ""r_max_norm"": 0.8595430524292673, ""r_min_norm"": 0.062240115980073216, ""sigma_perp_norm"": 0.05947437089426049}, ""r_max_ratio"": 0.7451069936538417, ""r_min_ratio"": 0.24696318904674755, ""schema_version"": ""wafer_particles.pattern_config.v1"", ""sigma_perp_ratio"": 0.018495071028736626, ""wafer_radius_mm"": 150.0}",612
sample_000613,C11_Hotspot_Elliptic,weibull,"{""k"": 0.9173855472827536, ""lambda_um"": 0.03890283689227642, ""max_um"": 1.0, ""min_um"": 0.01, ""per_sample"": true}",,,127,"{""center_angle"": ""random"", ""center_angle_rad"": 2.326675108818967, ""center_radius_ratio"": 0.5463157221128242, ""mode"": ""random"", ""n_particles"": 127, ""name"": ""wafer_particles.pattern.C11_Hotspot_Elliptic"", ""rotation_deg"": 30.0, ""rotation_rad"": 2.0835992069201206, ""schema_version"": ""wafer_particles.pattern_config.v1"", ""sigma_x_ratio"": 0.07110103410902877, ""sigma_y_ratio"": 0.010830334584643603, ""wafer_radius_mm"": 150.0}",613
sample_000614,C03_Ring,gaussian,"{""max_um"": 1.0, ""mean_um"": 0.39238327832332837, ""min_um"": 0.01, ""per_sample"": true, ""std_um"": 0.03553675914748863}",,,116,"{""n_particles"": 116, ""name"": ""wafer_particles.pattern.C03_Ring"", ""radius_ratio"": 0.5745469990698764, ""schema_version"": ""wafer_particles.pattern_config.v1"", ""wafer_radius_mm"": 150.0, ""width_ratio"": 0.08053259561957499}",614
sample_000615,C03_Ring,gaussian,"{""max_um"": 1.0, ""mean_um"": 0.265273115395654, ""min_um"": 0.01, ""per_sample"": true, ""std_um"": 0.023665121262937686}",,,171,"{""n_particles"": 171, ""name"": ""wafer_particles.pattern.C03_Ring"", ""radius_ratio"": 0.5289216254400231, ""schema_version"": ""wafer_particles.pattern_config.v1"", ""wafer_radius_mm"": 150.0, ""width_ratio"": 0.166255892082979}",615
sample_000616,C04_Sector_Edge,weibull,"{""k"": 1.4570196119808787, ""lambda_um"": 0.4331121149896474, ""max_um"": 1.0, ""min_um"": 0.01, ""per_sample"": true}",,,200,"{""angle_center_rad"": 3.71749932855595, ""angle_width_deg"": 65.86316449027366, ""edge_width_ratio"": 0.29192693125394154, ""n_particles"": 200, ""name"": ""wafer_particles.pattern.C04_Sector_Edge"", ""radial_beta_alpha"": 2.7243792687639283, ""radial_beta_beta"": 2.1272920952196404, ""schema_version"": ""wafer_particles.pattern_config.v1"", ""side"": ""right"", ""theta_vonmises_kappa"": 6.775322871017845, ""wafer_radius_mm"": 150.0}",616
sample_000617,C09_Spiral,lognormal,"{""max_um"": 1.0, ""min_um"": 0.01, ""mu_log"": -0.5372618760730963, ""per_sample"": true, ""sigma_log"": 0.47710164578467074}",,,57,"{""end_r_ratio"": 0.7841129874417152, ""n_particles"": 57, ""name"": ""wafer_particles.pattern.C09_Spiral"", ""params"": {""theta_max"": 14.842383268316066, ""width_norm"": 0.04756502023307369}, ""schema_version"": ""wafer_particles.pattern_config.v1"", ""start_r_ratio"": 0.04275842663373388, ""theta_max"": 15.680743896330085, ""wafer_radius_mm"": 150.0, ""width_ratio"": 0.01850819289130569}",617
sample_000618,C02_EdgeBiased,lognormal,"{""max_um"": 1.0, ""min_um"": 0.01, ""mu_log"": -3.563002947102433, ""per_sample"": true, ""sigma_log"": 0.2115324401761787}",,,164,"{""edge_bias"": 1.5336750932880743, ""n_particles"": 164, ""name"": ""wafer_particles.pattern.C02_EdgeBiased"", ""schema_version"": ""wafer_particles.pattern_config.v1"", ""wafer_radius_mm"": 150.0}",618
sample_000619,C09_Spiral,gaussian,"{""max_um"": 1.0, ""mean_um"": 0.14834447807115755, ""min_um"": 0.01, ""per_sample"": true, ""std_um"": 0.07462238162804226}",,,133,"{""end_r_ratio"": 0.8778370654664778, ""n_particles"": 133, ""name"": ""wafer_particles.pattern.C09_Spiral"", ""params"": {""theta_max"": 13.626984052973471, ""width_norm"": 0.02755375992496089}, ""schema_version"": ""wafer_particles.pattern_config.v1"", ""start_r_ratio"": 0.11186132938359723, ""theta_max"": 17.5830685035248, ""wafer_radius_mm"": 150.0, ""width_ratio"": 0.03498836300863676}",619
sample_000620,C07_StraightLine,gaussian,"{""max_um"": 1.0, ""mean_um"": 0.628699468775194, ""min_um"": 0.01, ""per_sample"": true, ""std_um"": 0.06567881681529172}",,,161,"{""angle_deg"": 154.016981209417, ""n_particles"": 161, ""name"": ""wafer_particles.pattern.C07_StraightLine"", ""offset_ratio"": -0.0736866110532452, ""params"": {""segment_half_length_norm"": 0.16206625529830046, ""width_norm"": 0.055861729448064903}, ""schema_version"": ""wafer_particles.pattern_config.v1"", ""segment_half_length_ratio"": 0.3209926490922971, ""wafer_radius_mm"": 150.0, ""width_ratio"": 0.04227071594267662}",620
sample_000621,C11_Hotspot_Elliptic,lognormal,"{""max_um"": 1.0, ""min_um"": 0.01, ""mu_log"": -2.7321758005572656, ""per_sample"": true, ""sigma_log"": 0.4696678558726672}",,,74,"{""center_angle"": ""random"", ""center_angle_rad"": 4.406678169008728, ""center_radius_ratio"": 0.3740303856169406, ""mode"": ""random"", ""n_particles"": 74, ""name"": ""wafer_particles.pattern.C11_Hotspot_Elliptic"", ""rotation_deg"": 30.0, ""rotation_rad"": 2.9179273998701265, ""schema_version"": ""wafer_particles.pattern_config.v1"", ""sigma_x_ratio"": 0.0779393728751533, ""sigma_y_ratio"": 0.010315106522601005, ""wafer_radius_mm"": 150.0}",621
sample_000622,ring_wide,pareto,"{""alpha"": 1.81652745610682, ""max_um"": 1.0, ""min_um"": 0.01, ""per_sample"": true, ""xm_um"": 0.10789071383198977}",ring,ring,186,"{""n_particles"": 186, ""name"": ""wafer_particles.pattern.ring_wide"", ""radius_ratio"": 0.6, ""schema_version"": ""wafer_particles.pattern_config.v1"", ""wafer_radius_mm"": 150.0, ""width_ratio"": 0.15}",622
sample_000623,C05_Sector_Internal,lognormal,"{""max_um"": 1.0, ""min_um"": 0.01, ""mu_log"": -2.3186617876720663, ""per_sample"": true, ""sigma_log"": 0.6566066160691152}",,,195,"{""angle_center_rad"": 5.695702051905219, ""angle_width_deg"": 89.21664091720238, ""edge_margin_norm"": 0.05, ""n_particles"": 195, ""name"": ""wafer_particles.pattern.C05_Sector_Internal"", ""r_inner_ratio"": 0.3078861019876562, ""r_outer_ratio"": 0.5365118876018632, ""radial_beta_alpha"": 2.973535217915231, ""radial_beta_beta"": 3.5640905210021003, ""schema_version"": ""wafer_particles.pattern_config.v1"", ""theta_vonmises_kappa"": 2.044978511512227, ""wafer_radius_mm"": 150.0}",623
sample_000624,C07_StraightLine,lognormal,"{""max_um"": 1.0, ""min_um"": 0.01, ""mu_log"": -1.6112015672556645, ""per_sample"": true, ""sigma_log"": 0.409155546739227}",,,185,"{""angle_deg"": 120.31886270026345, ""n_particles"": 185, ""name"": ""wafer_particles.pattern.C07_StraightLine"", ""offset_ratio"": 0.15736328428930757, ""params"": {""segment_half_length_norm"": 0.18251162192661186, ""width_norm"": 0.039056444776053426}, ""schema_version"": ""wafer_particles.pattern_config.v1"", ""segment_half_length_ratio"": 0.8348973604622891, ""wafer_radius_mm"": 150.0, ""width_ratio"": 0.04365788590438475}",624
sample_000625,C07_StraightLine,weibull,"{""k"": 2.2321747036798594, ""lambda_um"": 0.3743728883341485, ""max_um"": 1.0, ""min_um"": 0.01, ""per_sample"": true}",,,49,"{""angle_deg"": 140.1480376507959, ""n_particles"": 49, ""name"": ""wafer_particles.pattern.C07_StraightLine"", ""offset_ratio"": 0.1808437595617513, ""params"": {""segment_half_length_norm"": 0.29078132830163583, ""width_norm"": 0.05557920686256946}, ""schema_version"": ""wafer_particles.pattern_config.v1"", ""segment_half_length_ratio"": 0.4341845461141153, ""wafer_radius_mm"": 150.0, ""width_ratio"": 0.015954100544526027}",625
sample_000626,C08_CurvedScratch,gaussian,"{""max_um"": 1.0, ""mean_um"": 0.24520287846741054, ""min_um"": 0.01, ""per_sample"": true, ""std_um"": 0.05915358877748271}",,,98,"{""angle_center_deg"": 0.0, ""angle_center_rad"": 1.2479499221412809, ""arc_radius_ratio"": 0.42377087627963134, ""n_particles"": 98, ""name"": ""wafer_particles.pattern.C08_CurvedScratch"", ""params"": {""arc_radius_norm"": 0.8455506335885086, ""span_rad"": 0.6625097816353052, ""width_norm"": 0.04665713606600018}, ""schema_version"": ""wafer_particles.pattern_config.v1"", ""span_deg"": 58.5647692103548, ""wafer_radius_mm"": 150.0, ""width_ratio"": 0.021456010047111403}",626
sample_000627,C11_Hotspot_Elliptic,gaussian,"{""max_um"": 1.0, ""mean_um"": 0.025304061948263463, ""min_um"": 0.01, ""per_sample"": true, ""std_um"": 0.027777209451782223}",,,149,"{""center_angle"": ""random"", ""center_angle_rad"": 4.152777080058107, ""center_radius_ratio"": 0.8448776052878373, ""mode"": ""random"", ""n_particles"": 149, ""name"": ""wafer_particles.pattern.C11_Hotspot_Elliptic"", ""rotation_deg"": 30.0, ""rotation_rad"": 1.9648624296355321, ""schema_version"": ""wafer_particles.pattern_config.v1"", ""sigma_x_ratio"": 0.10683354593153081, ""sigma_y_ratio"": 0.0179759308738816, ""wafer_radius_mm"": 150.0}",627
sample_000628,C04_Sector_Edge,lognormal,"{""max_um"": 1.0, ""min_um"": 0.01, ""mu_log"": -1.268377033922449, ""per_sample"": true, ""sigma_log"": 0.521670906264035}",,,59,"{""angle_center_rad"": 2.577361065263393, ""angle_width_deg"": 40.91234024008803, ""edge_width_ratio"": 0.09108382500975558, ""n_particles"": 59, ""name"": ""wafer_particles.pattern.C04_Sector_Edge"", ""radial_beta_alpha"": 1.3211929929162873, ""radial_beta_beta"": 1.7405939078601889, ""schema_version"": ""wafer_particles.pattern_config.v1"", ""side"": ""right"", ""theta_vonmises_kappa"": 7.747524423768982, ""wafer_radius_mm"": 150.0}",628
sample_000629,C02_EdgeBiased,lognormal,"{""max_um"": 1.0, ""min_um"": 0.01, ""mu_log"": -2.642884892265887, ""per_sample"": true, ""sigma_log"": 0.8286514257045066}",,,27,"{""edge_bias"": 2.742078813981669, ""n_particles"": 27, ""name"": ""wafer_particles.pattern.C02_EdgeBiased"", ""schema_version"": ""wafer_particles.pattern_config.v1"", ""wafer_radius_mm"": 150.0}",629
sample_000630,C01_Uniform,gaussian,"{""max_um"": 1.0, ""mean_um"": 0.291913882701231, ""min_um"": 0.01, ""per_sample"": true, ""std_um"": 0.08475130075223837}",,,189,"{""n_particles"": 189, ""name"": ""wafer_particles.pattern.C01_Uniform"", ""schema_version"": ""wafer_particles.pattern_config.v1"", ""wafer_radius_mm"": 150.0}",630
sample_000631,C09_Spiral,gaussian,"{""max_um"": 1.0, ""mean_um"": 0.7587053493386363, ""min_um"": 0.01, ""per_sample"": true, ""std_um"": 0.046013059588128576}",,,82,"{""end_r_ratio"": 0.7680358940861408, ""n_particles"": 82, ""name"": ""wafer_particles.pattern.C09_Spiral"", ""params"": {""theta_max"": 18.84226986919888, ""width_norm"": 0.01056180769389836}, ""schema_version"": ""wafer_particles.pattern_config.v1"", ""start_r_ratio"": 0.2576140077240947, ""theta_max"": 10.759945787143781, ""wafer_radius_mm"": 150.0, ""width_ratio"": 0.01866791801149714}",631
sample_000632,C07_StraightLine,lognormal,"{""max_um"": 1.0, ""min_um"": 0.01, ""mu_log"": -2.637405310816063, ""per_sample"": true, ""sigma_log"": 0.6833172341947242}",,,139,"{""angle_deg"": 47.260632932000505, ""n_particles"": 139, ""name"": ""wafer_particles.pattern.C07_StraightLine"", ""offset_ratio"": 0.25565779662853644, ""params"": {""segment_half_length_norm"": 0.1800522761303632, ""width_norm"": 0.06470442640336274}, ""schema_version"": ""wafer_particles.pattern_config.v1"", ""segment_half_length_ratio"": 0.773545499968255, ""wafer_radius_mm"": 150.0, ""width_ratio"": 0.048828481066908486}",632
sample_000633,C04_Sector_Edge,lognormal,"{""max_um"": 1.0, ""min_um"": 0.01, ""mu_log"": -3.706584905665668, ""per_sample"": true, ""sigma_log"": 0.8519704914801762}",,,57,"{""angle_center_rad"": 6.002487039072274, ""angle_width_deg"": 84.38595035963984, ""edge_width_ratio"": 0.10979316262343881, ""n_particles"": 57, ""name"": ""wafer_particles.pattern.C04_Sector_Edge"", ""radial_beta_alpha"": 3.3291325716083833, ""radial_beta_beta"": 2.9838063535713175, ""schema_version"": ""wafer_particles.pattern_config.v1"", ""side"": ""right"", ""theta_vonmises_kappa"": 3.6373944373362246, ""wafer_radius_mm"": 150.0}",633
sample_000634,C09_Spiral,gaussian,"{""max_um"": 1.0, ""mean_um"": 0.4381750481016183, ""min_um"": 0.01, ""per_sample"": true, ""std_um"": 0.08439215117699748}",,,59,"{""end_r_ratio"": 0.8815820227904085, ""n_particles"": 59, ""name"": ""wafer_particles.pattern.C09_Spiral"", ""params"": {""theta_max"": 20.784431006596854, ""width_norm"": 0.01946067898032932}, ""schema_version"": ""wafer_particles.pattern_config.v1"", ""start_r_ratio"": 0.14507417200216427, ""theta_max"": 14.484875246084849, ""wafer_radius_mm"": 150.0, ""width_ratio"": 0.03013415624790387}",634
sample_000635,C06_RadialLines,weibull,"{""k"": 2.2790513009082503, ""lambda_um"": 0.04271912220084839, ""max_um"": 1.0, ""min_um"": 0.01, ""per_sample"": true}",,,24,"{""angular_jitter_deg"": 2.88172363024795, ""n_lines"": 4, ""n_particles"": 24, ""name"": ""wafer_particles.pattern.C06_RadialLines"", ""params"": {""n_lines"": 4.0, ""r_max_norm"": 0.8211877750015235, ""r_min_norm"": 0.051841389249704495, ""sigma_perp_norm"": 0.04949622866340776}, ""r_max_ratio"": 0.9481446053799423, ""r_min_ratio"": 0.21783804424656736, ""schema_version"": ""wafer_particles.pattern_config.v1"", ""sigma_perp_ratio"": 0.022885207024803258, ""wafer_radius_mm"": 150.0}",635
sample_000636,C02_EdgeBiased,lognormal,"{""max_um"": 1.0, ""min_um"": 0.01, ""mu_log"": -1.4632426625131072, ""per_sample"": true, ""sigma_log"": 0.4077223240577757}",,,109,"{""edge_bias"": 2.136249662721479, ""n_particles"": 109, ""name"": ""wafer_particles.pattern.C02_EdgeBiased"", ""schema_version"": ""wafer_particles.pattern_config.v1"", ""wafer_radius_mm"": 150.0}",636
sample_000637,C03_Ring,pareto,"{""alpha"": 3.0570387489375674, ""max_um"": 1.0, ""min_um"": 0.01, ""per_sample"": true, ""xm_um"": 0.27252190934496107}",,,138,"{""n_particles"": 138, ""name"": ""wafer_particles.pattern.C03_Ring"", ""radius_ratio"": 0.43473199848847005, ""schema_version"": ""wafer_particles.pattern_config.v1"", ""wafer_radius_mm"": 150.0, ""width_ratio"": 0.05890738897320183}",637
sample_000638,scratch_vertical,gaussian,"{""max_um"": 1.0, ""mean_um"": 0.31328906477499435, ""min_um"": 0.01, ""per_sample"": true, ""std_um"": 0.04984803139480129}",line,scratch,133,"{""angle_category"": ""vertical"", ""length_ratio"": 1.0, ""n_particles"": 133, ""name"": ""wafer_particles.pattern.scratch"", ""offset_ratio"": 0.0, ""schema_version"": ""wafer_particles.pattern_config.v1"", ""wafer_radius_mm"": 150.0, ""width_ratio"": 0.01}",638
sample_000639,C02_EdgeBiased,lognormal,"{""max_um"": 1.0, ""min_um"": 0.01, ""mu_log"": -2.81807485356591, ""per_sample"": true, ""sigma_log"": 0.29981353368793706}",,,75,"{""edge_bias"": 2.4674205382703915, ""n_particles"": 75, ""name"": ""wafer_particles.pattern.C02_EdgeBiased"", ""schema_version"": ""wafer_particles.pattern_config.v1"", ""wafer_radius_mm"": 150.0}",639
sample_000640,radial_lines,weibull,"{""k"": 1.4700682851215885, ""lambda_um"": 0.2855639455702203, ""max_um"": 1.0, ""min_um"": 0.01, ""per_sample"": true}",line,radial_lines,187,"{""angular_jitter_deg"": 2.0, ""n_lines"": 6, ""n_particles"": 187, ""name"": ""wafer_particles.pattern.radial_lines"", ""r_max_ratio"": 1.0, ""r_min_ratio"": 0.0, ""schema_version"": ""wafer_particles.pattern_config.v1"", ""wafer_radius_mm"": 150.0}",640
sample_000641,C11_Hotspot_Elliptic,pareto,"{""alpha"": 3.121174713267438, ""max_um"": 1.0, ""min_um"": 0.01, ""per_sample"": true, ""xm_um"": 0.1798244092992527}",,,81,"{""center_angle"": ""random"", ""center_angle_rad"": 2.12906951317153, ""center_radius_ratio"": 0.5832349397438406, ""mode"": ""random"", ""n_particles"": 81, ""name"": ""wafer_particles.pattern.C11_Hotspot_Elliptic"", ""rotation_deg"": 30.0, ""rotation_rad"": 3.2164798956693494, ""schema_version"": ""wafer_particles.pattern_config.v1"", ""sigma_x_ratio"": 0.05480977763754983, ""sigma_y_ratio"": 0.0501800034478084, ""wafer_radius_mm"": 150.0}",641
sample_000642,C11_Hotspot_Elliptic,weibull,"{""k"": 1.6990301834825765, ""lambda_um"": 0.31644110878766285, ""max_um"": 1.0, ""min_um"": 0.01, ""per_sample"": true}",,,184,"{""center_angle"": ""random"", ""center_angle_rad"": 5.246936753282503, ""center_radius_ratio"": 0.0932687136565156, ""mode"": ""random"", ""n_particles"": 184, ""name"": ""wafer_particles.pattern.C11_Hotspot_Elliptic"", ""rotation_deg"": 30.0, ""rotation_rad"": 0.21968205603042051, ""schema_version"": ""wafer_particles.pattern_config.v1"", ""sigma_x_ratio"": 0.06577815655756512, ""sigma_y_ratio"": 0.07674795237316295, ""wafer_radius_mm"": 150.0}",642
sample_000643,C11_Hotspot_Elliptic,lognormal,"{""max_um"": 1.0, ""min_um"": 0.01, ""mu_log"": -1.7425938260120435, ""per_sample"": true, ""sigma_log"": 0.8664964988773405}",,,61,"{""center_angle"": ""random"", ""center_angle_rad"": 5.496735233137735, ""center_radius_ratio"": 0.34107079898979975, ""mode"": ""random"", ""n_particles"": 61, ""name"": ""wafer_particles.pattern.C11_Hotspot_Elliptic"", ""rotation_deg"": 30.0, ""rotation_rad"": 1.2639040728649786, ""schema_version"": ""wafer_particles.pattern_config.v1"", ""sigma_x_ratio"": 0.10562413037908831, ""sigma_y_ratio"": 0.06843566921601356, ""wafer_radius_mm"": 150.0}",643
sample_000644,C08_CurvedScratch,pareto,"{""alpha"": 3.9875149110330375, ""max_um"": 1.0, ""min_um"": 0.01, ""per_sample"": true, ""xm_um"": 0.20381250169919046}",,,117,"{""angle_center_deg"": 0.0, ""angle_center_rad"": 5.919647493019528, ""arc_radius_ratio"": 0.7096941156159755, ""n_particles"": 117, ""name"": ""wafer_particles.pattern.C08_CurvedScratch"", ""params"": {""arc_radius_norm"": 0.7121551482176613, ""span_rad"": 0.4515200370913706, ""width_norm"": 0.04236050311707739}, ""schema_version"": ""wafer_particles.pattern_config.v1"", ""span_deg"": 115.11099101851072, ""wafer_radius_mm"": 150.0, ""width_ratio"": 0.05629065599664342}",644
sample_000645,radial_lines,weibull,"{""k"": 2.099468870522137, ""lambda_um"": 0.34119282672524187, ""max_um"": 1.0, ""min_um"": 0.01, ""per_sample"": true}",line,radial_lines,77,"{""angular_jitter_deg"": 2.0, ""n_lines"": 6, ""n_particles"": 77, ""name"": ""wafer_particles.pattern.radial_lines"", ""r_max_ratio"": 1.0, ""r_min_ratio"": 0.0, ""schema_version"": ""wafer_particles.pattern_config.v1"", ""wafer_radius_mm"": 150.0}",645
sample_000646,C05_Sector_Internal,gaussian,"{""max_um"": 1.0, ""mean_um"": 0.3955674018380793, ""min_um"": 0.01, ""per_sample"": true, ""std_um"": 0.08059345064009367}",,,15,"{""angle_center_rad"": 0.9296515813343139, ""angle_width_deg"": 75.89467374421747, ""edge_margin_norm"": 0.05, ""n_particles"": 15, ""name"": ""wafer_particles.pattern.C05_Sector_Internal"", ""r_inner_ratio"": 0.27006966813689404, ""r_outer_ratio"": 0.7037563663361057, ""radial_beta_alpha"": 1.9736567132270404, ""radial_beta_beta"": 2.231128214050616, ""schema_version"": ""wafer_particles.pattern_config.v1"", ""theta_vonmises_kappa"": 0.6682795280405845, ""wafer_radius_mm"": 150.0}",646
sample_000647,C08_CurvedScratch,lognormal,"{""max_um"": 1.0, ""min_um"": 0.01, ""mu_log"": -3.866865685506701, ""per_sample"": true, ""sigma_log"": 0.5427780306910667}",,,51,"{""angle_center_deg"": 0.0, ""angle_center_rad"": 4.572017379354096, ""arc_radius_ratio"": 0.8135713931006086, ""n_particles"": 51, ""name"": ""wafer_particles.pattern.C08_CurvedScratch"", ""params"": {""arc_radius_norm"": 0.8140387079374143, ""span_rad"": 0.38848614154642047, ""width_norm"": 0.04075463011816224}, ""schema_version"": ""wafer_particles.pattern_config.v1"", ""span_deg"": 38.54822688945147, ""wafer_radius_mm"": 150.0, ""width_ratio"": 0.018822364295881185}",647
sample_000648,C08_CurvedScratch,weibull,"{""k"": 2.690611200078268, ""lambda_um"": 0.33612363042348364, ""max_um"": 1.0, ""min_um"": 0.01, ""per_sample"": true}",,,96,"{""angle_center_deg"": 0.0, ""angle_center_rad"": 6.139077651840287, ""arc_radius_ratio"": 0.8553402378016037, ""n_particles"": 96, ""name"": ""wafer_particles.pattern.C08_CurvedScratch"", ""params"": {""arc_radius_norm"": 0.552216357142091, ""span_rad"": 0.7837054774133843, ""width_norm"": 0.05102082016634603}, ""schema_version"": ""wafer_particles.pattern_config.v1"", ""span_deg"": 89.17352880081283, ""wafer_radius_mm"": 150.0, ""width_ratio"": 0.031921185273525034}",648
sample_000649,C02_EdgeBiased,lognormal,"{""max_um"": 1.0, ""min_um"": 0.01, ""mu_log"": -3.758676398128302, ""per_sample"": true, ""sigma_log"": 0.2755268218556884}",,,119,"{""edge_bias"": 1.5611586353972906, ""n_particles"": 119, ""name"": ""wafer_particles.pattern.C02_EdgeBiased"", ""schema_version"": ""wafer_particles.pattern_config.v1"", ""wafer_radius_mm"": 150.0}",649
sample_000650,C02_EdgeBiased,weibull,"{""k"": 0.834726981968194, ""lambda_um"": 0.09781585633140016, ""max_um"": 1.0, ""min_um"": 0.01, ""per_sample"": true}",,,95,"{""edge_bias"": 2.117733185269459, ""n_particles"": 95, ""name"": ""wafer_particles.pattern.C02_EdgeBiased"", ""schema_version"": ""wafer_particles.pattern_config.v1"", ""wafer_radius_mm"": 150.0}",650
sample_000651,C03_Ring,pareto,"{""alpha"": 2.99180317846697, ""max_um"": 1.0, ""min_um"": 0.01, ""per_sample"": true, ""xm_um"": 0.18144381173524066}",,,105,"{""n_particles"": 105, ""name"": ""wafer_particles.pattern.C03_Ring"", ""radius_ratio"": 0.4775529446885339, ""schema_version"": ""wafer_particles.pattern_config.v1"", ""wafer_radius_mm"": 150.0, ""width_ratio"": 0.06686689412321423}",651
sample_000652,C09_Spiral,gaussian,"{""max_um"": 1.0, ""mean_um"": 0.4354910541569447, ""min_um"": 0.01, ""per_sample"": true, ""std_um"": 0.0845437516929981}",,,44,"{""end_r_ratio"": 0.732021436471626, ""n_particles"": 44, ""name"": ""wafer_particles.pattern.C09_Spiral"", ""params"": {""theta_max"": 16.176808004729693, ""width_norm"": 0.03201422416584564}, ""schema_version"": ""wafer_particles.pattern_config.v1"", ""start_r_ratio"": 0.15124406177603303, ""theta_max"": 10.34451441888385, ""wafer_radius_mm"": 150.0, ""width_ratio"": 0.00806982102512397}",652
sample_000653,C05_Sector_Internal,lognormal,"{""max_um"": 1.0, ""min_um"": 0.01, ""mu_log"": -0.9419312802029594, ""per_sample"": true, ""sigma_log"": 0.27356021405315023}",,,199,"{""angle_center_rad"": 5.390339938516378, ""angle_width_deg"": 42.78243418131485, ""edge_margin_norm"": 0.05, ""n_particles"": 199, ""name"": ""wafer_particles.pattern.C05_Sector_Internal"", ""r_inner_ratio"": 0.2318121096074678, ""r_outer_ratio"": 0.8244592117432611, ""radial_beta_alpha"": 1.2609775715412912, ""radial_beta_beta"": 3.075129906557975, ""schema_version"": ""wafer_particles.pattern_config.v1"", ""theta_vonmises_kappa"": 5.528295452546741, ""wafer_radius_mm"": 150.0}",653
sample_000654,C11_Hotspot_Elliptic,weibull,"{""k"": 2.454175974956963, ""lambda_um"": 0.044574037989595625, ""max_um"": 1.0, ""min_um"": 0.01, ""per_sample"": true}",,,113,"{""center_angle"": ""random"", ""center_angle_rad"": 3.1385527323776077, ""center_radius_ratio"": 0.2096184188240551, ""mode"": ""random"", ""n_particles"": 113, ""name"": ""wafer_particles.pattern.C11_Hotspot_Elliptic"", ""rotation_deg"": 30.0, ""rotation_rad"": 0.4658466896060472, ""schema_version"": ""wafer_particles.pattern_config.v1"", ""sigma_x_ratio"": 0.10194954400884237, ""sigma_y_ratio"": 0.03553719163630039, ""wafer_radius_mm"": 150.0}",654
sample_000655,C02_EdgeBiased,lognormal,"{""max_um"": 1.0, ""min_um"": 0.01, ""mu_log"": -2.3639424690380926, ""per_sample"": true, ""sigma_log"": 0.457764931401293}",,,79,"{""edge_bias"": 1.4984401392771125, ""n_particles"": 79, ""name"": ""wafer_particles.pattern.C02_EdgeBiased"", ""schema_version"": ""wafer_particles.pattern_config.v1"", ""wafer_radius_mm"": 150.0}",655
sample_000656,ring_narrow,weibull,"{""k"": 1.7242143470436038, ""lambda_um"": 0.3866699001633753, ""max_um"": 1.0, ""min_um"": 0.01, ""per_sample"": true}",ring,ring,81,"{""n_particles"": 81, ""name"": ""wafer_particles.pattern.ring_narrow"", ""radius_ratio"": 0.7, ""schema_version"": ""wafer_particles.pattern_config.v1"", ""wafer_radius_mm"": 150.0, ""width_ratio"": 0.03}",656
sample_000657,ring_narrow,weibull,"{""k"": 2.6762732663261826, ""lambda_um"": 0.27236085979122177, ""max_um"": 1.0, ""min_um"": 0.01, ""per_sample"": true}",ring,ring,161,"{""n_particles"": 161, ""name"": ""wafer_particles.pattern.ring_narrow"", ""radius_ratio"": 0.7, ""schema_version"": ""wafer_particles.pattern_config.v1"", ""wafer_radius_mm"": 150.0, ""width_ratio"": 0.03}",657
sample_000658,C01_Uniform,gaussian,"{""max_um"": 1.0, ""mean_um"": 0.22946492348071762, ""min_um"": 0.01, ""per_sample"": true, ""std_um"": 0.09650569414912699}",,,128,"{""n_particles"": 128, ""name"": ""wafer_particles.pattern.C01_Uniform"", ""schema_version"": ""wafer_particles.pattern_config.v1"", ""wafer_radius_mm"": 150.0}",658
sample_000659,C04_Sector_Edge,lognormal,"{""max_um"": 1.0, ""min_um"": 0.01, ""mu_log"": -2.8982936928132688, ""per_sample"": true, ""sigma_log"": 0.4686392198526783}",,,95,"{""angle_center_rad"": 2.02491435603628, ""angle_width_deg"": 62.89856613927825, ""edge_width_ratio"": 0.1360582678144419, ""n_particles"": 95, ""name"": ""wafer_particles.pattern.C04_Sector_Edge"", ""radial_beta_alpha"": 1.3779612635919833, ""radial_beta_beta"": 1.39110540322377, ""schema_version"": ""wafer_particles.pattern_config.v1"", ""side"": ""right"", ""theta_vonmises_kappa"": 2.182759923958674, ""wafer_radius_mm"": 150.0}",659
sample_000660,C06_RadialLines,lognormal,"{""max_um"": 1.0, ""min_um"": 0.01, ""mu_log"": -2.2018076913610938, ""per_sample"": true, ""sigma_log"": 0.6730662179377639}",,,167,"{""angular_jitter_deg"": 3.45835265624395, ""n_lines"": 6, ""n_particles"": 167, ""name"": ""wafer_particles.pattern.C06_RadialLines"", ""params"": {""n_lines"": 8.0, ""r_max_norm"": 0.852229843617776, ""r_min_norm"": 0.1196326354032475, ""sigma_perp_norm"": 0.03091076375672877}, ""r_max_ratio"": 0.8670186719177895, ""r_min_ratio"": 0.27793528956611385, ""schema_version"": ""wafer_particles.pattern_config.v1"", ""sigma_perp_ratio"": 0.012941169340945139, ""wafer_radius_mm"": 150.0}",660
sample_000661,C11_Hotspot_Elliptic,weibull,"{""k"": 1.4865293570509368, ""lambda_um"": 0.03478587883704533, ""max_um"": 1.0, ""min_um"": 0.01, ""per_sample"": true}",,,69,"{""center_angle"": ""random"", ""center_angle_rad"": 4.881086404247209, ""center_radius_ratio"": 0.7383363257177611, ""mode"": ""random"", ""n_particles"": 69, ""name"": ""wafer_particles.pattern.C11_Hotspot_Elliptic"", ""rotation_deg"": 30.0, ""rotation_rad"": 0.14672069111573172, ""schema_version"": ""wafer_particles.pattern_config.v1"", ""sigma_x_ratio"": 0.11148558053194399, ""sigma_y_ratio"": 0.04883853478610577, ""wafer_radius_mm"": 150.0}",661
sample_000662,C06_RadialLines,weibull,"{""k"": 2.3168062199167085, ""lambda_um"": 0.38291095876842846, ""max_um"": 1.0, ""min_um"": 0.01, ""per_sample"": true}",,,18,"{""angular_jitter_deg"": 2.285700382999706, ""n_lines"": 4, ""n_particles"": 18, ""name"": ""wafer_particles.pattern.C06_RadialLines"", ""params"": {""n_lines"": 8.0, ""r_max_norm"": 0.749991836687056, ""r_min_norm"": 0.07993669270322434, ""sigma_perp_norm"": 0.05648051718244903}, ""r_max_ratio"": 0.7630064751940666, ""r_min_ratio"": 0.11361496000916506, ""schema_version"": ""wafer_particles.pattern_config.v1"", ""sigma_perp_ratio"": 0.014872428914393103, ""wafer_radius_mm"": 150.0}",662
sample_000663,C03_Ring,lognormal,"{""max_um"": 1.0, ""min_um"": 0.01, ""mu_log"": -0.5915280792785134, ""per_sample"": true, ""sigma_log"": 0.5836510827886822}",,,49,"{""n_particles"": 49, ""name"": ""wafer_particles.pattern.C03_Ring"", ""radius_ratio"": 0.6978001498269972, ""schema_version"": ""wafer_particles.pattern_config.v1"", ""wafer_radius_mm"": 150.0, ""width_ratio"": 0.16223394485612333}",663
sample_000664,edge_sector_left,weibull,"{""k"": 2.793748373007679, ""lambda_um"": 0.42583407899798, ""max_um"": 1.0, ""min_um"": 0.01, ""per_sample"": true}",sector,edge_sector,157,"{""angle_width_deg"": 40.0, ""edge_width_ratio"": 0.1, ""n_particles"": 157, ""name"": ""wafer_particles.pattern.edge_sector"", ""schema_version"": ""wafer_particles.pattern_config.v1"", ""side"": ""left"", ""wafer_radius_mm"": 150.0}",664
sample_000665,C07_StraightLine,weibull,"{""k"": 1.5968607362063465, ""lambda_um"": 0.13810145126453144, ""max_um"": 1.0, ""min_um"": 0.01, ""per_sample"": true}",,,162,"{""angle_deg"": 165.13862255224558, ""n_particles"": 162, ""name"": ""wafer_particles.pattern.C07_StraightLine"", ""offset_ratio"": -0.03223776941739448, ""params"": {""segment_half_length_norm"": 0.19471758313647158, ""width_norm"": 0.05992268219449229}, ""schema_version"": ""wafer_particles.pattern_config.v1"", ""segment_half_length_ratio"": 0.6804978540712672, ""wafer_radius_mm"": 150.0, ""width_ratio"": 0.03808828196388981}",665
sample_000666,C04_Sector_Edge,gaussian,"{""max_um"": 1.0, ""mean_um"": 0.4110165175628807, ""min_um"": 0.01, ""per_sample"": true, ""std_um"": 0.032172924074596994}",,,86,"{""angle_center_rad"": 0.7960106525338421, ""angle_width_deg"": 25.674240181642972, ""edge_width_ratio"": 0.2989961143221171, ""n_particles"": 86, ""name"": ""wafer_particles.pattern.C04_Sector_Edge"", ""radial_beta_alpha"": 1.7205082170112704, ""radial_beta_beta"": 2.704657755077542, ""schema_version"": ""wafer_particles.pattern_config.v1"", ""side"": ""right"", ""theta_vonmises_kappa"": 6.17181197763131, ""wafer_radius_mm"": 150.0}",666
sample_000667,C04_Sector_Edge,weibull,"{""k"": 0.717488652091378, ""lambda_um"": 0.325365300274368, ""max_um"": 1.0, ""min_um"": 0.01, ""per_sample"": true}",,,181,"{""angle_center_rad"": 0.6438205729490176, ""angle_width_deg"": 31.73524248633471, ""edge_width_ratio"": 0.2835414356079486, ""n_particles"": 181, ""name"": ""wafer_particles.pattern.C04_Sector_Edge"", ""radial_beta_alpha"": 1.3593566231342287, ""radial_beta_beta"": 2.9177367357856037, ""schema_version"": ""wafer_particles.pattern_config.v1"", ""side"": ""right"", ""theta_vonmises_kappa"": 8.002801603083952, ""wafer_radius_mm"": 150.0}",667
sample_000668,C04_Sector_Edge,gaussian,"{""max_um"": 1.0, ""mean_um"": 0.38272256296191715, ""min_um"": 0.01, ""per_sample"": true, ""std_um"": 0.05050235375035568}",,,105,"{""angle_center_rad"": 3.6229711514035166, ""angle_width_deg"": 24.08003797814109, ""edge_width_ratio"": 0.22204296186317524, ""n_particles"": 105, ""name"": ""wafer_particles.pattern.C04_Sector_Edge"", ""radial_beta_alpha"": 2.9955580508101667, ""radial_beta_beta"": 0.9706055134223647, ""schema_version"": ""wafer_particles.pattern_config.v1"", ""side"": ""right"", ""theta_vonmises_kappa"": 1.320089191310767, ""wafer_radius_mm"": 150.0}",668
sample_000669,C08_CurvedScratch,gaussian,"{""max_um"": 1.0, ""mean_um"": 0.14412126571756226, ""min_um"": 0.01, ""per_sample"": true, ""std_um"": 0.037243811591692516}",,,129,"{""angle_center_deg"": 0.0, ""angle_center_rad"": 2.5311374887747577, ""arc_radius_ratio"": 0.8904955324567239, ""n_particles"": 129, ""name"": ""wafer_particles.pattern.C08_CurvedScratch"", ""params"": {""arc_radius_norm"": 0.8745646509587788, ""span_rad"": 0.7003243995464341, ""width_norm"": 0.03874345608465214}, ""schema_version"": ""wafer_particles.pattern_config.v1"", ""span_deg"": 54.826205889062095, ""wafer_radius_mm"": 150.0, ""width_ratio"": 0.05579949992767967}",669
sample_000670,C07_StraightLine,gaussian,"{""max_um"": 1.0, ""mean_um"": 0.31133284219780827, ""min_um"": 0.01, ""per_sample"": true, ""std_um"": 0.05291624748303564}",,,54,"{""angle_deg"": 151.04342474258064, ""n_particles"": 54, ""name"": ""wafer_particles.pattern.C07_StraightLine"", ""offset_ratio"": 0.047560359393703344, ""params"": {""segment_half_length_norm"": 0.09717421810694145, ""width_norm"": 0.06411670980422915}, ""schema_version"": ""wafer_particles.pattern_config.v1"", ""segment_half_length_ratio"": 0.39374652615625183, ""wafer_radius_mm"": 150.0, ""width_ratio"": 0.031917191658423175}",670
sample_000671,C04_Sector_Edge,weibull,"{""k"": 2.6964398392579, ""lambda_um"": 0.18774275934323878, ""max_um"": 1.0, ""min_um"": 0.01, ""per_sample"": true}",,,104,"{""angle_center_rad"": 5.403124884299428, ""angle_width_deg"": 47.190596860431725, ""edge_width_ratio"": 0.05070014868095339, ""n_particles"": 104, ""name"": ""wafer_particles.pattern.C04_Sector_Edge"", ""radial_beta_alpha"": 3.6895054006853982, ""radial_beta_beta"": 1.1484028140217728, ""schema_version"": ""wafer_particles.pattern_config.v1"", ""side"": ""right"", ""theta_vonmises_kappa"": 1.2528343907166017, ""wafer_radius_mm"": 150.0}",671
sample_000672,C01_Uniform,gaussian,"{""max_um"": 1.0, ""mean_um"": 0.3897102417699995, ""min_um"": 0.01, ""per_sample"": true, ""std_um"": 0.06123065357546201}",,,182,"{""n_particles"": 182, ""name"": ""wafer_particles.pattern.C01_Uniform"", ""schema_version"": ""wafer_particles.pattern_config.v1"", ""wafer_radius_mm"": 150.0}",672
sample_000673,C11_Hotspot_Elliptic,lognormal,"{""max_um"": 1.0, ""min_um"": 0.01, ""mu_log"": -0.8064361897093928, ""per_sample"": true, ""sigma_log"": 0.8266961311195118}",,,171,"{""center_angle"": ""random"", ""center_angle_rad"": 4.508925299748224, ""center_radius_ratio"": 0.2891130619120092, ""mode"": ""random"", ""n_particles"": 171, ""name"": ""wafer_particles.pattern.C11_Hotspot_Elliptic"", ""rotation_deg"": 30.0, ""rotation_rad"": 1.3347639181629951, ""schema_version"": ""wafer_particles.pattern_config.v1"", ""sigma_x_ratio"": 0.03954583419348354, ""sigma_y_ratio"": 0.04768612499220522, ""wafer_radius_mm"": 150.0}",673
sample_000674,C09_Spiral,gaussian,"{""max_um"": 1.0, ""mean_um"": 0.32955639830466676, ""min_um"": 0.01, ""per_sample"": true, ""std_um"": 0.06882852594563688}",,,45,"{""end_r_ratio"": 0.8687126954888686, ""n_particles"": 45, ""name"": ""wafer_particles.pattern.C09_Spiral"", ""params"": {""theta_max"": 13.338204994160538, ""width_norm"": 0.027547049826121797}, ""schema_version"": ""wafer_particles.pattern_config.v1"", ""start_r_ratio"": 0.2900639685782288, ""theta_max"": 15.657248504723487, ""wafer_radius_mm"": 150.0, ""width_ratio"": 0.017265094205497135}",674
sample_000675,C01_Uniform,weibull,"{""k"": 1.7664664231450942, ""lambda_um"": 0.13709390246737502, ""max_um"": 1.0, ""min_um"": 0.01, ""per_sample"": true}",,,63,"{""n_particles"": 63, ""name"": ""wafer_particles.pattern.C01_Uniform"", ""schema_version"": ""wafer_particles.pattern_config.v1"", ""wafer_radius_mm"": 150.0}",675
sample_000676,C06_RadialLines,gaussian,"{""max_um"": 1.0, ""mean_um"": 0.11779952550554779, ""min_um"": 0.01, ""per_sample"": true, ""std_um"": 0.03180333951083204}",,,74,"{""angular_jitter_deg"": 2.040410577432072, ""n_lines"": 6, ""n_particles"": 74, ""name"": ""wafer_particles.pattern.C06_RadialLines"", ""params"": {""n_lines"": 5.0, ""r_max_norm"": 0.751985941935793, ""r_min_norm"": 0.2928083868050022, ""sigma_perp_norm"": 0.03516343381104736}, ""r_max_ratio"": 0.9012720627581511, ""r_min_ratio"": 0.06798715806199052, ""schema_version"": ""wafer_particles.pattern_config.v1"", ""sigma_perp_ratio"": 0.013710021116381789, ""wafer_radius_mm"": 150.0}",676
sample_000677,C07_StraightLine,lognormal,"{""max_um"": 1.0, ""min_um"": 0.01, ""mu_log"": -1.7801073084412447, ""per_sample"": true, ""sigma_log"": 0.5808438696380107}",,,133,"{""angle_deg"": 108.49713195971641, ""n_particles"": 133, ""name"": ""wafer_particles.pattern.C07_StraightLine"", ""offset_ratio"": 0.09074241952991946, ""params"": {""segment_half_length_norm"": 0.22406291032413714, ""width_norm"": 0.04432384095754372}, ""schema_version"": ""wafer_particles.pattern_config.v1"", ""segment_half_length_ratio"": 0.3588722549100469, ""wafer_radius_mm"": 150.0, ""width_ratio"": 0.01873348188400442}",677
sample_000678,C11_Hotspot_Elliptic,gaussian,"{""max_um"": 1.0, ""mean_um"": 0.457738409126716, ""min_um"": 0.01, ""per_sample"": true, ""std_um"": 0.07235473546770585}",,,95,"{""center_angle"": ""random"", ""center_angle_rad"": 4.743617628264246, ""center_radius_ratio"": 0.056703063418321764, ""mode"": ""random"", ""n_particles"": 95, ""name"": ""wafer_particles.pattern.C11_Hotspot_Elliptic"", ""rotation_deg"": 30.0, ""rotation_rad"": 4.585960742373988, ""schema_version"": ""wafer_particles.pattern_config.v1"", ""sigma_x_ratio"": 0.1114095896268943, ""sigma_y_ratio"": 0.016935655195299836, ""wafer_radius_mm"": 150.0}",678
sample_000679,C06_RadialLines,pareto,"{""alpha"": 2.1910314664031403, ""max_um"": 1.0, ""min_um"": 0.01, ""per_sample"": true, ""xm_um"": 0.05277584174057652}",,,50,"{""angular_jitter_deg"": 4.015660728170875, ""n_lines"": 8, ""n_particles"": 50, ""name"": ""wafer_particles.pattern.C06_RadialLines"", ""params"": {""n_lines"": 2.0, ""r_max_norm"": 0.7526018546542552, ""r_min_norm"": 0.1803678482726197, ""sigma_perp_norm"": 0.06994515928417437}, ""r_max_ratio"": 0.647858764023248, ""r_min_ratio"": 0.04835553325051941, ""schema_version"": ""wafer_particles.pattern_config.v1"", ""sigma_perp_ratio"": 0.02002799531123073, ""wafer_radius_mm"": 150.0}",679
sample_000680,ring_wide,weibull,"{""k"": 2.2244707499700054, ""lambda_um"": 0.3106779594866343, ""max_um"": 1.0, ""min_um"": 0.01, ""per_sample"": true}",ring,ring,158,"{""n_particles"": 158, ""name"": ""wafer_particles.pattern.ring_wide"", ""radius_ratio"": 0.6, ""schema_version"": ""wafer_particles.pattern_config.v1"", ""wafer_radius_mm"": 150.0, ""width_ratio"": 0.15}",680
sample_000681,C11_Hotspot_Elliptic,lognormal,"{""max_um"": 1.0, ""min_um"": 0.01, ""mu_log"": -3.5739392627417303, ""per_sample"": true, ""sigma_log"": 0.5677204619918081}",,,178,"{""center_angle"": ""random"", ""center_angle_rad"": 0.6354577865409056, ""center_radius_ratio"": 0.7934795228411076, ""mode"": ""random"", ""n_particles"": 178, ""name"": ""wafer_particles.pattern.C11_Hotspot_Elliptic"", ""rotation_deg"": 30.0, ""rotation_rad"": 5.088262580383175, ""schema_version"": ""wafer_particles.pattern_config.v1"", ""sigma_x_ratio"": 0.06778406587381311, ""sigma_y_ratio"": 0.06347379444914669, ""wafer_radius_mm"": 150.0}",681
sample_000682,C03_Ring,gaussian,"{""max_um"": 1.0, ""mean_um"": 0.48423594936948683, ""min_um"": 0.01, ""per_sample"": true, ""std_um"": 0.03180168397089596}",,,151,"{""n_particles"": 151, ""name"": ""wafer_particles.pattern.C03_Ring"", ""radius_ratio"": 0.7537782962656023, ""schema_version"": ""wafer_particles.pattern_config.v1"", ""wafer_radius_mm"": 150.0, ""width_ratio"": 0.17387568092940817}",682
sample_000683,C08_CurvedScratch,gaussian,"{""max_um"": 1.0, ""mean_um"": 0.21772706376719014, ""min_um"": 0.01, ""per_sample"": true, ""std_um"": 0.0256075254185798}",,,172,"{""angle_center_deg"": 0.0, ""angle_center_rad"": 1.8005098386874274, ""arc_radius_ratio"": 0.5379402858951996, ""n_particles"": 172, ""name"": ""wafer_particles.pattern.C08_CurvedScratch"", ""params"": {""arc_radius_norm"": 0.8319574026042583, ""span_rad"": 0.632212056941476, ""width_norm"": 0.05170232721970934}, ""schema_version"": ""wafer_particles.pattern_config.v1"", ""span_deg"": 97.83204539959675, ""wafer_radius_mm"": 150.0, ""width_ratio"": 0.05950480126186617}",683
sample_000684,C02_EdgeBiased,gaussian,"{""max_um"": 1.0, ""mean_um"": 0.12782237474720712, ""min_um"": 0.01, ""per_sample"": true, ""std_um"": 0.05839743655808813}",,,168,"{""edge_bias"": 2.421010659800262, ""n_particles"": 168, ""name"": ""wafer_particles.pattern.C02_EdgeBiased"", ""schema_version"": ""wafer_particles.pattern_config.v1"", ""wafer_radius_mm"": 150.0}",684
sample_000685,C07_StraightLine,gaussian,"{""max_um"": 1.0, ""mean_um"": 0.4539064508122419, ""min_um"": 0.01, ""per_sample"": true, ""std_um"": 0.02511830544950441}",,,168,"{""angle_deg"": 142.99858568676464, ""n_particles"": 168, ""name"": ""wafer_particles.pattern.C07_StraightLine"", ""offset_ratio"": 0.03972571865637892, ""params"": {""segment_half_length_norm"": 0.06367309672942763, ""width_norm"": 0.05126214740465758}, ""schema_version"": ""wafer_particles.pattern_config.v1"", ""segment_half_length_ratio"": 0.4771742495393432, ""wafer_radius_mm"": 150.0, ""width_ratio"": 0.033981399388455354}",685
sample_000686,ring_wide,lognormal,"{""max_um"": 1.0, ""min_um"": 0.01, ""mu_log"": -0.5593958179133853, ""per_sample"": true, ""sigma_log"": 0.8284348312138969}",ring,ring,49,"{""n_particles"": 49, ""name"": ""wafer_particles.pattern.ring_wide"", ""radius_ratio"": 0.6, ""schema_version"": ""wafer_particles.pattern_config.v1"", ""wafer_radius_mm"": 150.0, ""width_ratio"": 0.15}",686
sample_000687,C02_EdgeBiased,gaussian,"{""max_um"": 1.0, ""mean_um"": 0.6097281521564151, ""min_um"": 0.01, ""per_sample"": true, ""std_um"": 0.08856136534201574}",,,191,"{""edge_bias"": 3.719198275003337, ""n_particles"": 191, ""name"": ""wafer_particles.pattern.C02_EdgeBiased"", ""schema_version"": ""wafer_particles.pattern_config.v1"", ""wafer_radius_mm"": 150.0}",687
sample_000688,C06_RadialLines,lognormal,"{""max_um"": 1.0, ""min_um"": 0.01, ""mu_log"": -3.8052682967339653, ""per_sample"": true, ""sigma_log"": 0.6280466055064812}",,,163,"{""angular_jitter_deg"": 4.871537786228553, ""n_lines"": 4, ""n_particles"": 163, ""name"": ""wafer_particles.pattern.C06_RadialLines"", ""params"": {""n_lines"": 2.0, ""r_max_norm"": 0.8902292269387322, ""r_min_norm"": 0.25383586549221604, ""sigma_perp_norm"": 0.038713334098933946}, ""r_max_ratio"": 0.6884591477647312, ""r_min_ratio"": 0.06302839347217244, ""schema_version"": ""wafer_particles.pattern_config.v1"", ""sigma_perp_ratio"": 0.01838421729639997, ""wafer_radius_mm"": 150.0}",688
sample_000689,C08_CurvedScratch,gaussian,"{""max_um"": 1.0, ""mean_um"": 0.08903647423440339, ""min_um"": 0.01, ""per_sample"": true, ""std_um"": 0.03686580562234179}",,,80,"{""angle_center_deg"": 0.0, ""angle_center_rad"": 5.978752064862444, ""arc_radius_ratio"": 0.5886198229499235, ""n_particles"": 80, ""name"": ""wafer_particles.pattern.C08_CurvedScratch"", ""params"": {""arc_radius_norm"": 0.7966195129682476, ""span_rad"": 0.7538143506423418, ""width_norm"": 0.03633167004962474}, ""schema_version"": ""wafer_particles.pattern_config.v1"", ""span_deg"": 58.73265594820713, ""wafer_radius_mm"": 150.0, ""width_ratio"": 0.0580441684487008}",689
sample_000690,C01_Uniform,lognormal,"{""max_um"": 1.0, ""min_um"": 0.01, ""mu_log"": -3.033827642295977, ""per_sample"": true, ""sigma_log"": 0.6354534399712738}",,,190,"{""n_particles"": 190, ""name"": ""wafer_particles.pattern.C01_Uniform"", ""schema_version"": ""wafer_particles.pattern_config.v1"", ""wafer_radius_mm"": 150.0}",690
sample_000691,C07_StraightLine,gaussian,"{""max_um"": 1.0, ""mean_um"": 0.2412006925688045, ""min_um"": 0.01, ""per_sample"": true, ""std_um"": 0.0547427606376642}",,,186,"{""angle_deg"": 100.53239290970602, ""n_particles"": 186, ""name"": ""wafer_particles.pattern.C07_StraightLine"", ""offset_ratio"": 0.22252539861805282, ""params"": {""segment_half_length_norm"": 0.19691653958445074, ""width_norm"": 0.03957497369362381}, ""schema_version"": ""wafer_particles.pattern_config.v1"", ""segment_half_length_ratio"": 0.7873143240172009, ""wafer_radius_mm"": 150.0, ""width_ratio"": 0.03458076892986859}",691
sample_000692,C08_CurvedScratch,lognormal,"{""max_um"": 1.0, ""min_um"": 0.01, ""mu_log"": -1.857646936219148, ""per_sample"": true, ""sigma_log"": 0.4212680946744819}",,,45,"{""angle_center_deg"": 0.0, ""angle_center_rad"": 3.7430238221004237, ""arc_radius_ratio"": 0.4401612134991512, ""n_particles"": 45, ""name"": ""wafer_particles.pattern.C08_CurvedScratch"", ""params"": {""arc_radius_norm"": 0.4667974027807593, ""span_rad"": 0.628149588448425, ""width_norm"": 0.06125710879254342}, ""schema_version"": ""wafer_particles.pattern_config.v1"", ""span_deg"": 55.71861805598135, ""wafer_radius_mm"": 150.0, ""width_ratio"": 0.020197953226024593}",692
sample_000693,C01_Uniform,gaussian,"{""max_um"": 1.0, ""mean_um"": 0.3702615513705925, ""min_um"": 0.01, ""per_sample"": true, ""std_um"": 0.05516587892809249}",,,198,"{""n_particles"": 198, ""name"": ""wafer_particles.pattern.C01_Uniform"", ""schema_version"": ""wafer_particles.pattern_config.v1"", ""wafer_radius_mm"": 150.0}",693
sample_000694,C04_Sector_Edge,gaussian,"{""max_um"": 1.0, ""mean_um"": 0.642898703893282, ""min_um"": 0.01, ""per_sample"": true, ""std_um"": 0.07827125489959527}",,,118,"{""angle_center_rad"": 4.3880641373121865, ""angle_width_deg"": 65.98842100582482, ""edge_width_ratio"": 0.0626789918290888, ""n_particles"": 118, ""name"": ""wafer_particles.pattern.C04_Sector_Edge"", ""radial_beta_alpha"": 1.6905857140936411, ""radial_beta_beta"": 1.070486938419606, ""schema_version"": ""wafer_particles.pattern_config.v1"", ""side"": ""right"", ""theta_vonmises_kappa"": 3.7202456496679432, ""wafer_radius_mm"": 150.0}",694
sample_000695,C01_Uniform,gaussian,"{""max_um"": 1.0, ""mean_um"": 0.5156648244807585, ""min_um"": 0.01, ""per_sample"": true, ""std_um"": 0.049033283575683276}",,,30,"{""n_particles"": 30, ""name"": ""wafer_particles.pattern.C01_Uniform"", ""schema_version"": ""wafer_particles.pattern_config.v1"", ""wafer_radius_mm"": 150.0}",695
sample_000696,C09_Spiral,gaussian,"{""max_um"": 1.0, ""mean_um"": 0.7226237795561743, ""min_um"": 0.01, ""per_sample"": true, ""std_um"": 0.07509787299005971}",,,113,"{""end_r_ratio"": 0.9482825738126048, ""n_particles"": 113, ""name"": ""wafer_particles.pattern.C09_Spiral"", ""params"": {""theta_max"": 13.62865831326543, ""width_norm"": 0.04451979385671421}, ""schema_version"": ""wafer_particles.pattern_config.v1"", ""start_r_ratio"": 0.29986360267692613, ""theta_max"": 8.398966079112201, ""wafer_radius_mm"": 150.0, ""width_ratio"": 0.006269354200840568}",696
sample_000697,C02_EdgeBiased,lognormal,"{""max_um"": 1.0, ""min_um"": 0.01, ""mu_log"": -1.3245014162796522, ""per_sample"": true, ""sigma_log"": 0.767748020445902}",,,192,"{""edge_bias"": 3.7810669904625422, ""n_particles"": 192, ""name"": ""wafer_particles.pattern.C02_EdgeBiased"", ""schema_version"": ""wafer_particles.pattern_config.v1"", ""wafer_radius_mm"": 150.0}",697
sample_000698,edge_sector_right,weibull,"{""k"": 2.361927606486929, ""lambda_um"": 0.2699557135777371, ""max_um"": 1.0, ""min_um"": 0.01, ""per_sample"": true}",sector,edge_sector,16,"{""angle_width_deg"": 40.0, ""edge_width_ratio"": 0.1, ""n_particles"": 16, ""name"": ""wafer_particles.pattern.edge_sector"", ""schema_version"": ""wafer_particles.pattern_config.v1"", ""side"": ""right"", ""wafer_radius_mm"": 150.0}",698
sample_000699,radial_lines,weibull,"{""k"": 0.8241900820710395, ""lambda_um"": 0.30292642671873704, ""max_um"": 1.0, ""min_um"": 0.01, ""per_sample"": true}",line,radial_lines,181,"{""angular_jitter_deg"": 2.0, ""n_lines"": 6, ""n_particles"": 181, ""name"": ""wafer_particles.pattern.radial_lines"", ""r_max_ratio"": 1.0, ""r_min_ratio"": 0.0, ""schema_version"": ""wafer_particles.pattern_config.v1"", ""wafer_radius_mm"": 150.0}",699
sample_000700,C06_RadialLines,gaussian,"{""max_um"": 1.0, ""mean_um"": 0.10318433622650325, ""min_um"": 0.01, ""per_sample"": true, ""std_um"": 0.09953938853100947}",,,16,"{""angular_jitter_deg"": 3.6428926906618875, ""n_lines"": 4, ""n_particles"": 16, ""name"": ""wafer_particles.pattern.C06_RadialLines"", ""params"": {""n_lines"": 7.0, ""r_max_norm"": 0.7467397571780233, ""r_min_norm"": 0.16171552504634584, ""sigma_perp_norm"": 0.04000676328363843}, ""r_max_ratio"": 0.7587020311463059, ""r_min_ratio"": 0.13107732386578366, ""schema_version"": ""wafer_particles.pattern_config.v1"", ""sigma_perp_ratio"": 0.0290445190542456, ""wafer_radius_mm"": 150.0}",700
sample_000701,C04_Sector_Edge,lognormal,"{""max_um"": 1.0, ""min_um"": 0.01, ""mu_log"": -2.14622239197178, ""per_sample"": true, ""sigma_log"": 0.24149151123644377}",,,62,"{""angle_center_rad"": 1.0428195725719265, ""angle_width_deg"": 36.59765026130166, ""edge_width_ratio"": 0.1785460039435165, ""n_particles"": 62, ""name"": ""wafer_particles.pattern.C04_Sector_Edge"", ""radial_beta_alpha"": 1.7132830310587859, ""radial_beta_beta"": 2.257892665491272, ""schema_version"": ""wafer_particles.pattern_config.v1"", ""side"": ""right"", ""theta_vonmises_kappa"": 2.4711313833578816, ""wafer_radius_mm"": 150.0}",701
sample_000702,C02_EdgeBiased,lognormal,"{""max_um"": 1.0, ""min_um"": 0.01, ""mu_log"": -1.8737537529006767, ""per_sample"": true, ""sigma_log"": 0.40180349214538436}",,,159,"{""edge_bias"": 2.573727417841199, ""n_particles"": 159, ""name"": ""wafer_particles.pattern.C02_EdgeBiased"", ""schema_version"": ""wafer_particles.pattern_config.v1"", ""wafer_radius_mm"": 150.0}",702
sample_000703,C04_Sector_Edge,weibull,"{""k"": 1.7066939694616856, ""lambda_um"": 0.2078083719075293, ""max_um"": 1.0, ""min_um"": 0.01, ""per_sample"": true}",,,75,"{""angle_center_rad"": 3.818421471837822, ""angle_width_deg"": 29.10890882159876, ""edge_width_ratio"": 0.22162832568376595, ""n_particles"": 75, ""name"": ""wafer_particles.pattern.C04_Sector_Edge"", ""radial_beta_alpha"": 2.0383706413368303, ""radial_beta_beta"": 1.7121855761628235, ""schema_version"": ""wafer_particles.pattern_config.v1"", ""side"": ""right"", ""theta_vonmises_kappa"": 6.834753748343576, ""wafer_radius_mm"": 150.0}",703
sample_000704,C06_RadialLines,weibull,"{""k"": 2.632744966866179, ""lambda_um"": 0.06580585947007604, ""max_um"": 1.0, ""min_um"": 0.01, ""per_sample"": true}",,,160,"{""angular_jitter_deg"": 1.7753922969975093, ""n_lines"": 4, ""n_particles"": 160, ""name"": ""wafer_particles.pattern.C06_RadialLines"", ""params"": {""n_lines"": 2.0, ""r_max_norm"": 0.8058732976704597, ""r_min_norm"": 0.1525753711727143, ""sigma_perp_norm"": 0.016993219134961574}, ""r_max_ratio"": 0.6343077065637646, ""r_min_ratio"": 0.14613284507849292, ""schema_version"": ""wafer_particles.pattern_config.v1"", ""sigma_perp_ratio"": 0.0070530158171698155, ""wafer_radius_mm"": 150.0}",704
sample_000705,C04_Sector_Edge,pareto,"{""alpha"": 2.4021346023208134, ""max_um"": 1.0, ""min_um"": 0.01, ""per_sample"": true, ""xm_um"": 0.16606056836648547}",,,14,"{""angle_center_rad"": 0.9675200979205794, ""angle_width_deg"": 49.54977444071359, ""edge_width_ratio"": 0.09644185352017719, ""n_particles"": 14, ""name"": ""wafer_particles.pattern.C04_Sector_Edge"", ""radial_beta_alpha"": 2.036295578500999, ""radial_beta_beta"": 1.3972296189607505, ""schema_version"": ""wafer_particles.pattern_config.v1"", ""side"": ""right"", ""theta_vonmises_kappa"": 5.946455939861609, ""wafer_radius_mm"": 150.0}",705
sample_000706,C01_Uniform,weibull,"{""k"": 1.2559375091746066, ""lambda_um"": 0.1326402956502937, ""max_um"": 1.0, ""min_um"": 0.01, ""per_sample"": true}",,,188,"{""n_particles"": 188, ""name"": ""wafer_particles.pattern.C01_Uniform"", ""schema_version"": ""wafer_particles.pattern_config.v1"", ""wafer_radius_mm"": 150.0}",706
sample_000707,C04_Sector_Edge,weibull,"{""k"": 2.1615728929400393, ""lambda_um"": 0.43781349135161435, ""max_um"": 1.0, ""min_um"": 0.01, ""per_sample"": true}",,,145,"{""angle_center_rad"": 1.196599387862354, ""angle_width_deg"": 51.98523513449776, ""edge_width_ratio"": 0.2271451028875609, ""n_particles"": 145, ""name"": ""wafer_particles.pattern.C04_Sector_Edge"", ""radial_beta_alpha"": 1.4581649293507946, ""radial_beta_beta"": 3.443822516031659, ""schema_version"": ""wafer_particles.pattern_config.v1"", ""side"": ""right"", ""theta_vonmises_kappa"": 2.4982463994501813, ""wafer_radius_mm"": 150.0}",707
sample_000708,C03_Ring,gaussian,"{""max_um"": 1.0, ""mean_um"": 0.1811521559069665, ""min_um"": 0.01, ""per_sample"": true, ""std_um"": 0.06644232180538834}",,,185,"{""n_particles"": 185, ""name"": ""wafer_particles.pattern.C03_Ring"", ""radius_ratio"": 0.452292283578971, ""schema_version"": ""wafer_particles.pattern_config.v1"", ""wafer_radius_mm"": 150.0, ""width_ratio"": 0.07886800637736795}",708
sample_000709,C07_StraightLine,gaussian,"{""max_um"": 1.0, ""mean_um"": 0.12468711843681292, ""min_um"": 0.01, ""per_sample"": true, ""std_um"": 0.0409973807250939}",,,90,"{""angle_deg"": 51.132794814966644, ""n_particles"": 90, ""name"": ""wafer_particles.pattern.C07_StraightLine"", ""offset_ratio"": 0.1620582590132678, ""params"": {""segment_half_length_norm"": 0.05795744312574571, ""width_norm"": 0.06521337546153545}, ""schema_version"": ""wafer_particles.pattern_config.v1"", ""segment_half_length_ratio"": 0.6285462065072072, ""wafer_radius_mm"": 150.0, ""width_ratio"": 0.022506959673094757}",709
sample_000710,C02_EdgeBiased,gaussian,"{""max_um"": 1.0, ""mean_um"": 0.5309132454255204, ""min_um"": 0.01, ""per_sample"": true, ""std_um"": 0.05319995306085834}",,,23,"{""edge_bias"": 3.494684638082574, ""n_particles"": 23, ""name"": ""wafer_particles.pattern.C02_EdgeBiased"", ""schema_version"": ""wafer_particles.pattern_config.v1"", ""wafer_radius_mm"": 150.0}",710
sample_000711,C02_EdgeBiased,lognormal,"{""max_um"": 1.0, ""min_um"": 0.01, ""mu_log"": -2.682344512981467, ""per_sample"": true, ""sigma_log"": 0.7071317284286525}",,,100,"{""edge_bias"": 1.2558150269706134, ""n_particles"": 100, ""name"": ""wafer_particles.pattern.C02_EdgeBiased"", ""schema_version"": ""wafer_particles.pattern_config.v1"", ""wafer_radius_mm"": 150.0}",711
sample_000712,C11_Hotspot_Elliptic,gaussian,"{""max_um"": 1.0, ""mean_um"": 0.30287988654977377, ""min_um"": 0.01, ""per_sample"": true, ""std_um"": 0.09533777394252235}",,,71,"{""center_angle"": ""random"", ""center_angle_rad"": 5.073938184734118, ""center_radius_ratio"": 0.804508621079361, ""mode"": ""random"", ""n_particles"": 71, ""name"": ""wafer_particles.pattern.C11_Hotspot_Elliptic"", ""rotation_deg"": 30.0, ""rotation_rad"": 5.955032903738265, ""schema_version"": ""wafer_particles.pattern_config.v1"", ""sigma_x_ratio"": 0.11872880899301352, ""sigma_y_ratio"": 0.052458691760730675, ""wafer_radius_mm"": 150.0}",712
sample_000713,C01_Uniform,gaussian,"{""max_um"": 1.0, ""mean_um"": 0.583996891610507, ""min_um"": 0.01, ""per_sample"": true, ""std_um"": 0.05021859658361805}",,,148,"{""n_particles"": 148, ""name"": ""wafer_particles.pattern.C01_Uniform"", ""schema_version"": ""wafer_particles.pattern_config.v1"", ""wafer_radius_mm"": 150.0}",713
sample_000714,C05_Sector_Internal,weibull,"{""k"": 1.820805885109097, ""lambda_um"": 0.30524609221331717, ""max_um"": 1.0, ""min_um"": 0.01, ""per_sample"": true}",,,47,"{""angle_center_rad"": 3.3568311499092673, ""angle_width_deg"": 109.00566310651227, ""edge_margin_norm"": 0.05, ""n_particles"": 47, ""name"": ""wafer_particles.pattern.C05_Sector_Internal"", ""r_inner_ratio"": 0.06657349555190109, ""r_outer_ratio"": 0.6528356078231452, ""radial_beta_alpha"": 1.7017550177628111, ""radial_beta_beta"": 3.9056036739795594, ""schema_version"": ""wafer_particles.pattern_config.v1"", ""theta_vonmises_kappa"": 0.8895026302948452, ""wafer_radius_mm"": 150.0}",714
sample_000715,C02_EdgeBiased,weibull,"{""k"": 2.748580642801784, ""lambda_um"": 0.43922908194550925, ""max_um"": 1.0, ""min_um"": 0.01, ""per_sample"": true}",,,76,"{""edge_bias"": 3.2744726191337428, ""n_particles"": 76, ""name"": ""wafer_particles.pattern.C02_EdgeBiased"", ""schema_version"": ""wafer_particles.pattern_config.v1"", ""wafer_radius_mm"": 150.0}",715
sample_000716,C04_Sector_Edge,weibull,"{""k"": 1.6091010858121302, ""lambda_um"": 0.12013685674451853, ""max_um"": 1.0, ""min_um"": 0.01, ""per_sample"": true}",,,82,"{""angle_center_rad"": 0.023879329089415577, ""angle_width_deg"": 81.70098238465593, ""edge_width_ratio"": 0.17465042681090936, ""n_particles"": 82, ""name"": ""wafer_particles.pattern.C04_Sector_Edge"", ""radial_beta_alpha"": 3.9490236018953286, ""radial_beta_beta"": 1.2679446362079771, ""schema_version"": ""wafer_particles.pattern_config.v1"", ""side"": ""right"", ""theta_vonmises_kappa"": 2.432867551818252, ""wafer_radius_mm"": 150.0}",716
sample_000717,edge_sector_left,weibull,"{""k"": 2.64424088820268, ""lambda_um"": 0.40501672493096547, ""max_um"": 1.0, ""min_um"": 0.01, ""per_sample"": true}",sector,edge_sector,105,"{""angle_width_deg"": 40.0, ""edge_width_ratio"": 0.1, ""n_particles"": 105, ""name"": ""wafer_particles.pattern.edge_sector"", ""schema_version"": ""wafer_particles.pattern_config.v1"", ""side"": ""left"", ""wafer_radius_mm"": 150.0}",717
sample_000718,C02_EdgeBiased,weibull,"{""k"": 2.049450702872754, ""lambda_um"": 0.4564096660683929, ""max_um"": 1.0, ""min_um"": 0.01, ""per_sample"": true}",,,134,"{""edge_bias"": 3.309807244033551, ""n_particles"": 134, ""name"": ""wafer_particles.pattern.C02_EdgeBiased"", ""schema_version"": ""wafer_particles.pattern_config.v1"", ""wafer_radius_mm"": 150.0}",718
sample_000719,C04_Sector_Edge,gaussian,"{""max_um"": 1.0, ""mean_um"": 0.19066314418991515, ""min_um"": 0.01, ""per_sample"": true, ""std_um"": 0.033791448998289245}",,,18,"{""angle_center_rad"": 0.992695673461761, ""angle_width_deg"": 29.17112833274653, ""edge_width_ratio"": 0.21328223788318412, ""n_particles"": 18, ""name"": ""wafer_particles.pattern.C04_Sector_Edge"", ""radial_beta_alpha"": 3.1671400921015493, ""radial_beta_beta"": 2.2267914282247636, ""schema_version"": ""wafer_particles.pattern_config.v1"", ""side"": ""right"", ""theta_vonmises_kappa"": 5.030691981495075, ""wafer_radius_mm"": 150.0}",719
sample_000720,C08_CurvedScratch,weibull,"{""k"": 2.8721908585452427, ""lambda_um"": 0.34287343630370337, ""max_um"": 1.0, ""min_um"": 0.01, ""per_sample"": true}",,,186,"{""angle_center_deg"": 0.0, ""angle_center_rad"": 3.785801503573997, ""arc_radius_ratio"": 0.648550867714391, ""n_particles"": 186, ""name"": ""wafer_particles.pattern.C08_CurvedScratch"", ""params"": {""arc_radius_norm"": 0.6482200789734205, ""span_rad"": 0.30161228278218444, ""width_norm"": 0.04361254750494853}, ""schema_version"": ""wafer_particles.pattern_config.v1"", ""span_deg"": 127.02221242289609, ""wafer_radius_mm"": 150.0, ""width_ratio"": 0.04303490627872777}",720
sample_000721,C08_CurvedScratch,weibull,"{""k"": 1.2462766310980458, ""lambda_um"": 0.4425157790791184, ""max_um"": 1.0, ""min_um"": 0.01, ""per_sample"": true}",,,99,"{""angle_center_deg"": 0.0, ""angle_center_rad"": 1.7809452575354752, ""arc_radius_ratio"": 0.49465615978966904, ""n_particles"": 99, ""name"": ""wafer_particles.pattern.C08_CurvedScratch"", ""params"": {""arc_radius_norm"": 0.5666619918666116, ""span_rad"": 0.40076399241688243, ""width_norm"": 0.04467716540657053}, ""schema_version"": ""wafer_particles.pattern_config.v1"", ""span_deg"": 147.332847351492, ""wafer_radius_mm"": 150.0, ""width_ratio"": 0.02866757969836861}",721
sample_000722,C04_Sector_Edge,gaussian,"{""max_um"": 1.0, ""mean_um"": 0.19423293746192938, ""min_um"": 0.01, ""per_sample"": true, ""std_um"": 0.08180873187378641}",,,187,"{""angle_center_rad"": 3.6134979451918054, ""angle_width_deg"": 36.7979447781093, ""edge_width_ratio"": 0.27150588020558497, ""n_particles"": 187, ""name"": ""wafer_particles.pattern.C04_Sector_Edge"", ""radial_beta_alpha"": 2.465483431867245, ""radial_beta_beta"": 1.0521215145532197, ""schema_version"": ""wafer_particles.pattern_config.v1"", ""side"": ""right"", ""theta_vonmises_kappa"": 5.563163539852894, ""wafer_radius_mm"": 150.0}",722
sample_000723,C05_Sector_Internal,lognormal,"{""max_um"": 1.0, ""min_um"": 0.01, ""mu_log"": -2.890079046734931, ""per_sample"": true, ""sigma_log"": 0.24645962846220912}",,,79,"{""angle_center_rad"": 2.669275564915106, ""angle_width_deg"": 95.54097549289769, ""edge_margin_norm"": 0.05, ""n_particles"": 79, ""name"": ""wafer_particles.pattern.C05_Sector_Internal"", ""r_inner_ratio"": 0.2725506273400101, ""r_outer_ratio"": 0.5499549872474097, ""radial_beta_alpha"": 2.5312493654973105, ""radial_beta_beta"": 3.5461987432558226, ""schema_version"": ""wafer_particles.pattern_config.v1"", ""theta_vonmises_kappa"": 1.9543236081009696, ""wafer_radius_mm"": 150.0}",723
sample_000724,C05_Sector_Internal,weibull,"{""k"": 1.456829647223418, ""lambda_um"": 0.23425442156157916, ""max_um"": 1.0, ""min_um"": 0.01, ""per_sample"": true}",,,50,"{""angle_center_rad"": 2.194313023167305, ""angle_width_deg"": 109.84934297275557, ""edge_margin_norm"": 0.05, ""n_particles"": 50, ""name"": ""wafer_particles.pattern.C05_Sector_Internal"", ""r_inner_ratio"": 0.35530057585234814, ""r_outer_ratio"": 0.6726423308223163, ""radial_beta_alpha"": 2.5878066289704726, ""radial_beta_beta"": 1.7440558192914104, ""schema_version"": ""wafer_particles.pattern_config.v1"", ""theta_vonmises_kappa"": 2.4337630207203818, ""wafer_radius_mm"": 150.0}",724
sample_000725,C06_RadialLines,lognormal,"{""max_um"": 1.0, ""min_um"": 0.01, ""mu_log"": -2.1558320070164942, ""per_sample"": true, ""sigma_log"": 0.6410318725994122}",,,126,"{""angular_jitter_deg"": 0.6422748533563633, ""n_lines"": 6, ""n_particles"": 126, ""name"": ""wafer_particles.pattern.C06_RadialLines"", ""params"": {""n_lines"": 3.0, ""r_max_norm"": 0.9987777742829862, ""r_min_norm"": 0.22618169775690056, ""sigma_perp_norm"": 0.022214724321332452}, ""r_max_ratio"": 0.9868322872923518, ""r_min_ratio"": 0.2883135857610433, ""schema_version"": ""wafer_particles.pattern_config.v1"", ""sigma_perp_ratio"": 0.008121634575102413, ""wafer_radius_mm"": 150.0}",725
sample_000726,C08_CurvedScratch,lognormal,"{""max_um"": 1.0, ""min_um"": 0.01, ""mu_log"": -0.757586490772916, ""per_sample"": true, ""sigma_log"": 0.6167833711693756}",,,46,"{""angle_center_deg"": 0.0, ""angle_center_rad"": 6.030047210280951, ""arc_radius_ratio"": 0.7951310949520367, ""n_particles"": 46, ""name"": ""wafer_particles.pattern.C08_CurvedScratch"", ""params"": {""arc_radius_norm"": 0.7101117499776084, ""span_rad"": 0.7440852652790362, ""width_norm"": 0.06283288469330692}, ""schema_version"": ""wafer_particles.pattern_config.v1"", ""span_deg"": 148.35657763157275, ""wafer_radius_mm"": 150.0, ""width_ratio"": 0.05128462297759548}",726
sample_000727,C05_Sector_Internal,lognormal,"{""max_um"": 1.0, ""min_um"": 0.01, ""mu_log"": -3.351890901691669, ""per_sample"": true, ""sigma_log"": 0.8269452996038777}",,,63,"{""angle_center_rad"": 5.046530517015089, ""angle_width_deg"": 32.27069445635684, ""edge_margin_norm"": 0.05, ""n_particles"": 63, ""name"": ""wafer_particles.pattern.C05_Sector_Internal"", ""r_inner_ratio"": 0.3631362010347921, ""r_outer_ratio"": 0.6435099139669516, ""radial_beta_alpha"": 1.66061196455068, ""radial_beta_beta"": 2.173570498682913, ""schema_version"": ""wafer_particles.pattern_config.v1"", ""theta_vonmises_kappa"": 0.574105005390702, ""wafer_radius_mm"": 150.0}",727
sample_000728,C05_Sector_Internal,lognormal,"{""max_um"": 1.0, ""min_um"": 0.01, ""mu_log"": -3.644926843645522, ""per_sample"": true, ""sigma_log"": 0.3125910196806451}",,,124,"{""angle_center_rad"": 0.6856335903138898, ""angle_width_deg"": 93.79086737144283, ""edge_margin_norm"": 0.05, ""n_particles"": 124, ""name"": ""wafer_particles.pattern.C05_Sector_Internal"", ""r_inner_ratio"": 0.3295613374619689, ""r_outer_ratio"": 0.7309644783458837, ""radial_beta_alpha"": 2.124449339214415, ""radial_beta_beta"": 3.344423609749051, ""schema_version"": ""wafer_particles.pattern_config.v1"", ""theta_vonmises_kappa"": 5.393022816709474, ""wafer_radius_mm"": 150.0}",728
sample_000729,C06_RadialLines,lognormal,"{""max_um"": 1.0, ""min_um"": 0.01, ""mu_log"": -3.333978673056487, ""per_sample"": true, ""sigma_log"": 0.22094085250414}",,,77,"{""angular_jitter_deg"": 2.6773328622914008, ""n_lines"": 8, ""n_particles"": 77, ""name"": ""wafer_particles.pattern.C06_RadialLines"", ""params"": {""n_lines"": 4.0, ""r_max_norm"": 0.9866195121558741, ""r_min_norm"": 0.2701253418752883, ""sigma_perp_norm"": 0.04131156753533865}, ""r_max_ratio"": 0.7247158010460509, ""r_min_ratio"": 0.1059088290387427, ""schema_version"": ""wafer_particles.pattern_config.v1"", ""sigma_perp_ratio"": 0.0202042591217219, ""wafer_radius_mm"": 150.0}",729
sample_000730,C11_Hotspot_Elliptic,lognormal,"{""max_um"": 1.0, ""min_um"": 0.01, ""mu_log"": -1.129383330754464, ""per_sample"": true, ""sigma_log"": 0.3438275444583727}",,,10,"{""center_angle"": ""random"", ""center_angle_rad"": 3.580665848965671, ""center_radius_ratio"": 0.6499595847782027, ""mode"": ""random"", ""n_particles"": 10, ""name"": ""wafer_particles.pattern.C11_Hotspot_Elliptic"", ""rotation_deg"": 30.0, ""rotation_rad"": 5.549857259910655, ""schema_version"": ""wafer_particles.pattern_config.v1"", ""sigma_x_ratio"": 0.11304156309743583, ""sigma_y_ratio"": 0.01600055271344562, ""wafer_radius_mm"": 150.0}",730
sample_000731,ring_wide,pareto,"{""alpha"": 1.862566660183923, ""max_um"": 1.0, ""min_um"": 0.01, ""per_sample"": true, ""xm_um"": 0.22578569826799705}",ring,ring,67,"{""n_particles"": 67, ""name"": ""wafer_particles.pattern.ring_wide"", ""radius_ratio"": 0.6, ""schema_version"": ""wafer_particles.pattern_config.v1"", ""wafer_radius_mm"": 150.0, ""width_ratio"": 0.15}",731
sample_000732,C11_Hotspot_Elliptic,lognormal,"{""max_um"": 1.0, ""min_um"": 0.01, ""mu_log"": -2.072876375522539, ""per_sample"": true, ""sigma_log"": 0.8973995476026806}",,,10,"{""center_angle"": ""random"", ""center_angle_rad"": 5.74750391126515, ""center_radius_ratio"": 0.47169818149445275, ""mode"": ""random"", ""n_particles"": 10, ""name"": ""wafer_particles.pattern.C11_Hotspot_Elliptic"", ""rotation_deg"": 30.0, ""rotation_rad"": 4.835384854713855, ""schema_version"": ""wafer_particles.pattern_config.v1"", ""sigma_x_ratio"": 0.05502273836780129, ""sigma_y_ratio"": 0.03947447633120291, ""wafer_radius_mm"": 150.0}",732
sample_000733,C03_Ring,gaussian,"{""max_um"": 1.0, ""mean_um"": 0.25719079892222185, ""min_um"": 0.01, ""per_sample"": true, ""std_um"": 0.07515859952828013}",,,77,"{""n_particles"": 77, ""name"": ""wafer_particles.pattern.C03_Ring"", ""radius_ratio"": 0.8674694504268157, ""schema_version"": ""wafer_particles.pattern_config.v1"", ""wafer_radius_mm"": 150.0, ""width_ratio"": 0.1486128883043642}",733
sample_000734,C07_StraightLine,gaussian,"{""max_um"": 1.0, ""mean_um"": 0.664087466032746, ""min_um"": 0.01, ""per_sample"": true, ""std_um"": 0.04323586928037629}",,,148,"{""angle_deg"": 76.53583481167037, ""n_particles"": 148, ""name"": ""wafer_particles.pattern.C07_StraightLine"", ""offset_ratio"": 0.21813254317801195, ""params"": {""segment_half_length_norm"": 0.1585889271589056, ""width_norm"": 0.045884707345599664}, ""schema_version"": ""wafer_particles.pattern_config.v1"", ""segment_half_length_ratio"": 0.6761417287215536, ""wafer_radius_mm"": 150.0, ""width_ratio"": 0.026550494383257576}",734
sample_000735,C04_Sector_Edge,gaussian,"{""max_um"": 1.0, ""mean_um"": 0.6406397211054292, ""min_um"": 0.01, ""per_sample"": true, ""std_um"": 0.07685671573843292}",,,47,"{""angle_center_rad"": 0.1943880243448676, ""angle_width_deg"": 41.42834049679876, ""edge_width_ratio"": 0.17758045716958104, ""n_particles"": 47, ""name"": ""wafer_particles.pattern.C04_Sector_Edge"", ""radial_beta_alpha"": 2.5726475199657424, ""radial_beta_beta"": 3.4161500649511503, ""schema_version"": ""wafer_particles.pattern_config.v1"", ""side"": ""right"", ""theta_vonmises_kappa"": 6.727257786338899, ""wafer_radius_mm"": 150.0}",735
sample_000736,C03_Ring,weibull,"{""k"": 2.4185082778406053, ""lambda_um"": 0.4863529152970906, ""max_um"": 1.0, ""min_um"": 0.01, ""per_sample"": true}",,,81,"{""n_particles"": 81, ""name"": ""wafer_particles.pattern.C03_Ring"", ""radius_ratio"": 0.6189193680530476, ""schema_version"": ""wafer_particles.pattern_config.v1"", ""wafer_radius_mm"": 150.0, ""width_ratio"": 0.062054253508068646}",736
sample_000737,C11_Hotspot_Elliptic,pareto,"{""alpha"": 2.1186068198806884, ""max_um"": 1.0, ""min_um"": 0.01, ""per_sample"": true, ""xm_um"": 0.16805361337552666}",,,141,"{""center_angle"": ""random"", ""center_angle_rad"": 2.4949524149728037, ""center_radius_ratio"": 0.36055107741916453, ""mode"": ""random"", ""n_particles"": 141, ""name"": ""wafer_particles.pattern.C11_Hotspot_Elliptic"", ""rotation_deg"": 30.0, ""rotation_rad"": 5.37534354606137, ""schema_version"": ""wafer_particles.pattern_config.v1"", ""sigma_x_ratio"": 0.09881071386094413, ""sigma_y_ratio"": 0.024574889587833805, ""wafer_radius_mm"": 150.0}",737
sample_000738,C06_RadialLines,lognormal,"{""max_um"": 1.0, ""min_um"": 0.01, ""mu_log"": -3.4011485893889697, ""per_sample"": true, ""sigma_log"": 0.3104786638323375}",,,35,"{""angular_jitter_deg"": 3.6021033548590067, ""n_lines"": 8, ""n_particles"": 35, ""name"": ""wafer_particles.pattern.C06_RadialLines"", ""params"": {""n_lines"": 4.0, ""r_max_norm"": 0.8246287082162045, ""r_min_norm"": 0.10848154221275717, ""sigma_perp_norm"": 0.03835587938458123}, ""r_max_ratio"": 0.9787681805162725, ""r_min_ratio"": 0.20327374986801341, ""schema_version"": ""wafer_particles.pattern_config.v1"", ""sigma_perp_ratio"": 0.009834294739663768, ""wafer_radius_mm"": 150.0}",738
sample_000739,ring_narrow,weibull,"{""k"": 1.6842995410257984, ""lambda_um"": 0.2842791508030951, ""max_um"": 1.0, ""min_um"": 0.01, ""per_sample"": true}",ring,ring,155,"{""n_particles"": 155, ""name"": ""wafer_particles.pattern.ring_narrow"", ""radius_ratio"": 0.7, ""schema_version"": ""wafer_particles.pattern_config.v1"", ""wafer_radius_mm"": 150.0, ""width_ratio"": 0.03}",739
sample_000740,ring_narrow,gaussian,"{""max_um"": 1.0, ""mean_um"": 0.2028365788040175, ""min_um"": 0.01, ""per_sample"": true, ""std_um"": 0.02448962775455339}",ring,ring,168,"{""n_particles"": 168, ""name"": ""wafer_particles.pattern.ring_narrow"", ""radius_ratio"": 0.7, ""schema_version"": ""wafer_particles.pattern_config.v1"", ""wafer_radius_mm"": 150.0, ""width_ratio"": 0.03}",740
sample_000741,C05_Sector_Internal,pareto,"{""alpha"": 2.049728649410138, ""max_um"": 1.0, ""min_um"": 0.01, ""per_sample"": true, ""xm_um"": 0.22978751919013035}",,,194,"{""angle_center_rad"": 0.3718969739595052, ""angle_width_deg"": 110.2090220285249, ""edge_margin_norm"": 0.05, ""n_particles"": 194, ""name"": ""wafer_particles.pattern.C05_Sector_Internal"", ""r_inner_ratio"": 0.10354300469911287, ""r_outer_ratio"": 0.6349600159398552, ""radial_beta_alpha"": 3.3974535348755337, ""radial_beta_beta"": 1.284737268989064, ""schema_version"": ""wafer_particles.pattern_config.v1"", ""theta_vonmises_kappa"": 6.438494120047064, ""wafer_radius_mm"": 150.0}",741
sample_000742,C02_EdgeBiased,lognormal,"{""max_um"": 1.0, ""min_um"": 0.01, ""mu_log"": -0.4273757049076803, ""per_sample"": true, ""sigma_log"": 0.6105798696695939}",,,19,"{""edge_bias"": 2.8810664008715503, ""n_particles"": 19, ""name"": ""wafer_particles.pattern.C02_EdgeBiased"", ""schema_version"": ""wafer_particles.pattern_config.v1"", ""wafer_radius_mm"": 150.0}",742
sample_000743,ring_narrow,weibull,"{""k"": 1.4838085816953122, ""lambda_um"": 0.49730571225395154, ""max_um"": 1.0, ""min_um"": 0.01, ""per_sample"": true}",ring,ring,137,"{""n_particles"": 137, ""name"": ""wafer_particles.pattern.ring_narrow"", ""radius_ratio"": 0.7, ""schema_version"": ""wafer_particles.pattern_config.v1"", ""wafer_radius_mm"": 150.0, ""width_ratio"": 0.03}",743
sample_000744,C06_RadialLines,weibull,"{""k"": 0.9368720076290349, ""lambda_um"": 0.48108400841467075, ""max_um"": 1.0, ""min_um"": 0.01, ""per_sample"": true}",,,157,"{""angular_jitter_deg"": 0.8108368830806456, ""n_lines"": 4, ""n_particles"": 157, ""name"": ""wafer_particles.pattern.C06_RadialLines"", ""params"": {""n_lines"": 3.0, ""r_max_norm"": 0.751069112366325, ""r_min_norm"": 0.2628485392208152, ""sigma_perp_norm"": 0.027218414397391595}, ""r_max_ratio"": 0.766236651564917, ""r_min_ratio"": 0.23455608443648465, ""schema_version"": ""wafer_particles.pattern_config.v1"", ""sigma_perp_ratio"": 0.020854182021429055, ""wafer_radius_mm"": 150.0}",744
sample_000745,C07_StraightLine,weibull,"{""k"": 2.0147834057312535, ""lambda_um"": 0.0817174437911778, ""max_um"": 1.0, ""min_um"": 0.01, ""per_sample"": true}",,,153,"{""angle_deg"": 100.14624351967579, ""n_particles"": 153, ""name"": ""wafer_particles.pattern.C07_StraightLine"", ""offset_ratio"": -0.28061033678601316, ""params"": {""segment_half_length_norm"": 0.2653875940840759, ""width_norm"": 0.05624054655089335}, ""schema_version"": ""wafer_particles.pattern_config.v1"", ""segment_half_length_ratio"": 0.7067884743691493, ""wafer_radius_mm"": 150.0, ""width_ratio"": 0.005151225691014732}",745
sample_000746,edge_sector_left,weibull,"{""k"": 2.5716354480342467, ""lambda_um"": 0.43271617799728634, ""max_um"": 1.0, ""min_um"": 0.01, ""per_sample"": true}",sector,edge_sector,195,"{""angle_width_deg"": 40.0, ""edge_width_ratio"": 0.1, ""n_particles"": 195, ""name"": ""wafer_particles.pattern.edge_sector"", ""schema_version"": ""wafer_particles.pattern_config.v1"", ""side"": ""left"", ""wafer_radius_mm"": 150.0}",746
sample_000747,C04_Sector_Edge,lognormal,"{""max_um"": 1.0, ""min_um"": 0.01, ""mu_log"": -1.605028914840287, ""per_sample"": true, ""sigma_log"": 0.6557973813202109}",,,16,"{""angle_center_rad"": 4.27501421434227, ""angle_width_deg"": 61.60676892520597, ""edge_width_ratio"": 0.1135355634433368, ""n_particles"": 16, ""name"": ""wafer_particles.pattern.C04_Sector_Edge"", ""radial_beta_alpha"": 3.1256089302349497, ""radial_beta_beta"": 1.5647538724144678, ""schema_version"": ""wafer_particles.pattern_config.v1"", ""side"": ""right"", ""theta_vonmises_kappa"": 8.889756522803644, ""wafer_radius_mm"": 150.0}",747
sample_000748,C09_Spiral,gaussian,"{""max_um"": 1.0, ""mean_um"": 0.48741377827471544, ""min_um"": 0.01, ""per_sample"": true, ""std_um"": 0.09308605522251481}",,,19,"{""end_r_ratio"": 0.7508032825038284, ""n_particles"": 19, ""name"": ""wafer_particles.pattern.C09_Spiral"", ""params"": {""theta_max"": 28.39365101365746, ""width_norm"": 0.04874017580222286}, ""schema_version"": ""wafer_particles.pattern_config.v1"", ""start_r_ratio"": 0.02428694318076575, ""theta_max"": 8.75723943307916, ""wafer_radius_mm"": 150.0, ""width_ratio"": 0.02512151574482361}",748
sample_000749,C03_Ring,lognormal,"{""max_um"": 1.0, ""min_um"": 0.01, ""mu_log"": -2.3569102231001544, ""per_sample"": true, ""sigma_log"": 0.447743587276459}",,,186,"{""n_particles"": 186, ""name"": ""wafer_particles.pattern.C03_Ring"", ""radius_ratio"": 0.5947377689125661, ""schema_version"": ""wafer_particles.pattern_config.v1"", ""wafer_radius_mm"": 150.0, ""width_ratio"": 0.19582263159434715}",749
sample_000750,radial_lines,gaussian,"{""max_um"": 1.0, ""mean_um"": 0.5714691704148566, ""min_um"": 0.01, ""per_sample"": true, ""std_um"": 0.06445215160868831}",line,radial_lines,42,"{""angular_jitter_deg"": 2.0, ""n_lines"": 6, ""n_particles"": 42, ""name"": ""wafer_particles.pattern.radial_lines"", ""r_max_ratio"": 1.0, ""r_min_ratio"": 0.0, ""schema_version"": ""wafer_particles.pattern_config.v1"", ""wafer_radius_mm"": 150.0}",750
sample_000751,C01_Uniform,gaussian,"{""max_um"": 1.0, ""mean_um"": 0.7801540565387804, ""min_um"": 0.01, ""per_sample"": true, ""std_um"": 0.07346932954565923}",,,142,"{""n_particles"": 142, ""name"": ""wafer_particles.pattern.C01_Uniform"", ""schema_version"": ""wafer_particles.pattern_config.v1"", ""wafer_radius_mm"": 150.0}",751
sample_000752,C07_StraightLine,pareto,"{""alpha"": 3.5201437086571197, ""max_um"": 1.0, ""min_um"": 0.01, ""per_sample"": true, ""xm_um"": 0.2789004621777253}",,,41,"{""angle_deg"": 35.16934476749354, ""n_particles"": 41, ""name"": ""wafer_particles.pattern.C07_StraightLine"", ""offset_ratio"": -0.13383296445030027, ""params"": {""segment_half_length_norm"": 0.3003962887917218, ""width_norm"": 0.0442502595641244}, ""schema_version"": ""wafer_particles.pattern_config.v1"", ""segment_half_length_ratio"": 0.38081437475842883, ""wafer_radius_mm"": 150.0, ""width_ratio"": 0.02126843580587056}",752
sample_000753,C05_Sector_Internal,lognormal,"{""max_um"": 1.0, ""min_um"": 0.01, ""mu_log"": -3.0909093998231385, ""per_sample"": true, ""sigma_log"": 0.7830837036722105}",,,76,"{""angle_center_rad"": 5.699506686414133, ""angle_width_deg"": 96.83777420939235, ""edge_margin_norm"": 0.05, ""n_particles"": 76, ""name"": ""wafer_particles.pattern.C05_Sector_Internal"", ""r_inner_ratio"": 0.05742499991737343, ""r_outer_ratio"": 0.6368723239128047, ""radial_beta_alpha"": 2.3285062335212614, ""radial_beta_beta"": 2.3024469228370696, ""schema_version"": ""wafer_particles.pattern_config.v1"", ""theta_vonmises_kappa"": 0.3159174793989006, ""wafer_radius_mm"": 150.0}",753
sample_000754,C06_RadialLines,lognormal,"{""max_um"": 1.0, ""min_um"": 0.01, ""mu_log"": -1.5551233687532027, ""per_sample"": true, ""sigma_log"": 0.7104370561598699}",,,57,"{""angular_jitter_deg"": 1.376657445715963, ""n_lines"": 8, ""n_particles"": 57, ""name"": ""wafer_particles.pattern.C06_RadialLines"", ""params"": {""n_lines"": 3.0, ""r_max_norm"": 0.927669194405921, ""r_min_norm"": 0.087820463288099, ""sigma_perp_norm"": 0.019010070669944645}, ""r_max_ratio"": 0.8123598652819959, ""r_min_ratio"": 0.06898855081016839, ""schema_version"": ""wafer_particles.pattern_config.v1"", ""sigma_perp_ratio"": 0.010811923282796912, ""wafer_radius_mm"": 150.0}",754
sample_000755,C02_EdgeBiased,lognormal,"{""max_um"": 1.0, ""min_um"": 0.01, ""mu_log"": -2.548539951490145, ""per_sample"": true, ""sigma_log"": 0.41771814742603064}",,,14,"{""edge_bias"": 1.727114706644832, ""n_particles"": 14, ""name"": ""wafer_particles.pattern.C02_EdgeBiased"", ""schema_version"": ""wafer_particles.pattern_config.v1"", ""wafer_radius_mm"": 150.0}",755
sample_000756,C09_Spiral,weibull,"{""k"": 1.7391603643367248, ""lambda_um"": 0.4004310853946083, ""max_um"": 1.0, ""min_um"": 0.01, ""per_sample"": true}",,,67,"{""end_r_ratio"": 0.8539764376748883, ""n_particles"": 67, ""name"": ""wafer_particles.pattern.C09_Spiral"", ""params"": {""theta_max"": 25.737049998924167, ""width_norm"": 0.04028697654859072}, ""schema_version"": ""wafer_particles.pattern_config.v1"", ""start_r_ratio"": 0.005026914324050391, ""theta_max"": 14.326825421119569, ""wafer_radius_mm"": 150.0, ""width_ratio"": 0.027943054605375436}",756
sample_000757,C11_Hotspot_Elliptic,weibull,"{""k"": 1.5735188982495139, ""lambda_um"": 0.374988272334448, ""max_um"": 1.0, ""min_um"": 0.01, ""per_sample"": true}",,,142,"{""center_angle"": ""random"", ""center_angle_rad"": 3.257958117757644, ""center_radius_ratio"": 0.29269582527591975, ""mode"": ""random"", ""n_particles"": 142, ""name"": ""wafer_particles.pattern.C11_Hotspot_Elliptic"", ""rotation_deg"": 30.0, ""rotation_rad"": 2.763325960561394, ""schema_version"": ""wafer_particles.pattern_config.v1"", ""sigma_x_ratio"": 0.07119545770131883, ""sigma_y_ratio"": 0.0345830649663993, ""wafer_radius_mm"": 150.0}",757
sample_000758,C03_Ring,gaussian,"{""max_um"": 1.0, ""mean_um"": 0.14439178330619362, ""min_um"": 0.01, ""per_sample"": true, ""std_um"": 0.0838386948926804}",,,31,"{""n_particles"": 31, ""name"": ""wafer_particles.pattern.C03_Ring"", ""radius_ratio"": 0.7231348136466811, ""schema_version"": ""wafer_particles.pattern_config.v1"", ""wafer_radius_mm"": 150.0, ""width_ratio"": 0.17440504325410308}",758
sample_000759,C02_EdgeBiased,gaussian,"{""max_um"": 1.0, ""mean_um"": 0.07632563658543419, ""min_um"": 0.01, ""per_sample"": true, ""std_um"": 0.060051406342347}",,,32,"{""edge_bias"": 2.5128100392618204, ""n_particles"": 32, ""name"": ""wafer_particles.pattern.C02_EdgeBiased"", ""schema_version"": ""wafer_particles.pattern_config.v1"", ""wafer_radius_mm"": 150.0}",759
sample_000760,C11_Hotspot_Elliptic,lognormal,"{""max_um"": 1.0, ""min_um"": 0.01, ""mu_log"": -1.7834991939204645, ""per_sample"": true, ""sigma_log"": 0.7572400485308779}",,,135,"{""center_angle"": ""random"", ""center_angle_rad"": 6.227650103428582, ""center_radius_ratio"": 0.4287611107905394, ""mode"": ""random"", ""n_particles"": 135, ""name"": ""wafer_particles.pattern.C11_Hotspot_Elliptic"", ""rotation_deg"": 30.0, ""rotation_rad"": 0.3093280976234849, ""schema_version"": ""wafer_particles.pattern_config.v1"", ""sigma_x_ratio"": 0.05177482107345841, ""sigma_y_ratio"": 0.020902214033937966, ""wafer_radius_mm"": 150.0}",760
sample_000761,C02_EdgeBiased,weibull,"{""k"": 1.807826773300837, ""lambda_um"": 0.1146770100670735, ""max_um"": 1.0, ""min_um"": 0.01, ""per_sample"": true}",,,60,"{""edge_bias"": 2.756234195817871, ""n_particles"": 60, ""name"": ""wafer_particles.pattern.C02_EdgeBiased"", ""schema_version"": ""wafer_particles.pattern_config.v1"", ""wafer_radius_mm"": 150.0}",761
sample_000762,C04_Sector_Edge,lognormal,"{""max_um"": 1.0, ""min_um"": 0.01, ""mu_log"": -1.7466302189456697, ""per_sample"": true, ""sigma_log"": 0.4527491716326327}",,,98,"{""angle_center_rad"": 2.727042367371716, ""angle_width_deg"": 35.588879317014715, ""edge_width_ratio"": 0.1264462257545717, ""n_particles"": 98, ""name"": ""wafer_particles.pattern.C04_Sector_Edge"", ""radial_beta_alpha"": 2.0003875135623606, ""radial_beta_beta"": 1.5610087156341648, ""schema_version"": ""wafer_particles.pattern_config.v1"", ""side"": ""right"", ""theta_vonmises_kappa"": 7.751154729595459, ""wafer_radius_mm"": 150.0}",762
sample_000763,ring_narrow,weibull,"{""k"": 2.0003186980688, ""lambda_um"": 0.12002529347364937, ""max_um"": 1.0, ""min_um"": 0.01, ""per_sample"": true}",ring,ring,77,"{""n_particles"": 77, ""name"": ""wafer_particles.pattern.ring_narrow"", ""radius_ratio"": 0.7, ""schema_version"": ""wafer_particles.pattern_config.v1"", ""wafer_radius_mm"": 150.0, ""width_ratio"": 0.03}",763
sample_000764,C07_StraightLine,lognormal,"{""max_um"": 1.0, ""min_um"": 0.01, ""mu_log"": -1.3321964475841597, ""per_sample"": true, ""sigma_log"": 0.7643906270615157}",,,53,"{""angle_deg"": 11.05636475991664, ""n_particles"": 53, ""name"": ""wafer_particles.pattern.C07_StraightLine"", ""offset_ratio"": -0.23896924259590435, ""params"": {""segment_half_length_norm"": 0.31343054000679726, ""width_norm"": 0.044948033124444835}, ""schema_version"": ""wafer_particles.pattern_config.v1"", ""segment_half_length_ratio"": 0.8174752035985025, ""wafer_radius_mm"": 150.0, ""width_ratio"": 0.02016917615225247}",764
sample_000765,ring_wide,pareto,"{""alpha"": 3.077303063097942, ""max_um"": 1.0, ""min_um"": 0.01, ""per_sample"": true, ""xm_um"": 0.27895173249444605}",ring,ring,120,"{""n_particles"": 120, ""name"": ""wafer_particles.pattern.ring_wide"", ""radius_ratio"": 0.6, ""schema_version"": ""wafer_particles.pattern_config.v1"", ""wafer_radius_mm"": 150.0, ""width_ratio"": 0.15}",765
sample_000766,C07_StraightLine,weibull,"{""k"": 1.6747636513671564, ""lambda_um"": 0.02633134941178989, ""max_um"": 1.0, ""min_um"": 0.01, ""per_sample"": true}",,,95,"{""angle_deg"": 40.847883550359846, ""n_particles"": 95, ""name"": ""wafer_particles.pattern.C07_StraightLine"", ""offset_ratio"": 0.2982892965946167, ""params"": {""segment_half_length_norm"": 0.11043895972600214, ""width_norm"": 0.05151870917118128}, ""schema_version"": ""wafer_particles.pattern_config.v1"", ""segment_half_length_ratio"": 0.6953567073440723, ""wafer_radius_mm"": 150.0, ""width_ratio"": 0.02922199208651127}",766
sample_000767,C06_RadialLines,weibull,"{""k"": 1.69283504363322, ""lambda_um"": 0.24025335914626422, ""max_um"": 1.0, ""min_um"": 0.01, ""per_sample"": true}",,,37,"{""angular_jitter_deg"": 2.3662138772392, ""n_lines"": 6, ""n_particles"": 37, ""name"": ""wafer_particles.pattern.C06_RadialLines"", ""params"": {""n_lines"": 4.0, ""r_max_norm"": 0.942282960337444, ""r_min_norm"": 0.2733410881715382, ""sigma_perp_norm"": 0.05574568082481625}, ""r_max_ratio"": 0.9192782878334574, ""r_min_ratio"": 0.24859008391224038, ""schema_version"": ""wafer_particles.pattern_config.v1"", ""sigma_perp_ratio"": 0.020156530818968052, ""wafer_radius_mm"": 150.0}",767
sample_000768,random_edge_biased,weibull,"{""k"": 1.177284031831073, ""lambda_um"": 0.4916774975592832, ""max_um"": 1.0, ""min_um"": 0.01, ""per_sample"": true}",random,random,29,"{""edge_bias"": 2.0, ""n_particles"": 29, ""name"": ""wafer_particles.pattern.random_edge_biased"", ""schema_version"": ""wafer_particles.pattern_config.v1"", ""wafer_radius_mm"": 150.0}",768
sample_000769,C09_Spiral,weibull,"{""k"": 2.5148624897632885, ""lambda_um"": 0.3054529412136368, ""max_um"": 1.0, ""min_um"": 0.01, ""per_sample"": true}",,,76,"{""end_r_ratio"": 0.7226515467526929, ""n_particles"": 76, ""name"": ""wafer_particles.pattern.C09_Spiral"", ""params"": {""theta_max"": 19.39906857417306, ""width_norm"": 0.005902806163482199}, ""schema_version"": ""wafer_particles.pattern_config.v1"", ""start_r_ratio"": 0.03101414451128348, ""theta_max"": 13.564306799987435, ""wafer_radius_mm"": 150.0, ""width_ratio"": 0.011207852716061718}",769
sample_000770,C05_Sector_Internal,lognormal,"{""max_um"": 1.0, ""min_um"": 0.01, ""mu_log"": -0.2883125450895103, ""per_sample"": true, ""sigma_log"": 0.7024592888024623}",,,150,"{""angle_center_rad"": 5.349078692659483, ""angle_width_deg"": 105.96677871005004, ""edge_margin_norm"": 0.05, ""n_particles"": 150, ""name"": ""wafer_particles.pattern.C05_Sector_Internal"", ""r_inner_ratio"": 0.11812075267972132, ""r_outer_ratio"": 0.706394392810943, ""radial_beta_alpha"": 1.862231637190162, ""radial_beta_beta"": 2.124477206694044, ""schema_version"": ""wafer_particles.pattern_config.v1"", ""theta_vonmises_kappa"": 1.4495516936461432, ""wafer_radius_mm"": 150.0}",770
sample_000771,radial_lines,lognormal,"{""max_um"": 1.0, ""min_um"": 0.01, ""mu_log"": -3.4771004069907696, ""per_sample"": true, ""sigma_log"": 0.821724476499081}",line,radial_lines,100,"{""angular_jitter_deg"": 2.0, ""n_lines"": 6, ""n_particles"": 100, ""name"": ""wafer_particles.pattern.radial_lines"", ""r_max_ratio"": 1.0, ""r_min_ratio"": 0.0, ""schema_version"": ""wafer_particles.pattern_config.v1"", ""wafer_radius_mm"": 150.0}",771
sample_000772,C05_Sector_Internal,gaussian,"{""max_um"": 1.0, ""mean_um"": 0.23781685419503776, ""min_um"": 0.01, ""per_sample"": true, ""std_um"": 0.05162037348351857}",,,185,"{""angle_center_rad"": 0.1477284420925505, ""angle_width_deg"": 42.66890218245077, ""edge_margin_norm"": 0.05, ""n_particles"": 185, ""name"": ""wafer_particles.pattern.C05_Sector_Internal"", ""r_inner_ratio"": 0.1447397294931505, ""r_outer_ratio"": 0.813828955523735, ""radial_beta_alpha"": 1.5432775239133631, ""radial_beta_beta"": 2.6181156838725155, ""schema_version"": ""wafer_particles.pattern_config.v1"", ""theta_vonmises_kappa"": 6.783432930884653, ""wafer_radius_mm"": 150.0}",772
sample_000773,C05_Sector_Internal,lognormal,"{""max_um"": 1.0, ""min_um"": 0.01, ""mu_log"": -1.2682133373284947, ""per_sample"": true, ""sigma_log"": 0.5056041227160639}",,,49,"{""angle_center_rad"": 2.2784726008295193, ""angle_width_deg"": 62.24839280497178, ""edge_margin_norm"": 0.05, ""n_particles"": 49, ""name"": ""wafer_particles.pattern.C05_Sector_Internal"", ""r_inner_ratio"": 0.14240801967832012, ""r_outer_ratio"": 0.561651825179451, ""radial_beta_alpha"": 2.373139104564909, ""radial_beta_beta"": 2.8451043600483152, ""schema_version"": ""wafer_particles.pattern_config.v1"", ""theta_vonmises_kappa"": 1.0414596067077768, ""wafer_radius_mm"": 150.0}",773
sample_000774,C04_Sector_Edge,weibull,"{""k"": 1.4262816950872312, ""lambda_um"": 0.20572421777057978, ""max_um"": 1.0, ""min_um"": 0.01, ""per_sample"": true}",,,94,"{""angle_center_rad"": 5.975678637643348, ""angle_width_deg"": 74.26377886581744, ""edge_width_ratio"": 0.23089147723713238, ""n_particles"": 94, ""name"": ""wafer_particles.pattern.C04_Sector_Edge"", ""radial_beta_alpha"": 1.9548198156902052, ""radial_beta_beta"": 1.446360696910323, ""schema_version"": ""wafer_particles.pattern_config.v1"", ""side"": ""right"", ""theta_vonmises_kappa"": 1.753082699005198, ""wafer_radius_mm"": 150.0}",774
sample_000775,C09_Spiral,weibull,"{""k"": 1.1452384607278903, ""lambda_um"": 0.2643069800214563, ""max_um"": 1.0, ""min_um"": 0.01, ""per_sample"": true}",,,199,"{""end_r_ratio"": 0.9877822165491339, ""n_particles"": 199, ""name"": ""wafer_particles.pattern.C09_Spiral"", ""params"": {""theta_max"": 27.550856062081365, ""width_norm"": 0.017676113383953806}, ""schema_version"": ""wafer_particles.pattern_config.v1"", ""start_r_ratio"": 0.14992379903932607, ""theta_max"": 18.10037386780587, ""wafer_radius_mm"": 150.0, ""width_ratio"": 0.02918262245408722}",775
sample_000776,C08_CurvedScratch,lognormal,"{""max_um"": 1.0, ""min_um"": 0.01, ""mu_log"": -0.6453579689679239, ""per_sample"": true, ""sigma_log"": 0.5677205007672699}",,,17,"{""angle_center_deg"": 0.0, ""angle_center_rad"": 5.692996391651443, ""arc_radius_ratio"": 0.5666956746965354, ""n_particles"": 17, ""name"": ""wafer_particles.pattern.C08_CurvedScratch"", ""params"": {""arc_radius_norm"": 0.8921416152387087, ""span_rad"": 0.5244395314751342, ""width_norm"": 0.048266221932058206}, ""schema_version"": ""wafer_particles.pattern_config.v1"", ""span_deg"": 150.2878193193229, ""wafer_radius_mm"": 150.0, ""width_ratio"": 0.042077788608549625}",776
sample_000777,ring_narrow,weibull,"{""k"": 1.3031529230034953, ""lambda_um"": 0.37267732798524256, ""max_um"": 1.0, ""min_um"": 0.01, ""per_sample"": true}",ring,ring,15,"{""n_particles"": 15, ""name"": ""wafer_particles.pattern.ring_narrow"", ""radius_ratio"": 0.7, ""schema_version"": ""wafer_particles.pattern_config.v1"", ""wafer_radius_mm"": 150.0, ""width_ratio"": 0.03}",777
sample_000778,C01_Uniform,lognormal,"{""max_um"": 1.0, ""min_um"": 0.01, ""mu_log"": -2.0510789926950688, ""per_sample"": true, ""sigma_log"": 0.3468079794335824}",,,54,"{""n_particles"": 54, ""name"": ""wafer_particles.pattern.C01_Uniform"", ""schema_version"": ""wafer_particles.pattern_config.v1"", ""wafer_radius_mm"": 150.0}",778
sample_000779,C07_StraightLine,lognormal,"{""max_um"": 1.0, ""min_um"": 0.01, ""mu_log"": -1.1150447449949867, ""per_sample"": true, ""sigma_log"": 0.8036266944029715}",,,54,"{""angle_deg"": 105.97013438735576, ""n_particles"": 54, ""name"": ""wafer_particles.pattern.C07_StraightLine"", ""offset_ratio"": -0.14723549964043994, ""params"": {""segment_half_length_norm"": 0.15328506875507636, ""width_norm"": 0.053785798089599615}, ""schema_version"": ""wafer_particles.pattern_config.v1"", ""segment_half_length_ratio"": 0.7377079965251975, ""wafer_radius_mm"": 150.0, ""width_ratio"": 0.008044841952772035}",779
sample_000780,C01_Uniform,lognormal,"{""max_um"": 1.0, ""min_um"": 0.01, ""mu_log"": -3.7438248226937714, ""per_sample"": true, ""sigma_log"": 0.42220070467256526}",,,167,"{""n_particles"": 167, ""name"": ""wafer_particles.pattern.C01_Uniform"", ""schema_version"": ""wafer_particles.pattern_config.v1"", ""wafer_radius_mm"": 150.0}",780
sample_000781,C06_RadialLines,pareto,"{""alpha"": 2.9163811196234812, ""max_um"": 1.0, ""min_um"": 0.01, ""per_sample"": true, ""xm_um"": 0.216973384712632}",,,69,"{""angular_jitter_deg"": 1.465547297091293, ""n_lines"": 4, ""n_particles"": 69, ""name"": ""wafer_particles.pattern.C06_RadialLines"", ""params"": {""n_lines"": 6.0, ""r_max_norm"": 0.8130915352330707, ""r_min_norm"": 0.1067675868701828, ""sigma_perp_norm"": 0.06785050538949171}, ""r_max_ratio"": 0.7787590015765499, ""r_min_ratio"": 0.09214619808266315, ""schema_version"": ""wafer_particles.pattern_config.v1"", ""sigma_perp_ratio"": 0.02004283109712893, ""wafer_radius_mm"": 150.0}",781
sample_000782,C07_StraightLine,gaussian,"{""max_um"": 1.0, ""mean_um"": 0.7438257985422164, ""min_um"": 0.01, ""per_sample"": true, ""std_um"": 0.09947446047841088}",,,16,"{""angle_deg"": 66.0186445186578, ""n_particles"": 16, ""name"": ""wafer_particles.pattern.C07_StraightLine"", ""offset_ratio"": 0.06209219636167673, ""params"": {""segment_half_length_norm"": 0.1113583630104144, ""width_norm"": 0.04813324573602052}, ""schema_version"": ""wafer_particles.pattern_config.v1"", ""segment_half_length_ratio"": 0.48639443493503515, ""wafer_radius_mm"": 150.0, ""width_ratio"": 0.02225239902718826}",782
sample_000783,C06_RadialLines,lognormal,"{""max_um"": 1.0, ""min_um"": 0.01, ""mu_log"": -3.3198063793987553, ""per_sample"": true, ""sigma_log"": 0.6483417434384311}",,,165,"{""angular_jitter_deg"": 0.7380819224687957, ""n_lines"": 6, ""n_particles"": 165, ""name"": ""wafer_particles.pattern.C06_RadialLines"", ""params"": {""n_lines"": 4.0, ""r_max_norm"": 0.928268483484222, ""r_min_norm"": 0.06847095385875993, ""sigma_perp_norm"": 0.055686853781140536}, ""r_max_ratio"": 0.9815962552903905, ""r_min_ratio"": 0.22355129589435302, ""schema_version"": ""wafer_particles.pattern_config.v1"", ""sigma_perp_ratio"": 0.023101601055634812, ""wafer_radius_mm"": 150.0}",783
sample_000784,C01_Uniform,weibull,"{""k"": 0.7142683996356816, ""lambda_um"": 0.16379638429336443, ""max_um"": 1.0, ""min_um"": 0.01, ""per_sample"": true}",,,77,"{""n_particles"": 77, ""name"": ""wafer_particles.pattern.C01_Uniform"", ""schema_version"": ""wafer_particles.pattern_config.v1"", ""wafer_radius_mm"": 150.0}",784
sample_000785,C01_Uniform,pareto,"{""alpha"": 3.1118732750393234, ""max_um"": 1.0, ""min_um"": 0.01, ""per_sample"": true, ""xm_um"": 0.2708625936702806}",,,55,"{""n_particles"": 55, ""name"": ""wafer_particles.pattern.C01_Uniform"", ""schema_version"": ""wafer_particles.pattern_config.v1"", ""wafer_radius_mm"": 150.0}",785
sample_000786,C09_Spiral,lognormal,"{""max_um"": 1.0, ""min_um"": 0.01, ""mu_log"": -1.2668300636289422, ""per_sample"": true, ""sigma_log"": 0.2009997884372588}",,,103,"{""end_r_ratio"": 0.9098468445858161, ""n_particles"": 103, ""name"": ""wafer_particles.pattern.C09_Spiral"", ""params"": {""theta_max"": 27.402279309773164, ""width_norm"": 0.029913656197223217}, ""schema_version"": ""wafer_particles.pattern_config.v1"", ""start_r_ratio"": 0.13284279542632513, ""theta_max"": 14.07687537687704, ""wafer_radius_mm"": 150.0, ""width_ratio"": 0.03307948857935185}",786
sample_000787,C06_RadialLines,gaussian,"{""max_um"": 1.0, ""mean_um"": 0.3968616514009428, ""min_um"": 0.01, ""per_sample"": true, ""std_um"": 0.030618104333518793}",,,66,"{""angular_jitter_deg"": 0.8961893368243828, ""n_lines"": 6, ""n_particles"": 66, ""name"": ""wafer_particles.pattern.C06_RadialLines"", ""params"": {""n_lines"": 8.0, ""r_max_norm"": 0.7225277501698995, ""r_min_norm"": 0.175716463232375, ""sigma_perp_norm"": 0.04309848895077703}, ""r_max_ratio"": 0.7703409799798691, ""r_min_ratio"": 0.08120725221658948, ""schema_version"": ""wafer_particles.pattern_config.v1"", ""sigma_perp_ratio"": 0.010913498097940556, ""wafer_radius_mm"": 150.0}",787
sample_000788,C07_StraightLine,lognormal,"{""max_um"": 1.0, ""min_um"": 0.01, ""mu_log"": -3.384856022764489, ""per_sample"": true, ""sigma_log"": 0.5478299112624608}",,,18,"{""angle_deg"": 64.9517071614031, ""n_particles"": 18, ""name"": ""wafer_particles.pattern.C07_StraightLine"", ""offset_ratio"": -0.015733598408118332, ""params"": {""segment_half_length_norm"": 0.3228388891660716, ""width_norm"": 0.0338134409924371}, ""schema_version"": ""wafer_particles.pattern_config.v1"", ""segment_half_length_ratio"": 0.7998293786788797, ""wafer_radius_mm"": 150.0, ""width_ratio"": 0.024555034835217635}",788
sample_000789,C03_Ring,lognormal,"{""max_um"": 1.0, ""min_um"": 0.01, ""mu_log"": -1.5071023422492296, ""per_sample"": true, ""sigma_log"": 0.7781641363067078}",,,79,"{""n_particles"": 79, ""name"": ""wafer_particles.pattern.C03_Ring"", ""radius_ratio"": 0.49230161645299847, ""schema_version"": ""wafer_particles.pattern_config.v1"", ""wafer_radius_mm"": 150.0, ""width_ratio"": 0.07841665503312886}",789
sample_000790,C07_StraightLine,pareto,"{""alpha"": 3.414528429175639, ""max_um"": 1.0, ""min_um"": 0.01, ""per_sample"": true, ""xm_um"": 0.2320716367970782}",,,15,"{""angle_deg"": 114.35864998961533, ""n_particles"": 15, ""name"": ""wafer_particles.pattern.C07_StraightLine"", ""offset_ratio"": 0.29152367374607063, ""params"": {""segment_half_length_norm"": 0.0739157361465149, ""width_norm"": 0.05715650652139155}, ""schema_version"": ""wafer_particles.pattern_config.v1"", ""segment_half_length_ratio"": 0.47576918381406946, ""wafer_radius_mm"": 150.0, ""width_ratio"": 0.02226228460684027}",790
sample_000791,C09_Spiral,weibull,"{""k"": 1.599022945879309, ""lambda_um"": 0.17058475432084433, ""max_um"": 1.0, ""min_um"": 0.01, ""per_sample"": true}",,,128,"{""end_r_ratio"": 0.9336666761193368, ""n_particles"": 128, ""name"": ""wafer_particles.pattern.C09_Spiral"", ""params"": {""theta_max"": 28.894738824708845, ""width_norm"": 0.03502273483075494}, ""schema_version"": ""wafer_particles.pattern_config.v1"", ""start_r_ratio"": 0.283769185962961, ""theta_max"": 17.52353844332969, ""wafer_radius_mm"": 150.0, ""width_ratio"": 0.03238956836183225}",791
sample_000792,C09_Spiral,gaussian,"{""max_um"": 1.0, ""mean_um"": 0.6218755177979866, ""min_um"": 0.01, ""per_sample"": true, ""std_um"": 0.04869975691710908}",,,65,"{""end_r_ratio"": 0.8395867973629416, ""n_particles"": 65, ""name"": ""wafer_particles.pattern.C09_Spiral"", ""params"": {""theta_max"": 26.091172966368326, ""width_norm"": 0.04003451139409298}, ""schema_version"": ""wafer_particles.pattern_config.v1"", ""start_r_ratio"": 0.26607714010060884, ""theta_max"": 7.204158935059291, ""wafer_radius_mm"": 150.0, ""width_ratio"": 0.02541438032903717}",792
sample_000793,C05_Sector_Internal,gaussian,"{""max_um"": 1.0, ""mean_um"": 0.4381651306304317, ""min_um"": 0.01, ""per_sample"": true, ""std_um"": 0.08368925241089395}",,,151,"{""angle_center_rad"": 1.9995483712101818, ""angle_width_deg"": 97.43676913614095, ""edge_margin_norm"": 0.05, ""n_particles"": 151, ""name"": ""wafer_particles.pattern.C05_Sector_Internal"", ""r_inner_ratio"": 0.15451098982884548, ""r_outer_ratio"": 0.8186781916433947, ""radial_beta_alpha"": 1.971076742375212, ""radial_beta_beta"": 3.992460356135245, ""schema_version"": ""wafer_particles.pattern_config.v1"", ""theta_vonmises_kappa"": 1.5770600736026152, ""wafer_radius_mm"": 150.0}",793
sample_000794,C08_CurvedScratch,gaussian,"{""max_um"": 1.0, ""mean_um"": 0.15099702775330293, ""min_um"": 0.01, ""per_sample"": true, ""std_um"": 0.08397694511382753}",,,126,"{""angle_center_deg"": 0.0, ""angle_center_rad"": 4.308360152692852, ""arc_radius_ratio"": 0.6418303549715882, ""n_particles"": 126, ""name"": ""wafer_particles.pattern.C08_CurvedScratch"", ""params"": {""arc_radius_norm"": 0.40218212504716866, ""span_rad"": 0.543780046186194, ""width_norm"": 0.05206228405470668}, ""schema_version"": ""wafer_particles.pattern_config.v1"", ""span_deg"": 53.259122049109436, ""wafer_radius_mm"": 150.0, ""width_ratio"": 0.04720652199852043}",794
sample_000795,C07_StraightLine,lognormal,"{""max_um"": 1.0, ""min_um"": 0.01, ""mu_log"": -3.0994955553310186, ""per_sample"": true, ""sigma_log"": 0.5505916164883115}",,,146,"{""angle_deg"": 19.175916079719062, ""n_particles"": 146, ""name"": ""wafer_particles.pattern.C07_StraightLine"", ""offset_ratio"": 0.1452497786177404, ""params"": {""segment_half_length_norm"": 0.16695653343628586, ""width_norm"": 0.051517670754444106}, ""schema_version"": ""wafer_particles.pattern_config.v1"", ""segment_half_length_ratio"": 0.5025963823287349, ""wafer_radius_mm"": 150.0, ""width_ratio"": 0.041716241613553695}",795
sample_000796,C06_RadialLines,gaussian,"{""max_um"": 1.0, ""mean_um"": 0.6369509569222641, ""min_um"": 0.01, ""per_sample"": true, ""std_um"": 0.08970429795065393}",,,186,"{""angular_jitter_deg"": 4.688077731344322, ""n_lines"": 8, ""n_particles"": 186, ""name"": ""wafer_particles.pattern.C06_RadialLines"", ""params"": {""n_lines"": 7.0, ""r_max_norm"": 0.8777027017679766, ""r_min_norm"": 0.2822910132717408, ""sigma_perp_norm"": 0.04780018220642434}, ""r_max_ratio"": 0.6725237730828518, ""r_min_ratio"": 0.17607364275034057, ""schema_version"": ""wafer_particles.pattern_config.v1"", ""sigma_perp_ratio"": 0.008978726199032906, ""wafer_radius_mm"": 150.0}",796
sample_000797,C01_Uniform,weibull,"{""k"": 2.9703031467050707, ""lambda_um"": 0.11672909380376298, ""max_um"": 1.0, ""min_um"": 0.01, ""per_sample"": true}",,,53,"{""n_particles"": 53, ""name"": ""wafer_particles.pattern.C01_Uniform"", ""schema_version"": ""wafer_particles.pattern_config.v1"", ""wafer_radius_mm"": 150.0}",797
sample_000798,C05_Sector_Internal,gaussian,"{""max_um"": 1.0, ""mean_um"": 0.2604509367441932, ""min_um"": 0.01, ""per_sample"": true, ""std_um"": 0.02946176994163774}",,,68,"{""angle_center_rad"": 1.6383659876400776, ""angle_width_deg"": 83.831287331911, ""edge_margin_norm"": 0.05, ""n_particles"": 68, ""name"": ""wafer_particles.pattern.C05_Sector_Internal"", ""r_inner_ratio"": 0.3432139297234563, ""r_outer_ratio"": 0.6539443220097008, ""radial_beta_alpha"": 2.757019398263462, ""radial_beta_beta"": 3.351972808375817, ""schema_version"": ""wafer_particles.pattern_config.v1"", ""theta_vonmises_kappa"": 7.248170981508818, ""wafer_radius_mm"": 150.0}",798
sample_000799,C05_Sector_Internal,pareto,"{""alpha"": 2.1296924845808447, ""max_um"": 1.0, ""min_um"": 0.01, ""per_sample"": true, ""xm_um"": 0.07228772750974223}",,,154,"{""angle_center_rad"": 3.1359637706135692, ""angle_width_deg"": 77.29748736313267, ""edge_margin_norm"": 0.05, ""n_particles"": 154, ""name"": ""wafer_particles.pattern.C05_Sector_Internal"", ""r_inner_ratio"": 0.22125942108392171, ""r_outer_ratio"": 0.6660739020504476, ""radial_beta_alpha"": 2.3558875256549645, ""radial_beta_beta"": 2.8408457129772255, ""schema_version"": ""wafer_particles.pattern_config.v1"", ""theta_vonmises_kappa"": 6.3338927399132166, ""wafer_radius_mm"": 150.0}",799
sample_000800,C04_Sector_Edge,weibull,"{""k"": 1.901248933644669, ""lambda_um"": 0.17583165864042913, ""max_um"": 1.0, ""min_um"": 0.01, ""per_sample"": true}",,,100,"{""angle_center_rad"": 0.5515693581255202, ""angle_width_deg"": 86.67987393396118, ""edge_width_ratio"": 0.056341190031614766, ""n_particles"": 100, ""name"": ""wafer_particles.pattern.C04_Sector_Edge"", ""radial_beta_alpha"": 2.0172420018549984, ""radial_beta_beta"": 0.8729863737491602, ""schema_version"": ""wafer_particles.pattern_config.v1"", ""side"": ""right"", ""theta_vonmises_kappa"": 7.046717623781465, ""wafer_radius_mm"": 150.0}",800
sample_000801,C02_EdgeBiased,pareto,"{""alpha"": 1.9291451935500472, ""max_um"": 1.0, ""min_um"": 0.01, ""per_sample"": true, ""xm_um"": 0.16043515405879577}",,,103,"{""edge_bias"": 2.3759248017047936, ""n_particles"": 103, ""name"": ""wafer_particles.pattern.C02_EdgeBiased"", ""schema_version"": ""wafer_particles.pattern_config.v1"", ""wafer_radius_mm"": 150.0}",801
sample_000802,random_edge_biased,lognormal,"{""max_um"": 1.0, ""min_um"": 0.01, ""mu_log"": -2.476166442332083, ""per_sample"": true, ""sigma_log"": 0.8119464426430656}",random,random,58,"{""edge_bias"": 2.0, ""n_particles"": 58, ""name"": ""wafer_particles.pattern.random_edge_biased"", ""schema_version"": ""wafer_particles.pattern_config.v1"", ""wafer_radius_mm"": 150.0}",802
sample_000803,ring_wide,gaussian,"{""max_um"": 1.0, ""mean_um"": 0.5011391196789413, ""min_um"": 0.01, ""per_sample"": true, ""std_um"": 0.03547159407500472}",ring,ring,194,"{""n_particles"": 194, ""name"": ""wafer_particles.pattern.ring_wide"", ""radius_ratio"": 0.6, ""schema_version"": ""wafer_particles.pattern_config.v1"", ""wafer_radius_mm"": 150.0, ""width_ratio"": 0.15}",803
sample_000804,C07_StraightLine,weibull,"{""k"": 1.3148340038011819, ""lambda_um"": 0.33455439135536313, ""max_um"": 1.0, ""min_um"": 0.01, ""per_sample"": true}",,,162,"{""angle_deg"": 7.356812302094098, ""n_particles"": 162, ""name"": ""wafer_particles.pattern.C07_StraightLine"", ""offset_ratio"": -0.21096554714642668, ""params"": {""segment_half_length_norm"": 0.13740724353047212, ""width_norm"": 0.05223736568168544}, ""schema_version"": ""wafer_particles.pattern_config.v1"", ""segment_half_length_ratio"": 0.313151086446909, ""wafer_radius_mm"": 150.0, ""width_ratio"": 0.04126917966130061}",804
sample_000805,edge_sector_left,weibull,"{""k"": 1.1371120744511516, ""lambda_um"": 0.19703185698853742, ""max_um"": 1.0, ""min_um"": 0.01, ""per_sample"": true}",sector,edge_sector,170,"{""angle_width_deg"": 40.0, ""edge_width_ratio"": 0.1, ""n_particles"": 170, ""name"": ""wafer_particles.pattern.edge_sector"", ""schema_version"": ""wafer_particles.pattern_config.v1"", ""side"": ""left"", ""wafer_radius_mm"": 150.0}",805
sample_000806,C05_Sector_Internal,gaussian,"{""max_um"": 1.0, ""mean_um"": 0.6256550028158823, ""min_um"": 0.01, ""per_sample"": true, ""std_um"": 0.0600049182769687}",,,32,"{""angle_center_rad"": 5.758684329123938, ""angle_width_deg"": 76.97867546588702, ""edge_margin_norm"": 0.05, ""n_particles"": 32, ""name"": ""wafer_particles.pattern.C05_Sector_Internal"", ""r_inner_ratio"": 0.3283395807028719, ""r_outer_ratio"": 0.828490712529898, ""radial_beta_alpha"": 2.9860067784870505, ""radial_beta_beta"": 3.435645521040276, ""schema_version"": ""wafer_particles.pattern_config.v1"", ""theta_vonmises_kappa"": 7.736703373372456, ""wafer_radius_mm"": 150.0}",806
sample_000807,C05_Sector_Internal,lognormal,"{""max_um"": 1.0, ""min_um"": 0.01, ""mu_log"": -0.5397395942510692, ""per_sample"": true, ""sigma_log"": 0.7761175289713871}",,,93,"{""angle_center_rad"": 1.6076873224169443, ""angle_width_deg"": 103.67701838022164, ""edge_margin_norm"": 0.05, ""n_particles"": 93, ""name"": ""wafer_particles.pattern.C05_Sector_Internal"", ""r_inner_ratio"": 0.333217868273139, ""r_outer_ratio"": 0.802473332508288, ""radial_beta_alpha"": 3.142781655196727, ""radial_beta_beta"": 2.0293120924546586, ""schema_version"": ""wafer_particles.pattern_config.v1"", ""theta_vonmises_kappa"": 5.29484151780505, ""wafer_radius_mm"": 150.0}",807
sample_000808,C08_CurvedScratch,gaussian,"{""max_um"": 1.0, ""mean_um"": 0.798334888010635, ""min_um"": 0.01, ""per_sample"": true, ""std_um"": 0.028509521411510877}",,,121,"{""angle_center_deg"": 0.0, ""angle_center_rad"": 4.935675552099225, ""arc_radius_ratio"": 0.6894027031245893, ""n_particles"": 121, ""name"": ""wafer_particles.pattern.C08_CurvedScratch"", ""params"": {""arc_radius_norm"": 0.5467892912692258, ""span_rad"": 0.6660692215933497, ""width_norm"": 0.04756841968721183}, ""schema_version"": ""wafer_particles.pattern_config.v1"", ""span_deg"": 83.95050139336655, ""wafer_radius_mm"": 150.0, ""width_ratio"": 0.058957119691743276}",808
sample_000809,C05_Sector_Internal,weibull,"{""k"": 2.7044666903603574, ""lambda_um"": 0.14005377009055586, ""max_um"": 1.0, ""min_um"": 0.01, ""per_sample"": true}",,,173,"{""angle_center_rad"": 5.205793033163544, ""angle_width_deg"": 46.364076989974365, ""edge_margin_norm"": 0.05, ""n_particles"": 173, ""name"": ""wafer_particles.pattern.C05_Sector_Internal"", ""r_inner_ratio"": 0.21144568926221957, ""r_outer_ratio"": 0.5031429585912698, ""radial_beta_alpha"": 1.2428866004307408, ""radial_beta_beta"": 3.62641736313876, ""schema_version"": ""wafer_particles.pattern_config.v1"", ""theta_vonmises_kappa"": 6.893642901124687, ""wafer_radius_mm"": 150.0}",809
sample_000810,C07_StraightLine,pareto,"{""alpha"": 3.5473439301816763, ""max_um"": 1.0, ""min_um"": 0.01, ""per_sample"": true, ""xm_um"": 0.2747080108129207}",,,156,"{""angle_deg"": 133.5624228453127, ""n_particles"": 156, ""name"": ""wafer_particles.pattern.C07_StraightLine"", ""offset_ratio"": -0.02827007606706705, ""params"": {""segment_half_length_norm"": 0.19302419905183965, ""width_norm"": 0.06316337878739042}, ""schema_version"": ""wafer_particles.pattern_config.v1"", ""segment_half_length_ratio"": 0.8812725256744991, ""wafer_radius_mm"": 150.0, ""width_ratio"": 0.036672607079378736}",810
sample_000811,C06_RadialLines,weibull,"{""k"": 2.28214636017786, ""lambda_um"": 0.0955510852543146, ""max_um"": 1.0, ""min_um"": 0.01, ""per_sample"": true}",,,115,"{""angular_jitter_deg"": 1.8860007403716594, ""n_lines"": 4, ""n_particles"": 115, ""name"": ""wafer_particles.pattern.C06_RadialLines"", ""params"": {""n_lines"": 7.0, ""r_max_norm"": 0.9088309617175708, ""r_min_norm"": 0.025046625943422673, ""sigma_perp_norm"": 0.04578866025252856}, ""r_max_ratio"": 0.9162463932610011, ""r_min_ratio"": 0.1371787134723436, ""schema_version"": ""wafer_particles.pattern_config.v1"", ""sigma_perp_ratio"": 0.017405143305167056, ""wafer_radius_mm"": 150.0}",811
sample_000812,C05_Sector_Internal,lognormal,"{""max_um"": 1.0, ""min_um"": 0.01, ""mu_log"": -0.44812932097733427, ""per_sample"": true, ""sigma_log"": 0.23979004127254824}",,,101,"{""angle_center_rad"": 4.638976810771824, ""angle_width_deg"": 119.77228793517386, ""edge_margin_norm"": 0.05, ""n_particles"": 101, ""name"": ""wafer_particles.pattern.C05_Sector_Internal"", ""r_inner_ratio"": 0.31649489361506483, ""r_outer_ratio"": 0.7240272026694998, ""radial_beta_alpha"": 3.178235256952706, ""radial_beta_beta"": 2.373739872764802, ""schema_version"": ""wafer_particles.pattern_config.v1"", ""theta_vonmises_kappa"": 2.2600731190195815, ""wafer_radius_mm"": 150.0}",812
sample_000813,C03_Ring,weibull,"{""k"": 0.8332286560504489, ""lambda_um"": 0.3523065174812543, ""max_um"": 1.0, ""min_um"": 0.01, ""per_sample"": true}",,,67,"{""n_particles"": 67, ""name"": ""wafer_particles.pattern.C03_Ring"", ""radius_ratio"": 0.49405317731278997, ""schema_version"": ""wafer_particles.pattern_config.v1"", ""wafer_radius_mm"": 150.0, ""width_ratio"": 0.14181016248457853}",813
sample_000814,C02_EdgeBiased,lognormal,"{""max_um"": 1.0, ""min_um"": 0.01, ""mu_log"": -1.0320503225202144, ""per_sample"": true, ""sigma_log"": 0.40882155661563724}",,,68,"{""edge_bias"": 2.1575738630538535, ""n_particles"": 68, ""name"": ""wafer_particles.pattern.C02_EdgeBiased"", ""schema_version"": ""wafer_particles.pattern_config.v1"", ""wafer_radius_mm"": 150.0}",814
sample_000815,scratch_horizontal,lognormal,"{""max_um"": 1.0, ""min_um"": 0.01, ""mu_log"": -1.1450846097670926, ""per_sample"": true, ""sigma_log"": 0.7544687522290474}",line,scratch,110,"{""angle_category"": ""horizontal"", ""length_ratio"": 1.0, ""n_particles"": 110, ""name"": ""wafer_particles.pattern.scratch"", ""offset_ratio"": 0.0, ""schema_version"": ""wafer_particles.pattern_config.v1"", ""wafer_radius_mm"": 150.0, ""width_ratio"": 0.01}",815
sample_000816,C07_StraightLine,gaussian,"{""max_um"": 1.0, ""mean_um"": 0.558683693380319, ""min_um"": 0.01, ""per_sample"": true, ""std_um"": 0.08407287235060266}",,,158,"{""angle_deg"": 133.37975525066665, ""n_particles"": 158, ""name"": ""wafer_particles.pattern.C07_StraightLine"", ""offset_ratio"": -0.09793544444305513, ""params"": {""segment_half_length_norm"": 0.08183416541450345, ""width_norm"": 0.04230720556199347}, ""schema_version"": ""wafer_particles.pattern_config.v1"", ""segment_half_length_ratio"": 0.5206058425156372, ""wafer_radius_mm"": 150.0, ""width_ratio"": 0.019366277819250648}",816
sample_000817,C02_EdgeBiased,lognormal,"{""max_um"": 1.0, ""min_um"": 0.01, ""mu_log"": -1.3150495708261118, ""per_sample"": true, ""sigma_log"": 0.2905765602657529}",,,37,"{""edge_bias"": 3.497462903954097, ""n_particles"": 37, ""name"": ""wafer_particles.pattern.C02_EdgeBiased"", ""schema_version"": ""wafer_particles.pattern_config.v1"", ""wafer_radius_mm"": 150.0}",817
sample_000818,C05_Sector_Internal,weibull,"{""k"": 0.826438601752299, ""lambda_um"": 0.2570386712935183, ""max_um"": 1.0, ""min_um"": 0.01, ""per_sample"": true}",,,197,"{""angle_center_rad"": 6.054181801695276, ""angle_width_deg"": 60.18281051600736, ""edge_margin_norm"": 0.05, ""n_particles"": 197, ""name"": ""wafer_particles.pattern.C05_Sector_Internal"", ""r_inner_ratio"": 0.08161789381794204, ""r_outer_ratio"": 0.833198859334296, ""radial_beta_alpha"": 2.9760437116029346, ""radial_beta_beta"": 2.65732206358461, ""schema_version"": ""wafer_particles.pattern_config.v1"", ""theta_vonmises_kappa"": 7.50937471773228, ""wafer_radius_mm"": 150.0}",818
sample_000819,C08_CurvedScratch,pareto,"{""alpha"": 2.8529591299648223, ""max_um"": 1.0, ""min_um"": 0.01, ""per_sample"": true, ""xm_um"": 0.2173885773787559}",,,33,"{""angle_center_deg"": 0.0, ""angle_center_rad"": 3.571183954384375, ""arc_radius_ratio"": 0.8597272690459576, ""n_particles"": 33, ""name"": ""wafer_particles.pattern.C08_CurvedScratch"", ""params"": {""arc_radius_norm"": 0.5375346648163373, ""span_rad"": 0.6794861958179055, ""width_norm"": 0.044519560213871524}, ""schema_version"": ""wafer_particles.pattern_config.v1"", ""span_deg"": 148.99719795800416, ""wafer_radius_mm"": 150.0, ""width_ratio"": 0.04127325195651676}",819
sample_000820,C04_Sector_Edge,weibull,"{""k"": 2.28103916032694, ""lambda_um"": 0.04124859419121421, ""max_um"": 1.0, ""min_um"": 0.01, ""per_sample"": true}",,,143,"{""angle_center_rad"": 4.00835977478268, ""angle_width_deg"": 30.172796410985406, ""edge_width_ratio"": 0.20330548859451247, ""n_particles"": 143, ""name"": ""wafer_particles.pattern.C04_Sector_Edge"", ""radial_beta_alpha"": 2.967066833911789, ""radial_beta_beta"": 1.9994138452155084, ""schema_version"": ""wafer_particles.pattern_config.v1"", ""side"": ""right"", ""theta_vonmises_kappa"": 2.0759988256566944, ""wafer_radius_mm"": 150.0}",820
sample_000821,ring_narrow,pareto,"{""alpha"": 2.2826643960073794, ""max_um"": 1.0, ""min_um"": 0.01, ""per_sample"": true, ""xm_um"": 0.27321957526500407}",ring,ring,192,"{""n_particles"": 192, ""name"": ""wafer_particles.pattern.ring_narrow"", ""radius_ratio"": 0.7, ""schema_version"": ""wafer_particles.pattern_config.v1"", ""wafer_radius_mm"": 150.0, ""width_ratio"": 0.03}",821
sample_000822,C01_Uniform,lognormal,"{""max_um"": 1.0, ""min_um"": 0.01, ""mu_log"": -0.8314740438478356, ""per_sample"": true, ""sigma_log"": 0.27168982910157985}",,,78,"{""n_particles"": 78, ""name"": ""wafer_particles.pattern.C01_Uniform"", ""schema_version"": ""wafer_particles.pattern_config.v1"", ""wafer_radius_mm"": 150.0}",822
sample_000823,C05_Sector_Internal,weibull,"{""k"": 1.8770311705567169, ""lambda_um"": 0.37186496909345595, ""max_um"": 1.0, ""min_um"": 0.01, ""per_sample"": true}",,,193,"{""angle_center_rad"": 0.059025910670027534, ""angle_width_deg"": 30.5518846983873, ""edge_margin_norm"": 0.05, ""n_particles"": 193, ""name"": ""wafer_particles.pattern.C05_Sector_Internal"", ""r_inner_ratio"": 0.2540881553592907, ""r_outer_ratio"": 0.6300197268632342, ""radial_beta_alpha"": 3.8790610371381513, ""radial_beta_beta"": 1.2169708648138757, ""schema_version"": ""wafer_particles.pattern_config.v1"", ""theta_vonmises_kappa"": 7.580483632090261, ""wafer_radius_mm"": 150.0}",823
sample_000824,C11_Hotspot_Elliptic,lognormal,"{""max_um"": 1.0, ""min_um"": 0.01, ""mu_log"": -0.6950899072001837, ""per_sample"": true, ""sigma_log"": 0.3861187850037453}",,,155,"{""center_angle"": ""random"", ""center_angle_rad"": 2.024021983010109, ""center_radius_ratio"": 0.380867072662825, ""mode"": ""random"", ""n_particles"": 155, ""name"": ""wafer_particles.pattern.C11_Hotspot_Elliptic"", ""rotation_deg"": 30.0, ""rotation_rad"": 5.087904833934525, ""schema_version"": ""wafer_particles.pattern_config.v1"", ""sigma_x_ratio"": 0.0796164507081868, ""sigma_y_ratio"": 0.07413256523886863, ""wafer_radius_mm"": 150.0}",824
sample_000825,C08_CurvedScratch,weibull,"{""k"": 2.0232550114088674, ""lambda_um"": 0.1579115202082164, ""max_um"": 1.0, ""min_um"": 0.01, ""per_sample"": true}",,,68,"{""angle_center_deg"": 0.0, ""angle_center_rad"": 5.24807593569751, ""arc_radius_ratio"": 0.47455523823819085, ""n_particles"": 68, ""name"": ""wafer_particles.pattern.C08_CurvedScratch"", ""params"": {""arc_radius_norm"": 0.7348980895975701, ""span_rad"": 0.35972255004187703, ""width_norm"": 0.03970829050210055}, ""schema_version"": ""wafer_particles.pattern_config.v1"", ""span_deg"": 94.0767013294658, ""wafer_radius_mm"": 150.0, ""width_ratio"": 0.022891648396048403}",825
sample_000826,C11_Hotspot_Elliptic,weibull,"{""k"": 0.9819866569562732, ""lambda_um"": 0.2919449279296307, ""max_um"": 1.0, ""min_um"": 0.01, ""per_sample"": true}",,,101,"{""center_angle"": ""random"", ""center_angle_rad"": 3.3085407395451116, ""center_radius_ratio"": 0.5850745286272232, ""mode"": ""random"", ""n_particles"": 101, ""name"": ""wafer_particles.pattern.C11_Hotspot_Elliptic"", ""rotation_deg"": 30.0, ""rotation_rad"": 5.147891251945968, ""schema_version"": ""wafer_particles.pattern_config.v1"", ""sigma_x_ratio"": 0.0965888611042311, ""sigma_y_ratio"": 0.042880648326362555, ""wafer_radius_mm"": 150.0}",826
sample_000827,C09_Spiral,lognormal,"{""max_um"": 1.0, ""min_um"": 0.01, ""mu_log"": -1.7851040170389054, ""per_sample"": true, ""sigma_log"": 0.2221004113854867}",,,74,"{""end_r_ratio"": 0.951928823272395, ""n_particles"": 74, ""name"": ""wafer_particles.pattern.C09_Spiral"", ""params"": {""theta_max"": 26.649712022149316, ""width_norm"": 0.045197695408753735}, ""schema_version"": ""wafer_particles.pattern_config.v1"", ""start_r_ratio"": 0.1691177766305106, ""theta_max"": 11.783093517565677, ""wafer_radius_mm"": 150.0, ""width_ratio"": 0.028139744954235}",827
sample_000828,C01_Uniform,weibull,"{""k"": 1.8009209872363525, ""lambda_um"": 0.04646994895526271, ""max_um"": 1.0, ""min_um"": 0.01, ""per_sample"": true}",,,106,"{""n_particles"": 106, ""name"": ""wafer_particles.pattern.C01_Uniform"", ""schema_version"": ""wafer_particles.pattern_config.v1"", ""wafer_radius_mm"": 150.0}",828
sample_000829,C06_RadialLines,weibull,"{""k"": 1.9823437500847305, ""lambda_um"": 0.4604208236428839, ""max_um"": 1.0, ""min_um"": 0.01, ""per_sample"": true}",,,198,"{""angular_jitter_deg"": 0.18907388981267537, ""n_lines"": 4, ""n_particles"": 198, ""name"": ""wafer_particles.pattern.C06_RadialLines"", ""params"": {""n_lines"": 8.0, ""r_max_norm"": 0.8803166773743984, ""r_min_norm"": 0.22112491853080965, ""sigma_perp_norm"": 0.012336359162076656}, ""r_max_ratio"": 0.9930357356177364, ""r_min_ratio"": 0.0631133933282328, ""schema_version"": ""wafer_particles.pattern_config.v1"", ""sigma_perp_ratio"": 0.007528036409512668, ""wafer_radius_mm"": 150.0}",829
sample_000830,C01_Uniform,weibull,"{""k"": 2.9415580721655328, ""lambda_um"": 0.05615167007523869, ""max_um"": 1.0, ""min_um"": 0.01, ""per_sample"": true}",,,155,"{""n_particles"": 155, ""name"": ""wafer_particles.pattern.C01_Uniform"", ""schema_version"": ""wafer_particles.pattern_config.v1"", ""wafer_radius_mm"": 150.0}",830
sample_000831,C03_Ring,gaussian,"{""max_um"": 1.0, ""mean_um"": 0.03938972959718934, ""min_um"": 0.01, ""per_sample"": true, ""std_um"": 0.023878774543827124}",,,193,"{""n_particles"": 193, ""name"": ""wafer_particles.pattern.C03_Ring"", ""radius_ratio"": 0.6384593199056829, ""schema_version"": ""wafer_particles.pattern_config.v1"", ""wafer_radius_mm"": 150.0, ""width_ratio"": 0.18510731028830787}",831
sample_000832,C04_Sector_Edge,lognormal,"{""max_um"": 1.0, ""min_um"": 0.01, ""mu_log"": -1.9663420942186185, ""per_sample"": true, ""sigma_log"": 0.3135481971418969}",,,143,"{""angle_center_rad"": 4.1814010434669635, ""angle_width_deg"": 57.76340052516505, ""edge_width_ratio"": 0.05293866772102619, ""n_particles"": 143, ""name"": ""wafer_particles.pattern.C04_Sector_Edge"", ""radial_beta_alpha"": 2.4996302408864475, ""radial_beta_beta"": 2.9272330142210308, ""schema_version"": ""wafer_particles.pattern_config.v1"", ""side"": ""right"", ""theta_vonmises_kappa"": 8.113666025207577, ""wafer_radius_mm"": 150.0}",832
sample_000833,C11_Hotspot_Elliptic,gaussian,"{""max_um"": 1.0, ""mean_um"": 0.3348483845884154, ""min_um"": 0.01, ""per_sample"": true, ""std_um"": 0.08704945733963251}",,,31,"{""center_angle"": ""random"", ""center_angle_rad"": 1.1171322833294686, ""center_radius_ratio"": 0.2001178769246122, ""mode"": ""random"", ""n_particles"": 31, ""name"": ""wafer_particles.pattern.C11_Hotspot_Elliptic"", ""rotation_deg"": 30.0, ""rotation_rad"": 2.303415391735996, ""schema_version"": ""wafer_particles.pattern_config.v1"", ""sigma_x_ratio"": 0.05185933358572484, ""sigma_y_ratio"": 0.03860428500065055, ""wafer_radius_mm"": 150.0}",833
sample_000834,C01_Uniform,lognormal,"{""max_um"": 1.0, ""min_um"": 0.01, ""mu_log"": -0.9860887510017848, ""per_sample"": true, ""sigma_log"": 0.879285210387005}",,,119,"{""n_particles"": 119, ""name"": ""wafer_particles.pattern.C01_Uniform"", ""schema_version"": ""wafer_particles.pattern_config.v1"", ""wafer_radius_mm"": 150.0}",834
sample_000835,C09_Spiral,gaussian,"{""max_um"": 1.0, ""mean_um"": 0.4126744081782391, ""min_um"": 0.01, ""per_sample"": true, ""std_um"": 0.05163671669566616}",,,162,"{""end_r_ratio"": 0.9231260339069556, ""n_particles"": 162, ""name"": ""wafer_particles.pattern.C09_Spiral"", ""params"": {""theta_max"": 17.483612906186632, ""width_norm"": 0.03681116354402029}, ""schema_version"": ""wafer_particles.pattern_config.v1"", ""start_r_ratio"": 0.11073114608674153, ""theta_max"": 9.580892856043999, ""wafer_radius_mm"": 150.0, ""width_ratio"": 0.04920194925373828}",835
sample_000836,C07_StraightLine,gaussian,"{""max_um"": 1.0, ""mean_um"": 0.6121281158277448, ""min_um"": 0.01, ""per_sample"": true, ""std_um"": 0.0889140452438904}",,,35,"{""angle_deg"": 33.27287770198949, ""n_particles"": 35, ""name"": ""wafer_particles.pattern.C07_StraightLine"", ""offset_ratio"": -0.11611177601381462, ""params"": {""segment_half_length_norm"": 0.29993224008082303, ""width_norm"": 0.059284119282302726}, ""schema_version"": ""wafer_particles.pattern_config.v1"", ""segment_half_length_ratio"": 0.5374690565090383, ""wafer_radius_mm"": 150.0, ""width_ratio"": 0.013436775241523351}",836
sample_000837,C11_Hotspot_Elliptic,lognormal,"{""max_um"": 1.0, ""min_um"": 0.01, ""mu_log"": -2.6067092042387756, ""per_sample"": true, ""sigma_log"": 0.43299737638227453}",,,126,"{""center_angle"": ""random"", ""center_angle_rad"": 0.30343475421329374, ""center_radius_ratio"": 0.6842874187103921, ""mode"": ""random"", ""n_particles"": 126, ""name"": ""wafer_particles.pattern.C11_Hotspot_Elliptic"", ""rotation_deg"": 30.0, ""rotation_rad"": 3.9205974721162193, ""schema_version"": ""wafer_particles.pattern_config.v1"", ""sigma_x_ratio"": 0.06504362546534577, ""sigma_y_ratio"": 0.06525509313263227, ""wafer_radius_mm"": 150.0}",837
sample_000838,hotspot_center,weibull,"{""k"": 1.1692616498390251, ""lambda_um"": 0.3384387223617179, ""max_um"": 1.0, ""min_um"": 0.01, ""per_sample"": true}",hotspot,hotspot,125,"{""center_angle"": ""random"", ""center_radius_ratio"": 0.9, ""mode"": ""center"", ""n_particles"": 125, ""name"": ""wafer_particles.pattern.hotspot"", ""schema_version"": ""wafer_particles.pattern_config.v1"", ""sigma_ratio"": 0.05, ""wafer_radius_mm"": 150.0}",838
sample_000839,C11_Hotspot_Elliptic,lognormal,"{""max_um"": 1.0, ""min_um"": 0.01, ""mu_log"": -0.5507648900357642, ""per_sample"": true, ""sigma_log"": 0.2710549852284593}",,,65,"{""center_angle"": ""random"", ""center_angle_rad"": 3.324754395887564, ""center_radius_ratio"": 0.404669446833452, ""mode"": ""random"", ""n_particles"": 65, ""name"": ""wafer_particles.pattern.C11_Hotspot_Elliptic"", ""rotation_deg"": 30.0, ""rotation_rad"": 5.753937664962221, ""schema_version"": ""wafer_particles.pattern_config.v1"", ""sigma_x_ratio"": 0.0976447623491832, ""sigma_y_ratio"": 0.018728169035414955, ""wafer_radius_mm"": 150.0}",839
sample_000840,C05_Sector_Internal,lognormal,"{""max_um"": 1.0, ""min_um"": 0.01, ""mu_log"": -2.9033830055085224, ""per_sample"": true, ""sigma_log"": 0.7644295282924516}",,,38,"{""angle_center_rad"": 2.386553421410242, ""angle_width_deg"": 58.919171546857136, ""edge_margin_norm"": 0.05, ""n_particles"": 38, ""name"": ""wafer_particles.pattern.C05_Sector_Internal"", ""r_inner_ratio"": 0.37596659469643345, ""r_outer_ratio"": 0.5988949827809371, ""radial_beta_alpha"": 3.8785644532024426, ""radial_beta_beta"": 1.7150363562985087, ""schema_version"": ""wafer_particles.pattern_config.v1"", ""theta_vonmises_kappa"": 0.3441090412891338, ""wafer_radius_mm"": 150.0}",840
sample_000841,C04_Sector_Edge,weibull,"{""k"": 2.224511428115566, ""lambda_um"": 0.30572745425783454, ""max_um"": 1.0, ""min_um"": 0.01, ""per_sample"": true}",,,54,"{""angle_center_rad"": 1.6480616475339767, ""angle_width_deg"": 33.873261220091656, ""edge_width_ratio"": 0.2997859108071849, ""n_particles"": 54, ""name"": ""wafer_particles.pattern.C04_Sector_Edge"", ""radial_beta_alpha"": 1.7428004933931827, ""radial_beta_beta"": 3.391987824116536, ""schema_version"": ""wafer_particles.pattern_config.v1"", ""side"": ""right"", ""theta_vonmises_kappa"": 8.92657145873847, ""wafer_radius_mm"": 150.0}",841
sample_000842,C02_EdgeBiased,gaussian,"{""max_um"": 1.0, ""mean_um"": 0.4073892507624739, ""min_um"": 0.01, ""per_sample"": true, ""std_um"": 0.08646587956727857}",,,177,"{""edge_bias"": 2.6984346200787, ""n_particles"": 177, ""name"": ""wafer_particles.pattern.C02_EdgeBiased"", ""schema_version"": ""wafer_particles.pattern_config.v1"", ""wafer_radius_mm"": 150.0}",842
sample_000843,C06_RadialLines,lognormal,"{""max_um"": 1.0, ""min_um"": 0.01, ""mu_log"": -0.6575547520148097, ""per_sample"": true, ""sigma_log"": 0.8788916820166801}",,,37,"{""angular_jitter_deg"": 4.753737266214074, ""n_lines"": 8, ""n_particles"": 37, ""name"": ""wafer_particles.pattern.C06_RadialLines"", ""params"": {""n_lines"": 8.0, ""r_max_norm"": 0.9585990856806383, ""r_min_norm"": 0.2942681678889359, ""sigma_perp_norm"": 0.06981150320531672}, ""r_max_ratio"": 0.9988510744669885, ""r_min_ratio"": 0.05948317791198877, ""schema_version"": ""wafer_particles.pattern_config.v1"", ""sigma_perp_ratio"": 0.025006434502169765, ""wafer_radius_mm"": 150.0}",843
sample_000844,C03_Ring,weibull,"{""k"": 1.850052457325456, ""lambda_um"": 0.4102123722439081, ""max_um"": 1.0, ""min_um"": 0.01, ""per_sample"": true}",,,156,"{""n_particles"": 156, ""name"": ""wafer_particles.pattern.C03_Ring"", ""radius_ratio"": 0.46052260689118757, ""schema_version"": ""wafer_particles.pattern_config.v1"", ""wafer_radius_mm"": 150.0, ""width_ratio"": 0.08502852484191067}",844
sample_000845,edge_sector_left,pareto,"{""alpha"": 3.3515904339082616, ""max_um"": 1.0, ""min_um"": 0.01, ""per_sample"": true, ""xm_um"": 0.2695795716375591}",sector,edge_sector,191,"{""angle_width_deg"": 40.0, ""edge_width_ratio"": 0.1, ""n_particles"": 191, ""name"": ""wafer_particles.pattern.edge_sector"", ""schema_version"": ""wafer_particles.pattern_config.v1"", ""side"": ""left"", ""wafer_radius_mm"": 150.0}",845
sample_000846,C01_Uniform,gaussian,"{""max_um"": 1.0, ""mean_um"": 0.4638154811092573, ""min_um"": 0.01, ""per_sample"": true, ""std_um"": 0.05831144327718596}",,,95,"{""n_particles"": 95, ""name"": ""wafer_particles.pattern.C01_Uniform"", ""schema_version"": ""wafer_particles.pattern_config.v1"", ""wafer_radius_mm"": 150.0}",846
sample_000847,C11_Hotspot_Elliptic,gaussian,"{""max_um"": 1.0, ""mean_um"": 0.6963895797675403, ""min_um"": 0.01, ""per_sample"": true, ""std_um"": 0.038108231960343866}",,,81,"{""center_angle"": ""random"", ""center_angle_rad"": 4.993765734070654, ""center_radius_ratio"": 0.8667120740344918, ""mode"": ""random"", ""n_particles"": 81, ""name"": ""wafer_particles.pattern.C11_Hotspot_Elliptic"", ""rotation_deg"": 30.0, ""rotation_rad"": 3.064459611617206, ""schema_version"": ""wafer_particles.pattern_config.v1"", ""sigma_x_ratio"": 0.07261594749319265, ""sigma_y_ratio"": 0.07384629215500123, ""wafer_radius_mm"": 150.0}",847
sample_000848,C01_Uniform,weibull,"{""k"": 0.8230629717298588, ""lambda_um"": 0.03931059086918573, ""max_um"": 1.0, ""min_um"": 0.01, ""per_sample"": true}",,,11,"{""n_particles"": 11, ""name"": ""wafer_particles.pattern.C01_Uniform"", ""schema_version"": ""wafer_particles.pattern_config.v1"", ""wafer_radius_mm"": 150.0}",848
sample_000849,C09_Spiral,gaussian,"{""max_um"": 1.0, ""mean_um"": 0.08213887169760971, ""min_um"": 0.01, ""per_sample"": true, ""std_um"": 0.09768381573263898}",,,128,"{""end_r_ratio"": 0.7939390495607733, ""n_particles"": 128, ""name"": ""wafer_particles.pattern.C09_Spiral"", ""params"": {""theta_max"": 23.742573905453686, ""width_norm"": 0.04689579113127089}, ""schema_version"": ""wafer_particles.pattern_config.v1"", ""start_r_ratio"": 0.12439932101858106, ""theta_max"": 8.27466290803268, ""wafer_radius_mm"": 150.0, ""width_ratio"": 0.046633167150577234}",849
sample_000850,C06_RadialLines,weibull,"{""k"": 1.9405702015612765, ""lambda_um"": 0.20283056560547016, ""max_um"": 1.0, ""min_um"": 0.01, ""per_sample"": true}",,,77,"{""angular_jitter_deg"": 2.280612785546649, ""n_lines"": 8, ""n_particles"": 77, ""name"": ""wafer_particles.pattern.C06_RadialLines"", ""params"": {""n_lines"": 4.0, ""r_max_norm"": 0.779626433633128, ""r_min_norm"": 0.122514638033815, ""sigma_perp_norm"": 0.023099620294942787}, ""r_max_ratio"": 0.6543426199571581, ""r_min_ratio"": 0.23505669747417285, ""schema_version"": ""wafer_particles.pattern_config.v1"", ""sigma_perp_ratio"": 0.019339871961359882, ""wafer_radius_mm"": 150.0}",850
sample_000851,C07_StraightLine,weibull,"{""k"": 1.193406063772191, ""lambda_um"": 0.17123161667119563, ""max_um"": 1.0, ""min_um"": 0.01, ""per_sample"": true}",,,37,"{""angle_deg"": 59.680524736502576, ""n_particles"": 37, ""name"": ""wafer_particles.pattern.C07_StraightLine"", ""offset_ratio"": 0.1015387632157112, ""params"": {""segment_half_length_norm"": 0.11412221114638486, ""width_norm"": 0.03667199568959963}, ""schema_version"": ""wafer_particles.pattern_config.v1"", ""segment_half_length_ratio"": 0.30434683923929173, ""wafer_radius_mm"": 150.0, ""width_ratio"": 0.045799715848888256}",851
sample_000852,C11_Hotspot_Elliptic,gaussian,"{""max_um"": 1.0, ""mean_um"": 0.5090999918037528, ""min_um"": 0.01, ""per_sample"": true, ""std_um"": 0.021863942676447812}",,,189,"{""center_angle"": ""random"", ""center_angle_rad"": 4.961946068998398, ""center_radius_ratio"": 0.5303745252013752, ""mode"": ""random"", ""n_particles"": 189, ""name"": ""wafer_particles.pattern.C11_Hotspot_Elliptic"", ""rotation_deg"": 30.0, ""rotation_rad"": 0.8868316101196777, ""schema_version"": ""wafer_particles.pattern_config.v1"", ""sigma_x_ratio"": 0.07244990516334515, ""sigma_y_ratio"": 0.03896905759559481, ""wafer_radius_mm"": 150.0}",852
sample_000853,ring_wide,weibull,"{""k"": 2.262563435305416, ""lambda_um"": 0.48782834239152895, ""max_um"": 1.0, ""min_um"": 0.01, ""per_sample"": true}",ring,ring,152,"{""n_particles"": 152, ""name"": ""wafer_particles.pattern.ring_wide"", ""radius_ratio"": 0.6, ""schema_version"": ""wafer_particles.pattern_config.v1"", ""wafer_radius_mm"": 150.0, ""width_ratio"": 0.15}",853
sample_000854,C01_Uniform,pareto,"{""alpha"": 2.6021250829291955, ""max_um"": 1.0, ""min_um"": 0.01, ""per_sample"": true, ""xm_um"": 0.18967561062746985}",,,163,"{""n_particles"": 163, ""name"": ""wafer_particles.pattern.C01_Uniform"", ""schema_version"": ""wafer_particles.pattern_config.v1"", ""wafer_radius_mm"": 150.0}",854
sample_000855,C04_Sector_Edge,lognormal,"{""max_um"": 1.0, ""min_um"": 0.01, ""mu_log"": -0.8634067090058903, ""per_sample"": true, ""sigma_log"": 0.501818539546403}",,,132,"{""angle_center_rad"": 1.6009515770178808, ""angle_width_deg"": 43.101518368615984, ""edge_width_ratio"": 0.2562362374808292, ""n_particles"": 132, ""name"": ""wafer_particles.pattern.C04_Sector_Edge"", ""radial_beta_alpha"": 2.499683618032416, ""radial_beta_beta"": 2.680150963893376, ""schema_version"": ""wafer_particles.pattern_config.v1"", ""side"": ""right"", ""theta_vonmises_kappa"": 6.124395208156779, ""wafer_radius_mm"": 150.0}",855
sample_000856,C04_Sector_Edge,weibull,"{""k"": 1.4087279554318592, ""lambda_um"": 0.33962842158245937, ""max_um"": 1.0, ""min_um"": 0.01, ""per_sample"": true}",,,99,"{""angle_center_rad"": 5.058069531471338, ""angle_width_deg"": 36.136041067994455, ""edge_width_ratio"": 0.16168816236333444, ""n_particles"": 99, ""name"": ""wafer_particles.pattern.C04_Sector_Edge"", ""radial_beta_alpha"": 2.2918171686776994, ""radial_beta_beta"": 3.2439037577816894, ""schema_version"": ""wafer_particles.pattern_config.v1"", ""side"": ""right"", ""theta_vonmises_kappa"": 9.716125372952657, ""wafer_radius_mm"": 150.0}",856
sample_000857,C07_StraightLine,gaussian,"{""max_um"": 1.0, ""mean_um"": 0.5714710112527339, ""min_um"": 0.01, ""per_sample"": true, ""std_um"": 0.08259132046028576}",,,102,"{""angle_deg"": 143.56370281408854, ""n_particles"": 102, ""name"": ""wafer_particles.pattern.C07_StraightLine"", ""offset_ratio"": 0.0949144035686676, ""params"": {""segment_half_length_norm"": 0.12998403697081945, ""width_norm"": 0.046393174860435094}, ""schema_version"": ""wafer_particles.pattern_config.v1"", ""segment_half_length_ratio"": 0.784351208037757, ""wafer_radius_mm"": 150.0, ""width_ratio"": 0.02302473341372829}",857
sample_000858,radial_lines,weibull,"{""k"": 2.0809963773665245, ""lambda_um"": 0.1175794493173128, ""max_um"": 1.0, ""min_um"": 0.01, ""per_sample"": true}",line,radial_lines,168,"{""angular_jitter_deg"": 2.0, ""n_lines"": 6, ""n_particles"": 168, ""name"": ""wafer_particles.pattern.radial_lines"", ""r_max_ratio"": 1.0, ""r_min_ratio"": 0.0, ""schema_version"": ""wafer_particles.pattern_config.v1"", ""wafer_radius_mm"": 150.0}",858
sample_000859,C11_Hotspot_Elliptic,weibull,"{""k"": 1.8710095248034915, ""lambda_um"": 0.4931431114263873, ""max_um"": 1.0, ""min_um"": 0.01, ""per_sample"": true}",,,56,"{""center_angle"": ""random"", ""center_angle_rad"": 3.2526851067036855, ""center_radius_ratio"": 0.021611987554727485, ""mode"": ""random"", ""n_particles"": 56, ""name"": ""wafer_particles.pattern.C11_Hotspot_Elliptic"", ""rotation_deg"": 30.0, ""rotation_rad"": 5.688713385418761, ""schema_version"": ""wafer_particles.pattern_config.v1"", ""sigma_x_ratio"": 0.06872206090955224, ""sigma_y_ratio"": 0.049151143645352884, ""wafer_radius_mm"": 150.0}",859
sample_000860,C02_EdgeBiased,lognormal,"{""max_um"": 1.0, ""min_um"": 0.01, ""mu_log"": -3.326885105028268, ""per_sample"": true, ""sigma_log"": 0.7196178510863156}",,,34,"{""edge_bias"": 2.1999477015355295, ""n_particles"": 34, ""name"": ""wafer_particles.pattern.C02_EdgeBiased"", ""schema_version"": ""wafer_particles.pattern_config.v1"", ""wafer_radius_mm"": 150.0}",860
sample_000861,C05_Sector_Internal,lognormal,"{""max_um"": 1.0, ""min_um"": 0.01, ""mu_log"": -2.8376241487851424, ""per_sample"": true, ""sigma_log"": 0.8153561198022301}",,,108,"{""angle_center_rad"": 1.5438943972386392, ""angle_width_deg"": 56.978629120789606, ""edge_margin_norm"": 0.05, ""n_particles"": 108, ""name"": ""wafer_particles.pattern.C05_Sector_Internal"", ""r_inner_ratio"": 0.22843221184054724, ""r_outer_ratio"": 0.8231853547432059, ""radial_beta_alpha"": 3.9724985069361036, ""radial_beta_beta"": 2.5617338972613, ""schema_version"": ""wafer_particles.pattern_config.v1"", ""theta_vonmises_kappa"": 7.701873717548085, ""wafer_radius_mm"": 150.0}",861
sample_000862,C11_Hotspot_Elliptic,gaussian,"{""max_um"": 1.0, ""mean_um"": 0.15880277825855343, ""min_um"": 0.01, ""per_sample"": true, ""std_um"": 0.06426628393308371}",,,34,"{""center_angle"": ""random"", ""center_angle_rad"": 4.625256745113714, ""center_radius_ratio"": 0.8479716638248401, ""mode"": ""random"", ""n_particles"": 34, ""name"": ""wafer_particles.pattern.C11_Hotspot_Elliptic"", ""rotation_deg"": 30.0, ""rotation_rad"": 0.8181461534408464, ""schema_version"": ""wafer_particles.pattern_config.v1"", ""sigma_x_ratio"": 0.08347765363819803, ""sigma_y_ratio"": 0.05252962253209035, ""wafer_radius_mm"": 150.0}",862
sample_000863,C05_Sector_Internal,lognormal,"{""max_um"": 1.0, ""min_um"": 0.01, ""mu_log"": -1.131698994800114, ""per_sample"": true, ""sigma_log"": 0.854879976208559}",,,132,"{""angle_center_rad"": 4.858695106815291, ""angle_width_deg"": 35.119483813391675, ""edge_margin_norm"": 0.05, ""n_particles"": 132, ""name"": ""wafer_particles.pattern.C05_Sector_Internal"", ""r_inner_ratio"": 0.24028263835023728, ""r_outer_ratio"": 0.6118490399869781, ""radial_beta_alpha"": 3.8586649271297047, ""radial_beta_beta"": 2.1299939572917204, ""schema_version"": ""wafer_particles.pattern_config.v1"", ""theta_vonmises_kappa"": 6.046812709427081, ""wafer_radius_mm"": 150.0}",863
sample_000864,C11_Hotspot_Elliptic,lognormal,"{""max_um"": 1.0, ""min_um"": 0.01, ""mu_log"": -2.542851992742717, ""per_sample"": true, ""sigma_log"": 0.5849620331871817}",,,104,"{""center_angle"": ""random"", ""center_angle_rad"": 0.28838694342278615, ""center_radius_ratio"": 0.29443042287125476, ""mode"": ""random"", ""n_particles"": 104, ""name"": ""wafer_particles.pattern.C11_Hotspot_Elliptic"", ""rotation_deg"": 30.0, ""rotation_rad"": 1.5760804448052912, ""schema_version"": ""wafer_particles.pattern_config.v1"", ""sigma_x_ratio"": 0.08800783014201538, ""sigma_y_ratio"": 0.026960633231786844, ""wafer_radius_mm"": 150.0}",864
sample_000865,C05_Sector_Internal,gaussian,"{""max_um"": 1.0, ""mean_um"": 0.7070519124892434, ""min_um"": 0.01, ""per_sample"": true, ""std_um"": 0.0891200150949503}",,,161,"{""angle_center_rad"": 2.203971990240061, ""angle_width_deg"": 107.50388485347648, ""edge_margin_norm"": 0.05, ""n_particles"": 161, ""name"": ""wafer_particles.pattern.C05_Sector_Internal"", ""r_inner_ratio"": 0.28553405700885376, ""r_outer_ratio"": 0.7031653307905451, ""radial_beta_alpha"": 1.712281090186798, ""radial_beta_beta"": 1.5977813958389955, ""schema_version"": ""wafer_particles.pattern_config.v1"", ""theta_vonmises_kappa"": 4.633909835306664, ""wafer_radius_mm"": 150.0}",865
sample_000866,C01_Uniform,pareto,"{""alpha"": 2.383296792486287, ""max_um"": 1.0, ""min_um"": 0.01, ""per_sample"": true, ""xm_um"": 0.09700797438998489}",,,173,"{""n_particles"": 173, ""name"": ""wafer_particles.pattern.C01_Uniform"", ""schema_version"": ""wafer_particles.pattern_config.v1"", ""wafer_radius_mm"": 150.0}",866
sample_000867,C02_EdgeBiased,lognormal,"{""max_um"": 1.0, ""min_um"": 0.01, ""mu_log"": -1.7383573191627488, ""per_sample"": true, ""sigma_log"": 0.6620995704564947}",,,193,"{""edge_bias"": 3.207145902884961, ""n_particles"": 193, ""name"": ""wafer_particles.pattern.C02_EdgeBiased"", ""schema_version"": ""wafer_particles.pattern_config.v1"", ""wafer_radius_mm"": 150.0}",867
sample_000868,C08_CurvedScratch,lognormal,"{""max_um"": 1.0, ""min_um"": 0.01, ""mu_log"": -3.0474300374736245, ""per_sample"": true, ""sigma_log"": 0.6103737667069993}",,,166,"{""angle_center_deg"": 0.0, ""angle_center_rad"": 2.6984431418533665, ""arc_radius_ratio"": 0.7251668726803996, ""n_particles"": 166, ""name"": ""wafer_particles.pattern.C08_CurvedScratch"", ""params"": {""arc_radius_norm"": 0.644838582405405, ""span_rad"": 0.7290879791569667, ""width_norm"": 0.04598251201914909}, ""schema_version"": ""wafer_particles.pattern_config.v1"", ""span_deg"": 34.4480915529257, ""wafer_radius_mm"": 150.0, ""width_ratio"": 0.04889324600502995}",868
sample_000869,C02_EdgeBiased,gaussian,"{""max_um"": 1.0, ""mean_um"": 0.4749273192264866, ""min_um"": 0.01, ""per_sample"": true, ""std_um"": 0.031059298315264876}",,,10,"{""edge_bias"": 2.65866236762633, ""n_particles"": 10, ""name"": ""wafer_particles.pattern.C02_EdgeBiased"", ""schema_version"": ""wafer_particles.pattern_config.v1"", ""wafer_radius_mm"": 150.0}",869
sample_000870,C11_Hotspot_Elliptic,lognormal,"{""max_um"": 1.0, ""min_um"": 0.01, ""mu_log"": -2.8629027119592525, ""per_sample"": true, ""sigma_log"": 0.6231288131183972}",,,188,"{""center_angle"": ""random"", ""center_angle_rad"": 2.334576422919988, ""center_radius_ratio"": 0.006260411337613714, ""mode"": ""random"", ""n_particles"": 188, ""name"": ""wafer_particles.pattern.C11_Hotspot_Elliptic"", ""rotation_deg"": 30.0, ""rotation_rad"": 1.351897270832574, ""schema_version"": ""wafer_particles.pattern_config.v1"", ""sigma_x_ratio"": 0.0993123790952919, ""sigma_y_ratio"": 0.06723137399555734, ""wafer_radius_mm"": 150.0}",870
sample_000871,C08_CurvedScratch,gaussian,"{""max_um"": 1.0, ""mean_um"": 0.7489397165350978, ""min_um"": 0.01, ""per_sample"": true, ""std_um"": 0.020927265346694385}",,,24,"{""angle_center_deg"": 0.0, ""angle_center_rad"": 1.68550266133673, ""arc_radius_ratio"": 0.4760924119508229, ""n_particles"": 24, ""name"": ""wafer_particles.pattern.C08_CurvedScratch"", ""params"": {""arc_radius_norm"": 0.6460698884692059, ""span_rad"": 0.6394747949989907, ""width_norm"": 0.055482438280438}, ""schema_version"": ""wafer_particles.pattern_config.v1"", ""span_deg"": 110.31049563563367, ""wafer_radius_mm"": 150.0, ""width_ratio"": 0.0344736524999642}",871
sample_000872,C08_CurvedScratch,weibull,"{""k"": 1.2604352924853386, ""lambda_um"": 0.4742463703348927, ""max_um"": 1.0, ""min_um"": 0.01, ""per_sample"": true}",,,21,"{""angle_center_deg"": 0.0, ""angle_center_rad"": 2.983236734045998, ""arc_radius_ratio"": 0.6929845890235391, ""n_particles"": 21, ""name"": ""wafer_particles.pattern.C08_CurvedScratch"", ""params"": {""arc_radius_norm"": 0.6329302122955525, ""span_rad"": 0.45462893827265966, ""width_norm"": 0.05493312632021499}, ""schema_version"": ""wafer_particles.pattern_config.v1"", ""span_deg"": 30.063704194660502, ""wafer_radius_mm"": 150.0, ""width_ratio"": 0.03449755976524379}",872
sample_000873,C01_Uniform,gaussian,"{""max_um"": 1.0, ""mean_um"": 0.510782697344237, ""min_um"": 0.01, ""per_sample"": true, ""std_um"": 0.03772491352896054}",,,74,"{""n_particles"": 74, ""name"": ""wafer_particles.pattern.C01_Uniform"", ""schema_version"": ""wafer_particles.pattern_config.v1"", ""wafer_radius_mm"": 150.0}",873
sample_000874,C05_Sector_Internal,lognormal,"{""max_um"": 1.0, ""min_um"": 0.01, ""mu_log"": -2.60423697786299, ""per_sample"": true, ""sigma_log"": 0.5077681128972644}",,,180,"{""angle_center_rad"": 6.080982143976978, ""angle_width_deg"": 67.64845382242837, ""edge_margin_norm"": 0.05, ""n_particles"": 180, ""name"": ""wafer_particles.pattern.C05_Sector_Internal"", ""r_inner_ratio"": 0.09630763819436411, ""r_outer_ratio"": 0.602655999336087, ""radial_beta_alpha"": 2.595833124421917, ""radial_beta_beta"": 3.7627669935167205, ""schema_version"": ""wafer_particles.pattern_config.v1"", ""theta_vonmises_kappa"": 7.266452918196245, ""wafer_radius_mm"": 150.0}",874
sample_000875,C09_Spiral,weibull,"{""k"": 1.6682071686266227, ""lambda_um"": 0.045771176199499025, ""max_um"": 1.0, ""min_um"": 0.01, ""per_sample"": true}",,,61,"{""end_r_ratio"": 0.9768947031011215, ""n_particles"": 61, ""name"": ""wafer_particles.pattern.C09_Spiral"", ""params"": {""theta_max"": 16.13615930351574, ""width_norm"": 0.012336027246903816}, ""schema_version"": ""wafer_particles.pattern_config.v1"", ""start_r_ratio"": 0.19828269700085288, ""theta_max"": 17.25497378008901, ""wafer_radius_mm"": 150.0, ""width_ratio"": 0.04695539803440339}",875
sample_000876,C05_Sector_Internal,weibull,"{""k"": 2.861429572228835, ""lambda_um"": 0.22634413343067522, ""max_um"": 1.0, ""min_um"": 0.01, ""per_sample"": true}",,,169,"{""angle_center_rad"": 3.7187338078774537, ""angle_width_deg"": 90.8385211542845, ""edge_margin_norm"": 0.05, ""n_particles"": 169, ""name"": ""wafer_particles.pattern.C05_Sector_Internal"", ""r_inner_ratio"": 0.14372704185617807, ""r_outer_ratio"": 0.5416208052460709, ""radial_beta_alpha"": 3.118716674891055, ""radial_beta_beta"": 1.3210810066335041, ""schema_version"": ""wafer_particles.pattern_config.v1"", ""theta_vonmises_kappa"": 5.545126894816935, ""wafer_radius_mm"": 150.0}",876
sample_000877,scratch_horizontal,pareto,"{""alpha"": 1.9354356096169694, ""max_um"": 1.0, ""min_um"": 0.01, ""per_sample"": true, ""xm_um"": 0.24011626450079215}",line,scratch,107,"{""angle_category"": ""horizontal"", ""length_ratio"": 1.0, ""n_particles"": 107, ""name"": ""wafer_particles.pattern.scratch"", ""offset_ratio"": 0.0, ""schema_version"": ""wafer_particles.pattern_config.v1"", ""wafer_radius_mm"": 150.0, ""width_ratio"": 0.01}",877
sample_000878,C09_Spiral,weibull,"{""k"": 2.678829062866429, ""lambda_um"": 0.4560047426628935, ""max_um"": 1.0, ""min_um"": 0.01, ""per_sample"": true}",,,112,"{""end_r_ratio"": 0.7514028944797235, ""n_particles"": 112, ""name"": ""wafer_particles.pattern.C09_Spiral"", ""params"": {""theta_max"": 25.214212225576503, ""width_norm"": 0.022885290596628742}, ""schema_version"": ""wafer_particles.pattern_config.v1"", ""start_r_ratio"": 0.24210635373405723, ""theta_max"": 17.36500003614875, ""wafer_radius_mm"": 150.0, ""width_ratio"": 0.034716625505071486}",878
sample_000879,C04_Sector_Edge,gaussian,"{""max_um"": 1.0, ""mean_um"": 0.3608872012344897, ""min_um"": 0.01, ""per_sample"": true, ""std_um"": 0.02547297863620387}",,,163,"{""angle_center_rad"": 1.5646593907762638, ""angle_width_deg"": 23.967983301012836, ""edge_width_ratio"": 0.1600709470438174, ""n_particles"": 163, ""name"": ""wafer_particles.pattern.C04_Sector_Edge"", ""radial_beta_alpha"": 1.6598561068326418, ""radial_beta_beta"": 2.8640059185241906, ""schema_version"": ""wafer_particles.pattern_config.v1"", ""side"": ""right"", ""theta_vonmises_kappa"": 9.389818458725466, ""wafer_radius_mm"": 150.0}",879
sample_000880,C09_Spiral,pareto,"{""alpha"": 3.7164252791788304, ""max_um"": 1.0, ""min_um"": 0.01, ""per_sample"": true, ""xm_um"": 0.12458613053753949}",,,131,"{""end_r_ratio"": 0.960328092161723, ""n_particles"": 131, ""name"": ""wafer_particles.pattern.C09_Spiral"", ""params"": {""theta_max"": 28.555472567695794, ""width_norm"": 0.042371734901840485}, ""schema_version"": ""wafer_particles.pattern_config.v1"", ""start_r_ratio"": 0.1192186895169699, ""theta_max"": 12.789593142262987, ""wafer_radius_mm"": 150.0, ""width_ratio"": 0.02276066883445186}",880
sample_000881,C02_EdgeBiased,lognormal,"{""max_um"": 1.0, ""min_um"": 0.01, ""mu_log"": -1.3427148633310568, ""per_sample"": true, ""sigma_log"": 0.48935032918213595}",,,195,"{""edge_bias"": 2.5637965943010403, ""n_particles"": 195, ""name"": ""wafer_particles.pattern.C02_EdgeBiased"", ""schema_version"": ""wafer_particles.pattern_config.v1"", ""wafer_radius_mm"": 150.0}",881
sample_000882,C03_Ring,gaussian,"{""max_um"": 1.0, ""mean_um"": 0.24577470800920165, ""min_um"": 0.01, ""per_sample"": true, ""std_um"": 0.05819691932075839}",,,140,"{""n_particles"": 140, ""name"": ""wafer_particles.pattern.C03_Ring"", ""radius_ratio"": 0.7633925954625391, ""schema_version"": ""wafer_particles.pattern_config.v1"", ""wafer_radius_mm"": 150.0, ""width_ratio"": 0.07301969298851724}",882
sample_000883,C06_RadialLines,lognormal,"{""max_um"": 1.0, ""min_um"": 0.01, ""mu_log"": -2.1031905185140283, ""per_sample"": true, ""sigma_log"": 0.39369270509078946}",,,33,"{""angular_jitter_deg"": 3.246880146395406, ""n_lines"": 4, ""n_particles"": 33, ""name"": ""wafer_particles.pattern.C06_RadialLines"", ""params"": {""n_lines"": 6.0, ""r_max_norm"": 0.8930241945391818, ""r_min_norm"": 0.22197380210448334, ""sigma_perp_norm"": 0.032055798148479836}, ""r_max_ratio"": 0.829679678644398, ""r_min_ratio"": 0.2803465914687627, ""schema_version"": ""wafer_particles.pattern_config.v1"", ""sigma_perp_ratio"": 0.029752883508066593, ""wafer_radius_mm"": 150.0}",883
sample_000884,C01_Uniform,gaussian,"{""max_um"": 1.0, ""mean_um"": 0.0867186537960448, ""min_um"": 0.01, ""per_sample"": true, ""std_um"": 0.08782724267335226}",,,194,"{""n_particles"": 194, ""name"": ""wafer_particles.pattern.C01_Uniform"", ""schema_version"": ""wafer_particles.pattern_config.v1"", ""wafer_radius_mm"": 150.0}",884
sample_000885,C02_EdgeBiased,weibull,"{""k"": 2.039940235230892, ""lambda_um"": 0.4648016965808151, ""max_um"": 1.0, ""min_um"": 0.01, ""per_sample"": true}",,,168,"{""edge_bias"": 3.35883097899998, ""n_particles"": 168, ""name"": ""wafer_particles.pattern.C02_EdgeBiased"", ""schema_version"": ""wafer_particles.pattern_config.v1"", ""wafer_radius_mm"": 150.0}",885
sample_000886,C01_Uniform,weibull,"{""k"": 2.4035247737848, ""lambda_um"": 0.10147684422683016, ""max_um"": 1.0, ""min_um"": 0.01, ""per_sample"": true}",,,110,"{""n_particles"": 110, ""name"": ""wafer_particles.pattern.C01_Uniform"", ""schema_version"": ""wafer_particles.pattern_config.v1"", ""wafer_radius_mm"": 150.0}",886
sample_000887,C02_EdgeBiased,gaussian,"{""max_um"": 1.0, ""mean_um"": 0.641574659144456, ""min_um"": 0.01, ""per_sample"": true, ""std_um"": 0.04755877782303722}",,,52,"{""edge_bias"": 2.4923663876621576, ""n_particles"": 52, ""name"": ""wafer_particles.pattern.C02_EdgeBiased"", ""schema_version"": ""wafer_particles.pattern_config.v1"", ""wafer_radius_mm"": 150.0}",887
sample_000888,C01_Uniform,lognormal,"{""max_um"": 1.0, ""min_um"": 0.01, ""mu_log"": -0.5181723340555946, ""per_sample"": true, ""sigma_log"": 0.7510783368029545}",,,135,"{""n_particles"": 135, ""name"": ""wafer_particles.pattern.C01_Uniform"", ""schema_version"": ""wafer_particles.pattern_config.v1"", ""wafer_radius_mm"": 150.0}",888
sample_000889,C05_Sector_Internal,lognormal,"{""max_um"": 1.0, ""min_um"": 0.01, ""mu_log"": -3.1104979121553473, ""per_sample"": true, ""sigma_log"": 0.38778853852099515}",,,167,"{""angle_center_rad"": 0.7843923934808341, ""angle_width_deg"": 75.33912964843711, ""edge_margin_norm"": 0.05, ""n_particles"": 167, ""name"": ""wafer_particles.pattern.C05_Sector_Internal"", ""r_inner_ratio"": 0.25657625136908696, ""r_outer_ratio"": 0.647795477650848, ""radial_beta_alpha"": 1.3118807458886175, ""radial_beta_beta"": 1.8839083530211673, ""schema_version"": ""wafer_particles.pattern_config.v1"", ""theta_vonmises_kappa"": 3.7216407541459806, ""wafer_radius_mm"": 150.0}",889
sample_000890,C06_RadialLines,lognormal,"{""max_um"": 1.0, ""min_um"": 0.01, ""mu_log"": -0.2689238250606656, ""per_sample"": true, ""sigma_log"": 0.3836658766881682}",,,130,"{""angular_jitter_deg"": 3.1322012639737817, ""n_lines"": 6, ""n_particles"": 130, ""name"": ""wafer_particles.pattern.C06_RadialLines"", ""params"": {""n_lines"": 6.0, ""r_max_norm"": 0.8036898388933003, ""r_min_norm"": 0.2728403653250557, ""sigma_perp_norm"": 0.04842043925920222}, ""r_max_ratio"": 0.7830927692291847, ""r_min_ratio"": 0.174293520008563, ""schema_version"": ""wafer_particles.pattern_config.v1"", ""sigma_perp_ratio"": 0.011512740093149634, ""wafer_radius_mm"": 150.0}",890
sample_000891,scratch_vertical,weibull,"{""k"": 0.7373336672183669, ""lambda_um"": 0.11199674899325096, ""max_um"": 1.0, ""min_um"": 0.01, ""per_sample"": true}",line,scratch,68,"{""angle_category"": ""vertical"", ""length_ratio"": 1.0, ""n_particles"": 68, ""name"": ""wafer_particles.pattern.scratch"", ""offset_ratio"": 0.0, ""schema_version"": ""wafer_particles.pattern_config.v1"", ""wafer_radius_mm"": 150.0, ""width_ratio"": 0.01}",891
sample_000892,scratch_vertical,lognormal,"{""max_um"": 1.0, ""min_um"": 0.01, ""mu_log"": -3.4422249508893947, ""per_sample"": true, ""sigma_log"": 0.47955573402587914}",line,scratch,184,"{""angle_category"": ""vertical"", ""length_ratio"": 1.0, ""n_particles"": 184, ""name"": ""wafer_particles.pattern.scratch"", ""offset_ratio"": 0.0, ""schema_version"": ""wafer_particles.pattern_config.v1"", ""wafer_radius_mm"": 150.0, ""width_ratio"": 0.01}",892
sample_000893,C06_RadialLines,weibull,"{""k"": 1.9702254673414494, ""lambda_um"": 0.3196883918756366, ""max_um"": 1.0, ""min_um"": 0.01, ""per_sample"": true}",,,20,"{""angular_jitter_deg"": 2.814443253499003, ""n_lines"": 8, ""n_particles"": 20, ""name"": ""wafer_particles.pattern.C06_RadialLines"", ""params"": {""n_lines"": 7.0, ""r_max_norm"": 0.7084878501433722, ""r_min_norm"": 0.10029227054172078, ""sigma_perp_norm"": 0.020913007681912565}, ""r_max_ratio"": 0.6046805284442774, ""r_min_ratio"": 0.09273710059230014, ""schema_version"": ""wafer_particles.pattern_config.v1"", ""sigma_perp_ratio"": 0.02836629059250233, ""wafer_radius_mm"": 150.0}",893
sample_000894,ring_wide,gaussian,"{""max_um"": 1.0, ""mean_um"": 0.4126449450178005, ""min_um"": 0.01, ""per_sample"": true, ""std_um"": 0.0695040350693308}",ring,ring,54,"{""n_particles"": 54, ""name"": ""wafer_particles.pattern.ring_wide"", ""radius_ratio"": 0.6, ""schema_version"": ""wafer_particles.pattern_config.v1"", ""wafer_radius_mm"": 150.0, ""width_ratio"": 0.15}",894
sample_000895,C01_Uniform,gaussian,"{""max_um"": 1.0, ""mean_um"": 0.7015027581274131, ""min_um"": 0.01, ""per_sample"": true, ""std_um"": 0.08110559987453743}",,,104,"{""n_particles"": 104, ""name"": ""wafer_particles.pattern.C01_Uniform"", ""schema_version"": ""wafer_particles.pattern_config.v1"", ""wafer_radius_mm"": 150.0}",895
sample_000896,C01_Uniform,weibull,"{""k"": 2.71597624409498, ""lambda_um"": 0.14593777175355122, ""max_um"": 1.0, ""min_um"": 0.01, ""per_sample"": true}",,,140,"{""n_particles"": 140, ""name"": ""wafer_particles.pattern.C01_Uniform"", ""schema_version"": ""wafer_particles.pattern_config.v1"", ""wafer_radius_mm"": 150.0}",896
sample_000897,C04_Sector_Edge,lognormal,"{""max_um"": 1.0, ""min_um"": 0.01, ""mu_log"": -2.335261127105933, ""per_sample"": true, ""sigma_log"": 0.32596277931462964}",,,192,"{""angle_center_rad"": 6.17802247681392, ""angle_width_deg"": 25.467927061251768, ""edge_width_ratio"": 0.10633734861466836, ""n_particles"": 192, ""name"": ""wafer_particles.pattern.C04_Sector_Edge"", ""radial_beta_alpha"": 1.7447654857456028, ""radial_beta_beta"": 2.14460252143781, ""schema_version"": ""wafer_particles.pattern_config.v1"", ""side"": ""right"", ""theta_vonmises_kappa"": 4.672792070096183, ""wafer_radius_mm"": 150.0}",897
sample_000898,C02_EdgeBiased,lognormal,"{""max_um"": 1.0, ""min_um"": 0.01, ""mu_log"": -1.592704502684227, ""per_sample"": true, ""sigma_log"": 0.24708328708260063}",,,156,"{""edge_bias"": 3.1796041979278047, ""n_particles"": 156, ""name"": ""wafer_particles.pattern.C02_EdgeBiased"", ""schema_version"": ""wafer_particles.pattern_config.v1"", ""wafer_radius_mm"": 150.0}",898
sample_000899,C11_Hotspot_Elliptic,weibull,"{""k"": 2.49602049926908, ""lambda_um"": 0.44039212947421386, ""max_um"": 1.0, ""min_um"": 0.01, ""per_sample"": true}",,,162,"{""center_angle"": ""random"", ""center_angle_rad"": 4.091281972252887, ""center_radius_ratio"": 0.727108321807805, ""mode"": ""random"", ""n_particles"": 162, ""name"": ""wafer_particles.pattern.C11_Hotspot_Elliptic"", ""rotation_deg"": 30.0, ""rotation_rad"": 5.253944538514286, ""schema_version"": ""wafer_particles.pattern_config.v1"", ""sigma_x_ratio"": 0.08815823905373754, ""sigma_y_ratio"": 0.07748074292027077, ""wafer_radius_mm"": 150.0}",899
sample_000900,C02_EdgeBiased,gaussian,"{""max_um"": 1.0, ""mean_um"": 0.5013859600353824, ""min_um"": 0.01, ""per_sample"": true, ""std_um"": 0.07569081644253502}",,,63,"{""edge_bias"": 2.6978146243006798, ""n_particles"": 63, ""name"": ""wafer_particles.pattern.C02_EdgeBiased"", ""schema_version"": ""wafer_particles.pattern_config.v1"", ""wafer_radius_mm"": 150.0}",900
sample_000901,C04_Sector_Edge,weibull,"{""k"": 2.8055694462992227, ""lambda_um"": 0.0873185847089963, ""max_um"": 1.0, ""min_um"": 0.01, ""per_sample"": true}",,,70,"{""angle_center_rad"": 0.3488406779162973, ""angle_width_deg"": 56.3050366164589, ""edge_width_ratio"": 0.18482123757669272, ""n_particles"": 70, ""name"": ""wafer_particles.pattern.C04_Sector_Edge"", ""radial_beta_alpha"": 1.3338370793952046, ""radial_beta_beta"": 3.0624023549495707, ""schema_version"": ""wafer_particles.pattern_config.v1"", ""side"": ""right"", ""theta_vonmises_kappa"": 1.1118660970206107, ""wafer_radius_mm"": 150.0}",901
sample_000902,C08_CurvedScratch,gaussian,"{""max_um"": 1.0, ""mean_um"": 0.5646803387717081, ""min_um"": 0.01, ""per_sample"": true, ""std_um"": 0.0230301755188695}",,,123,"{""angle_center_deg"": 0.0, ""angle_center_rad"": 4.942136108340193, ""arc_radius_ratio"": 0.7738534531338521, ""n_particles"": 123, ""name"": ""wafer_particles.pattern.C08_CurvedScratch"", ""params"": {""arc_radius_norm"": 0.7800039473195178, ""span_rad"": 0.5663021936816676, ""width_norm"": 0.05876025313070148}, ""schema_version"": ""wafer_particles.pattern_config.v1"", ""span_deg"": 129.72411335026476, ""wafer_radius_mm"": 150.0, ""width_ratio"": 0.021917898914674647}",902
sample_000903,C03_Ring,weibull,"{""k"": 2.907711956960288, ""lambda_um"": 0.082231059889916, ""max_um"": 1.0, ""min_um"": 0.01, ""per_sample"": true}",,,161,"{""n_particles"": 161, ""name"": ""wafer_particles.pattern.C03_Ring"", ""radius_ratio"": 0.4534315545619304, ""schema_version"": ""wafer_particles.pattern_config.v1"", ""wafer_radius_mm"": 150.0, ""width_ratio"": 0.042728413407319935}",903
sample_000904,C04_Sector_Edge,gaussian,"{""max_um"": 1.0, ""mean_um"": 0.5799991747641795, ""min_um"": 0.01, ""per_sample"": true, ""std_um"": 0.07708527635270775}",,,48,"{""angle_center_rad"": 3.120036412841704, ""angle_width_deg"": 28.861068325610646, ""edge_width_ratio"": 0.13632955846025518, ""n_particles"": 48, ""name"": ""wafer_particles.pattern.C04_Sector_Edge"", ""radial_beta_alpha"": 2.1530823461866837, ""radial_beta_beta"": 1.7598223868460656, ""schema_version"": ""wafer_particles.pattern_config.v1"", ""side"": ""right"", ""theta_vonmises_kappa"": 1.7735648566494182, ""wafer_radius_mm"": 150.0}",904
sample_000905,C09_Spiral,gaussian,"{""max_um"": 1.0, ""mean_um"": 0.3165405167618797, ""min_um"": 0.01, ""per_sample"": true, ""std_um"": 0.057625361746706835}",,,162,"{""end_r_ratio"": 0.9831237012777388, ""n_particles"": 162, ""name"": ""wafer_particles.pattern.C09_Spiral"", ""params"": {""theta_max"": 19.998117669407513, ""width_norm"": 0.04995126511844491}, ""schema_version"": ""wafer_particles.pattern_config.v1"", ""start_r_ratio"": 0.14467677293577821, ""theta_max"": 14.882036893222256, ""wafer_radius_mm"": 150.0, ""width_ratio"": 0.048874345752966175}",905
sample_000906,C09_Spiral,weibull,"{""k"": 1.7712258753032886, ""lambda_um"": 0.1374260726194759, ""max_um"": 1.0, ""min_um"": 0.01, ""per_sample"": true}",,,178,"{""end_r_ratio"": 0.7624022090057361, ""n_particles"": 178, ""name"": ""wafer_particles.pattern.C09_Spiral"", ""params"": {""theta_max"": 15.650862931920553, ""width_norm"": 0.027745030537979665}, ""schema_version"": ""wafer_particles.pattern_config.v1"", ""start_r_ratio"": 0.03694442164867353, ""theta_max"": 9.225399134822174, ""wafer_radius_mm"": 150.0, ""width_ratio"": 0.04774264153558731}",906
sample_000907,C09_Spiral,lognormal,"{""max_um"": 1.0, ""min_um"": 0.01, ""mu_log"": -3.581225400801993, ""per_sample"": true, ""sigma_log"": 0.6819414603680163}",,,82,"{""end_r_ratio"": 0.7765529604396497, ""n_particles"": 82, ""name"": ""wafer_particles.pattern.C09_Spiral"", ""params"": {""theta_max"": 17.64821727092285, ""width_norm"": 0.045287923510763085}, ""schema_version"": ""wafer_particles.pattern_config.v1"", ""start_r_ratio"": 0.12028333043181777, ""theta_max"": 16.601933839713922, ""wafer_radius_mm"": 150.0, ""width_ratio"": 0.02013408419599919}",907
sample_000908,C11_Hotspot_Elliptic,weibull,"{""k"": 2.6996070141978903, ""lambda_um"": 0.4632771540329694, ""max_um"": 1.0, ""min_um"": 0.01, ""per_sample"": true}",,,62,"{""center_angle"": ""random"", ""center_angle_rad"": 4.1897033335994065, ""center_radius_ratio"": 0.20168079598321584, ""mode"": ""random"", ""n_particles"": 62, ""name"": ""wafer_particles.pattern.C11_Hotspot_Elliptic"", ""rotation_deg"": 30.0, ""rotation_rad"": 2.5731211969076133, ""schema_version"": ""wafer_particles.pattern_config.v1"", ""sigma_x_ratio"": 0.09384857926992192, ""sigma_y_ratio"": 0.045063677528017695, ""wafer_radius_mm"": 150.0}",908
sample_000909,edge_sector_right,lognormal,"{""max_um"": 1.0, ""min_um"": 0.01, ""mu_log"": -2.735286634366558, ""per_sample"": true, ""sigma_log"": 0.3456817613357286}",sector,edge_sector,100,"{""angle_width_deg"": 40.0, ""edge_width_ratio"": 0.1, ""n_particles"": 100, ""name"": ""wafer_particles.pattern.edge_sector"", ""schema_version"": ""wafer_particles.pattern_config.v1"", ""side"": ""right"", ""wafer_radius_mm"": 150.0}",909
sample_000910,C01_Uniform,weibull,"{""k"": 2.7516599659321335, ""lambda_um"": 0.3956133138054575, ""max_um"": 1.0, ""min_um"": 0.01, ""per_sample"": true}",,,125,"{""n_particles"": 125, ""name"": ""wafer_particles.pattern.C01_Uniform"", ""schema_version"": ""wafer_particles.pattern_config.v1"", ""wafer_radius_mm"": 150.0}",910
sample_000911,C11_Hotspot_Elliptic,weibull,"{""k"": 1.9392965821598405, ""lambda_um"": 0.19427872711477373, ""max_um"": 1.0, ""min_um"": 0.01, ""per_sample"": true}",,,152,"{""center_angle"": ""random"", ""center_angle_rad"": 1.3065710665011683, ""center_radius_ratio"": 0.11270101530676398, ""mode"": ""random"", ""n_particles"": 152, ""name"": ""wafer_particles.pattern.C11_Hotspot_Elliptic"", ""rotation_deg"": 30.0, ""rotation_rad"": 0.8016712613523149, ""schema_version"": ""wafer_particles.pattern_config.v1"", ""sigma_x_ratio"": 0.08073822111933077, ""sigma_y_ratio"": 0.04471501000881112, ""wafer_radius_mm"": 150.0}",911
sample_000912,C02_EdgeBiased,lognormal,"{""max_um"": 1.0, ""min_um"": 0.01, ""mu_log"": -1.0662121969232268, ""per_sample"": true, ""sigma_log"": 0.5139630651471903}",,,45,"{""edge_bias"": 2.841309063138061, ""n_particles"": 45, ""name"": ""wafer_particles.pattern.C02_EdgeBiased"", ""schema_version"": ""wafer_particles.pattern_config.v1"", ""wafer_radius_mm"": 150.0}",912
sample_000913,C09_Spiral,gaussian,"{""max_um"": 1.0, ""mean_um"": 0.1874736185776739, ""min_um"": 0.01, ""per_sample"": true, ""std_um"": 0.040893964572373}",,,186,"{""end_r_ratio"": 0.7300893305696131, ""n_particles"": 186, ""name"": ""wafer_particles.pattern.C09_Spiral"", ""params"": {""theta_max"": 19.855572642986182, ""width_norm"": 0.04657003543994096}, ""schema_version"": ""wafer_particles.pattern_config.v1"", ""start_r_ratio"": 0.11626911399687774, ""theta_max"": 7.003254482622402, ""wafer_radius_mm"": 150.0, ""width_ratio"": 0.02217564605557195}",913
sample_000914,C08_CurvedScratch,gaussian,"{""max_um"": 1.0, ""mean_um"": 0.3551365681021558, ""min_um"": 0.01, ""per_sample"": true, ""std_um"": 0.06599722361415075}",,,98,"{""angle_center_deg"": 0.0, ""angle_center_rad"": 1.3043380595755592, ""arc_radius_ratio"": 0.4728183083821806, ""n_particles"": 98, ""name"": ""wafer_particles.pattern.C08_CurvedScratch"", ""params"": {""arc_radius_norm"": 0.565855917832639, ""span_rad"": 0.4373311159113389, ""width_norm"": 0.04117106635353621}, ""schema_version"": ""wafer_particles.pattern_config.v1"", ""span_deg"": 65.44518148806543, ""wafer_radius_mm"": 150.0, ""width_ratio"": 0.0252679146200517}",914
sample_000915,C03_Ring,gaussian,"{""max_um"": 1.0, ""mean_um"": 0.08242911817999567, ""min_um"": 0.01, ""per_sample"": true, ""std_um"": 0.05454115866301251}",,,38,"{""n_particles"": 38, ""name"": ""wafer_particles.pattern.C03_Ring"", ""radius_ratio"": 0.8748474431592905, ""schema_version"": ""wafer_particles.pattern_config.v1"", ""wafer_radius_mm"": 150.0, ""width_ratio"": 0.12449771799973687}",915
sample_000916,C03_Ring,gaussian,"{""max_um"": 1.0, ""mean_um"": 0.2165674185356786, ""min_um"": 0.01, ""per_sample"": true, ""std_um"": 0.09460961960060793}",,,135,"{""n_particles"": 135, ""name"": ""wafer_particles.pattern.C03_Ring"", ""radius_ratio"": 0.6515527235068265, ""schema_version"": ""wafer_particles.pattern_config.v1"", ""wafer_radius_mm"": 150.0, ""width_ratio"": 0.14437419774399182}",916
sample_000917,C02_EdgeBiased,lognormal,"{""max_um"": 1.0, ""min_um"": 0.01, ""mu_log"": -2.2931459141569075, ""per_sample"": true, ""sigma_log"": 0.874961151754647}",,,56,"{""edge_bias"": 1.8607144650549148, ""n_particles"": 56, ""name"": ""wafer_particles.pattern.C02_EdgeBiased"", ""schema_version"": ""wafer_particles.pattern_config.v1"", ""wafer_radius_mm"": 150.0}",917
sample_000918,ring_narrow,gaussian,"{""max_um"": 1.0, ""mean_um"": 0.48637583634961196, ""min_um"": 0.01, ""per_sample"": true, ""std_um"": 0.05619661858296622}",ring,ring,104,"{""n_particles"": 104, ""name"": ""wafer_particles.pattern.ring_narrow"", ""radius_ratio"": 0.7, ""schema_version"": ""wafer_particles.pattern_config.v1"", ""wafer_radius_mm"": 150.0, ""width_ratio"": 0.03}",918
sample_000919,C06_RadialLines,weibull,"{""k"": 2.770661079454282, ""lambda_um"": 0.29302853057163214, ""max_um"": 1.0, ""min_um"": 0.01, ""per_sample"": true}",,,98,"{""angular_jitter_deg"": 1.8952953293693904, ""n_lines"": 6, ""n_particles"": 98, ""name"": ""wafer_particles.pattern.C06_RadialLines"", ""params"": {""n_lines"": 3.0, ""r_max_norm"": 0.8917167562674715, ""r_min_norm"": 0.05470038552771302, ""sigma_perp_norm"": 0.027468433208822272}, ""r_max_ratio"": 0.8953908502775224, ""r_min_ratio"": 0.2717665086049996, ""schema_version"": ""wafer_particles.pattern_config.v1"", ""sigma_perp_ratio"": 0.00390733545114147, ""wafer_radius_mm"": 150.0}",919
sample_000920,C07_StraightLine,gaussian,"{""max_um"": 1.0, ""mean_um"": 0.44678659325225795, ""min_um"": 0.01, ""per_sample"": true, ""std_um"": 0.06364375085918356}",,,10,"{""angle_deg"": 4.22950415517967, ""n_particles"": 10, ""name"": ""wafer_particles.pattern.C07_StraightLine"", ""offset_ratio"": -0.26158648815966223, ""params"": {""segment_half_length_norm"": 0.3205257479809559, ""width_norm"": 0.034818694906803505}, ""schema_version"": ""wafer_particles.pattern_config.v1"", ""segment_half_length_ratio"": 0.8707226345161769, ""wafer_radius_mm"": 150.0, ""width_ratio"": 0.014643985981352903}",920
sample_000921,C02_EdgeBiased,weibull,"{""k"": 2.3298403413023236, ""lambda_um"": 0.35163476427647894, ""max_um"": 1.0, ""min_um"": 0.01, ""per_sample"": true}",,,158,"{""edge_bias"": 2.415509584625898, ""n_particles"": 158, ""name"": ""wafer_particles.pattern.C02_EdgeBiased"", ""schema_version"": ""wafer_particles.pattern_config.v1"", ""wafer_radius_mm"": 150.0}",921
sample_000922,C09_Spiral,gaussian,"{""max_um"": 1.0, ""mean_um"": 0.5334836703064328, ""min_um"": 0.01, ""per_sample"": true, ""std_um"": 0.09683148222998948}",,,21,"{""end_r_ratio"": 0.8454048184682723, ""n_particles"": 21, ""name"": ""wafer_particles.pattern.C09_Spiral"", ""params"": {""theta_max"": 16.92990500431058, ""width_norm"": 0.04914640421476746}, ""schema_version"": ""wafer_particles.pattern_config.v1"", ""start_r_ratio"": 0.03039449391265445, ""theta_max"": 17.51175067770512, ""wafer_radius_mm"": 150.0, ""width_ratio"": 0.030570723939850993}",922
sample_000923,C09_Spiral,lognormal,"{""max_um"": 1.0, ""min_um"": 0.01, ""mu_log"": -0.7491726094613815, ""per_sample"": true, ""sigma_log"": 0.7143073302983551}",,,160,"{""end_r_ratio"": 0.895699550591091, ""n_particles"": 160, ""name"": ""wafer_particles.pattern.C09_Spiral"", ""params"": {""theta_max"": 14.619435114082737, ""width_norm"": 0.0209205026625284}, ""schema_version"": ""wafer_particles.pattern_config.v1"", ""start_r_ratio"": 0.213256787565149, ""theta_max"": 15.092327230928058, ""wafer_radius_mm"": 150.0, ""width_ratio"": 0.03691823274819463}",923
sample_000924,C06_RadialLines,gaussian,"{""max_um"": 1.0, ""mean_um"": 0.7073142287571283, ""min_um"": 0.01, ""per_sample"": true, ""std_um"": 0.06908920757644381}",,,157,"{""angular_jitter_deg"": 3.031892169426329, ""n_lines"": 4, ""n_particles"": 157, ""name"": ""wafer_particles.pattern.C06_RadialLines"", ""params"": {""n_lines"": 8.0, ""r_max_norm"": 0.8973975327758457, ""r_min_norm"": 0.06670536061633188, ""sigma_perp_norm"": 0.03313048111878347}, ""r_max_ratio"": 0.83124460195802, ""r_min_ratio"": 0.05811161904626422, ""schema_version"": ""wafer_particles.pattern_config.v1"", ""sigma_perp_ratio"": 0.003655360399802606, ""wafer_radius_mm"": 150.0}",924
sample_000925,C04_Sector_Edge,weibull,"{""k"": 2.6114055408073336, ""lambda_um"": 0.3816392822894397, ""max_um"": 1.0, ""min_um"": 0.01, ""per_sample"": true}",,,136,"{""angle_center_rad"": 4.179745075808686, ""angle_width_deg"": 87.60487986179581, ""edge_width_ratio"": 0.23899205247325112, ""n_particles"": 136, ""name"": ""wafer_particles.pattern.C04_Sector_Edge"", ""radial_beta_alpha"": 3.009003786755974, ""radial_beta_beta"": 2.731461955902275, ""schema_version"": ""wafer_particles.pattern_config.v1"", ""side"": ""right"", ""theta_vonmises_kappa"": 5.229264350311016, ""wafer_radius_mm"": 150.0}",925
sample_000926,C04_Sector_Edge,lognormal,"{""max_um"": 1.0, ""min_um"": 0.01, ""mu_log"": -3.5284597828900823, ""per_sample"": true, ""sigma_log"": 0.6189786726948532}",,,37,"{""angle_center_rad"": 4.438933679405877, ""angle_width_deg"": 40.025238499905385, ""edge_width_ratio"": 0.2981761815782324, ""n_particles"": 37, ""name"": ""wafer_particles.pattern.C04_Sector_Edge"", ""radial_beta_alpha"": 1.8073605268038397, ""radial_beta_beta"": 2.9692979046241916, ""schema_version"": ""wafer_particles.pattern_config.v1"", ""side"": ""right"", ""theta_vonmises_kappa"": 2.617047379092793, ""wafer_radius_mm"": 150.0}",926
sample_000927,edge_sector_right,gaussian,"{""max_um"": 1.0, ""mean_um"": 0.20269379292994888, ""min_um"": 0.01, ""per_sample"": true, ""std_um"": 0.07888492524073608}",sector,edge_sector,45,"{""angle_width_deg"": 40.0, ""edge_width_ratio"": 0.1, ""n_particles"": 45, ""name"": ""wafer_particles.pattern.edge_sector"", ""schema_version"": ""wafer_particles.pattern_config.v1"", ""side"": ""right"", ""wafer_radius_mm"": 150.0}",927
sample_000928,C01_Uniform,lognormal,"{""max_um"": 1.0, ""min_um"": 0.01, ""mu_log"": -3.8098915544788454, ""per_sample"": true, ""sigma_log"": 0.4185366334736278}",,,119,"{""n_particles"": 119, ""name"": ""wafer_particles.pattern.C01_Uniform"", ""schema_version"": ""wafer_particles.pattern_config.v1"", ""wafer_radius_mm"": 150.0}",928
sample_000929,C11_Hotspot_Elliptic,lognormal,"{""max_um"": 1.0, ""min_um"": 0.01, ""mu_log"": -3.8027240647103864, ""per_sample"": true, ""sigma_log"": 0.7583316482656983}",,,40,"{""center_angle"": ""random"", ""center_angle_rad"": 0.4531302548570717, ""center_radius_ratio"": 0.5165175730933721, ""mode"": ""random"", ""n_particles"": 40, ""name"": ""wafer_particles.pattern.C11_Hotspot_Elliptic"", ""rotation_deg"": 30.0, ""rotation_rad"": 3.714319305698057, ""schema_version"": ""wafer_particles.pattern_config.v1"", ""sigma_x_ratio"": 0.11913399598884028, ""sigma_y_ratio"": 0.05554944862452597, ""wafer_radius_mm"": 150.0}",929
sample_000930,C05_Sector_Internal,lognormal,"{""max_um"": 1.0, ""min_um"": 0.01, ""mu_log"": -3.311227196380835, ""per_sample"": true, ""sigma_log"": 0.2573110009949502}",,,39,"{""angle_center_rad"": 5.3424133214668315, ""angle_width_deg"": 65.56258380673083, ""edge_margin_norm"": 0.05, ""n_particles"": 39, ""name"": ""wafer_particles.pattern.C05_Sector_Internal"", ""r_inner_ratio"": 0.05081461082855686, ""r_outer_ratio"": 0.7649701357675001, ""radial_beta_alpha"": 2.806283204846358, ""radial_beta_beta"": 1.8513077947160745, ""schema_version"": ""wafer_particles.pattern_config.v1"", ""theta_vonmises_kappa"": 1.1014615899229894, ""wafer_radius_mm"": 150.0}",930
sample_000931,C05_Sector_Internal,lognormal,"{""max_um"": 1.0, ""min_um"": 0.01, ""mu_log"": -1.3932896600999212, ""per_sample"": true, ""sigma_log"": 0.7037404038395016}",,,60,"{""angle_center_rad"": 4.046580612302714, ""angle_width_deg"": 46.16014597386606, ""edge_margin_norm"": 0.05, ""n_particles"": 60, ""name"": ""wafer_particles.pattern.C05_Sector_Internal"", ""r_inner_ratio"": 0.35319947916149774, ""r_outer_ratio"": 0.7878875768678013, ""radial_beta_alpha"": 2.4976972758424294, ""radial_beta_beta"": 3.5774250217306998, ""schema_version"": ""wafer_particles.pattern_config.v1"", ""theta_vonmises_kappa"": 1.2082493147017204, ""wafer_radius_mm"": 150.0}",931
sample_000932,C01_Uniform,lognormal,"{""max_um"": 1.0, ""min_um"": 0.01, ""mu_log"": -1.317667061031083, ""per_sample"": true, ""sigma_log"": 0.5619588725699147}",,,142,"{""n_particles"": 142, ""name"": ""wafer_particles.pattern.C01_Uniform"", ""schema_version"": ""wafer_particles.pattern_config.v1"", ""wafer_radius_mm"": 150.0}",932
sample_000933,C02_EdgeBiased,gaussian,"{""max_um"": 1.0, ""mean_um"": 0.2233163099587515, ""min_um"": 0.01, ""per_sample"": true, ""std_um"": 0.036437749007243385}",,,115,"{""edge_bias"": 2.018285856691234, ""n_particles"": 115, ""name"": ""wafer_particles.pattern.C02_EdgeBiased"", ""schema_version"": ""wafer_particles.pattern_config.v1"", ""wafer_radius_mm"": 150.0}",933
sample_000934,C02_EdgeBiased,gaussian,"{""max_um"": 1.0, ""mean_um"": 0.406370361008045, ""min_um"": 0.01, ""per_sample"": true, ""std_um"": 0.09006535506719876}",,,175,"{""edge_bias"": 3.6629964957879855, ""n_particles"": 175, ""name"": ""wafer_particles.pattern.C02_EdgeBiased"", ""schema_version"": ""wafer_particles.pattern_config.v1"", ""wafer_radius_mm"": 150.0}",934
sample_000935,C03_Ring,lognormal,"{""max_um"": 1.0, ""min_um"": 0.01, ""mu_log"": -3.6161263418789127, ""per_sample"": true, ""sigma_log"": 0.7307295337202349}",,,104,"{""n_particles"": 104, ""name"": ""wafer_particles.pattern.C03_Ring"", ""radius_ratio"": 0.5338605803649112, ""schema_version"": ""wafer_particles.pattern_config.v1"", ""wafer_radius_mm"": 150.0, ""width_ratio"": 0.1897434542819693}",935
sample_000936,C03_Ring,gaussian,"{""max_um"": 1.0, ""mean_um"": 0.45523793471196433, ""min_um"": 0.01, ""per_sample"": true, ""std_um"": 0.027634998889895658}",,,184,"{""n_particles"": 184, ""name"": ""wafer_particles.pattern.C03_Ring"", ""radius_ratio"": 0.4408354154848697, ""schema_version"": ""wafer_particles.pattern_config.v1"", ""wafer_radius_mm"": 150.0, ""width_ratio"": 0.052136144322399255}",936
sample_000937,C04_Sector_Edge,gaussian,"{""max_um"": 1.0, ""mean_um"": 0.5872382621141158, ""min_um"": 0.01, ""per_sample"": true, ""std_um"": 0.06808968752901935}",,,80,"{""angle_center_rad"": 1.5556310681682433, ""angle_width_deg"": 57.882768468335485, ""edge_width_ratio"": 0.27561434134577195, ""n_particles"": 80, ""name"": ""wafer_particles.pattern.C04_Sector_Edge"", ""radial_beta_alpha"": 3.682607383317314, ""radial_beta_beta"": 1.2962300808151968, ""schema_version"": ""wafer_particles.pattern_config.v1"", ""side"": ""right"", ""theta_vonmises_kappa"": 5.558466093922345, ""wafer_radius_mm"": 150.0}",937
sample_000938,C03_Ring,lognormal,"{""max_um"": 1.0, ""min_um"": 0.01, ""mu_log"": -0.47890272583883986, ""per_sample"": true, ""sigma_log"": 0.8203892683244356}",,,141,"{""n_particles"": 141, ""name"": ""wafer_particles.pattern.C03_Ring"", ""radius_ratio"": 0.46701466631772215, ""schema_version"": ""wafer_particles.pattern_config.v1"", ""wafer_radius_mm"": 150.0, ""width_ratio"": 0.06720427647019647}",938
sample_000939,C05_Sector_Internal,lognormal,"{""max_um"": 1.0, ""min_um"": 0.01, ""mu_log"": -2.138508874842743, ""per_sample"": true, ""sigma_log"": 0.8063429236890367}",,,27,"{""angle_center_rad"": 5.054331416531623, ""angle_width_deg"": 73.29250646837023, ""edge_margin_norm"": 0.05, ""n_particles"": 27, ""name"": ""wafer_particles.pattern.C05_Sector_Internal"", ""r_inner_ratio"": 0.2855937258470873, ""r_outer_ratio"": 0.7998684188869176, ""radial_beta_alpha"": 3.7160154177844893, ""radial_beta_beta"": 1.2161356144719344, ""schema_version"": ""wafer_particles.pattern_config.v1"", ""theta_vonmises_kappa"": 4.221352379184783, ""wafer_radius_mm"": 150.0}",939
sample_000940,C01_Uniform,pareto,"{""alpha"": 2.2467625617175426, ""max_um"": 1.0, ""min_um"": 0.01, ""per_sample"": true, ""xm_um"": 0.2561285460744104}",,,105,"{""n_particles"": 105, ""name"": ""wafer_particles.pattern.C01_Uniform"", ""schema_version"": ""wafer_particles.pattern_config.v1"", ""wafer_radius_mm"": 150.0}",940
sample_000941,C08_CurvedScratch,pareto,"{""alpha"": 2.2515936818460385, ""max_um"": 1.0, ""min_um"": 0.01, ""per_sample"": true, ""xm_um"": 0.10174586910344234}",,,175,"{""angle_center_deg"": 0.0, ""angle_center_rad"": 1.936238235101627, ""arc_radius_ratio"": 0.4186815538953976, ""n_particles"": 175, ""name"": ""wafer_particles.pattern.C08_CurvedScratch"", ""params"": {""arc_radius_norm"": 0.8706598964277257, ""span_rad"": 0.2325416993619791, ""width_norm"": 0.06614454890930238}, ""schema_version"": ""wafer_particles.pattern_config.v1"", ""span_deg"": 84.58361068489, ""wafer_radius_mm"": 150.0, ""width_ratio"": 0.023265468462783587}",941
sample_000942,C05_Sector_Internal,gaussian,"{""max_um"": 1.0, ""mean_um"": 0.3902141274870038, ""min_um"": 0.01, ""per_sample"": true, ""std_um"": 0.07662395081820413}",,,90,"{""angle_center_rad"": 0.6555478801080921, ""angle_width_deg"": 35.402356072780776, ""edge_margin_norm"": 0.05, ""n_particles"": 90, ""name"": ""wafer_particles.pattern.C05_Sector_Internal"", ""r_inner_ratio"": 0.11711878418919508, ""r_outer_ratio"": 0.7660788858020765, ""radial_beta_alpha"": 1.6593667920118484, ""radial_beta_beta"": 1.7738461781043289, ""schema_version"": ""wafer_particles.pattern_config.v1"", ""theta_vonmises_kappa"": 7.748821396118544, ""wafer_radius_mm"": 150.0}",942
sample_000943,C09_Spiral,gaussian,"{""max_um"": 1.0, ""mean_um"": 0.3366481854921485, ""min_um"": 0.01, ""per_sample"": true, ""std_um"": 0.05317396973979692}",,,131,"{""end_r_ratio"": 0.8940088887625242, ""n_particles"": 131, ""name"": ""wafer_particles.pattern.C09_Spiral"", ""params"": {""theta_max"": 27.932320628753832, ""width_norm"": 0.04265385893368043}, ""schema_version"": ""wafer_particles.pattern_config.v1"", ""start_r_ratio"": 0.2441910951629527, ""theta_max"": 15.680329107902256, ""wafer_radius_mm"": 150.0, ""width_ratio"": 0.00784281833124673}",943
sample_000944,C03_Ring,weibull,"{""k"": 2.839996791475359, ""lambda_um"": 0.33435164634007425, ""max_um"": 1.0, ""min_um"": 0.01, ""per_sample"": true}",,,169,"{""n_particles"": 169, ""name"": ""wafer_particles.pattern.C03_Ring"", ""radius_ratio"": 0.6771732506161835, ""schema_version"": ""wafer_particles.pattern_config.v1"", ""wafer_radius_mm"": 150.0, ""width_ratio"": 0.11106864216163895}",944
sample_000945,scratch_horizontal,gaussian,"{""max_um"": 1.0, ""mean_um"": 0.7757962453835517, ""min_um"": 0.01, ""per_sample"": true, ""std_um"": 0.03751853943616244}",line,scratch,133,"{""angle_category"": ""horizontal"", ""length_ratio"": 1.0, ""n_particles"": 133, ""name"": ""wafer_particles.pattern.scratch"", ""offset_ratio"": 0.0, ""schema_version"": ""wafer_particles.pattern_config.v1"", ""wafer_radius_mm"": 150.0, ""width_ratio"": 0.01}",945
sample_000946,C11_Hotspot_Elliptic,pareto,"{""alpha"": 2.0016110327434595, ""max_um"": 1.0, ""min_um"": 0.01, ""per_sample"": true, ""xm_um"": 0.1483491012441866}",,,107,"{""center_angle"": ""random"", ""center_angle_rad"": 2.879742930690641, ""center_radius_ratio"": 0.4696254496126705, ""mode"": ""random"", ""n_particles"": 107, ""name"": ""wafer_particles.pattern.C11_Hotspot_Elliptic"", ""rotation_deg"": 30.0, ""rotation_rad"": 6.150779928606449, ""schema_version"": ""wafer_particles.pattern_config.v1"", ""sigma_x_ratio"": 0.06928669632437733, ""sigma_y_ratio"": 0.037564248555085264, ""wafer_radius_mm"": 150.0}",946
sample_000947,C03_Ring,lognormal,"{""max_um"": 1.0, ""min_um"": 0.01, ""mu_log"": -1.0223462213249812, ""per_sample"": true, ""sigma_log"": 0.34366707460577306}",,,52,"{""n_particles"": 52, ""name"": ""wafer_particles.pattern.C03_Ring"", ""radius_ratio"": 0.8080442529413325, ""schema_version"": ""wafer_particles.pattern_config.v1"", ""wafer_radius_mm"": 150.0, ""width_ratio"": 0.1235333652308631}",947
sample_000948,C11_Hotspot_Elliptic,weibull,"{""k"": 1.4958942737434002, ""lambda_um"": 0.3277700417419948, ""max_um"": 1.0, ""min_um"": 0.01, ""per_sample"": true}",,,155,"{""center_angle"": ""random"", ""center_angle_rad"": 6.209662332567491, ""center_radius_ratio"": 0.6201640679674565, ""mode"": ""random"", ""n_particles"": 155, ""name"": ""wafer_particles.pattern.C11_Hotspot_Elliptic"", ""rotation_deg"": 30.0, ""rotation_rad"": 1.3533382919336685, ""schema_version"": ""wafer_particles.pattern_config.v1"", ""sigma_x_ratio"": 0.04026121094615159, ""sigma_y_ratio"": 0.06090055980551343, ""wafer_radius_mm"": 150.0}",948
sample_000949,C06_RadialLines,lognormal,"{""max_um"": 1.0, ""min_um"": 0.01, ""mu_log"": -0.5408752390747216, ""per_sample"": true, ""sigma_log"": 0.6247284043249508}",,,35,"{""angular_jitter_deg"": 1.6557655947565046, ""n_lines"": 4, ""n_particles"": 35, ""name"": ""wafer_particles.pattern.C06_RadialLines"", ""params"": {""n_lines"": 2.0, ""r_max_norm"": 0.9450563450763949, ""r_min_norm"": 0.12221439917347762, ""sigma_perp_norm"": 0.042532479983954506}, ""r_max_ratio"": 0.6694807707301563, ""r_min_ratio"": 0.013576415777677797, ""schema_version"": ""wafer_particles.pattern_config.v1"", ""sigma_perp_ratio"": 0.022518905786061943, ""wafer_radius_mm"": 150.0}",949
sample_000950,C06_RadialLines,lognormal,"{""max_um"": 1.0, ""min_um"": 0.01, ""mu_log"": -1.722042954155202, ""per_sample"": true, ""sigma_log"": 0.31827179560588037}",,,143,"{""angular_jitter_deg"": 0.2672239559408085, ""n_lines"": 8, ""n_particles"": 143, ""name"": ""wafer_particles.pattern.C06_RadialLines"", ""params"": {""n_lines"": 8.0, ""r_max_norm"": 0.952641996147572, ""r_min_norm"": 0.13238892654939632, ""sigma_perp_norm"": 0.015998771571508023}, ""r_max_ratio"": 0.7231850397965871, ""r_min_ratio"": 0.03907461312165077, ""schema_version"": ""wafer_particles.pattern_config.v1"", ""sigma_perp_ratio"": 0.018691195571011184, ""wafer_radius_mm"": 150.0}",950
sample_000951,C07_StraightLine,gaussian,"{""max_um"": 1.0, ""mean_um"": 0.49238897272213134, ""min_um"": 0.01, ""per_sample"": true, ""std_um"": 0.07933809592095972}",,,176,"{""angle_deg"": 153.82871668785188, ""n_particles"": 176, ""name"": ""wafer_particles.pattern.C07_StraightLine"", ""offset_ratio"": -0.010789581039003071, ""params"": {""segment_half_length_norm"": 0.19930095990913846, ""width_norm"": 0.05960627196982521}, ""schema_version"": ""wafer_particles.pattern_config.v1"", ""segment_half_length_ratio"": 0.7433798959310245, ""wafer_radius_mm"": 150.0, ""width_ratio"": 0.0075159193613806045}",951
sample_000952,C06_RadialLines,lognormal,"{""max_um"": 1.0, ""min_um"": 0.01, ""mu_log"": -3.623488674529299, ""per_sample"": true, ""sigma_log"": 0.8578354243276556}",,,178,"{""angular_jitter_deg"": 0.9571280057241027, ""n_lines"": 4, ""n_particles"": 178, ""name"": ""wafer_particles.pattern.C06_RadialLines"", ""params"": {""n_lines"": 7.0, ""r_max_norm"": 0.8833974018408248, ""r_min_norm"": 0.22096288466872158, ""sigma_perp_norm"": 0.05807250468404652}, ""r_max_ratio"": 0.6123209299026423, ""r_min_ratio"": 0.10028055458652785, ""schema_version"": ""wafer_particles.pattern_config.v1"", ""sigma_perp_ratio"": 0.009403805791216715, ""wafer_radius_mm"": 150.0}",952
sample_000953,C02_EdgeBiased,gaussian,"{""max_um"": 1.0, ""mean_um"": 0.3962805615212823, ""min_um"": 0.01, ""per_sample"": true, ""std_um"": 0.07750158061357289}",,,31,"{""edge_bias"": 1.874692121004235, ""n_particles"": 31, ""name"": ""wafer_particles.pattern.C02_EdgeBiased"", ""schema_version"": ""wafer_particles.pattern_config.v1"", ""wafer_radius_mm"": 150.0}",953
sample_000954,C06_RadialLines,gaussian,"{""max_um"": 1.0, ""mean_um"": 0.229740462221329, ""min_um"": 0.01, ""per_sample"": true, ""std_um"": 0.049126430234416124}",,,73,"{""angular_jitter_deg"": 1.4293414760883145, ""n_lines"": 8, ""n_particles"": 73, ""name"": ""wafer_particles.pattern.C06_RadialLines"", ""params"": {""n_lines"": 6.0, ""r_max_norm"": 0.7450580553312777, ""r_min_norm"": 0.2983822104215475, ""sigma_perp_norm"": 0.062283584344787535}, ""r_max_ratio"": 0.8197028874948589, ""r_min_ratio"": 0.2642000661498938, ""schema_version"": ""wafer_particles.pattern_config.v1"", ""sigma_perp_ratio"": 0.025664275813422927, ""wafer_radius_mm"": 150.0}",954
sample_000955,C02_EdgeBiased,gaussian,"{""max_um"": 1.0, ""mean_um"": 0.5901423620753001, ""min_um"": 0.01, ""per_sample"": true, ""std_um"": 0.0406326444094868}",,,41,"{""edge_bias"": 2.4799951029150806, ""n_particles"": 41, ""name"": ""wafer_particles.pattern.C02_EdgeBiased"", ""schema_version"": ""wafer_particles.pattern_config.v1"", ""wafer_radius_mm"": 150.0}",955
sample_000956,C03_Ring,gaussian,"{""max_um"": 1.0, ""mean_um"": 0.38328423563982605, ""min_um"": 0.01, ""per_sample"": true, ""std_um"": 0.021166124726239462}",,,179,"{""n_particles"": 179, ""name"": ""wafer_particles.pattern.C03_Ring"", ""radius_ratio"": 0.7741719337290178, ""schema_version"": ""wafer_particles.pattern_config.v1"", ""wafer_radius_mm"": 150.0, ""width_ratio"": 0.17252202433257335}",956
sample_000957,C04_Sector_Edge,weibull,"{""k"": 1.329459869127164, ""lambda_um"": 0.34333295202721226, ""max_um"": 1.0, ""min_um"": 0.01, ""per_sample"": true}",,,21,"{""angle_center_rad"": 6.207174253478445, ""angle_width_deg"": 64.79301736475315, ""edge_width_ratio"": 0.1369444384101754, ""n_particles"": 21, ""name"": ""wafer_particles.pattern.C04_Sector_Edge"", ""radial_beta_alpha"": 2.370571017686677, ""radial_beta_beta"": 1.934717782082569, ""schema_version"": ""wafer_particles.pattern_config.v1"", ""side"": ""right"", ""theta_vonmises_kappa"": 3.8946274471070144, ""wafer_radius_mm"": 150.0}",957
sample_000958,C04_Sector_Edge,gaussian,"{""max_um"": 1.0, ""mean_um"": 0.49764624483381376, ""min_um"": 0.01, ""per_sample"": true, ""std_um"": 0.08737229633482127}",,,152,"{""angle_center_rad"": 5.325950229168911, ""angle_width_deg"": 30.165671588710545, ""edge_width_ratio"": 0.14194819666887987, ""n_particles"": 152, ""name"": ""wafer_particles.pattern.C04_Sector_Edge"", ""radial_beta_alpha"": 3.9745049944971793, ""radial_beta_beta"": 1.0692334680581819, ""schema_version"": ""wafer_particles.pattern_config.v1"", ""side"": ""right"", ""theta_vonmises_kappa"": 5.901922779541728, ""wafer_radius_mm"": 150.0}",958
sample_000959,C06_RadialLines,weibull,"{""k"": 2.6533118378109317, ""lambda_um"": 0.42764343943540856, ""max_um"": 1.0, ""min_um"": 0.01, ""per_sample"": true}",,,23,"{""angular_jitter_deg"": 2.9953319573831, ""n_lines"": 6, ""n_particles"": 23, ""name"": ""wafer_particles.pattern.C06_RadialLines"", ""params"": {""n_lines"": 5.0, ""r_max_norm"": 0.7306234474273069, ""r_min_norm"": 0.15081559425988417, ""sigma_perp_norm"": 0.03242471757511887}, ""r_max_ratio"": 0.824946672571975, ""r_min_ratio"": 0.27852926188165184, ""schema_version"": ""wafer_particles.pattern_config.v1"", ""sigma_perp_ratio"": 0.014203254359713473, ""wafer_radius_mm"": 150.0}",959
sample_000960,C09_Spiral,gaussian,"{""max_um"": 1.0, ""mean_um"": 0.510003043318937, ""min_um"": 0.01, ""per_sample"": true, ""std_um"": 0.034899840497083945}",,,38,"{""end_r_ratio"": 0.8901140606071438, ""n_particles"": 38, ""name"": ""wafer_particles.pattern.C09_Spiral"", ""params"": {""theta_max"": 28.357770423393255, ""width_norm"": 0.006373472386436594}, ""schema_version"": ""wafer_particles.pattern_config.v1"", ""start_r_ratio"": 0.05658703176813143, ""theta_max"": 6.926653551732075, ""wafer_radius_mm"": 150.0, ""width_ratio"": 0.026849058810542562}",960
sample_000961,C11_Hotspot_Elliptic,lognormal,"{""max_um"": 1.0, ""min_um"": 0.01, ""mu_log"": -0.7046023342746319, ""per_sample"": true, ""sigma_log"": 0.3459088437907172}",,,10,"{""center_angle"": ""random"", ""center_angle_rad"": 3.186764789219189, ""center_radius_ratio"": 0.3781061899495528, ""mode"": ""random"", ""n_particles"": 10, ""name"": ""wafer_particles.pattern.C11_Hotspot_Elliptic"", ""rotation_deg"": 30.0, ""rotation_rad"": 3.1976623434041844, ""schema_version"": ""wafer_particles.pattern_config.v1"", ""sigma_x_ratio"": 0.044618095312474945, ""sigma_y_ratio"": 0.04922782783844454, ""wafer_radius_mm"": 150.0}",961
sample_000962,C09_Spiral,weibull,"{""k"": 1.8481523803642366, ""lambda_um"": 0.255773762466968, ""max_um"": 1.0, ""min_um"": 0.01, ""per_sample"": true}",,,72,"{""end_r_ratio"": 0.8902714365911011, ""n_particles"": 72, ""name"": ""wafer_particles.pattern.C09_Spiral"", ""params"": {""theta_max"": 15.165422772137696, ""width_norm"": 0.01595120570862661}, ""schema_version"": ""wafer_particles.pattern_config.v1"", ""start_r_ratio"": 0.2604249822051495, ""theta_max"": 9.116139316928285, ""wafer_radius_mm"": 150.0, ""width_ratio"": 0.038674253910122074}",962
sample_000963,C05_Sector_Internal,weibull,"{""k"": 1.8866874973215508, ""lambda_um"": 0.37709222314374846, ""max_um"": 1.0, ""min_um"": 0.01, ""per_sample"": true}",,,22,"{""angle_center_rad"": 3.1099902925201817, ""angle_width_deg"": 49.22237832985481, ""edge_margin_norm"": 0.05, ""n_particles"": 22, ""name"": ""wafer_particles.pattern.C05_Sector_Internal"", ""r_inner_ratio"": 0.19097074562604488, ""r_outer_ratio"": 0.7468242621561361, ""radial_beta_alpha"": 3.8267105404692847, ""radial_beta_beta"": 2.3990368187396935, ""schema_version"": ""wafer_particles.pattern_config.v1"", ""theta_vonmises_kappa"": 4.444234790110703, ""wafer_radius_mm"": 150.0}",963
sample_000964,C02_EdgeBiased,weibull,"{""k"": 2.29196858399738, ""lambda_um"": 0.1448162711093168, ""max_um"": 1.0, ""min_um"": 0.01, ""per_sample"": true}",,,116,"{""edge_bias"": 3.293329781561999, ""n_particles"": 116, ""name"": ""wafer_particles.pattern.C02_EdgeBiased"", ""schema_version"": ""wafer_particles.pattern_config.v1"", ""wafer_radius_mm"": 150.0}",964
sample_000965,C06_RadialLines,weibull,"{""k"": 2.9256681048635063, ""lambda_um"": 0.4607881562524498, ""max_um"": 1.0, ""min_um"": 0.01, ""per_sample"": true}",,,73,"{""angular_jitter_deg"": 2.370474010010197, ""n_lines"": 6, ""n_particles"": 73, ""name"": ""wafer_particles.pattern.C06_RadialLines"", ""params"": {""n_lines"": 5.0, ""r_max_norm"": 0.8968528520477632, ""r_min_norm"": 0.1555666281306011, ""sigma_perp_norm"": 0.05469920116518151}, ""r_max_ratio"": 0.8220513223891406, ""r_min_ratio"": 0.06382801477844292, ""schema_version"": ""wafer_particles.pattern_config.v1"", ""sigma_perp_ratio"": 0.01112078483091319, ""wafer_radius_mm"": 150.0}",965
sample_000966,C07_StraightLine,gaussian,"{""max_um"": 1.0, ""mean_um"": 0.10560397025073427, ""min_um"": 0.01, ""per_sample"": true, ""std_um"": 0.02272246575399393}",,,193,"{""angle_deg"": 13.131064872450985, ""n_particles"": 193, ""name"": ""wafer_particles.pattern.C07_StraightLine"", ""offset_ratio"": -0.2957463840414666, ""params"": {""segment_half_length_norm"": 0.2775924619665049, ""width_norm"": 0.05820597883813026}, ""schema_version"": ""wafer_particles.pattern_config.v1"", ""segment_half_length_ratio"": 0.47771174855309195, ""wafer_radius_mm"": 150.0, ""width_ratio"": 0.021366557231876727}",966
sample_000967,C03_Ring,lognormal,"{""max_um"": 1.0, ""min_um"": 0.01, ""mu_log"": -3.2094169538009085, ""per_sample"": true, ""sigma_log"": 0.8265058348588128}",,,127,"{""n_particles"": 127, ""name"": ""wafer_particles.pattern.C03_Ring"", ""radius_ratio"": 0.5872156362370444, ""schema_version"": ""wafer_particles.pattern_config.v1"", ""wafer_radius_mm"": 150.0, ""width_ratio"": 0.08130233532668121}",967
sample_000968,edge_sector_right,weibull,"{""k"": 1.9645978735474523, ""lambda_um"": 0.11282094836529455, ""max_um"": 1.0, ""min_um"": 0.01, ""per_sample"": true}",sector,edge_sector,19,"{""angle_width_deg"": 40.0, ""edge_width_ratio"": 0.1, ""n_particles"": 19, ""name"": ""wafer_particles.pattern.edge_sector"", ""schema_version"": ""wafer_particles.pattern_config.v1"", ""side"": ""right"", ""wafer_radius_mm"": 150.0}",968
sample_000969,C11_Hotspot_Elliptic,pareto,"{""alpha"": 2.456039660008391, ""max_um"": 1.0, ""min_um"": 0.01, ""per_sample"": true, ""xm_um"": 0.20634089484049034}",,,109,"{""center_angle"": ""random"", ""center_angle_rad"": 1.5207092832317388, ""center_radius_ratio"": 0.39449184403713455, ""mode"": ""random"", ""n_particles"": 109, ""name"": ""wafer_particles.pattern.C11_Hotspot_Elliptic"", ""rotation_deg"": 30.0, ""rotation_rad"": 1.8630871712098482, ""schema_version"": ""wafer_particles.pattern_config.v1"", ""sigma_x_ratio"": 0.0798335803964602, ""sigma_y_ratio"": 0.03210662457554316, ""wafer_radius_mm"": 150.0}",969
sample_000970,C08_CurvedScratch,gaussian,"{""max_um"": 1.0, ""mean_um"": 0.47226345868109576, ""min_um"": 0.01, ""per_sample"": true, ""std_um"": 0.08038213707305757}",,,39,"{""angle_center_deg"": 0.0, ""angle_center_rad"": 0.05184300718559711, ""arc_radius_ratio"": 0.7790818720872446, ""n_particles"": 39, ""name"": ""wafer_particles.pattern.C08_CurvedScratch"", ""params"": {""arc_radius_norm"": 0.6475333152859828, ""span_rad"": 0.7843385228754389, ""width_norm"": 0.05566987257438554}, ""schema_version"": ""wafer_particles.pattern_config.v1"", ""span_deg"": 75.49111824704615, ""wafer_radius_mm"": 150.0, ""width_ratio"": 0.042387773393251386}",970
sample_000971,C03_Ring,weibull,"{""k"": 0.8156370694070499, ""lambda_um"": 0.03516779731164551, ""max_um"": 1.0, ""min_um"": 0.01, ""per_sample"": true}",,,124,"{""n_particles"": 124, ""name"": ""wafer_particles.pattern.C03_Ring"", ""radius_ratio"": 0.7068812157395608, ""schema_version"": ""wafer_particles.pattern_config.v1"", ""wafer_radius_mm"": 150.0, ""width_ratio"": 0.09858171194949068}",971
sample_000972,C07_StraightLine,pareto,"{""alpha"": 3.414299672335031, ""max_um"": 1.0, ""min_um"": 0.01, ""per_sample"": true, ""xm_um"": 0.21122419158610478}",,,177,"{""angle_deg"": 115.68658084233695, ""n_particles"": 177, ""name"": ""wafer_particles.pattern.C07_StraightLine"", ""offset_ratio"": -0.28759000930489975, ""params"": {""segment_half_length_norm"": 0.27437351445842906, ""width_norm"": 0.05241072280922027}, ""schema_version"": ""wafer_particles.pattern_config.v1"", ""segment_half_length_ratio"": 0.7748920066316418, ""wafer_radius_mm"": 150.0, ""width_ratio"": 0.035205782952681945}",972
sample_000973,C04_Sector_Edge,weibull,"{""k"": 2.619730629870424, ""lambda_um"": 0.3737412859818795, ""max_um"": 1.0, ""min_um"": 0.01, ""per_sample"": true}",,,139,"{""angle_center_rad"": 1.2656129344216094, ""angle_width_deg"": 79.90490746414278, ""edge_width_ratio"": 0.2933550961767474, ""n_particles"": 139, ""name"": ""wafer_particles.pattern.C04_Sector_Edge"", ""radial_beta_alpha"": 3.956571903008232, ""radial_beta_beta"": 2.2430161345548227, ""schema_version"": ""wafer_particles.pattern_config.v1"", ""side"": ""right"", ""theta_vonmises_kappa"": 7.493598906789887, ""wafer_radius_mm"": 150.0}",973
sample_000974,C01_Uniform,weibull,"{""k"": 2.878483883840828, ""lambda_um"": 0.021325294787738775, ""max_um"": 1.0, ""min_um"": 0.01, ""per_sample"": true}",,,123,"{""n_particles"": 123, ""name"": ""wafer_particles.pattern.C01_Uniform"", ""schema_version"": ""wafer_particles.pattern_config.v1"", ""wafer_radius_mm"": 150.0}",974
sample_000975,C01_Uniform,gaussian,"{""max_um"": 1.0, ""mean_um"": 0.4152376713727671, ""min_um"": 0.01, ""per_sample"": true, ""std_um"": 0.05017678966392854}",,,41,"{""n_particles"": 41, ""name"": ""wafer_particles.pattern.C01_Uniform"", ""schema_version"": ""wafer_particles.pattern_config.v1"", ""wafer_radius_mm"": 150.0}",975
sample_000976,C11_Hotspot_Elliptic,weibull,"{""k"": 2.951006579683696, ""lambda_um"": 0.10128718877128966, ""max_um"": 1.0, ""min_um"": 0.01, ""per_sample"": true}",,,55,"{""center_angle"": ""random"", ""center_angle_rad"": 5.677271125655741, ""center_radius_ratio"": 0.5761688520504614, ""mode"": ""random"", ""n_particles"": 55, ""name"": ""wafer_particles.pattern.C11_Hotspot_Elliptic"", ""rotation_deg"": 30.0, ""rotation_rad"": 5.305932486657343, ""schema_version"": ""wafer_particles.pattern_config.v1"", ""sigma_x_ratio"": 0.09389721073516265, ""sigma_y_ratio"": 0.03736312304025463, ""wafer_radius_mm"": 150.0}",976
sample_000977,C03_Ring,weibull,"{""k"": 0.7131043442172997, ""lambda_um"": 0.2560073234441698, ""max_um"": 1.0, ""min_um"": 0.01, ""per_sample"": true}",,,146,"{""n_particles"": 146, ""name"": ""wafer_particles.pattern.C03_Ring"", ""radius_ratio"": 0.7386745959380174, ""schema_version"": ""wafer_particles.pattern_config.v1"", ""wafer_radius_mm"": 150.0, ""width_ratio"": 0.16512770092509205}",977
sample_000978,C01_Uniform,lognormal,"{""max_um"": 1.0, ""min_um"": 0.01, ""mu_log"": -3.0714176612480943, ""per_sample"": true, ""sigma_log"": 0.6231953846877922}",,,139,"{""n_particles"": 139, ""name"": ""wafer_particles.pattern.C01_Uniform"", ""schema_version"": ""wafer_particles.pattern_config.v1"", ""wafer_radius_mm"": 150.0}",978
sample_000979,C08_CurvedScratch,weibull,"{""k"": 2.962166005661018, ""lambda_um"": 0.16774591008247391, ""max_um"": 1.0, ""min_um"": 0.01, ""per_sample"": true}",,,57,"{""angle_center_deg"": 0.0, ""angle_center_rad"": 3.427787106172011, ""arc_radius_ratio"": 0.642458662684761, ""n_particles"": 57, ""name"": ""wafer_particles.pattern.C08_CurvedScratch"", ""params"": {""arc_radius_norm"": 0.6518956421182001, ""span_rad"": 0.6889996644749607, ""width_norm"": 0.045423834562629085}, ""schema_version"": ""wafer_particles.pattern_config.v1"", ""span_deg"": 155.58271009490664, ""wafer_radius_mm"": 150.0, ""width_ratio"": 0.04366962569019205}",979
sample_000980,C08_CurvedScratch,gaussian,"{""max_um"": 1.0, ""mean_um"": 0.24071891525834377, ""min_um"": 0.01, ""per_sample"": true, ""std_um"": 0.04013184407440944}",,,91,"{""angle_center_deg"": 0.0, ""angle_center_rad"": 3.798198970764539, ""arc_radius_ratio"": 0.4631520673455045, ""n_particles"": 91, ""name"": ""wafer_particles.pattern.C08_CurvedScratch"", ""params"": {""arc_radius_norm"": 0.5999498143447373, ""span_rad"": 0.7154532946265966, ""width_norm"": 0.04517986405938987}, ""schema_version"": ""wafer_particles.pattern_config.v1"", ""span_deg"": 159.74489123969985, ""wafer_radius_mm"": 150.0, ""width_ratio"": 0.04645209936753361}",980
sample_000981,C08_CurvedScratch,lognormal,"{""max_um"": 1.0, ""min_um"": 0.01, ""mu_log"": -3.5983583823741903, ""per_sample"": true, ""sigma_log"": 0.5550444600962888}",,,44,"{""angle_center_deg"": 0.0, ""angle_center_rad"": 0.4626416466719159, ""arc_radius_ratio"": 0.40452046677266157, ""n_particles"": 44, ""name"": ""wafer_particles.pattern.C08_CurvedScratch"", ""params"": {""arc_radius_norm"": 0.628161223809033, ""span_rad"": 0.5517296035599306, ""width_norm"": 0.04706023022509015}, ""schema_version"": ""wafer_particles.pattern_config.v1"", ""span_deg"": 159.61578667449268, ""wafer_radius_mm"": 150.0, ""width_ratio"": 0.03300808425392037}",981
sample_000982,C05_Sector_Internal,weibull,"{""k"": 1.7731682463467633, ""lambda_um"": 0.02400171805677337, ""max_um"": 1.0, ""min_um"": 0.01, ""per_sample"": true}",,,111,"{""angle_center_rad"": 0.1815936319520606, ""angle_width_deg"": 59.7330418711149, ""edge_margin_norm"": 0.05, ""n_particles"": 111, ""name"": ""wafer_particles.pattern.C05_Sector_Internal"", ""r_inner_ratio"": 0.18488768138097145, ""r_outer_ratio"": 0.7157299291785886, ""radial_beta_alpha"": 1.2406802633187946, ""radial_beta_beta"": 2.3206227568011553, ""schema_version"": ""wafer_particles.pattern_config.v1"", ""theta_vonmises_kappa"": 4.44871394236236, ""wafer_radius_mm"": 150.0}",982
sample_000983,C01_Uniform,lognormal,"{""max_um"": 1.0, ""min_um"": 0.01, ""mu_log"": -2.5156930189498286, ""per_sample"": true, ""sigma_log"": 0.2046668504803659}",,,84,"{""n_particles"": 84, ""name"": ""wafer_particles.pattern.C01_Uniform"", ""schema_version"": ""wafer_particles.pattern_config.v1"", ""wafer_radius_mm"": 150.0}",983
sample_000984,C01_Uniform,weibull,"{""k"": 2.866100916335423, ""lambda_um"": 0.27177458185667946, ""max_um"": 1.0, ""min_um"": 0.01, ""per_sample"": true}",,,113,"{""n_particles"": 113, ""name"": ""wafer_particles.pattern.C01_Uniform"", ""schema_version"": ""wafer_particles.pattern_config.v1"", ""wafer_radius_mm"": 150.0}",984
sample_000985,C11_Hotspot_Elliptic,lognormal,"{""max_um"": 1.0, ""min_um"": 0.01, ""mu_log"": -3.0578221848293383, ""per_sample"": true, ""sigma_log"": 0.5815964972558194}",,,65,"{""center_angle"": ""random"", ""center_angle_rad"": 2.8973108161707217, ""center_radius_ratio"": 0.6599711918682862, ""mode"": ""random"", ""n_particles"": 65, ""name"": ""wafer_particles.pattern.C11_Hotspot_Elliptic"", ""rotation_deg"": 30.0, ""rotation_rad"": 4.95983557987067, ""schema_version"": ""wafer_particles.pattern_config.v1"", ""sigma_x_ratio"": 0.035424860827351384, ""sigma_y_ratio"": 0.057765177233558625, ""wafer_radius_mm"": 150.0}",985
sample_000986,C02_EdgeBiased,gaussian,"{""max_um"": 1.0, ""mean_um"": 0.17932761693275862, ""min_um"": 0.01, ""per_sample"": true, ""std_um"": 0.05640426209165682}",,,157,"{""edge_bias"": 3.8548381447432636, ""n_particles"": 157, ""name"": ""wafer_particles.pattern.C02_EdgeBiased"", ""schema_version"": ""wafer_particles.pattern_config.v1"", ""wafer_radius_mm"": 150.0}",986
sample_000987,C06_RadialLines,lognormal,"{""max_um"": 1.0, ""min_um"": 0.01, ""mu_log"": -1.2555363180065027, ""per_sample"": true, ""sigma_log"": 0.3799355629043133}",,,182,"{""angular_jitter_deg"": 1.797822074667787, ""n_lines"": 4, ""n_particles"": 182, ""name"": ""wafer_particles.pattern.C06_RadialLines"", ""params"": {""n_lines"": 5.0, ""r_max_norm"": 0.7985264508065806, ""r_min_norm"": 0.009733013345054041, ""sigma_perp_norm"": 0.027135176299993347}, ""r_max_ratio"": 0.7797296221443274, ""r_min_ratio"": 0.17782645616914447, ""schema_version"": ""wafer_particles.pattern_config.v1"", ""sigma_perp_ratio"": 0.026994841650027756, ""wafer_radius_mm"": 150.0}",987
sample_000988,C09_Spiral,lognormal,"{""max_um"": 1.0, ""min_um"": 0.01, ""mu_log"": -0.5104431498667101, ""per_sample"": true, ""sigma_log"": 0.7320894874947355}",,,104,"{""end_r_ratio"": 0.7685891759188138, ""n_particles"": 104, ""name"": ""wafer_particles.pattern.C09_Spiral"", ""params"": {""theta_max"": 17.8258750560429, ""width_norm"": 0.043054622522930824}, ""schema_version"": ""wafer_particles.pattern_config.v1"", ""start_r_ratio"": 0.12249842859452181, ""theta_max"": 11.826250105936442, ""wafer_radius_mm"": 150.0, ""width_ratio"": 0.024355387848530082}",988
sample_000989,C05_Sector_Internal,lognormal,"{""max_um"": 1.0, ""min_um"": 0.01, ""mu_log"": -2.2568771535209775, ""per_sample"": true, ""sigma_log"": 0.873998642519372}",,,100,"{""angle_center_rad"": 4.829625927292698, ""angle_width_deg"": 98.11643458414396, ""edge_margin_norm"": 0.05, ""n_particles"": 100, ""name"": ""wafer_particles.pattern.C05_Sector_Internal"", ""r_inner_ratio"": 0.25217813127852273, ""r_outer_ratio"": 0.8421758260733097, ""radial_beta_alpha"": 2.018179582338335, ""radial_beta_beta"": 2.5094198475767238, ""schema_version"": ""wafer_particles.pattern_config.v1"", ""theta_vonmises_kappa"": 5.050786889893352, ""wafer_radius_mm"": 150.0}",989
sample_000990,C09_Spiral,weibull,"{""k"": 0.8904123763861054, ""lambda_um"": 0.3494437975360371, ""max_um"": 1.0, ""min_um"": 0.01, ""per_sample"": true}",,,150,"{""end_r_ratio"": 0.7786726453838331, ""n_particles"": 150, ""name"": ""wafer_particles.pattern.C09_Spiral"", ""params"": {""theta_max"": 28.86668161152798, ""width_norm"": 0.04386245669867004}, ""schema_version"": ""wafer_particles.pattern_config.v1"", ""start_r_ratio"": 0.0876885376551733, ""theta_max"": 16.109200353623297, ""wafer_radius_mm"": 150.0, ""width_ratio"": 0.04415747855458197}",990
sample_000991,C07_StraightLine,pareto,"{""alpha"": 3.110719273166222, ""max_um"": 1.0, ""min_um"": 0.01, ""per_sample"": true, ""xm_um"": 0.10873677037366379}",,,15,"{""angle_deg"": 32.40813871499309, ""n_particles"": 15, ""name"": ""wafer_particles.pattern.C07_StraightLine"", ""offset_ratio"": -0.13216677463247822, ""params"": {""segment_half_length_norm"": 0.06089908300835892, ""width_norm"": 0.06514614884180109}, ""schema_version"": ""wafer_particles.pattern_config.v1"", ""segment_half_length_ratio"": 0.7884586859059366, ""wafer_radius_mm"": 150.0, ""width_ratio"": 0.037061399719204004}",991
sample_000992,C08_CurvedScratch,lognormal,"{""max_um"": 1.0, ""min_um"": 0.01, ""mu_log"": -2.1161127998600584, ""per_sample"": true, ""sigma_log"": 0.5898055311022588}",,,121,"{""angle_center_deg"": 0.0, ""angle_center_rad"": 0.8732747458789595, ""arc_radius_ratio"": 0.8720708046302421, ""n_particles"": 121, ""name"": ""wafer_particles.pattern.C08_CurvedScratch"", ""params"": {""arc_radius_norm"": 0.5503104709108961, ""span_rad"": 0.4410736664660455, ""width_norm"": 0.06266610298634194}, ""schema_version"": ""wafer_particles.pattern_config.v1"", ""span_deg"": 146.14022178422806, ""wafer_radius_mm"": 150.0, ""width_ratio"": 0.053769988853247366}",992
sample_000993,C03_Ring,lognormal,"{""max_um"": 1.0, ""min_um"": 0.01, ""mu_log"": -0.3280694051842943, ""per_sample"": true, ""sigma_log"": 0.4888234263930367}",,,93,"{""n_particles"": 93, ""name"": ""wafer_particles.pattern.C03_Ring"", ""radius_ratio"": 0.7171710492718365, ""schema_version"": ""wafer_particles.pattern_config.v1"", ""wafer_radius_mm"": 150.0, ""width_ratio"": 0.031517780093264856}",993
sample_000994,C05_Sector_Internal,gaussian,"{""max_um"": 1.0, ""mean_um"": 0.10936838090644102, ""min_um"": 0.01, ""per_sample"": true, ""std_um"": 0.07774039150993067}",,,134,"{""angle_center_rad"": 5.971881038189535, ""angle_width_deg"": 103.96222378270424, ""edge_margin_norm"": 0.05, ""n_particles"": 134, ""name"": ""wafer_particles.pattern.C05_Sector_Internal"", ""r_inner_ratio"": 0.3679571721580683, ""r_outer_ratio"": 0.5479902595056669, ""radial_beta_alpha"": 1.6852662094117448, ""radial_beta_beta"": 3.7213066340544154, ""schema_version"": ""wafer_particles.pattern_config.v1"", ""theta_vonmises_kappa"": 0.781563278327501, ""wafer_radius_mm"": 150.0}",994
sample_000995,ring_narrow,gaussian,"{""max_um"": 1.0, ""mean_um"": 0.4710869962719018, ""min_um"": 0.01, ""per_sample"": true, ""std_um"": 0.05492168570402668}",ring,ring,161,"{""n_particles"": 161, ""name"": ""wafer_particles.pattern.ring_narrow"", ""radius_ratio"": 0.7, ""schema_version"": ""wafer_particles.pattern_config.v1"", ""wafer_radius_mm"": 150.0, ""width_ratio"": 0.03}",995
sample_000996,C08_CurvedScratch,lognormal,"{""max_um"": 1.0, ""min_um"": 0.01, ""mu_log"": -1.4650168011480118, ""per_sample"": true, ""sigma_log"": 0.5569990570369922}",,,155,"{""angle_center_deg"": 0.0, ""angle_center_rad"": 0.1396270172074421, ""arc_radius_ratio"": 0.57806677802722, ""n_particles"": 155, ""name"": ""wafer_particles.pattern.C08_CurvedScratch"", ""params"": {""arc_radius_norm"": 0.5882297128346747, ""span_rad"": 0.38620911866703167, ""width_norm"": 0.044097931578841634}, ""schema_version"": ""wafer_particles.pattern_config.v1"", ""span_deg"": 48.14944596860207, ""wafer_radius_mm"": 150.0, ""width_ratio"": 0.05733687849470394}",996
sample_000997,C03_Ring,gaussian,"{""max_um"": 1.0, ""mean_um"": 0.5534522652101077, ""min_um"": 0.01, ""per_sample"": true, ""std_um"": 0.08405149523239966}",,,90,"{""n_particles"": 90, ""name"": ""wafer_particles.pattern.C03_Ring"", ""radius_ratio"": 0.6525661697975036, ""schema_version"": ""wafer_particles.pattern_config.v1"", ""wafer_radius_mm"": 150.0, ""width_ratio"": 0.03579614537583334}",997
sample_000998,C11_Hotspot_Elliptic,gaussian,"{""max_um"": 1.0, ""mean_um"": 0.020266629487963487, ""min_um"": 0.01, ""per_sample"": true, ""std_um"": 0.033333036714456615}",,,164,"{""center_angle"": ""random"", ""center_angle_rad"": 2.2499189310577927, ""center_radius_ratio"": 0.8761537265708005, ""mode"": ""random"", ""n_particles"": 164, ""name"": ""wafer_particles.pattern.C11_Hotspot_Elliptic"", ""rotation_deg"": 30.0, ""rotation_rad"": 1.2846605905425132, ""schema_version"": ""wafer_particles.pattern_config.v1"", ""sigma_x_ratio"": 0.04973026942234538, ""sigma_y_ratio"": 0.01971106431112109, ""wafer_radius_mm"": 150.0}",998
sample_000999,hotspot_center,weibull,"{""k"": 1.4721239207065597, ""lambda_um"": 0.1105213922910887, ""max_um"": 1.0, ""min_um"": 0.01, ""per_sample"": true}",hotspot,hotspot,31,"{""center_angle"": ""random"", ""center_radius_ratio"": 0.9, ""mode"": ""center"", ""n_particles"": 31, ""name"": ""wafer_particles.pattern.hotspot"", ""schema_version"": ""wafer_particles.pattern_config.v1"", ""sigma_ratio"": 0.05, ""wafer_radius_mm"": 150.0}",999
