sample_id,label,label_coarse,n_particles,pattern_params,seed_offset
sample_000000,C11_Hotspot_Elliptic,,1308,"{""center_angle"": ""random"", ""center_angle_rad"": 1.065526659222438, ""center_radius_ratio"": 0.8254516193837118, ""mode"": ""random"", ""n_particles"": 1308, ""name"": ""wafer_particles.pattern.C11_Hotspot_Elliptic"", ""rotation_deg"": 30.0, ""rotation_rad"": 1.6624464611624332, ""schema_version"": ""wafer_particles.pattern_config.v1"", ""sigma_x_ratio"": 0.043266375750092616, ""sigma_y_ratio"": 0.0674377829587381, ""wafer_radius_mm"": 150.0}",0
sample_000001,C03_Ring,,1312,"{""n_particles"": 1312, ""name"": ""wafer_particles.pattern.C03_Ring"", ""radius_ratio"": 0.7905384739005281, ""schema_version"": ""wafer_particles.pattern_config.v1"", ""wafer_radius_mm"": 150.0, ""width_ratio"": 0.03209641104169797}",1
sample_000002,C04_Sector_Edge,,1060,"{""angle_center_rad"": 2.1564733001202536, ""angle_width_deg"": 81.63952617058683, ""edge_width_ratio"": 0.07783816180216176, ""n_particles"": 1060, ""name"": ""wafer_particles.pattern.C04_Sector_Edge"", ""radial_beta_alpha"": 1.2488101271399186, ""radial_beta_beta"": 1.8901141161406156, ""schema_version"": ""wafer_particles.pattern_config.v1"", ""side"": ""right"", ""theta_vonmises_kappa"": 5.986559656810051, ""wafer_radius_mm"": 150.0}",2
sample_000003,C01_Uniform,,1329,"{""n_particles"": 1329, ""name"": ""wafer_particles.pattern.C01_Uniform"", ""schema_version"": ""wafer_particles.pattern_config.v1"", ""wafer_radius_mm"": 150.0}",3
sample_000004,C03_Ring,,1340,"{""n_particles"": 1340, ""name"": ""wafer_particles.pattern.C03_Ring"", ""radius_ratio"": 0.6423934996849144, ""schema_version"": ""wafer_particles.pattern_config.v1"", ""wafer_radius_mm"": 150.0, ""width_ratio"": 0.1722489580019162}",4
sample_000005,C03_Ring,,846,"{""n_particles"": 846, ""name"": ""wafer_particles.pattern.C03_Ring"", ""radius_ratio"": 0.4581632475965643, ""schema_version"": ""wafer_particles.pattern_config.v1"", ""wafer_radius_mm"": 150.0, ""width_ratio"": 0.042528296031687174}",5
sample_000006,C11_Hotspot_Elliptic,,1009,"{""center_angle"": ""random"", ""center_angle_rad"": 2.0674483428095374, ""center_radius_ratio"": 0.4197093709675598, ""mode"": ""random"", ""n_particles"": 1009, ""name"": ""wafer_particles.pattern.C11_Hotspot_Elliptic"", ""rotation_deg"": 30.0, ""rotation_rad"": 3.4859738492193797, ""schema_version"": ""wafer_particles.pattern_config.v1"", ""sigma_x_ratio"": 0.04595028775668569, ""sigma_y_ratio"": 0.07349905296727699, ""wafer_radius_mm"": 150.0}",6
sample_000007,C04_Sector_Edge,,1371,"{""angle_center_rad"": 0.535358858318839, ""angle_width_deg"": 42.312971094026345, ""edge_width_ratio"": 0.25167546284668474, ""n_particles"": 1371, ""name"": ""wafer_particles.pattern.C04_Sector_Edge"", ""radial_beta_alpha"": 3.8913324877686915, ""radial_beta_beta"": 3.2269675720904694, ""schema_version"": ""wafer_particles.pattern_config.v1"", ""side"": ""right"", ""theta_vonmises_kappa"": 5.512733405572599, ""wafer_radius_mm"": 150.0}",7
sample_000008,C07_StraightLine,,1430,"{""angle_deg"": 3.683617072683858, ""n_particles"": 1430, ""name"": ""wafer_particles.pattern.C07_StraightLine"", ""offset_ratio"": -0.07182136431260125, ""schema_version"": ""wafer_particles.pattern_config.v1"", ""segment_half_length_ratio"": 0.30752237538573013, ""wafer_radius_mm"": 150.0, ""width_ratio"": 0.03760966828093387}",8
sample_000009,C03_Ring,,700,"{""n_particles"": 700, ""name"": ""wafer_particles.pattern.C03_Ring"", ""radius_ratio"": 0.6380139921749444, ""schema_version"": ""wafer_particles.pattern_config.v1"", ""wafer_radius_mm"": 150.0, ""width_ratio"": 0.13166559619863447}",9
sample_000010,C03_Ring,,1019,"{""n_particles"": 1019, ""name"": ""wafer_particles.pattern.C03_Ring"", ""radius_ratio"": 0.4647129482328593, ""schema_version"": ""wafer_particles.pattern_config.v1"", ""wafer_radius_mm"": 150.0, ""width_ratio"": 0.17976932878147064}",10
sample_000011,C04_Sector_Edge,,661,"{""angle_center_rad"": 4.6597239052592565, ""angle_width_deg"": 48.02012546367307, ""edge_width_ratio"": 0.11262191279343108, ""n_particles"": 661, ""name"": ""wafer_particles.pattern.C04_Sector_Edge"", ""radial_beta_alpha"": 2.9803213252217486, ""radial_beta_beta"": 3.3763419085066726, ""schema_version"": ""wafer_particles.pattern_config.v1"", ""side"": ""right"", ""theta_vonmises_kappa"": 1.817937401372628, ""wafer_radius_mm"": 150.0}",11
sample_000012,C03_Ring,,548,"{""n_particles"": 548, ""name"": ""wafer_particles.pattern.C03_Ring"", ""radius_ratio"": 0.46157154271899004, ""schema_version"": ""wafer_particles.pattern_config.v1"", ""wafer_radius_mm"": 150.0, ""width_ratio"": 0.0355306763863856}",12
sample_000013,C04_Sector_Edge,,989,"{""angle_center_rad"": 4.881412342990255, ""angle_width_deg"": 57.688044991917124, ""edge_width_ratio"": 0.28487255254199306, ""n_particles"": 989, ""name"": ""wafer_particles.pattern.C04_Sector_Edge"", ""radial_beta_alpha"": 2.978493475886707, ""radial_beta_beta"": 3.460446235927251, ""schema_version"": ""wafer_particles.pattern_config.v1"", ""side"": ""right"", ""theta_vonmises_kappa"": 7.343302213877031, ""wafer_radius_mm"": 150.0}",13
sample_000014,C11_Hotspot_Elliptic,,1287,"{""center_angle"": ""random"", ""center_angle_rad"": 5.727177855255214, ""center_radius_ratio"": 0.5429574073517807, ""mode"": ""random"", ""n_particles"": 1287, ""name"": ""wafer_particles.pattern.C11_Hotspot_Elliptic"", ""rotation_deg"": 30.0, ""rotation_rad"": 2.862115888843627, ""schema_version"": ""wafer_particles.pattern_config.v1"", ""sigma_x_ratio"": 0.04286007752006189, ""sigma_y_ratio"": 0.06456195384485988, ""wafer_radius_mm"": 150.0}",14
sample_000015,C11_Hotspot_Elliptic,,586,"{""center_angle"": ""random"", ""center_angle_rad"": 2.555794829969805, ""center_radius_ratio"": 0.4407690071225099, ""mode"": ""random"", ""n_particles"": 586, ""name"": ""wafer_particles.pattern.C11_Hotspot_Elliptic"", ""rotation_deg"": 30.0, ""rotation_rad"": 0.09090381532481441, ""schema_version"": ""wafer_particles.pattern_config.v1"", ""sigma_x_ratio"": 0.1106079850613711, ""sigma_y_ratio"": 0.0456935631366381, ""wafer_radius_mm"": 150.0}",15
sample_000016,C03_Ring,,1387,"{""n_particles"": 1387, ""name"": ""wafer_particles.pattern.C03_Ring"", ""radius_ratio"": 0.7814391028597834, ""schema_version"": ""wafer_particles.pattern_config.v1"", ""wafer_radius_mm"": 150.0, ""width_ratio"": 0.16760185213724102}",16
sample_000017,scratch_horizontal,line,1010,"{""angle_category"": ""horizontal"", ""length_ratio"": 1.0, ""n_particles"": 1010, ""name"": ""wafer_particles.pattern.scratch"", ""offset_ratio"": 0.0, ""schema_version"": ""wafer_particles.pattern_config.v1"", ""wafer_radius_mm"": 150.0, ""width_ratio"": 0.01}",17
sample_000018,C03_Ring,,1505,"{""n_particles"": 1505, ""name"": ""wafer_particles.pattern.C03_Ring"", ""radius_ratio"": 0.8988961144000069, ""schema_version"": ""wafer_particles.pattern_config.v1"", ""wafer_radius_mm"": 150.0, ""width_ratio"": 0.16083881596919172}",18
sample_000019,C07_StraightLine,,964,"{""angle_deg"": 154.7786786961743, ""n_particles"": 964, ""name"": ""wafer_particles.pattern.C07_StraightLine"", ""offset_ratio"": 0.20579060171916425, ""schema_version"": ""wafer_particles.pattern_config.v1"", ""segment_half_length_ratio"": 0.6968868263884709, ""wafer_radius_mm"": 150.0, ""width_ratio"": 0.020627044824653176}",19
sample_000020,C11_Hotspot_Elliptic,,611,"{""center_angle"": ""random"", ""center_angle_rad"": 2.0946365878616526, ""center_radius_ratio"": 0.16669314494210954, ""mode"": ""random"", ""n_particles"": 611, ""name"": ""wafer_particles.pattern.C11_Hotspot_Elliptic"", ""rotation_deg"": 30.0, ""rotation_rad"": 0.1793449974031264, ""schema_version"": ""wafer_particles.pattern_config.v1"", ""sigma_x_ratio"": 0.1083038111596767, ""sigma_y_ratio"": 0.05112559711651162, ""wafer_radius_mm"": 150.0}",20
sample_000021,C01_Uniform,,713,"{""n_particles"": 713, ""name"": ""wafer_particles.pattern.C01_Uniform"", ""schema_version"": ""wafer_particles.pattern_config.v1"", ""wafer_radius_mm"": 150.0}",21
sample_000022,C03_Ring,,1412,"{""n_particles"": 1412, ""name"": ""wafer_particles.pattern.C03_Ring"", ""radius_ratio"": 0.8524925059288748, ""schema_version"": ""wafer_particles.pattern_config.v1"", ""wafer_radius_mm"": 150.0, ""width_ratio"": 0.1696611277518673}",22
sample_000023,C04_Sector_Edge,,1527,"{""angle_center_rad"": 4.144562446442234, ""angle_width_deg"": 40.63008917611599, ""edge_width_ratio"": 0.24023729509426328, ""n_particles"": 1527, ""name"": ""wafer_particles.pattern.C04_Sector_Edge"", ""radial_beta_alpha"": 3.1077288214161243, ""radial_beta_beta"": 0.9443150110229994, ""schema_version"": ""wafer_particles.pattern_config.v1"", ""side"": ""right"", ""theta_vonmises_kappa"": 4.776642347536138, ""wafer_radius_mm"": 150.0}",23
sample_000024,C07_StraightLine,,519,"{""angle_deg"": 12.988354042349112, ""n_particles"": 519, ""name"": ""wafer_particles.pattern.C07_StraightLine"", ""offset_ratio"": -0.275416833059811, ""schema_version"": ""wafer_particles.pattern_config.v1"", ""segment_half_length_ratio"": 0.6170164297247338, ""wafer_radius_mm"": 150.0, ""width_ratio"": 0.049592531077303194}",24
sample_000025,random_uniform,random,1018,"{""n_particles"": 1018, ""name"": ""wafer_particles.pattern.random_uniform"", ""schema_version"": ""wafer_particles.pattern_config.v1"", ""wafer_radius_mm"": 150.0}",25
sample_000026,C11_Hotspot_Elliptic,,1267,"{""center_angle"": ""random"", ""center_angle_rad"": 1.6520990825929438, ""center_radius_ratio"": 0.32490474658972557, ""mode"": ""random"", ""n_particles"": 1267, ""name"": ""wafer_particles.pattern.C11_Hotspot_Elliptic"", ""rotation_deg"": 30.0, ""rotation_rad"": 4.234669136380991, ""schema_version"": ""wafer_particles.pattern_config.v1"", ""sigma_x_ratio"": 0.11992983749008924, ""sigma_y_ratio"": 0.07332948375083805, ""wafer_radius_mm"": 150.0}",26
sample_000027,C03_Ring,,631,"{""n_particles"": 631, ""name"": ""wafer_particles.pattern.C03_Ring"", ""radius_ratio"": 0.6149563716128097, ""schema_version"": ""wafer_particles.pattern_config.v1"", ""wafer_radius_mm"": 150.0, ""width_ratio"": 0.15491714312824473}",27
sample_000028,C11_Hotspot_Elliptic,,1334,"{""center_angle"": ""random"", ""center_angle_rad"": 0.24351203909887262, ""center_radius_ratio"": 0.5122291860001379, ""mode"": ""random"", ""n_particles"": 1334, ""name"": ""wafer_particles.pattern.C11_Hotspot_Elliptic"", ""rotation_deg"": 30.0, ""rotation_rad"": 3.6078112783286485, ""schema_version"": ""wafer_particles.pattern_config.v1"", ""sigma_x_ratio"": 0.08692138541704231, ""sigma_y_ratio"": 0.05445766621116928, ""wafer_radius_mm"": 150.0}",28
sample_000029,C01_Uniform,,593,"{""n_particles"": 593, ""name"": ""wafer_particles.pattern.C01_Uniform"", ""schema_version"": ""wafer_particles.pattern_config.v1"", ""wafer_radius_mm"": 150.0}",29
sample_000030,ring_narrow,ring,1292,"{""n_particles"": 1292, ""name"": ""wafer_particles.pattern.ring_narrow"", ""radius_ratio"": 0.7, ""schema_version"": ""wafer_particles.pattern_config.v1"", ""wafer_radius_mm"": 150.0, ""width_ratio"": 0.03}",30
sample_000031,C01_Uniform,,1172,"{""n_particles"": 1172, ""name"": ""wafer_particles.pattern.C01_Uniform"", ""schema_version"": ""wafer_particles.pattern_config.v1"", ""wafer_radius_mm"": 150.0}",31
sample_000032,C11_Hotspot_Elliptic,,894,"{""center_angle"": ""random"", ""center_angle_rad"": 1.7918652350265696, ""center_radius_ratio"": 0.5453521363789473, ""mode"": ""random"", ""n_particles"": 894, ""name"": ""wafer_particles.pattern.C11_Hotspot_Elliptic"", ""rotation_deg"": 30.0, ""rotation_rad"": 1.0929743331302486, ""schema_version"": ""wafer_particles.pattern_config.v1"", ""sigma_x_ratio"": 0.10876103657180851, ""sigma_y_ratio"": 0.0465548090652871, ""wafer_radius_mm"": 150.0}",32
sample_000033,C11_Hotspot_Elliptic,,685,"{""center_angle"": ""random"", ""center_angle_rad"": 2.8115785090520014, ""center_radius_ratio"": 0.5374076994468225, ""mode"": ""random"", ""n_particles"": 685, ""name"": ""wafer_particles.pattern.C11_Hotspot_Elliptic"", ""rotation_deg"": 30.0, ""rotation_rad"": 1.2397266893941559, ""schema_version"": ""wafer_particles.pattern_config.v1"", ""sigma_x_ratio"": 0.08265968149838271, ""sigma_y_ratio"": 0.015061924525403579, ""wafer_radius_mm"": 150.0}",33
sample_000034,C11_Hotspot_Elliptic,,885,"{""center_angle"": ""random"", ""center_angle_rad"": 5.5278558906654185, ""center_radius_ratio"": 0.7038010313546009, ""mode"": ""random"", ""n_particles"": 885, ""name"": ""wafer_particles.pattern.C11_Hotspot_Elliptic"", ""rotation_deg"": 30.0, ""rotation_rad"": 3.6397206298673597, ""schema_version"": ""wafer_particles.pattern_config.v1"", ""sigma_x_ratio"": 0.07625657128457172, ""sigma_y_ratio"": 0.07146858817645217, ""wafer_radius_mm"": 150.0}",34
sample_000035,C04_Sector_Edge,,837,"{""angle_center_rad"": 0.8760348493200905, ""angle_width_deg"": 80.38092203778302, ""edge_width_ratio"": 0.09217405526654433, ""n_particles"": 837, ""name"": ""wafer_particles.pattern.C04_Sector_Edge"", ""radial_beta_alpha"": 1.417757586266845, ""radial_beta_beta"": 1.8283773312355414, ""schema_version"": ""wafer_particles.pattern_config.v1"", ""side"": ""right"", ""theta_vonmises_kappa"": 8.267317584711861, ""wafer_radius_mm"": 150.0}",35
sample_000036,ring_wide,ring,993,"{""n_particles"": 993, ""name"": ""wafer_particles.pattern.ring_wide"", ""radius_ratio"": 0.6, ""schema_version"": ""wafer_particles.pattern_config.v1"", ""wafer_radius_mm"": 150.0, ""width_ratio"": 0.15}",36
sample_000037,ring_wide,ring,1486,"{""n_particles"": 1486, ""name"": ""wafer_particles.pattern.ring_wide"", ""radius_ratio"": 0.6, ""schema_version"": ""wafer_particles.pattern_config.v1"", ""wafer_radius_mm"": 150.0, ""width_ratio"": 0.15}",37
sample_000038,C01_Uniform,,1432,"{""n_particles"": 1432, ""name"": ""wafer_particles.pattern.C01_Uniform"", ""schema_version"": ""wafer_particles.pattern_config.v1"", ""wafer_radius_mm"": 150.0}",38
sample_000039,C07_StraightLine,,1244,"{""angle_deg"": 132.6856548802053, ""n_particles"": 1244, ""name"": ""wafer_particles.pattern.C07_StraightLine"", ""offset_ratio"": 0.03145348248216284, ""schema_version"": ""wafer_particles.pattern_config.v1"", ""segment_half_length_ratio"": 0.7553941894592668, ""wafer_radius_mm"": 150.0, ""width_ratio"": 0.02939166769249454}",39
sample_000040,C11_Hotspot_Elliptic,,1493,"{""center_angle"": ""random"", ""center_angle_rad"": 0.3416156549804605, ""center_radius_ratio"": 0.7763178773299335, ""mode"": ""random"", ""n_particles"": 1493, ""name"": ""wafer_particles.pattern.C11_Hotspot_Elliptic"", ""rotation_deg"": 30.0, ""rotation_rad"": 5.09687400464808, ""schema_version"": ""wafer_particles.pattern_config.v1"", ""sigma_x_ratio"": 0.08273888002195057, ""sigma_y_ratio"": 0.019607427982908383, ""wafer_radius_mm"": 150.0}",40
sample_000041,C03_Ring,,1110,"{""n_particles"": 1110, ""name"": ""wafer_particles.pattern.C03_Ring"", ""radius_ratio"": 0.40347400520626986, ""schema_version"": ""wafer_particles.pattern_config.v1"", ""wafer_radius_mm"": 150.0, ""width_ratio"": 0.19723606854720196}",41
sample_000042,C04_Sector_Edge,,1026,"{""angle_center_rad"": 4.600430520773261, ""angle_width_deg"": 80.17536486744038, ""edge_width_ratio"": 0.27609823791271804, ""n_particles"": 1026, ""name"": ""wafer_particles.pattern.C04_Sector_Edge"", ""radial_beta_alpha"": 2.3643430510267764, ""radial_beta_beta"": 1.821457023642157, ""schema_version"": ""wafer_particles.pattern_config.v1"", ""side"": ""right"", ""theta_vonmises_kappa"": 6.70176113484974, ""wafer_radius_mm"": 150.0}",42
sample_000043,C03_Ring,,1027,"{""n_particles"": 1027, ""name"": ""wafer_particles.pattern.C03_Ring"", ""radius_ratio"": 0.710182053652746, ""schema_version"": ""wafer_particles.pattern_config.v1"", ""wafer_radius_mm"": 150.0, ""width_ratio"": 0.093811349153454}",43
sample_000044,C01_Uniform,,581,"{""n_particles"": 581, ""name"": ""wafer_particles.pattern.C01_Uniform"", ""schema_version"": ""wafer_particles.pattern_config.v1"", ""wafer_radius_mm"": 150.0}",44
sample_000045,C07_StraightLine,,703,"{""angle_deg"": 171.56112696333858, ""n_particles"": 703, ""name"": ""wafer_particles.pattern.C07_StraightLine"", ""offset_ratio"": 0.06065477938892405, ""schema_version"": ""wafer_particles.pattern_config.v1"", ""segment_half_length_ratio"": 0.6381799467480185, ""wafer_radius_mm"": 150.0, ""width_ratio"": 0.04035658788647742}",45
sample_000046,C03_Ring,,744,"{""n_particles"": 744, ""name"": ""wafer_particles.pattern.C03_Ring"", ""radius_ratio"": 0.8345018823711605, ""schema_version"": ""wafer_particles.pattern_config.v1"", ""wafer_radius_mm"": 150.0, ""width_ratio"": 0.13702831086105113}",46
sample_000047,C11_Hotspot_Elliptic,,831,"{""center_angle"": ""random"", ""center_angle_rad"": 4.2310994223938705, ""center_radius_ratio"": 0.2695270114006524, ""mode"": ""random"", ""n_particles"": 831, ""name"": ""wafer_particles.pattern.C11_Hotspot_Elliptic"", ""rotation_deg"": 30.0, ""rotation_rad"": 0.08342425661089829, ""schema_version"": ""wafer_particles.pattern_config.v1"", ""sigma_x_ratio"": 0.09287718389983124, ""sigma_y_ratio"": 0.03614362447919128, ""wafer_radius_mm"": 150.0}",47
sample_000048,C11_Hotspot_Elliptic,,786,"{""center_angle"": ""random"", ""center_angle_rad"": 4.380227571225228, ""center_radius_ratio"": 0.8568307890907189, ""mode"": ""random"", ""n_particles"": 786, ""name"": ""wafer_particles.pattern.C11_Hotspot_Elliptic"", ""rotation_deg"": 30.0, ""rotation_rad"": 3.1968082359748555, ""schema_version"": ""wafer_particles.pattern_config.v1"", ""sigma_x_ratio"": 0.04222516063010727, ""sigma_y_ratio"": 0.038151323047271445, ""wafer_radius_mm"": 150.0}",48
sample_000049,C11_Hotspot_Elliptic,,1309,"{""center_angle"": ""random"", ""center_angle_rad"": 2.0047943910296984, ""center_radius_ratio"": 0.1689814424709516, ""mode"": ""random"", ""n_particles"": 1309, ""name"": ""wafer_particles.pattern.C11_Hotspot_Elliptic"", ""rotation_deg"": 30.0, ""rotation_rad"": 2.565013558976221, ""schema_version"": ""wafer_particles.pattern_config.v1"", ""sigma_x_ratio"": 0.0476780078352524, ""sigma_y_ratio"": 0.06574639505841248, ""wafer_radius_mm"": 150.0}",49
sample_000050,C01_Uniform,,988,"{""n_particles"": 988, ""name"": ""wafer_particles.pattern.C01_Uniform"", ""schema_version"": ""wafer_particles.pattern_config.v1"", ""wafer_radius_mm"": 150.0}",50
sample_000051,C07_StraightLine,,1231,"{""angle_deg"": 2.9443285347746473, ""n_particles"": 1231, ""name"": ""wafer_particles.pattern.C07_StraightLine"", ""offset_ratio"": 0.07547316657377362, ""schema_version"": ""wafer_particles.pattern_config.v1"", ""segment_half_length_ratio"": 0.4663996021921235, ""wafer_radius_mm"": 150.0, ""width_ratio"": 0.03597031592399513}",51
sample_000052,edge_sector_left,sector,1087,"{""angle_width_deg"": 40.0, ""edge_width_ratio"": 0.1, ""n_particles"": 1087, ""name"": ""wafer_particles.pattern.edge_sector"", ""schema_version"": ""wafer_particles.pattern_config.v1"", ""side"": ""left"", ""wafer_radius_mm"": 150.0}",52
sample_000053,C11_Hotspot_Elliptic,,1059,"{""center_angle"": ""random"", ""center_angle_rad"": 4.000059449349092, ""center_radius_ratio"": 0.42320919581020533, ""mode"": ""random"", ""n_particles"": 1059, ""name"": ""wafer_particles.pattern.C11_Hotspot_Elliptic"", ""rotation_deg"": 30.0, ""rotation_rad"": 5.394110556324018, ""schema_version"": ""wafer_particles.pattern_config.v1"", ""sigma_x_ratio"": 0.040184295459298316, ""sigma_y_ratio"": 0.0653126376341479, ""wafer_radius_mm"": 150.0}",53
sample_000054,C04_Sector_Edge,,520,"{""angle_center_rad"": 4.543963431526713, ""angle_width_deg"": 84.71465804919501, ""edge_width_ratio"": 0.2993846493254935, ""n_particles"": 520, ""name"": ""wafer_particles.pattern.C04_Sector_Edge"", ""radial_beta_alpha"": 3.530490704292169, ""radial_beta_beta"": 1.5187266595170361, ""schema_version"": ""wafer_particles.pattern_config.v1"", ""side"": ""right"", ""theta_vonmises_kappa"": 1.4012237867088622, ""wafer_radius_mm"": 150.0}",54
sample_000055,C01_Uniform,,1418,"{""n_particles"": 1418, ""name"": ""wafer_particles.pattern.C01_Uniform"", ""schema_version"": ""wafer_particles.pattern_config.v1"", ""wafer_radius_mm"": 150.0}",55
sample_000056,C04_Sector_Edge,,1183,"{""angle_center_rad"": 5.124825244711509, ""angle_width_deg"": 56.89318625169258, ""edge_width_ratio"": 0.05435908686856265, ""n_particles"": 1183, ""name"": ""wafer_particles.pattern.C04_Sector_Edge"", ""radial_beta_alpha"": 1.8193423047138388, ""radial_beta_beta"": 1.8428193012495668, ""schema_version"": ""wafer_particles.pattern_config.v1"", ""side"": ""right"", ""theta_vonmises_kappa"": 1.8962299786662788, ""wafer_radius_mm"": 150.0}",56
sample_000057,C01_Uniform,,1225,"{""n_particles"": 1225, ""name"": ""wafer_particles.pattern.C01_Uniform"", ""schema_version"": ""wafer_particles.pattern_config.v1"", ""wafer_radius_mm"": 150.0}",57
sample_000058,C03_Ring,,831,"{""n_particles"": 831, ""name"": ""wafer_particles.pattern.C03_Ring"", ""radius_ratio"": 0.4298010247941639, ""schema_version"": ""wafer_particles.pattern_config.v1"", ""wafer_radius_mm"": 150.0, ""width_ratio"": 0.1703294893174578}",58
sample_000059,C11_Hotspot_Elliptic,,636,"{""center_angle"": ""random"", ""center_angle_rad"": 2.2253153984181337, ""center_radius_ratio"": 0.6257189422585439, ""mode"": ""random"", ""n_particles"": 636, ""name"": ""wafer_particles.pattern.C11_Hotspot_Elliptic"", ""rotation_deg"": 30.0, ""rotation_rad"": 2.674127515051992, ""schema_version"": ""wafer_particles.pattern_config.v1"", ""sigma_x_ratio"": 0.05219123426714299, ""sigma_y_ratio"": 0.035486791060047526, ""wafer_radius_mm"": 150.0}",59
sample_000060,C11_Hotspot_Elliptic,,1097,"{""center_angle"": ""random"", ""center_angle_rad"": 0.34024104018556955, ""center_radius_ratio"": 0.2068055402438135, ""mode"": ""random"", ""n_particles"": 1097, ""name"": ""wafer_particles.pattern.C11_Hotspot_Elliptic"", ""rotation_deg"": 30.0, ""rotation_rad"": 2.2289764524210107, ""schema_version"": ""wafer_particles.pattern_config.v1"", ""sigma_x_ratio"": 0.11597723189394335, ""sigma_y_ratio"": 0.05953291799859225, ""wafer_radius_mm"": 150.0}",60
sample_000061,C11_Hotspot_Elliptic,,571,"{""center_angle"": ""random"", ""center_angle_rad"": 2.302419427148942, ""center_radius_ratio"": 0.4470080682429522, ""mode"": ""random"", ""n_particles"": 571, ""name"": ""wafer_particles.pattern.C11_Hotspot_Elliptic"", ""rotation_deg"": 30.0, ""rotation_rad"": 2.6257019120567353, ""schema_version"": ""wafer_particles.pattern_config.v1"", ""sigma_x_ratio"": 0.08145672417882303, ""sigma_y_ratio"": 0.07088184146543881, ""wafer_radius_mm"": 150.0}",61
sample_000062,C04_Sector_Edge,,556,"{""angle_center_rad"": 5.23276773425409, ""angle_width_deg"": 41.22896257360692, ""edge_width_ratio"": 0.22849508874886015, ""n_particles"": 556, ""name"": ""wafer_particles.pattern.C04_Sector_Edge"", ""radial_beta_alpha"": 1.654152058419433, ""radial_beta_beta"": 0.9263467523107317, ""schema_version"": ""wafer_particles.pattern_config.v1"", ""side"": ""right"", ""theta_vonmises_kappa"": 1.7131913048329883, ""wafer_radius_mm"": 150.0}",62
sample_000063,C07_StraightLine,,1478,"{""angle_deg"": 28.98822819513087, ""n_particles"": 1478, ""name"": ""wafer_particles.pattern.C07_StraightLine"", ""offset_ratio"": -0.0749455600383031, ""schema_version"": ""wafer_particles.pattern_config.v1"", ""segment_half_length_ratio"": 0.7624603316128573, ""wafer_radius_mm"": 150.0, ""width_ratio"": 0.03231402722075942}",63
sample_000064,C01_Uniform,,651,"{""n_particles"": 651, ""name"": ""wafer_particles.pattern.C01_Uniform"", ""schema_version"": ""wafer_particles.pattern_config.v1"", ""wafer_radius_mm"": 150.0}",64
sample_000065,C03_Ring,,1161,"{""n_particles"": 1161, ""name"": ""wafer_particles.pattern.C03_Ring"", ""radius_ratio"": 0.44232734298447046, ""schema_version"": ""wafer_particles.pattern_config.v1"", ""wafer_radius_mm"": 150.0, ""width_ratio"": 0.09746768899525121}",65
sample_000066,C07_StraightLine,,1432,"{""angle_deg"": 105.02364752293259, ""n_particles"": 1432, ""name"": ""wafer_particles.pattern.C07_StraightLine"", ""offset_ratio"": 0.2799481183273604, ""schema_version"": ""wafer_particles.pattern_config.v1"", ""segment_half_length_ratio"": 0.45597275063411496, ""wafer_radius_mm"": 150.0, ""width_ratio"": 0.045404341172179924}",66
sample_000067,C03_Ring,,537,"{""n_particles"": 537, ""name"": ""wafer_particles.pattern.C03_Ring"", ""radius_ratio"": 0.6473836506499229, ""schema_version"": ""wafer_particles.pattern_config.v1"", ""wafer_radius_mm"": 150.0, ""width_ratio"": 0.12254302207199091}",67
sample_000068,ring_wide,ring,1461,"{""n_particles"": 1461, ""name"": ""wafer_particles.pattern.ring_wide"", ""radius_ratio"": 0.6, ""schema_version"": ""wafer_particles.pattern_config.v1"", ""wafer_radius_mm"": 150.0, ""width_ratio"": 0.15}",68
sample_000069,C04_Sector_Edge,,738,"{""angle_center_rad"": 0.1275128859988509, ""angle_width_deg"": 83.90788464056068, ""edge_width_ratio"": 0.20720553156487265, ""n_particles"": 738, ""name"": ""wafer_particles.pattern.C04_Sector_Edge"", ""radial_beta_alpha"": 1.844417861592491, ""radial_beta_beta"": 2.1822010678461234, ""schema_version"": ""wafer_particles.pattern_config.v1"", ""side"": ""right"", ""theta_vonmises_kappa"": 4.2719501560480815, ""wafer_radius_mm"": 150.0}",69
sample_000070,C11_Hotspot_Elliptic,,1352,"{""center_angle"": ""random"", ""center_angle_rad"": 5.055281520800807, ""center_radius_ratio"": 0.0475595862897091, ""mode"": ""random"", ""n_particles"": 1352, ""name"": ""wafer_particles.pattern.C11_Hotspot_Elliptic"", ""rotation_deg"": 30.0, ""rotation_rad"": 5.0026612046383425, ""schema_version"": ""wafer_particles.pattern_config.v1"", ""sigma_x_ratio"": 0.03427257217846197, ""sigma_y_ratio"": 0.06281877434867394, ""wafer_radius_mm"": 150.0}",70
sample_000071,C07_StraightLine,,829,"{""angle_deg"": 118.43753638430998, ""n_particles"": 829, ""name"": ""wafer_particles.pattern.C07_StraightLine"", ""offset_ratio"": 0.25082605581253076, ""schema_version"": ""wafer_particles.pattern_config.v1"", ""segment_half_length_ratio"": 0.4805631204171902, ""wafer_radius_mm"": 150.0, ""width_ratio"": 0.01011645241107116}",71
sample_000072,C01_Uniform,,1231,"{""n_particles"": 1231, ""name"": ""wafer_particles.pattern.C01_Uniform"", ""schema_version"": ""wafer_particles.pattern_config.v1"", ""wafer_radius_mm"": 150.0}",72
sample_000073,C11_Hotspot_Elliptic,,859,"{""center_angle"": ""random"", ""center_angle_rad"": 3.6777755516018655, ""center_radius_ratio"": 0.8743220981057168, ""mode"": ""random"", ""n_particles"": 859, ""name"": ""wafer_particles.pattern.C11_Hotspot_Elliptic"", ""rotation_deg"": 30.0, ""rotation_rad"": 1.3524937307187612, ""schema_version"": ""wafer_particles.pattern_config.v1"", ""sigma_x_ratio"": 0.08551138962889379, ""sigma_y_ratio"": 0.04021705439365373, ""wafer_radius_mm"": 150.0}",73
sample_000074,random_uniform,random,1160,"{""n_particles"": 1160, ""name"": ""wafer_particles.pattern.random_uniform"", ""schema_version"": ""wafer_particles.pattern_config.v1"", ""wafer_radius_mm"": 150.0}",74
sample_000075,C11_Hotspot_Elliptic,,1218,"{""center_angle"": ""random"", ""center_angle_rad"": 3.3521103664921097, ""center_radius_ratio"": 0.4860565912655797, ""mode"": ""random"", ""n_particles"": 1218, ""name"": ""wafer_particles.pattern.C11_Hotspot_Elliptic"", ""rotation_deg"": 30.0, ""rotation_rad"": 2.7130826911767327, ""schema_version"": ""wafer_particles.pattern_config.v1"", ""sigma_x_ratio"": 0.10725017693809813, ""sigma_y_ratio"": 0.04193844169931776, ""wafer_radius_mm"": 150.0}",75
sample_000076,C03_Ring,,746,"{""n_particles"": 746, ""name"": ""wafer_particles.pattern.C03_Ring"", ""radius_ratio"": 0.6706466973918603, ""schema_version"": ""wafer_particles.pattern_config.v1"", ""wafer_radius_mm"": 150.0, ""width_ratio"": 0.1269461263686253}",76
sample_000077,C01_Uniform,,1074,"{""n_particles"": 1074, ""name"": ""wafer_particles.pattern.C01_Uniform"", ""schema_version"": ""wafer_particles.pattern_config.v1"", ""wafer_radius_mm"": 150.0}",77
sample_000078,C07_StraightLine,,1312,"{""angle_deg"": 142.72629814307197, ""n_particles"": 1312, ""name"": ""wafer_particles.pattern.C07_StraightLine"", ""offset_ratio"": 0.02455341327824062, ""schema_version"": ""wafer_particles.pattern_config.v1"", ""segment_half_length_ratio"": 0.39637042375342607, ""wafer_radius_mm"": 150.0, ""width_ratio"": 0.008618289960627974}",78
sample_000079,C01_Uniform,,550,"{""n_particles"": 550, ""name"": ""wafer_particles.pattern.C01_Uniform"", ""schema_version"": ""wafer_particles.pattern_config.v1"", ""wafer_radius_mm"": 150.0}",79
sample_000080,C04_Sector_Edge,,640,"{""angle_center_rad"": 5.8883952487002675, ""angle_width_deg"": 71.90804303275905, ""edge_width_ratio"": 0.11913729094550622, ""n_particles"": 640, ""name"": ""wafer_particles.pattern.C04_Sector_Edge"", ""radial_beta_alpha"": 2.488565743123578, ""radial_beta_beta"": 1.2166771816971875, ""schema_version"": ""wafer_particles.pattern_config.v1"", ""side"": ""right"", ""theta_vonmises_kappa"": 9.70287340513241, ""wafer_radius_mm"": 150.0}",80
sample_000081,C11_Hotspot_Elliptic,,1050,"{""center_angle"": ""random"", ""center_angle_rad"": 1.767369717508852, ""center_radius_ratio"": 0.23990293416297429, ""mode"": ""random"", ""n_particles"": 1050, ""name"": ""wafer_particles.pattern.C11_Hotspot_Elliptic"", ""rotation_deg"": 30.0, ""rotation_rad"": 3.165905510546718, ""schema_version"": ""wafer_particles.pattern_config.v1"", ""sigma_x_ratio"": 0.053744268068134565, ""sigma_y_ratio"": 0.05782088224517002, ""wafer_radius_mm"": 150.0}",81
sample_000082,radial_lines,line,1463,"{""angular_jitter_deg"": 2.0, ""n_lines"": 6, ""n_particles"": 1463, ""name"": ""wafer_particles.pattern.radial_lines"", ""r_max_ratio"": 1.0, ""r_min_ratio"": 0.0, ""schema_version"": ""wafer_particles.pattern_config.v1"", ""wafer_radius_mm"": 150.0}",82
sample_000083,C11_Hotspot_Elliptic,,1486,"{""center_angle"": ""random"", ""center_angle_rad"": 1.3203359730714104, ""center_radius_ratio"": 0.7445437406810161, ""mode"": ""random"", ""n_particles"": 1486, ""name"": ""wafer_particles.pattern.C11_Hotspot_Elliptic"", ""rotation_deg"": 30.0, ""rotation_rad"": 3.007443702504274, ""schema_version"": ""wafer_particles.pattern_config.v1"", ""sigma_x_ratio"": 0.035458495260959066, ""sigma_y_ratio"": 0.07384738536150341, ""wafer_radius_mm"": 150.0}",83
sample_000084,C07_StraightLine,,1517,"{""angle_deg"": 171.29870009991754, ""n_particles"": 1517, ""name"": ""wafer_particles.pattern.C07_StraightLine"", ""offset_ratio"": -0.2628465341091738, ""schema_version"": ""wafer_particles.pattern_config.v1"", ""segment_half_length_ratio"": 0.5127597316809498, ""wafer_radius_mm"": 150.0, ""width_ratio"": 0.04991036057039112}",84
sample_000085,C03_Ring,,1531,"{""n_particles"": 1531, ""name"": ""wafer_particles.pattern.C03_Ring"", ""radius_ratio"": 0.6960140274152287, ""schema_version"": ""wafer_particles.pattern_config.v1"", ""wafer_radius_mm"": 150.0, ""width_ratio"": 0.1635762033335319}",85
sample_000086,C07_StraightLine,,948,"{""angle_deg"": 92.7628617144025, ""n_particles"": 948, ""name"": ""wafer_particles.pattern.C07_StraightLine"", ""offset_ratio"": 0.11307561266766036, ""schema_version"": ""wafer_particles.pattern_config.v1"", ""segment_half_length_ratio"": 0.33797332881232345, ""wafer_radius_mm"": 150.0, ""width_ratio"": 0.024578571725293104}",86
sample_000087,C04_Sector_Edge,,911,"{""angle_center_rad"": 2.191444843777848, ""angle_width_deg"": 55.0797996350312, ""edge_width_ratio"": 0.21708886337405658, ""n_particles"": 911, ""name"": ""wafer_particles.pattern.C04_Sector_Edge"", ""radial_beta_alpha"": 3.546425940202159, ""radial_beta_beta"": 2.252149383839906, ""schema_version"": ""wafer_particles.pattern_config.v1"", ""side"": ""right"", ""theta_vonmises_kappa"": 6.982056735932949, ""wafer_radius_mm"": 150.0}",87
sample_000088,C04_Sector_Edge,,809,"{""angle_center_rad"": 5.499234985584643, ""angle_width_deg"": 57.55389569288575, ""edge_width_ratio"": 0.09616067794617368, ""n_particles"": 809, ""name"": ""wafer_particles.pattern.C04_Sector_Edge"", ""radial_beta_alpha"": 2.613271735724843, ""radial_beta_beta"": 1.3310346110088078, ""schema_version"": ""wafer_particles.pattern_config.v1"", ""side"": ""right"", ""theta_vonmises_kappa"": 9.126348791652973, ""wafer_radius_mm"": 150.0}",88
sample_000089,C03_Ring,,1513,"{""n_particles"": 1513, ""name"": ""wafer_particles.pattern.C03_Ring"", ""radius_ratio"": 0.7644139546310734, ""schema_version"": ""wafer_particles.pattern_config.v1"", ""wafer_radius_mm"": 150.0, ""width_ratio"": 0.039999864125462026}",89
sample_000090,C11_Hotspot_Elliptic,,866,"{""center_angle"": ""random"", ""center_angle_rad"": 0.702202066295167, ""center_radius_ratio"": 0.4851029303464886, ""mode"": ""random"", ""n_particles"": 866, ""name"": ""wafer_particles.pattern.C11_Hotspot_Elliptic"", ""rotation_deg"": 30.0, ""rotation_rad"": 5.3106050270332075, ""schema_version"": ""wafer_particles.pattern_config.v1"", ""sigma_x_ratio"": 0.03848058627134634, ""sigma_y_ratio"": 0.011528950676598244, ""wafer_radius_mm"": 150.0}",90
sample_000091,C07_StraightLine,,1196,"{""angle_deg"": 13.634029992121857, ""n_particles"": 1196, ""name"": ""wafer_particles.pattern.C07_StraightLine"", ""offset_ratio"": 0.03432159939320517, ""schema_version"": ""wafer_particles.pattern_config.v1"", ""segment_half_length_ratio"": 0.8753223117114204, ""wafer_radius_mm"": 150.0, ""width_ratio"": 0.042081551760185215}",91
sample_000092,C03_Ring,,679,"{""n_particles"": 679, ""name"": ""wafer_particles.pattern.C03_Ring"", ""radius_ratio"": 0.616743498154964, ""schema_version"": ""wafer_particles.pattern_config.v1"", ""wafer_radius_mm"": 150.0, ""width_ratio"": 0.1490041266125212}",92
sample_000093,C03_Ring,,777,"{""n_particles"": 777, ""name"": ""wafer_particles.pattern.C03_Ring"", ""radius_ratio"": 0.7002961685631106, ""schema_version"": ""wafer_particles.pattern_config.v1"", ""wafer_radius_mm"": 150.0, ""width_ratio"": 0.10389192185103441}",93
sample_000094,C04_Sector_Edge,,1152,"{""angle_center_rad"": 3.5952875691562936, ""angle_width_deg"": 84.73788208534707, ""edge_width_ratio"": 0.08510692749763364, ""n_particles"": 1152, ""name"": ""wafer_particles.pattern.C04_Sector_Edge"", ""radial_beta_alpha"": 2.8030665376594546, ""radial_beta_beta"": 1.399515058788742, ""schema_version"": ""wafer_particles.pattern_config.v1"", ""side"": ""right"", ""theta_vonmises_kappa"": 1.9368456594702683, ""wafer_radius_mm"": 150.0}",94
sample_000095,C01_Uniform,,1219,"{""n_particles"": 1219, ""name"": ""wafer_particles.pattern.C01_Uniform"", ""schema_version"": ""wafer_particles.pattern_config.v1"", ""wafer_radius_mm"": 150.0}",95
sample_000096,C01_Uniform,,1456,"{""n_particles"": 1456, ""name"": ""wafer_particles.pattern.C01_Uniform"", ""schema_version"": ""wafer_particles.pattern_config.v1"", ""wafer_radius_mm"": 150.0}",96
sample_000097,C07_StraightLine,,579,"{""angle_deg"": 52.78474949191225, ""n_particles"": 579, ""name"": ""wafer_particles.pattern.C07_StraightLine"", ""offset_ratio"": 0.20673897277215564, ""schema_version"": ""wafer_particles.pattern_config.v1"", ""segment_half_length_ratio"": 0.7204946082208601, ""wafer_radius_mm"": 150.0, ""width_ratio"": 0.04689238146089432}",97
sample_000098,hotspot_center,hotspot,880,"{""center_angle"": ""random"", ""center_radius_ratio"": 0.9, ""mode"": ""center"", ""n_particles"": 880, ""name"": ""wafer_particles.pattern.hotspot"", ""schema_version"": ""wafer_particles.pattern_config.v1"", ""sigma_ratio"": 0.05, ""wafer_radius_mm"": 150.0}",98
sample_000099,scratch_horizontal,line,1453,"{""angle_category"": ""horizontal"", ""length_ratio"": 1.0, ""n_particles"": 1453, ""name"": ""wafer_particles.pattern.scratch"", ""offset_ratio"": 0.0, ""schema_version"": ""wafer_particles.pattern_config.v1"", ""wafer_radius_mm"": 150.0, ""width_ratio"": 0.01}",99
sample_000100,C01_Uniform,,1173,"{""n_particles"": 1173, ""name"": ""wafer_particles.pattern.C01_Uniform"", ""schema_version"": ""wafer_particles.pattern_config.v1"", ""wafer_radius_mm"": 150.0}",100
sample_000101,C01_Uniform,,626,"{""n_particles"": 626, ""name"": ""wafer_particles.pattern.C01_Uniform"", ""schema_version"": ""wafer_particles.pattern_config.v1"", ""wafer_radius_mm"": 150.0}",101
sample_000102,C11_Hotspot_Elliptic,,579,"{""center_angle"": ""random"", ""center_angle_rad"": 5.269416080577402, ""center_radius_ratio"": 0.4873043091539855, ""mode"": ""random"", ""n_particles"": 579, ""name"": ""wafer_particles.pattern.C11_Hotspot_Elliptic"", ""rotation_deg"": 30.0, ""rotation_rad"": 5.2207817483989505, ""schema_version"": ""wafer_particles.pattern_config.v1"", ""sigma_x_ratio"": 0.030427005522125936, ""sigma_y_ratio"": 0.05999118709647018, ""wafer_radius_mm"": 150.0}",102
sample_000103,C07_StraightLine,,1362,"{""angle_deg"": 9.33992244312092, ""n_particles"": 1362, ""name"": ""wafer_particles.pattern.C07_StraightLine"", ""offset_ratio"": 0.0003504242494129506, ""schema_version"": ""wafer_particles.pattern_config.v1"", ""segment_half_length_ratio"": 0.654783615611982, ""wafer_radius_mm"": 150.0, ""width_ratio"": 0.006618138406906275}",103
sample_000104,ring_wide,ring,1496,"{""n_particles"": 1496, ""name"": ""wafer_particles.pattern.ring_wide"", ""radius_ratio"": 0.6, ""schema_version"": ""wafer_particles.pattern_config.v1"", ""wafer_radius_mm"": 150.0, ""width_ratio"": 0.15}",104
sample_000105,C03_Ring,,1015,"{""n_particles"": 1015, ""name"": ""wafer_particles.pattern.C03_Ring"", ""radius_ratio"": 0.894406642038553, ""schema_version"": ""wafer_particles.pattern_config.v1"", ""wafer_radius_mm"": 150.0, ""width_ratio"": 0.1817069607827364}",105
sample_000106,C07_StraightLine,,1189,"{""angle_deg"": 156.01535344123286, ""n_particles"": 1189, ""name"": ""wafer_particles.pattern.C07_StraightLine"", ""offset_ratio"": 0.15100244775591204, ""schema_version"": ""wafer_particles.pattern_config.v1"", ""segment_half_length_ratio"": 0.5154186301743371, ""wafer_radius_mm"": 150.0, ""width_ratio"": 0.01651627458731103}",106
sample_000107,C04_Sector_Edge,,979,"{""angle_center_rad"": 1.441245795059186, ""angle_width_deg"": 45.30214377672793, ""edge_width_ratio"": 0.22169734584598172, ""n_particles"": 979, ""name"": ""wafer_particles.pattern.C04_Sector_Edge"", ""radial_beta_alpha"": 3.9305952623034015, ""radial_beta_beta"": 2.4931824535830343, ""schema_version"": ""wafer_particles.pattern_config.v1"", ""side"": ""right"", ""theta_vonmises_kappa"": 8.899530897098694, ""wafer_radius_mm"": 150.0}",107
sample_000108,C11_Hotspot_Elliptic,,712,"{""center_angle"": ""random"", ""center_angle_rad"": 5.39692330162298, ""center_radius_ratio"": 0.41324548011875367, ""mode"": ""random"", ""n_particles"": 712, ""name"": ""wafer_particles.pattern.C11_Hotspot_Elliptic"", ""rotation_deg"": 30.0, ""rotation_rad"": 3.568222424709836, ""schema_version"": ""wafer_particles.pattern_config.v1"", ""sigma_x_ratio"": 0.07388784107131458, ""sigma_y_ratio"": 0.010230586431264297, ""wafer_radius_mm"": 150.0}",108
sample_000109,C07_StraightLine,,1469,"{""angle_deg"": 129.7279145715194, ""n_particles"": 1469, ""name"": ""wafer_particles.pattern.C07_StraightLine"", ""offset_ratio"": 0.2532145310911739, ""schema_version"": ""wafer_particles.pattern_config.v1"", ""segment_half_length_ratio"": 0.7219989187094074, ""wafer_radius_mm"": 150.0, ""width_ratio"": 0.044557462731363226}",109
sample_000110,C03_Ring,,964,"{""n_particles"": 964, ""name"": ""wafer_particles.pattern.C03_Ring"", ""radius_ratio"": 0.5239351944865533, ""schema_version"": ""wafer_particles.pattern_config.v1"", ""wafer_radius_mm"": 150.0, ""width_ratio"": 0.0955455941934985}",110
sample_000111,C01_Uniform,,1230,"{""n_particles"": 1230, ""name"": ""wafer_particles.pattern.C01_Uniform"", ""schema_version"": ""wafer_particles.pattern_config.v1"", ""wafer_radius_mm"": 150.0}",111
sample_000112,C04_Sector_Edge,,1130,"{""angle_center_rad"": 6.127194471760911, ""angle_width_deg"": 67.30101568085944, ""edge_width_ratio"": 0.084860169306009, ""n_particles"": 1130, ""name"": ""wafer_particles.pattern.C04_Sector_Edge"", ""radial_beta_alpha"": 3.315159598402066, ""radial_beta_beta"": 2.3568295092583824, ""schema_version"": ""wafer_particles.pattern_config.v1"", ""side"": ""right"", ""theta_vonmises_kappa"": 3.650793936643939, ""wafer_radius_mm"": 150.0}",112
sample_000113,C03_Ring,,764,"{""n_particles"": 764, ""name"": ""wafer_particles.pattern.C03_Ring"", ""radius_ratio"": 0.8485074818069485, ""schema_version"": ""wafer_particles.pattern_config.v1"", ""wafer_radius_mm"": 150.0, ""width_ratio"": 0.09532198218273669}",113
sample_000114,ring_narrow,ring,677,"{""n_particles"": 677, ""name"": ""wafer_particles.pattern.ring_narrow"", ""radius_ratio"": 0.7, ""schema_version"": ""wafer_particles.pattern_config.v1"", ""wafer_radius_mm"": 150.0, ""width_ratio"": 0.03}",114
sample_000115,C01_Uniform,,750,"{""n_particles"": 750, ""name"": ""wafer_particles.pattern.C01_Uniform"", ""schema_version"": ""wafer_particles.pattern_config.v1"", ""wafer_radius_mm"": 150.0}",115
sample_000116,C01_Uniform,,1409,"{""n_particles"": 1409, ""name"": ""wafer_particles.pattern.C01_Uniform"", ""schema_version"": ""wafer_particles.pattern_config.v1"", ""wafer_radius_mm"": 150.0}",116
sample_000117,C11_Hotspot_Elliptic,,787,"{""center_angle"": ""random"", ""center_angle_rad"": 3.6130280828384254, ""center_radius_ratio"": 0.4972986060886354, ""mode"": ""random"", ""n_particles"": 787, ""name"": ""wafer_particles.pattern.C11_Hotspot_Elliptic"", ""rotation_deg"": 30.0, ""rotation_rad"": 0.5760482411440614, ""schema_version"": ""wafer_particles.pattern_config.v1"", ""sigma_x_ratio"": 0.1016581400475033, ""sigma_y_ratio"": 0.0775047884152998, ""wafer_radius_mm"": 150.0}",117
sample_000118,C04_Sector_Edge,,1480,"{""angle_center_rad"": 2.6602009167679963, ""angle_width_deg"": 47.113280592281576, ""edge_width_ratio"": 0.13664143656698036, ""n_particles"": 1480, ""name"": ""wafer_particles.pattern.C04_Sector_Edge"", ""radial_beta_alpha"": 2.1608104658535967, ""radial_beta_beta"": 2.6687825461734644, ""schema_version"": ""wafer_particles.pattern_config.v1"", ""side"": ""right"", ""theta_vonmises_kappa"": 7.212030282137199, ""wafer_radius_mm"": 150.0}",118
sample_000119,C11_Hotspot_Elliptic,,1298,"{""center_angle"": ""random"", ""center_angle_rad"": 0.23149958268144905, ""center_radius_ratio"": 0.7377936469245252, ""mode"": ""random"", ""n_particles"": 1298, ""name"": ""wafer_particles.pattern.C11_Hotspot_Elliptic"", ""rotation_deg"": 30.0, ""rotation_rad"": 3.947461784492654, ""schema_version"": ""wafer_particles.pattern_config.v1"", ""sigma_x_ratio"": 0.10926571965393973, ""sigma_y_ratio"": 0.05296259154230626, ""wafer_radius_mm"": 150.0}",119
sample_000120,C04_Sector_Edge,,642,"{""angle_center_rad"": 0.6520294256489341, ""angle_width_deg"": 55.425258532889515, ""edge_width_ratio"": 0.134088659119942, ""n_particles"": 642, ""name"": ""wafer_particles.pattern.C04_Sector_Edge"", ""radial_beta_alpha"": 1.6142520162231397, ""radial_beta_beta"": 1.7010923018223982, ""schema_version"": ""wafer_particles.pattern_config.v1"", ""side"": ""right"", ""theta_vonmises_kappa"": 9.920519761632537, ""wafer_radius_mm"": 150.0}",120
sample_000121,ring_narrow,ring,1408,"{""n_particles"": 1408, ""name"": ""wafer_particles.pattern.ring_narrow"", ""radius_ratio"": 0.7, ""schema_version"": ""wafer_particles.pattern_config.v1"", ""wafer_radius_mm"": 150.0, ""width_ratio"": 0.03}",121
sample_000122,C11_Hotspot_Elliptic,,1526,"{""center_angle"": ""random"", ""center_angle_rad"": 2.8525188137879867, ""center_radius_ratio"": 0.5245389309324526, ""mode"": ""random"", ""n_particles"": 1526, ""name"": ""wafer_particles.pattern.C11_Hotspot_Elliptic"", ""rotation_deg"": 30.0, ""rotation_rad"": 3.887493684080056, ""schema_version"": ""wafer_particles.pattern_config.v1"", ""sigma_x_ratio"": 0.07175468424415854, ""sigma_y_ratio"": 0.03285371308987845, ""wafer_radius_mm"": 150.0}",122
sample_000123,ring_wide,ring,759,"{""n_particles"": 759, ""name"": ""wafer_particles.pattern.ring_wide"", ""radius_ratio"": 0.6, ""schema_version"": ""wafer_particles.pattern_config.v1"", ""wafer_radius_mm"": 150.0, ""width_ratio"": 0.15}",123
sample_000124,C03_Ring,,632,"{""n_particles"": 632, ""name"": ""wafer_particles.pattern.C03_Ring"", ""radius_ratio"": 0.6941981579084167, ""schema_version"": ""wafer_particles.pattern_config.v1"", ""wafer_radius_mm"": 150.0, ""width_ratio"": 0.1037664099293722}",124
sample_000125,C07_StraightLine,,960,"{""angle_deg"": 111.82715069255669, ""n_particles"": 960, ""name"": ""wafer_particles.pattern.C07_StraightLine"", ""offset_ratio"": 0.2123109227046563, ""schema_version"": ""wafer_particles.pattern_config.v1"", ""segment_half_length_ratio"": 0.5923868494635998, ""wafer_radius_mm"": 150.0, ""width_ratio"": 0.014688594617140217}",125
sample_000126,C04_Sector_Edge,,527,"{""angle_center_rad"": 6.107167974548985, ""angle_width_deg"": 69.94272050552257, ""edge_width_ratio"": 0.1705356540048582, ""n_particles"": 527, ""name"": ""wafer_particles.pattern.C04_Sector_Edge"", ""radial_beta_alpha"": 2.9527999162987975, ""radial_beta_beta"": 3.340416116990485, ""schema_version"": ""wafer_particles.pattern_config.v1"", ""side"": ""right"", ""theta_vonmises_kappa"": 8.61101460586593, ""wafer_radius_mm"": 150.0}",126
sample_000127,C11_Hotspot_Elliptic,,789,"{""center_angle"": ""random"", ""center_angle_rad"": 1.167234371035236, ""center_radius_ratio"": 0.8704692352205889, ""mode"": ""random"", ""n_particles"": 789, ""name"": ""wafer_particles.pattern.C11_Hotspot_Elliptic"", ""rotation_deg"": 30.0, ""rotation_rad"": 0.7027683329959672, ""schema_version"": ""wafer_particles.pattern_config.v1"", ""sigma_x_ratio"": 0.041912510570376524, ""sigma_y_ratio"": 0.03182008724328198, ""wafer_radius_mm"": 150.0}",127
sample_000128,C11_Hotspot_Elliptic,,703,"{""center_angle"": ""random"", ""center_angle_rad"": 2.383838515499028, ""center_radius_ratio"": 0.8827539012011977, ""mode"": ""random"", ""n_particles"": 703, ""name"": ""wafer_particles.pattern.C11_Hotspot_Elliptic"", ""rotation_deg"": 30.0, ""rotation_rad"": 1.0767542257992313, ""schema_version"": ""wafer_particles.pattern_config.v1"", ""sigma_x_ratio"": 0.03481244850359572, ""sigma_y_ratio"": 0.04153780660027732, ""wafer_radius_mm"": 150.0}",128
sample_000129,scratch_horizontal,line,557,"{""angle_category"": ""horizontal"", ""length_ratio"": 1.0, ""n_particles"": 557, ""name"": ""wafer_particles.pattern.scratch"", ""offset_ratio"": 0.0, ""schema_version"": ""wafer_particles.pattern_config.v1"", ""wafer_radius_mm"": 150.0, ""width_ratio"": 0.01}",129
sample_000130,C11_Hotspot_Elliptic,,1019,"{""center_angle"": ""random"", ""center_angle_rad"": 2.492865207396582, ""center_radius_ratio"": 0.33404628720014173, ""mode"": ""random"", ""n_particles"": 1019, ""name"": ""wafer_particles.pattern.C11_Hotspot_Elliptic"", ""rotation_deg"": 30.0, ""rotation_rad"": 0.9662076039679326, ""schema_version"": ""wafer_particles.pattern_config.v1"", ""sigma_x_ratio"": 0.09028226201110942, ""sigma_y_ratio"": 0.01325191076173536, ""wafer_radius_mm"": 150.0}",130
sample_000131,C07_StraightLine,,929,"{""angle_deg"": 56.761611018514614, ""n_particles"": 929, ""name"": ""wafer_particles.pattern.C07_StraightLine"", ""offset_ratio"": 0.1275777679892126, ""schema_version"": ""wafer_particles.pattern_config.v1"", ""segment_half_length_ratio"": 0.4684444241791228, ""wafer_radius_mm"": 150.0, ""width_ratio"": 0.02041540586191351}",131
sample_000132,C04_Sector_Edge,,1401,"{""angle_center_rad"": 0.6179468137063179, ""angle_width_deg"": 72.00096305245324, ""edge_width_ratio"": 0.05916819058631935, ""n_particles"": 1401, ""name"": ""wafer_particles.pattern.C04_Sector_Edge"", ""radial_beta_alpha"": 3.648198827881412, ""radial_beta_beta"": 0.9292919320326634, ""schema_version"": ""wafer_particles.pattern_config.v1"", ""side"": ""right"", ""theta_vonmises_kappa"": 8.010537996816424, ""wafer_radius_mm"": 150.0}",132
sample_000133,C01_Uniform,,514,"{""n_particles"": 514, ""name"": ""wafer_particles.pattern.C01_Uniform"", ""schema_version"": ""wafer_particles.pattern_config.v1"", ""wafer_radius_mm"": 150.0}",133
sample_000134,C01_Uniform,,1391,"{""n_particles"": 1391, ""name"": ""wafer_particles.pattern.C01_Uniform"", ""schema_version"": ""wafer_particles.pattern_config.v1"", ""wafer_radius_mm"": 150.0}",134
sample_000135,C07_StraightLine,,646,"{""angle_deg"": 101.50489703455627, ""n_particles"": 646, ""name"": ""wafer_particles.pattern.C07_StraightLine"", ""offset_ratio"": 0.14782256045196035, ""schema_version"": ""wafer_particles.pattern_config.v1"", ""segment_half_length_ratio"": 0.7535754490552141, ""wafer_radius_mm"": 150.0, ""width_ratio"": 0.03797370787919284}",135
sample_000136,C01_Uniform,,1361,"{""n_particles"": 1361, ""name"": ""wafer_particles.pattern.C01_Uniform"", ""schema_version"": ""wafer_particles.pattern_config.v1"", ""wafer_radius_mm"": 150.0}",136
sample_000137,C07_StraightLine,,524,"{""angle_deg"": 155.33356043471912, ""n_particles"": 524, ""name"": ""wafer_particles.pattern.C07_StraightLine"", ""offset_ratio"": 0.07510907566724118, ""schema_version"": ""wafer_particles.pattern_config.v1"", ""segment_half_length_ratio"": 0.6829825206803739, ""wafer_radius_mm"": 150.0, ""width_ratio"": 0.011918141761068902}",137
sample_000138,C01_Uniform,,690,"{""n_particles"": 690, ""name"": ""wafer_particles.pattern.C01_Uniform"", ""schema_version"": ""wafer_particles.pattern_config.v1"", ""wafer_radius_mm"": 150.0}",138
sample_000139,C04_Sector_Edge,,1340,"{""angle_center_rad"": 0.6623746374224229, ""angle_width_deg"": 67.88698503428868, ""edge_width_ratio"": 0.2818676175540747, ""n_particles"": 1340, ""name"": ""wafer_particles.pattern.C04_Sector_Edge"", ""radial_beta_alpha"": 3.21922884721545, ""radial_beta_beta"": 1.2561135330991178, ""schema_version"": ""wafer_particles.pattern_config.v1"", ""side"": ""right"", ""theta_vonmises_kappa"": 5.633362691540444, ""wafer_radius_mm"": 150.0}",139
sample_000140,C07_StraightLine,,1255,"{""angle_deg"": 63.27345609486612, ""n_particles"": 1255, ""name"": ""wafer_particles.pattern.C07_StraightLine"", ""offset_ratio"": 0.12544416851004464, ""schema_version"": ""wafer_particles.pattern_config.v1"", ""segment_half_length_ratio"": 0.4574010444849369, ""wafer_radius_mm"": 150.0, ""width_ratio"": 0.01163094252612298}",140
sample_000141,edge_sector_left,sector,1529,"{""angle_width_deg"": 40.0, ""edge_width_ratio"": 0.1, ""n_particles"": 1529, ""name"": ""wafer_particles.pattern.edge_sector"", ""schema_version"": ""wafer_particles.pattern_config.v1"", ""side"": ""left"", ""wafer_radius_mm"": 150.0}",141
sample_000142,C03_Ring,,974,"{""n_particles"": 974, ""name"": ""wafer_particles.pattern.C03_Ring"", ""radius_ratio"": 0.7358126876459881, ""schema_version"": ""wafer_particles.pattern_config.v1"", ""wafer_radius_mm"": 150.0, ""width_ratio"": 0.11820252368004638}",142
sample_000143,C01_Uniform,,581,"{""n_particles"": 581, ""name"": ""wafer_particles.pattern.C01_Uniform"", ""schema_version"": ""wafer_particles.pattern_config.v1"", ""wafer_radius_mm"": 150.0}",143
sample_000144,C07_StraightLine,,646,"{""angle_deg"": 129.74260799324506, ""n_particles"": 646, ""name"": ""wafer_particles.pattern.C07_StraightLine"", ""offset_ratio"": 0.2988340471076026, ""schema_version"": ""wafer_particles.pattern_config.v1"", ""segment_half_length_ratio"": 0.47965838716927633, ""wafer_radius_mm"": 150.0, ""width_ratio"": 0.023625642116991825}",144
sample_000145,C04_Sector_Edge,,903,"{""angle_center_rad"": 2.5950232823058785, ""angle_width_deg"": 83.78042643865805, ""edge_width_ratio"": 0.10807626997768978, ""n_particles"": 903, ""name"": ""wafer_particles.pattern.C04_Sector_Edge"", ""radial_beta_alpha"": 3.425674371260306, ""radial_beta_beta"": 3.4053892195511404, ""schema_version"": ""wafer_particles.pattern_config.v1"", ""side"": ""right"", ""theta_vonmises_kappa"": 8.93136651486425, ""wafer_radius_mm"": 150.0}",145
sample_000146,ring_narrow,ring,993,"{""n_particles"": 993, ""name"": ""wafer_particles.pattern.ring_narrow"", ""radius_ratio"": 0.7, ""schema_version"": ""wafer_particles.pattern_config.v1"", ""wafer_radius_mm"": 150.0, ""width_ratio"": 0.03}",146
sample_000147,C07_StraightLine,,531,"{""angle_deg"": 50.83104455757826, ""n_particles"": 531, ""name"": ""wafer_particles.pattern.C07_StraightLine"", ""offset_ratio"": -0.2054022550273113, ""schema_version"": ""wafer_particles.pattern_config.v1"", ""segment_half_length_ratio"": 0.37230081255587516, ""wafer_radius_mm"": 150.0, ""width_ratio"": 0.019461230264767423}",147
sample_000148,C07_StraightLine,,564,"{""angle_deg"": 60.329532141383524, ""n_particles"": 564, ""name"": ""wafer_particles.pattern.C07_StraightLine"", ""offset_ratio"": 0.2734417164656014, ""schema_version"": ""wafer_particles.pattern_config.v1"", ""segment_half_length_ratio"": 0.583241967464139, ""wafer_radius_mm"": 150.0, ""width_ratio"": 0.01973109176791711}",148
sample_000149,scratch_horizontal,line,581,"{""angle_category"": ""horizontal"", ""length_ratio"": 1.0, ""n_particles"": 581, ""name"": ""wafer_particles.pattern.scratch"", ""offset_ratio"": 0.0, ""schema_version"": ""wafer_particles.pattern_config.v1"", ""wafer_radius_mm"": 150.0, ""width_ratio"": 0.01}",149
sample_000150,ring_narrow,ring,1069,"{""n_particles"": 1069, ""name"": ""wafer_particles.pattern.ring_narrow"", ""radius_ratio"": 0.7, ""schema_version"": ""wafer_particles.pattern_config.v1"", ""wafer_radius_mm"": 150.0, ""width_ratio"": 0.03}",150
sample_000151,scratch_horizontal,line,612,"{""angle_category"": ""horizontal"", ""length_ratio"": 1.0, ""n_particles"": 612, ""name"": ""wafer_particles.pattern.scratch"", ""offset_ratio"": 0.0, ""schema_version"": ""wafer_particles.pattern_config.v1"", ""wafer_radius_mm"": 150.0, ""width_ratio"": 0.01}",151
sample_000152,C07_StraightLine,,783,"{""angle_deg"": 95.55518404814792, ""n_particles"": 783, ""name"": ""wafer_particles.pattern.C07_StraightLine"", ""offset_ratio"": -0.25179397445783563, ""schema_version"": ""wafer_particles.pattern_config.v1"", ""segment_half_length_ratio"": 0.5313775172294497, ""wafer_radius_mm"": 150.0, ""width_ratio"": 0.016979962099672317}",152
sample_000153,C07_StraightLine,,972,"{""angle_deg"": 147.89837722407614, ""n_particles"": 972, ""name"": ""wafer_particles.pattern.C07_StraightLine"", ""offset_ratio"": 0.11841869520516468, ""schema_version"": ""wafer_particles.pattern_config.v1"", ""segment_half_length_ratio"": 0.38187202446457, ""wafer_radius_mm"": 150.0, ""width_ratio"": 0.044581779029874924}",153
sample_000154,C01_Uniform,,980,"{""n_particles"": 980, ""name"": ""wafer_particles.pattern.C01_Uniform"", ""schema_version"": ""wafer_particles.pattern_config.v1"", ""wafer_radius_mm"": 150.0}",154
sample_000155,scratch_horizontal,line,1034,"{""angle_category"": ""horizontal"", ""length_ratio"": 1.0, ""n_particles"": 1034, ""name"": ""wafer_particles.pattern.scratch"", ""offset_ratio"": 0.0, ""schema_version"": ""wafer_particles.pattern_config.v1"", ""wafer_radius_mm"": 150.0, ""width_ratio"": 0.01}",155
sample_000156,C04_Sector_Edge,,1093,"{""angle_center_rad"": 2.7393742421346032, ""angle_width_deg"": 38.735414632680275, ""edge_width_ratio"": 0.2615335622026329, ""n_particles"": 1093, ""name"": ""wafer_particles.pattern.C04_Sector_Edge"", ""radial_beta_alpha"": 1.924545374309863, ""radial_beta_beta"": 0.9414581359789791, ""schema_version"": ""wafer_particles.pattern_config.v1"", ""side"": ""right"", ""theta_vonmises_kappa"": 0.9018840282125273, ""wafer_radius_mm"": 150.0}",156
sample_000157,C01_Uniform,,633,"{""n_particles"": 633, ""name"": ""wafer_particles.pattern.C01_Uniform"", ""schema_version"": ""wafer_particles.pattern_config.v1"", ""wafer_radius_mm"": 150.0}",157
sample_000158,C07_StraightLine,,854,"{""angle_deg"": 161.7716350771759, ""n_particles"": 854, ""name"": ""wafer_particles.pattern.C07_StraightLine"", ""offset_ratio"": -0.2630526675602453, ""schema_version"": ""wafer_particles.pattern_config.v1"", ""segment_half_length_ratio"": 0.4002628937692588, ""wafer_radius_mm"": 150.0, ""width_ratio"": 0.01267711675068388}",158
sample_000159,ring_narrow,ring,1225,"{""n_particles"": 1225, ""name"": ""wafer_particles.pattern.ring_narrow"", ""radius_ratio"": 0.7, ""schema_version"": ""wafer_particles.pattern_config.v1"", ""wafer_radius_mm"": 150.0, ""width_ratio"": 0.03}",159
sample_000160,C03_Ring,,771,"{""n_particles"": 771, ""name"": ""wafer_particles.pattern.C03_Ring"", ""radius_ratio"": 0.8111494762280408, ""schema_version"": ""wafer_particles.pattern_config.v1"", ""wafer_radius_mm"": 150.0, ""width_ratio"": 0.1681936098894622}",160
sample_000161,C11_Hotspot_Elliptic,,562,"{""center_angle"": ""random"", ""center_angle_rad"": 1.4697985365397666, ""center_radius_ratio"": 0.40794416007973144, ""mode"": ""random"", ""n_particles"": 562, ""name"": ""wafer_particles.pattern.C11_Hotspot_Elliptic"", ""rotation_deg"": 30.0, ""rotation_rad"": 2.530958425049754, ""schema_version"": ""wafer_particles.pattern_config.v1"", ""sigma_x_ratio"": 0.030040126301307382, ""sigma_y_ratio"": 0.029443266696302976, ""wafer_radius_mm"": 150.0}",161
sample_000162,C04_Sector_Edge,,641,"{""angle_center_rad"": 5.542874850125075, ""angle_width_deg"": 64.17970602232626, ""edge_width_ratio"": 0.14805814503125087, ""n_particles"": 641, ""name"": ""wafer_particles.pattern.C04_Sector_Edge"", ""radial_beta_alpha"": 2.8297069732592286, ""radial_beta_beta"": 2.0778835937197355, ""schema_version"": ""wafer_particles.pattern_config.v1"", ""side"": ""right"", ""theta_vonmises_kappa"": 9.895033915333054, ""wafer_radius_mm"": 150.0}",162
sample_000163,C01_Uniform,,1512,"{""n_particles"": 1512, ""name"": ""wafer_particles.pattern.C01_Uniform"", ""schema_version"": ""wafer_particles.pattern_config.v1"", ""wafer_radius_mm"": 150.0}",163
sample_000164,ring_narrow,ring,1021,"{""n_particles"": 1021, ""name"": ""wafer_particles.pattern.ring_narrow"", ""radius_ratio"": 0.7, ""schema_version"": ""wafer_particles.pattern_config.v1"", ""wafer_radius_mm"": 150.0, ""width_ratio"": 0.03}",164
sample_000165,C04_Sector_Edge,,1244,"{""angle_center_rad"": 4.087694147919558, ""angle_width_deg"": 32.72536438125085, ""edge_width_ratio"": 0.2553058152810899, ""n_particles"": 1244, ""name"": ""wafer_particles.pattern.C04_Sector_Edge"", ""radial_beta_alpha"": 3.074249822707533, ""radial_beta_beta"": 1.9872846870366252, ""schema_version"": ""wafer_particles.pattern_config.v1"", ""side"": ""right"", ""theta_vonmises_kappa"": 7.559141589852073, ""wafer_radius_mm"": 150.0}",165
sample_000166,C07_StraightLine,,1525,"{""angle_deg"": 60.32002562767792, ""n_particles"": 1525, ""name"": ""wafer_particles.pattern.C07_StraightLine"", ""offset_ratio"": 0.21485241960943896, ""schema_version"": ""wafer_particles.pattern_config.v1"", ""segment_half_length_ratio"": 0.37756039367078414, ""wafer_radius_mm"": 150.0, ""width_ratio"": 0.013754558061420969}",166
sample_000167,ring_narrow,ring,1113,"{""n_particles"": 1113, ""name"": ""wafer_particles.pattern.ring_narrow"", ""radius_ratio"": 0.7, ""schema_version"": ""wafer_particles.pattern_config.v1"", ""wafer_radius_mm"": 150.0, ""width_ratio"": 0.03}",167
sample_000168,C07_StraightLine,,1101,"{""angle_deg"": 18.830966722263558, ""n_particles"": 1101, ""name"": ""wafer_particles.pattern.C07_StraightLine"", ""offset_ratio"": 0.07133845637196268, ""schema_version"": ""wafer_particles.pattern_config.v1"", ""segment_half_length_ratio"": 0.5286552837269822, ""wafer_radius_mm"": 150.0, ""width_ratio"": 0.04455506848987899}",168
sample_000169,ring_narrow,ring,1109,"{""n_particles"": 1109, ""name"": ""wafer_particles.pattern.ring_narrow"", ""radius_ratio"": 0.7, ""schema_version"": ""wafer_particles.pattern_config.v1"", ""wafer_radius_mm"": 150.0, ""width_ratio"": 0.03}",169
sample_000170,scratch_horizontal,line,823,"{""angle_category"": ""horizontal"", ""length_ratio"": 1.0, ""n_particles"": 823, ""name"": ""wafer_particles.pattern.scratch"", ""offset_ratio"": 0.0, ""schema_version"": ""wafer_particles.pattern_config.v1"", ""wafer_radius_mm"": 150.0, ""width_ratio"": 0.01}",170
sample_000171,C03_Ring,,1172,"{""n_particles"": 1172, ""name"": ""wafer_particles.pattern.C03_Ring"", ""radius_ratio"": 0.7208999369689844, ""schema_version"": ""wafer_particles.pattern_config.v1"", ""wafer_radius_mm"": 150.0, ""width_ratio"": 0.044000838064635284}",171
sample_000172,C01_Uniform,,1506,"{""n_particles"": 1506, ""name"": ""wafer_particles.pattern.C01_Uniform"", ""schema_version"": ""wafer_particles.pattern_config.v1"", ""wafer_radius_mm"": 150.0}",172
sample_000173,C01_Uniform,,619,"{""n_particles"": 619, ""name"": ""wafer_particles.pattern.C01_Uniform"", ""schema_version"": ""wafer_particles.pattern_config.v1"", ""wafer_radius_mm"": 150.0}",173
sample_000174,C07_StraightLine,,1393,"{""angle_deg"": 114.97618086899631, ""n_particles"": 1393, ""name"": ""wafer_particles.pattern.C07_StraightLine"", ""offset_ratio"": -0.12488355964634099, ""schema_version"": ""wafer_particles.pattern_config.v1"", ""segment_half_length_ratio"": 0.6506048083978886, ""wafer_radius_mm"": 150.0, ""width_ratio"": 0.021725922108420104}",174
sample_000175,C11_Hotspot_Elliptic,,1454,"{""center_angle"": ""random"", ""center_angle_rad"": 3.6503722311959548, ""center_radius_ratio"": 0.5106600652523569, ""mode"": ""random"", ""n_particles"": 1454, ""name"": ""wafer_particles.pattern.C11_Hotspot_Elliptic"", ""rotation_deg"": 30.0, ""rotation_rad"": 1.337343719907326, ""schema_version"": ""wafer_particles.pattern_config.v1"", ""sigma_x_ratio"": 0.04334147710658379, ""sigma_y_ratio"": 0.05605049086922105, ""wafer_radius_mm"": 150.0}",175
sample_000176,ring_narrow,ring,803,"{""n_particles"": 803, ""name"": ""wafer_particles.pattern.ring_narrow"", ""radius_ratio"": 0.7, ""schema_version"": ""wafer_particles.pattern_config.v1"", ""wafer_radius_mm"": 150.0, ""width_ratio"": 0.03}",176
sample_000177,C04_Sector_Edge,,1373,"{""angle_center_rad"": 3.061279228143478, ""angle_width_deg"": 25.991310329956892, ""edge_width_ratio"": 0.21804271609473314, ""n_particles"": 1373, ""name"": ""wafer_particles.pattern.C04_Sector_Edge"", ""radial_beta_alpha"": 2.082801670836312, ""radial_beta_beta"": 2.0675375264054345, ""schema_version"": ""wafer_particles.pattern_config.v1"", ""side"": ""right"", ""theta_vonmises_kappa"": 3.1198979221132896, ""wafer_radius_mm"": 150.0}",177
sample_000178,C07_StraightLine,,892,"{""angle_deg"": 71.16268602094034, ""n_particles"": 892, ""name"": ""wafer_particles.pattern.C07_StraightLine"", ""offset_ratio"": 0.031652881127153476, ""schema_version"": ""wafer_particles.pattern_config.v1"", ""segment_half_length_ratio"": 0.4257061262188102, ""wafer_radius_mm"": 150.0, ""width_ratio"": 0.020312378657314722}",178
sample_000179,random_edge_biased,random,522,"{""edge_bias"": 2.0, ""n_particles"": 522, ""name"": ""wafer_particles.pattern.random_edge_biased"", ""schema_version"": ""wafer_particles.pattern_config.v1"", ""wafer_radius_mm"": 150.0}",179
sample_000180,C01_Uniform,,1215,"{""n_particles"": 1215, ""name"": ""wafer_particles.pattern.C01_Uniform"", ""schema_version"": ""wafer_particles.pattern_config.v1"", ""wafer_radius_mm"": 150.0}",180
sample_000181,C04_Sector_Edge,,1069,"{""angle_center_rad"": 0.19527725005593774, ""angle_width_deg"": 36.34859699940783, ""edge_width_ratio"": 0.1413405574690364, ""n_particles"": 1069, ""name"": ""wafer_particles.pattern.C04_Sector_Edge"", ""radial_beta_alpha"": 1.4256959083520124, ""radial_beta_beta"": 2.8012300601840012, ""schema_version"": ""wafer_particles.pattern_config.v1"", ""side"": ""right"", ""theta_vonmises_kappa"": 5.89852302158602, ""wafer_radius_mm"": 150.0}",181
sample_000182,C03_Ring,,1269,"{""n_particles"": 1269, ""name"": ""wafer_particles.pattern.C03_Ring"", ""radius_ratio"": 0.7240032208300322, ""schema_version"": ""wafer_particles.pattern_config.v1"", ""wafer_radius_mm"": 150.0, ""width_ratio"": 0.17128343211166552}",182
sample_000183,C04_Sector_Edge,,1286,"{""angle_center_rad"": 3.3200162033684104, ""angle_width_deg"": 82.74519580147276, ""edge_width_ratio"": 0.21689088768409787, ""n_particles"": 1286, ""name"": ""wafer_particles.pattern.C04_Sector_Edge"", ""radial_beta_alpha"": 3.696031060035546, ""radial_beta_beta"": 0.9044078205494708, ""schema_version"": ""wafer_particles.pattern_config.v1"", ""side"": ""right"", ""theta_vonmises_kappa"": 8.920709414116322, ""wafer_radius_mm"": 150.0}",183
sample_000184,ring_narrow,ring,763,"{""n_particles"": 763, ""name"": ""wafer_particles.pattern.ring_narrow"", ""radius_ratio"": 0.7, ""schema_version"": ""wafer_particles.pattern_config.v1"", ""wafer_radius_mm"": 150.0, ""width_ratio"": 0.03}",184
sample_000185,C04_Sector_Edge,,918,"{""angle_center_rad"": 4.084576689621512, ""angle_width_deg"": 45.52489435256601, ""edge_width_ratio"": 0.27164634826998313, ""n_particles"": 918, ""name"": ""wafer_particles.pattern.C04_Sector_Edge"", ""radial_beta_alpha"": 2.7851527605760547, ""radial_beta_beta"": 1.237714263323816, ""schema_version"": ""wafer_particles.pattern_config.v1"", ""side"": ""right"", ""theta_vonmises_kappa"": 0.5289112668675983, ""wafer_radius_mm"": 150.0}",185
sample_000186,C07_StraightLine,,727,"{""angle_deg"": 128.79337210620938, ""n_particles"": 727, ""name"": ""wafer_particles.pattern.C07_StraightLine"", ""offset_ratio"": -0.07015117204070082, ""schema_version"": ""wafer_particles.pattern_config.v1"", ""segment_half_length_ratio"": 0.7151951518426787, ""wafer_radius_mm"": 150.0, ""width_ratio"": 0.047502807618659895}",186
sample_000187,C11_Hotspot_Elliptic,,1260,"{""center_angle"": ""random"", ""center_angle_rad"": 0.423582437821837, ""center_radius_ratio"": 0.853260533673109, ""mode"": ""random"", ""n_particles"": 1260, ""name"": ""wafer_particles.pattern.C11_Hotspot_Elliptic"", ""rotation_deg"": 30.0, ""rotation_rad"": 6.139665144041285, ""schema_version"": ""wafer_particles.pattern_config.v1"", ""sigma_x_ratio"": 0.08379717930739208, ""sigma_y_ratio"": 0.03368564290193132, ""wafer_radius_mm"": 150.0}",187
sample_000188,C07_StraightLine,,1455,"{""angle_deg"": 96.17028428013158, ""n_particles"": 1455, ""name"": ""wafer_particles.pattern.C07_StraightLine"", ""offset_ratio"": 0.2494535233831477, ""schema_version"": ""wafer_particles.pattern_config.v1"", ""segment_half_length_ratio"": 0.36405317969368145, ""wafer_radius_mm"": 150.0, ""width_ratio"": 0.024382051292293747}",188
sample_000189,C07_StraightLine,,627,"{""angle_deg"": 13.054785633283537, ""n_particles"": 627, ""name"": ""wafer_particles.pattern.C07_StraightLine"", ""offset_ratio"": -0.0113475546556574, ""schema_version"": ""wafer_particles.pattern_config.v1"", ""segment_half_length_ratio"": 0.3734182384687361, ""wafer_radius_mm"": 150.0, ""width_ratio"": 0.025303047702096928}",189
sample_000190,C01_Uniform,,1098,"{""n_particles"": 1098, ""name"": ""wafer_particles.pattern.C01_Uniform"", ""schema_version"": ""wafer_particles.pattern_config.v1"", ""wafer_radius_mm"": 150.0}",190
sample_000191,C03_Ring,,1419,"{""n_particles"": 1419, ""name"": ""wafer_particles.pattern.C03_Ring"", ""radius_ratio"": 0.6400512943911698, ""schema_version"": ""wafer_particles.pattern_config.v1"", ""wafer_radius_mm"": 150.0, ""width_ratio"": 0.14810582611506143}",191
sample_000192,C07_StraightLine,,940,"{""angle_deg"": 127.94602958272124, ""n_particles"": 940, ""name"": ""wafer_particles.pattern.C07_StraightLine"", ""offset_ratio"": 0.04212998355485159, ""schema_version"": ""wafer_particles.pattern_config.v1"", ""segment_half_length_ratio"": 0.38212873081956267, ""wafer_radius_mm"": 150.0, ""width_ratio"": 0.04146118745395581}",192
sample_000193,radial_lines,line,1524,"{""angular_jitter_deg"": 2.0, ""n_lines"": 6, ""n_particles"": 1524, ""name"": ""wafer_particles.pattern.radial_lines"", ""r_max_ratio"": 1.0, ""r_min_ratio"": 0.0, ""schema_version"": ""wafer_particles.pattern_config.v1"", ""wafer_radius_mm"": 150.0}",193
sample_000194,ring_narrow,ring,1479,"{""n_particles"": 1479, ""name"": ""wafer_particles.pattern.ring_narrow"", ""radius_ratio"": 0.7, ""schema_version"": ""wafer_particles.pattern_config.v1"", ""wafer_radius_mm"": 150.0, ""width_ratio"": 0.03}",194
sample_000195,C01_Uniform,,1182,"{""n_particles"": 1182, ""name"": ""wafer_particles.pattern.C01_Uniform"", ""schema_version"": ""wafer_particles.pattern_config.v1"", ""wafer_radius_mm"": 150.0}",195
sample_000196,C03_Ring,,551,"{""n_particles"": 551, ""name"": ""wafer_particles.pattern.C03_Ring"", ""radius_ratio"": 0.44450034423918927, ""schema_version"": ""wafer_particles.pattern_config.v1"", ""wafer_radius_mm"": 150.0, ""width_ratio"": 0.04641622271748272}",196
sample_000197,scratch_vertical,line,1068,"{""angle_category"": ""vertical"", ""length_ratio"": 1.0, ""n_particles"": 1068, ""name"": ""wafer_particles.pattern.scratch"", ""offset_ratio"": 0.0, ""schema_version"": ""wafer_particles.pattern_config.v1"", ""wafer_radius_mm"": 150.0, ""width_ratio"": 0.01}",197
sample_000198,ring_wide,ring,1156,"{""n_particles"": 1156, ""name"": ""wafer_particles.pattern.ring_wide"", ""radius_ratio"": 0.6, ""schema_version"": ""wafer_particles.pattern_config.v1"", ""wafer_radius_mm"": 150.0, ""width_ratio"": 0.15}",198
sample_000199,C11_Hotspot_Elliptic,,1098,"{""center_angle"": ""random"", ""center_angle_rad"": 4.052389759254852, ""center_radius_ratio"": 0.7578400233263111, ""mode"": ""random"", ""n_particles"": 1098, ""name"": ""wafer_particles.pattern.C11_Hotspot_Elliptic"", ""rotation_deg"": 30.0, ""rotation_rad"": 2.0035973601137185, ""schema_version"": ""wafer_particles.pattern_config.v1"", ""sigma_x_ratio"": 0.07190954322680544, ""sigma_y_ratio"": 0.03509596085714688, ""wafer_radius_mm"": 150.0}",199
sample_000200,C07_StraightLine,,1086,"{""angle_deg"": 18.327199451701553, ""n_particles"": 1086, ""name"": ""wafer_particles.pattern.C07_StraightLine"", ""offset_ratio"": -0.08643654632435299, ""schema_version"": ""wafer_particles.pattern_config.v1"", ""segment_half_length_ratio"": 0.7910078747553748, ""wafer_radius_mm"": 150.0, ""width_ratio"": 0.00988362700602706}",200
sample_000201,C03_Ring,,1088,"{""n_particles"": 1088, ""name"": ""wafer_particles.pattern.C03_Ring"", ""radius_ratio"": 0.6759907138159297, ""schema_version"": ""wafer_particles.pattern_config.v1"", ""wafer_radius_mm"": 150.0, ""width_ratio"": 0.1112356028142075}",201
sample_000202,C01_Uniform,,631,"{""n_particles"": 631, ""name"": ""wafer_particles.pattern.C01_Uniform"", ""schema_version"": ""wafer_particles.pattern_config.v1"", ""wafer_radius_mm"": 150.0}",202
sample_000203,C03_Ring,,1140,"{""n_particles"": 1140, ""name"": ""wafer_particles.pattern.C03_Ring"", ""radius_ratio"": 0.7512570169193493, ""schema_version"": ""wafer_particles.pattern_config.v1"", ""wafer_radius_mm"": 150.0, ""width_ratio"": 0.1751676144537797}",203
sample_000204,C11_Hotspot_Elliptic,,988,"{""center_angle"": ""random"", ""center_angle_rad"": 4.495033120295252, ""center_radius_ratio"": 0.47537371333695666, ""mode"": ""random"", ""n_particles"": 988, ""name"": ""wafer_particles.pattern.C11_Hotspot_Elliptic"", ""rotation_deg"": 30.0, ""rotation_rad"": 5.275032290217321, ""schema_version"": ""wafer_particles.pattern_config.v1"", ""sigma_x_ratio"": 0.07789015856002528, ""sigma_y_ratio"": 0.04648812894336478, ""wafer_radius_mm"": 150.0}",204
sample_000205,C07_StraightLine,,781,"{""angle_deg"": 12.826219007581683, ""n_particles"": 781, ""name"": ""wafer_particles.pattern.C07_StraightLine"", ""offset_ratio"": 0.009545625922987078, ""schema_version"": ""wafer_particles.pattern_config.v1"", ""segment_half_length_ratio"": 0.3153242395585094, ""wafer_radius_mm"": 150.0, ""width_ratio"": 0.03086841640897933}",205
sample_000206,hotspot_center,hotspot,881,"{""center_angle"": ""random"", ""center_radius_ratio"": 0.9, ""mode"": ""center"", ""n_particles"": 881, ""name"": ""wafer_particles.pattern.hotspot"", ""schema_version"": ""wafer_particles.pattern_config.v1"", ""sigma_ratio"": 0.05, ""wafer_radius_mm"": 150.0}",206
sample_000207,scratch_vertical,line,925,"{""angle_category"": ""vertical"", ""length_ratio"": 1.0, ""n_particles"": 925, ""name"": ""wafer_particles.pattern.scratch"", ""offset_ratio"": 0.0, ""schema_version"": ""wafer_particles.pattern_config.v1"", ""wafer_radius_mm"": 150.0, ""width_ratio"": 0.01}",207
sample_000208,C03_Ring,,1399,"{""n_particles"": 1399, ""name"": ""wafer_particles.pattern.C03_Ring"", ""radius_ratio"": 0.44656840920663093, ""schema_version"": ""wafer_particles.pattern_config.v1"", ""wafer_radius_mm"": 150.0, ""width_ratio"": 0.08509111458164587}",208
sample_000209,C04_Sector_Edge,,1115,"{""angle_center_rad"": 4.934484195305183, ""angle_width_deg"": 65.92802300248638, ""edge_width_ratio"": 0.16478038462617367, ""n_particles"": 1115, ""name"": ""wafer_particles.pattern.C04_Sector_Edge"", ""radial_beta_alpha"": 2.4484237412225474, ""radial_beta_beta"": 1.8823625861800741, ""schema_version"": ""wafer_particles.pattern_config.v1"", ""side"": ""right"", ""theta_vonmises_kappa"": 3.003342050457335, ""wafer_radius_mm"": 150.0}",209
sample_000210,C01_Uniform,,1109,"{""n_particles"": 1109, ""name"": ""wafer_particles.pattern.C01_Uniform"", ""schema_version"": ""wafer_particles.pattern_config.v1"", ""wafer_radius_mm"": 150.0}",210
sample_000211,C03_Ring,,1133,"{""n_particles"": 1133, ""name"": ""wafer_particles.pattern.C03_Ring"", ""radius_ratio"": 0.7135010489570517, ""schema_version"": ""wafer_particles.pattern_config.v1"", ""wafer_radius_mm"": 150.0, ""width_ratio"": 0.08729984382362577}",211
sample_000212,C01_Uniform,,1161,"{""n_particles"": 1161, ""name"": ""wafer_particles.pattern.C01_Uniform"", ""schema_version"": ""wafer_particles.pattern_config.v1"", ""wafer_radius_mm"": 150.0}",212
sample_000213,C07_StraightLine,,656,"{""angle_deg"": 120.51708811664277, ""n_particles"": 656, ""name"": ""wafer_particles.pattern.C07_StraightLine"", ""offset_ratio"": 0.24594436107889, ""schema_version"": ""wafer_particles.pattern_config.v1"", ""segment_half_length_ratio"": 0.3475699322308888, ""wafer_radius_mm"": 150.0, ""width_ratio"": 0.028298505930270713}",213
sample_000214,C03_Ring,,732,"{""n_particles"": 732, ""name"": ""wafer_particles.pattern.C03_Ring"", ""radius_ratio"": 0.7115672624474887, ""schema_version"": ""wafer_particles.pattern_config.v1"", ""wafer_radius_mm"": 150.0, ""width_ratio"": 0.14768164814390106}",214
sample_000215,C07_StraightLine,,1440,"{""angle_deg"": 96.49114627278054, ""n_particles"": 1440, ""name"": ""wafer_particles.pattern.C07_StraightLine"", ""offset_ratio"": 0.1843408111713784, ""schema_version"": ""wafer_particles.pattern_config.v1"", ""segment_half_length_ratio"": 0.3612948672675895, ""wafer_radius_mm"": 150.0, ""width_ratio"": 0.01682562696836405}",215
sample_000216,C01_Uniform,,1075,"{""n_particles"": 1075, ""name"": ""wafer_particles.pattern.C01_Uniform"", ""schema_version"": ""wafer_particles.pattern_config.v1"", ""wafer_radius_mm"": 150.0}",216
sample_000217,C04_Sector_Edge,,1451,"{""angle_center_rad"": 2.274847847283549, ""angle_width_deg"": 57.18494496213989, ""edge_width_ratio"": 0.06033112822308924, ""n_particles"": 1451, ""name"": ""wafer_particles.pattern.C04_Sector_Edge"", ""radial_beta_alpha"": 1.6403593480195886, ""radial_beta_beta"": 1.155701867048042, ""schema_version"": ""wafer_particles.pattern_config.v1"", ""side"": ""right"", ""theta_vonmises_kappa"": 4.575690493367001, ""wafer_radius_mm"": 150.0}",217
sample_000218,ring_narrow,ring,1437,"{""n_particles"": 1437, ""name"": ""wafer_particles.pattern.ring_narrow"", ""radius_ratio"": 0.7, ""schema_version"": ""wafer_particles.pattern_config.v1"", ""wafer_radius_mm"": 150.0, ""width_ratio"": 0.03}",218
sample_000219,ring_wide,ring,936,"{""n_particles"": 936, ""name"": ""wafer_particles.pattern.ring_wide"", ""radius_ratio"": 0.6, ""schema_version"": ""wafer_particles.pattern_config.v1"", ""wafer_radius_mm"": 150.0, ""width_ratio"": 0.15}",219
sample_000220,C04_Sector_Edge,,632,"{""angle_center_rad"": 4.272007527461993, ""angle_width_deg"": 40.30351990539231, ""edge_width_ratio"": 0.10891579351952373, ""n_particles"": 632, ""name"": ""wafer_particles.pattern.C04_Sector_Edge"", ""radial_beta_alpha"": 3.5503182288322837, ""radial_beta_beta"": 0.8203907875729209, ""schema_version"": ""wafer_particles.pattern_config.v1"", ""side"": ""right"", ""theta_vonmises_kappa"": 8.341487274373842, ""wafer_radius_mm"": 150.0}",220
sample_000221,C11_Hotspot_Elliptic,,823,"{""center_angle"": ""random"", ""center_angle_rad"": 5.096123423817434, ""center_radius_ratio"": 0.49384701868884257, ""mode"": ""random"", ""n_particles"": 823, ""name"": ""wafer_particles.pattern.C11_Hotspot_Elliptic"", ""rotation_deg"": 30.0, ""rotation_rad"": 5.508702859702675, ""schema_version"": ""wafer_particles.pattern_config.v1"", ""sigma_x_ratio"": 0.08869705074093281, ""sigma_y_ratio"": 0.07771288329951637, ""wafer_radius_mm"": 150.0}",221
sample_000222,C11_Hotspot_Elliptic,,1357,"{""center_angle"": ""random"", ""center_angle_rad"": 2.397279321289584, ""center_radius_ratio"": 0.25307299128629973, ""mode"": ""random"", ""n_particles"": 1357, ""name"": ""wafer_particles.pattern.C11_Hotspot_Elliptic"", ""rotation_deg"": 30.0, ""rotation_rad"": 3.8785673179610027, ""schema_version"": ""wafer_particles.pattern_config.v1"", ""sigma_x_ratio"": 0.05874949624151815, ""sigma_y_ratio"": 0.043676300923959105, ""wafer_radius_mm"": 150.0}",222
sample_000223,C03_Ring,,1001,"{""n_particles"": 1001, ""name"": ""wafer_particles.pattern.C03_Ring"", ""radius_ratio"": 0.8773654853113182, ""schema_version"": ""wafer_particles.pattern_config.v1"", ""wafer_radius_mm"": 150.0, ""width_ratio"": 0.11933090751652274}",223
sample_000224,C01_Uniform,,1308,"{""n_particles"": 1308, ""name"": ""wafer_particles.pattern.C01_Uniform"", ""schema_version"": ""wafer_particles.pattern_config.v1"", ""wafer_radius_mm"": 150.0}",224
sample_000225,C01_Uniform,,1097,"{""n_particles"": 1097, ""name"": ""wafer_particles.pattern.C01_Uniform"", ""schema_version"": ""wafer_particles.pattern_config.v1"", ""wafer_radius_mm"": 150.0}",225
sample_000226,C04_Sector_Edge,,1223,"{""angle_center_rad"": 2.0618191407130593, ""angle_width_deg"": 73.62154592532538, ""edge_width_ratio"": 0.18022452915896642, ""n_particles"": 1223, ""name"": ""wafer_particles.pattern.C04_Sector_Edge"", ""radial_beta_alpha"": 2.1126458595974222, ""radial_beta_beta"": 1.153014865751686, ""schema_version"": ""wafer_particles.pattern_config.v1"", ""side"": ""right"", ""theta_vonmises_kappa"": 9.927777754978576, ""wafer_radius_mm"": 150.0}",226
sample_000227,C01_Uniform,,694,"{""n_particles"": 694, ""name"": ""wafer_particles.pattern.C01_Uniform"", ""schema_version"": ""wafer_particles.pattern_config.v1"", ""wafer_radius_mm"": 150.0}",227
sample_000228,C04_Sector_Edge,,697,"{""angle_center_rad"": 5.431163390468361, ""angle_width_deg"": 31.802094013860504, ""edge_width_ratio"": 0.16494762980509414, ""n_particles"": 697, ""name"": ""wafer_particles.pattern.C04_Sector_Edge"", ""radial_beta_alpha"": 2.387280730256876, ""radial_beta_beta"": 2.780075360035492, ""schema_version"": ""wafer_particles.pattern_config.v1"", ""side"": ""right"", ""theta_vonmises_kappa"": 9.092759888508366, ""wafer_radius_mm"": 150.0}",228
sample_000229,C04_Sector_Edge,,1210,"{""angle_center_rad"": 1.4628298722028217, ""angle_width_deg"": 49.277939919800396, ""edge_width_ratio"": 0.21374644452564756, ""n_particles"": 1210, ""name"": ""wafer_particles.pattern.C04_Sector_Edge"", ""radial_beta_alpha"": 2.9707693431038593, ""radial_beta_beta"": 2.819243557038961, ""schema_version"": ""wafer_particles.pattern_config.v1"", ""side"": ""right"", ""theta_vonmises_kappa"": 7.747410498592718, ""wafer_radius_mm"": 150.0}",229
sample_000230,C11_Hotspot_Elliptic,,768,"{""center_angle"": ""random"", ""center_angle_rad"": 0.3774905221663978, ""center_radius_ratio"": 0.6017413457188469, ""mode"": ""random"", ""n_particles"": 768, ""name"": ""wafer_particles.pattern.C11_Hotspot_Elliptic"", ""rotation_deg"": 30.0, ""rotation_rad"": 6.051456520174929, ""schema_version"": ""wafer_particles.pattern_config.v1"", ""sigma_x_ratio"": 0.10505009071646361, ""sigma_y_ratio"": 0.011862441314355723, ""wafer_radius_mm"": 150.0}",230
sample_000231,C04_Sector_Edge,,948,"{""angle_center_rad"": 2.0651560813492256, ""angle_width_deg"": 24.89417030452153, ""edge_width_ratio"": 0.2446345468572284, ""n_particles"": 948, ""name"": ""wafer_particles.pattern.C04_Sector_Edge"", ""radial_beta_alpha"": 3.5130003955737905, ""radial_beta_beta"": 2.669023403916904, ""schema_version"": ""wafer_particles.pattern_config.v1"", ""side"": ""right"", ""theta_vonmises_kappa"": 7.459369412894551, ""wafer_radius_mm"": 150.0}",231
sample_000232,C03_Ring,,578,"{""n_particles"": 578, ""name"": ""wafer_particles.pattern.C03_Ring"", ""radius_ratio"": 0.4472393556355685, ""schema_version"": ""wafer_particles.pattern_config.v1"", ""wafer_radius_mm"": 150.0, ""width_ratio"": 0.19207169715311817}",232
sample_000233,C07_StraightLine,,777,"{""angle_deg"": 164.89462343273553, ""n_particles"": 777, ""name"": ""wafer_particles.pattern.C07_StraightLine"", ""offset_ratio"": 0.17677393279336762, ""schema_version"": ""wafer_particles.pattern_config.v1"", ""segment_half_length_ratio"": 0.5978714535403973, ""wafer_radius_mm"": 150.0, ""width_ratio"": 0.014918561786798425}",233
sample_000234,edge_sector_left,sector,929,"{""angle_width_deg"": 40.0, ""edge_width_ratio"": 0.1, ""n_particles"": 929, ""name"": ""wafer_particles.pattern.edge_sector"", ""schema_version"": ""wafer_particles.pattern_config.v1"", ""side"": ""left"", ""wafer_radius_mm"": 150.0}",234
sample_000235,C01_Uniform,,686,"{""n_particles"": 686, ""name"": ""wafer_particles.pattern.C01_Uniform"", ""schema_version"": ""wafer_particles.pattern_config.v1"", ""wafer_radius_mm"": 150.0}",235
sample_000236,ring_narrow,ring,1051,"{""n_particles"": 1051, ""name"": ""wafer_particles.pattern.ring_narrow"", ""radius_ratio"": 0.7, ""schema_version"": ""wafer_particles.pattern_config.v1"", ""wafer_radius_mm"": 150.0, ""width_ratio"": 0.03}",236
sample_000237,C04_Sector_Edge,,555,"{""angle_center_rad"": 4.555897549657983, ""angle_width_deg"": 74.36692060938535, ""edge_width_ratio"": 0.17653869414547857, ""n_particles"": 555, ""name"": ""wafer_particles.pattern.C04_Sector_Edge"", ""radial_beta_alpha"": 2.9846989753280546, ""radial_beta_beta"": 2.1699902461525444, ""schema_version"": ""wafer_particles.pattern_config.v1"", ""side"": ""right"", ""theta_vonmises_kappa"": 5.883196023454227, ""wafer_radius_mm"": 150.0}",237
sample_000238,C01_Uniform,,1374,"{""n_particles"": 1374, ""name"": ""wafer_particles.pattern.C01_Uniform"", ""schema_version"": ""wafer_particles.pattern_config.v1"", ""wafer_radius_mm"": 150.0}",238
sample_000239,scratch_horizontal,line,521,"{""angle_category"": ""horizontal"", ""length_ratio"": 1.0, ""n_particles"": 521, ""name"": ""wafer_particles.pattern.scratch"", ""offset_ratio"": 0.0, ""schema_version"": ""wafer_particles.pattern_config.v1"", ""wafer_radius_mm"": 150.0, ""width_ratio"": 0.01}",239
sample_000240,C11_Hotspot_Elliptic,,1164,"{""center_angle"": ""random"", ""center_angle_rad"": 0.011690185908743971, ""center_radius_ratio"": 0.21988331010563342, ""mode"": ""random"", ""n_particles"": 1164, ""name"": ""wafer_particles.pattern.C11_Hotspot_Elliptic"", ""rotation_deg"": 30.0, ""rotation_rad"": 2.5825694033643347, ""schema_version"": ""wafer_particles.pattern_config.v1"", ""sigma_x_ratio"": 0.10569793216997354, ""sigma_y_ratio"": 0.042745027220595117, ""wafer_radius_mm"": 150.0}",240
sample_000241,C04_Sector_Edge,,737,"{""angle_center_rad"": 0.0763478801169854, ""angle_width_deg"": 70.88762873744757, ""edge_width_ratio"": 0.20491677891015248, ""n_particles"": 737, ""name"": ""wafer_particles.pattern.C04_Sector_Edge"", ""radial_beta_alpha"": 3.112129400975963, ""radial_beta_beta"": 2.624255186147588, ""schema_version"": ""wafer_particles.pattern_config.v1"", ""side"": ""right"", ""theta_vonmises_kappa"": 7.6862355279763435, ""wafer_radius_mm"": 150.0}",241
sample_000242,C03_Ring,,670,"{""n_particles"": 670, ""name"": ""wafer_particles.pattern.C03_Ring"", ""radius_ratio"": 0.42575353370765223, ""schema_version"": ""wafer_particles.pattern_config.v1"", ""wafer_radius_mm"": 150.0, ""width_ratio"": 0.045917851075722105}",242
sample_000243,C11_Hotspot_Elliptic,,688,"{""center_angle"": ""random"", ""center_angle_rad"": 4.691801190101922, ""center_radius_ratio"": 0.5998222001103025, ""mode"": ""random"", ""n_particles"": 688, ""name"": ""wafer_particles.pattern.C11_Hotspot_Elliptic"", ""rotation_deg"": 30.0, ""rotation_rad"": 4.80660540797046, ""schema_version"": ""wafer_particles.pattern_config.v1"", ""sigma_x_ratio"": 0.045605518302436074, ""sigma_y_ratio"": 0.04440766038322549, ""wafer_radius_mm"": 150.0}",243
sample_000244,C03_Ring,,789,"{""n_particles"": 789, ""name"": ""wafer_particles.pattern.C03_Ring"", ""radius_ratio"": 0.48001167819898843, ""schema_version"": ""wafer_particles.pattern_config.v1"", ""wafer_radius_mm"": 150.0, ""width_ratio"": 0.13827275280331744}",244
sample_000245,C01_Uniform,,1258,"{""n_particles"": 1258, ""name"": ""wafer_particles.pattern.C01_Uniform"", ""schema_version"": ""wafer_particles.pattern_config.v1"", ""wafer_radius_mm"": 150.0}",245
sample_000246,C07_StraightLine,,750,"{""angle_deg"": 18.71570225048415, ""n_particles"": 750, ""name"": ""wafer_particles.pattern.C07_StraightLine"", ""offset_ratio"": -0.16958252332956233, ""schema_version"": ""wafer_particles.pattern_config.v1"", ""segment_half_length_ratio"": 0.6232517880203522, ""wafer_radius_mm"": 150.0, ""width_ratio"": 0.045291611097267155}",246
sample_000247,C03_Ring,,1211,"{""n_particles"": 1211, ""name"": ""wafer_particles.pattern.C03_Ring"", ""radius_ratio"": 0.8535574404255232, ""schema_version"": ""wafer_particles.pattern_config.v1"", ""wafer_radius_mm"": 150.0, ""width_ratio"": 0.0789569058711914}",247
sample_000248,C07_StraightLine,,835,"{""angle_deg"": 33.30471973224952, ""n_particles"": 835, ""name"": ""wafer_particles.pattern.C07_StraightLine"", ""offset_ratio"": 0.16586386442484657, ""schema_version"": ""wafer_particles.pattern_config.v1"", ""segment_half_length_ratio"": 0.6073075551900118, ""wafer_radius_mm"": 150.0, ""width_ratio"": 0.009217958352242223}",248
sample_000249,scratch_vertical,line,587,"{""angle_category"": ""vertical"", ""length_ratio"": 1.0, ""n_particles"": 587, ""name"": ""wafer_particles.pattern.scratch"", ""offset_ratio"": 0.0, ""schema_version"": ""wafer_particles.pattern_config.v1"", ""wafer_radius_mm"": 150.0, ""width_ratio"": 0.01}",249
sample_000250,C01_Uniform,,806,"{""n_particles"": 806, ""name"": ""wafer_particles.pattern.C01_Uniform"", ""schema_version"": ""wafer_particles.pattern_config.v1"", ""wafer_radius_mm"": 150.0}",250
sample_000251,C01_Uniform,,1009,"{""n_particles"": 1009, ""name"": ""wafer_particles.pattern.C01_Uniform"", ""schema_version"": ""wafer_particles.pattern_config.v1"", ""wafer_radius_mm"": 150.0}",251
sample_000252,C01_Uniform,,565,"{""n_particles"": 565, ""name"": ""wafer_particles.pattern.C01_Uniform"", ""schema_version"": ""wafer_particles.pattern_config.v1"", ""wafer_radius_mm"": 150.0}",252
sample_000253,C11_Hotspot_Elliptic,,544,"{""center_angle"": ""random"", ""center_angle_rad"": 1.34200567621426, ""center_radius_ratio"": 0.17987382367814433, ""mode"": ""random"", ""n_particles"": 544, ""name"": ""wafer_particles.pattern.C11_Hotspot_Elliptic"", ""rotation_deg"": 30.0, ""rotation_rad"": 4.868050681707982, ""schema_version"": ""wafer_particles.pattern_config.v1"", ""sigma_x_ratio"": 0.04095848659391304, ""sigma_y_ratio"": 0.07703874442894511, ""wafer_radius_mm"": 150.0}",253
sample_000254,C03_Ring,,798,"{""n_particles"": 798, ""name"": ""wafer_particles.pattern.C03_Ring"", ""radius_ratio"": 0.777135623991142, ""schema_version"": ""wafer_particles.pattern_config.v1"", ""wafer_radius_mm"": 150.0, ""width_ratio"": 0.08475726803593017}",254
sample_000255,radial_lines,line,920,"{""angular_jitter_deg"": 2.0, ""n_lines"": 6, ""n_particles"": 920, ""name"": ""wafer_particles.pattern.radial_lines"", ""r_max_ratio"": 1.0, ""r_min_ratio"": 0.0, ""schema_version"": ""wafer_particles.pattern_config.v1"", ""wafer_radius_mm"": 150.0}",255
sample_000256,C11_Hotspot_Elliptic,,944,"{""center_angle"": ""random"", ""center_angle_rad"": 1.382104473232283, ""center_radius_ratio"": 0.8669601325222902, ""mode"": ""random"", ""n_particles"": 944, ""name"": ""wafer_particles.pattern.C11_Hotspot_Elliptic"", ""rotation_deg"": 30.0, ""rotation_rad"": 5.643552979751866, ""schema_version"": ""wafer_particles.pattern_config.v1"", ""sigma_x_ratio"": 0.032577707377696184, ""sigma_y_ratio"": 0.03321397249742377, ""wafer_radius_mm"": 150.0}",256
sample_000257,C01_Uniform,,1462,"{""n_particles"": 1462, ""name"": ""wafer_particles.pattern.C01_Uniform"", ""schema_version"": ""wafer_particles.pattern_config.v1"", ""wafer_radius_mm"": 150.0}",257
sample_000258,C01_Uniform,,1499,"{""n_particles"": 1499, ""name"": ""wafer_particles.pattern.C01_Uniform"", ""schema_version"": ""wafer_particles.pattern_config.v1"", ""wafer_radius_mm"": 150.0}",258
sample_000259,C07_StraightLine,,661,"{""angle_deg"": 178.01431356359896, ""n_particles"": 661, ""name"": ""wafer_particles.pattern.C07_StraightLine"", ""offset_ratio"": 0.10316843757085825, ""schema_version"": ""wafer_particles.pattern_config.v1"", ""segment_half_length_ratio"": 0.7454744698872596, ""wafer_radius_mm"": 150.0, ""width_ratio"": 0.03037000178456839}",259
sample_000260,random_uniform,random,818,"{""n_particles"": 818, ""name"": ""wafer_particles.pattern.random_uniform"", ""schema_version"": ""wafer_particles.pattern_config.v1"", ""wafer_radius_mm"": 150.0}",260
sample_000261,ring_wide,ring,856,"{""n_particles"": 856, ""name"": ""wafer_particles.pattern.ring_wide"", ""radius_ratio"": 0.6, ""schema_version"": ""wafer_particles.pattern_config.v1"", ""wafer_radius_mm"": 150.0, ""width_ratio"": 0.15}",261
sample_000262,C11_Hotspot_Elliptic,,1337,"{""center_angle"": ""random"", ""center_angle_rad"": 5.7219744088879825, ""center_radius_ratio"": 0.2705407523589924, ""mode"": ""random"", ""n_particles"": 1337, ""name"": ""wafer_particles.pattern.C11_Hotspot_Elliptic"", ""rotation_deg"": 30.0, ""rotation_rad"": 3.0625672118490765, ""schema_version"": ""wafer_particles.pattern_config.v1"", ""sigma_x_ratio"": 0.1007434059034871, ""sigma_y_ratio"": 0.03129177935892335, ""wafer_radius_mm"": 150.0}",262
sample_000263,C11_Hotspot_Elliptic,,634,"{""center_angle"": ""random"", ""center_angle_rad"": 1.2404457676496154, ""center_radius_ratio"": 0.39726208026208304, ""mode"": ""random"", ""n_particles"": 634, ""name"": ""wafer_particles.pattern.C11_Hotspot_Elliptic"", ""rotation_deg"": 30.0, ""rotation_rad"": 3.9510650505832405, ""schema_version"": ""wafer_particles.pattern_config.v1"", ""sigma_x_ratio"": 0.106373482443322, ""sigma_y_ratio"": 0.07691132971740469, ""wafer_radius_mm"": 150.0}",263
sample_000264,ring_narrow,ring,1098,"{""n_particles"": 1098, ""name"": ""wafer_particles.pattern.ring_narrow"", ""radius_ratio"": 0.7, ""schema_version"": ""wafer_particles.pattern_config.v1"", ""wafer_radius_mm"": 150.0, ""width_ratio"": 0.03}",264
sample_000265,C03_Ring,,719,"{""n_particles"": 719, ""name"": ""wafer_particles.pattern.C03_Ring"", ""radius_ratio"": 0.5287288125888648, ""schema_version"": ""wafer_particles.pattern_config.v1"", ""wafer_radius_mm"": 150.0, ""width_ratio"": 0.08383201400145865}",265
sample_000266,edge_sector_right,sector,1057,"{""angle_width_deg"": 40.0, ""edge_width_ratio"": 0.1, ""n_particles"": 1057, ""name"": ""wafer_particles.pattern.edge_sector"", ""schema_version"": ""wafer_particles.pattern_config.v1"", ""side"": ""right"", ""wafer_radius_mm"": 150.0}",266
sample_000267,ring_wide,ring,682,"{""n_particles"": 682, ""name"": ""wafer_particles.pattern.ring_wide"", ""radius_ratio"": 0.6, ""schema_version"": ""wafer_particles.pattern_config.v1"", ""wafer_radius_mm"": 150.0, ""width_ratio"": 0.15}",267
sample_000268,C07_StraightLine,,512,"{""angle_deg"": 128.7155652676687, ""n_particles"": 512, ""name"": ""wafer_particles.pattern.C07_StraightLine"", ""offset_ratio"": 0.2959133482100695, ""schema_version"": ""wafer_particles.pattern_config.v1"", ""segment_half_length_ratio"": 0.7135123940785617, ""wafer_radius_mm"": 150.0, ""width_ratio"": 0.022377059612203647}",268
sample_000269,C03_Ring,,612,"{""n_particles"": 612, ""name"": ""wafer_particles.pattern.C03_Ring"", ""radius_ratio"": 0.5765589627199144, ""schema_version"": ""wafer_particles.pattern_config.v1"", ""wafer_radius_mm"": 150.0, ""width_ratio"": 0.03225627795360327}",269
sample_000270,C07_StraightLine,,1467,"{""angle_deg"": 0.06841837677211249, ""n_particles"": 1467, ""name"": ""wafer_particles.pattern.C07_StraightLine"", ""offset_ratio"": -0.177388724003897, ""schema_version"": ""wafer_particles.pattern_config.v1"", ""segment_half_length_ratio"": 0.6657706068044822, ""wafer_radius_mm"": 150.0, ""width_ratio"": 0.04325475832421453}",270
sample_000271,C01_Uniform,,745,"{""n_particles"": 745, ""name"": ""wafer_particles.pattern.C01_Uniform"", ""schema_version"": ""wafer_particles.pattern_config.v1"", ""wafer_radius_mm"": 150.0}",271
sample_000272,C11_Hotspot_Elliptic,,770,"{""center_angle"": ""random"", ""center_angle_rad"": 1.2382301775209064, ""center_radius_ratio"": 0.6214485249653546, ""mode"": ""random"", ""n_particles"": 770, ""name"": ""wafer_particles.pattern.C11_Hotspot_Elliptic"", ""rotation_deg"": 30.0, ""rotation_rad"": 1.0100994872206155, ""schema_version"": ""wafer_particles.pattern_config.v1"", ""sigma_x_ratio"": 0.09448046560760005, ""sigma_y_ratio"": 0.039834388450535475, ""wafer_radius_mm"": 150.0}",272
sample_000273,C11_Hotspot_Elliptic,,606,"{""center_angle"": ""random"", ""center_angle_rad"": 5.9200045899913665, ""center_radius_ratio"": 0.7543711750036857, ""mode"": ""random"", ""n_particles"": 606, ""name"": ""wafer_particles.pattern.C11_Hotspot_Elliptic"", ""rotation_deg"": 30.0, ""rotation_rad"": 4.192944654656007, ""schema_version"": ""wafer_particles.pattern_config.v1"", ""sigma_x_ratio"": 0.07410065079841838, ""sigma_y_ratio"": 0.022417429965863593, ""wafer_radius_mm"": 150.0}",273
sample_000274,C01_Uniform,,1244,"{""n_particles"": 1244, ""name"": ""wafer_particles.pattern.C01_Uniform"", ""schema_version"": ""wafer_particles.pattern_config.v1"", ""wafer_radius_mm"": 150.0}",274
sample_000275,C01_Uniform,,1121,"{""n_particles"": 1121, ""name"": ""wafer_particles.pattern.C01_Uniform"", ""schema_version"": ""wafer_particles.pattern_config.v1"", ""wafer_radius_mm"": 150.0}",275
sample_000276,C04_Sector_Edge,,1458,"{""angle_center_rad"": 0.6922155251113706, ""angle_width_deg"": 41.4712850483328, ""edge_width_ratio"": 0.16928005489747755, ""n_particles"": 1458, ""name"": ""wafer_particles.pattern.C04_Sector_Edge"", ""radial_beta_alpha"": 3.596091273275979, ""radial_beta_beta"": 0.8747607186695796, ""schema_version"": ""wafer_particles.pattern_config.v1"", ""side"": ""right"", ""theta_vonmises_kappa"": 2.72724863385401, ""wafer_radius_mm"": 150.0}",276
sample_000277,C11_Hotspot_Elliptic,,1494,"{""center_angle"": ""random"", ""center_angle_rad"": 3.8230191684694934, ""center_radius_ratio"": 0.0061902880562077715, ""mode"": ""random"", ""n_particles"": 1494, ""name"": ""wafer_particles.pattern.C11_Hotspot_Elliptic"", ""rotation_deg"": 30.0, ""rotation_rad"": 0.04333601898601525, ""schema_version"": ""wafer_particles.pattern_config.v1"", ""sigma_x_ratio"": 0.04652648486063668, ""sigma_y_ratio"": 0.03920214247172817, ""wafer_radius_mm"": 150.0}",277
sample_000278,C03_Ring,,1380,"{""n_particles"": 1380, ""name"": ""wafer_particles.pattern.C03_Ring"", ""radius_ratio"": 0.7034873042632533, ""schema_version"": ""wafer_particles.pattern_config.v1"", ""wafer_radius_mm"": 150.0, ""width_ratio"": 0.16545057067703084}",278
sample_000279,C07_StraightLine,,991,"{""angle_deg"": 110.96976774589791, ""n_particles"": 991, ""name"": ""wafer_particles.pattern.C07_StraightLine"", ""offset_ratio"": -0.1143560580563601, ""schema_version"": ""wafer_particles.pattern_config.v1"", ""segment_half_length_ratio"": 0.41188257556579316, ""wafer_radius_mm"": 150.0, ""width_ratio"": 0.0461533886611909}",279
sample_000280,C03_Ring,,1410,"{""n_particles"": 1410, ""name"": ""wafer_particles.pattern.C03_Ring"", ""radius_ratio"": 0.43506079484483634, ""schema_version"": ""wafer_particles.pattern_config.v1"", ""wafer_radius_mm"": 150.0, ""width_ratio"": 0.0876233269543523}",280
sample_000281,C11_Hotspot_Elliptic,,1277,"{""center_angle"": ""random"", ""center_angle_rad"": 5.165780113788877, ""center_radius_ratio"": 0.883608341723376, ""mode"": ""random"", ""n_particles"": 1277, ""name"": ""wafer_particles.pattern.C11_Hotspot_Elliptic"", ""rotation_deg"": 30.0, ""rotation_rad"": 1.6267941958104013, ""schema_version"": ""wafer_particles.pattern_config.v1"", ""sigma_x_ratio"": 0.07519603582409334, ""sigma_y_ratio"": 0.0320215946891036, ""wafer_radius_mm"": 150.0}",281
sample_000282,edge_sector_left,sector,1327,"{""angle_width_deg"": 40.0, ""edge_width_ratio"": 0.1, ""n_particles"": 1327, ""name"": ""wafer_particles.pattern.edge_sector"", ""schema_version"": ""wafer_particles.pattern_config.v1"", ""side"": ""left"", ""wafer_radius_mm"": 150.0}",282
sample_000283,C07_StraightLine,,1195,"{""angle_deg"": 142.43516383935474, ""n_particles"": 1195, ""name"": ""wafer_particles.pattern.C07_StraightLine"", ""offset_ratio"": 0.14112888672133184, ""schema_version"": ""wafer_particles.pattern_config.v1"", ""segment_half_length_ratio"": 0.5007993901517264, ""wafer_radius_mm"": 150.0, ""width_ratio"": 0.024623319640733457}",283
sample_000284,C07_StraightLine,,732,"{""angle_deg"": 131.68314453213856, ""n_particles"": 732, ""name"": ""wafer_particles.pattern.C07_StraightLine"", ""offset_ratio"": -0.11852148533629209, ""schema_version"": ""wafer_particles.pattern_config.v1"", ""segment_half_length_ratio"": 0.5551777593081828, ""wafer_radius_mm"": 150.0, ""width_ratio"": 0.005487959527998235}",284
sample_000285,C03_Ring,,1000,"{""n_particles"": 1000, ""name"": ""wafer_particles.pattern.C03_Ring"", ""radius_ratio"": 0.7990508007415017, ""schema_version"": ""wafer_particles.pattern_config.v1"", ""wafer_radius_mm"": 150.0, ""width_ratio"": 0.18470575750533086}",285
sample_000286,C11_Hotspot_Elliptic,,1071,"{""center_angle"": ""random"", ""center_angle_rad"": 2.35623397991761, ""center_radius_ratio"": 0.45956265961033593, ""mode"": ""random"", ""n_particles"": 1071, ""name"": ""wafer_particles.pattern.C11_Hotspot_Elliptic"", ""rotation_deg"": 30.0, ""rotation_rad"": 1.4359264342499856, ""schema_version"": ""wafer_particles.pattern_config.v1"", ""sigma_x_ratio"": 0.07069236884175117, ""sigma_y_ratio"": 0.044205277568833336, ""wafer_radius_mm"": 150.0}",286
sample_000287,C04_Sector_Edge,,1127,"{""angle_center_rad"": 3.96783437770456, ""angle_width_deg"": 77.5375412110696, ""edge_width_ratio"": 0.06700791968898982, ""n_particles"": 1127, ""name"": ""wafer_particles.pattern.C04_Sector_Edge"", ""radial_beta_alpha"": 2.277508053983418, ""radial_beta_beta"": 1.694893156552277, ""schema_version"": ""wafer_particles.pattern_config.v1"", ""side"": ""right"", ""theta_vonmises_kappa"": 3.9208928150489757, ""wafer_radius_mm"": 150.0}",287
sample_000288,ring_narrow,ring,963,"{""n_particles"": 963, ""name"": ""wafer_particles.pattern.ring_narrow"", ""radius_ratio"": 0.7, ""schema_version"": ""wafer_particles.pattern_config.v1"", ""wafer_radius_mm"": 150.0, ""width_ratio"": 0.03}",288
sample_000289,C11_Hotspot_Elliptic,,780,"{""center_angle"": ""random"", ""center_angle_rad"": 0.11224029959576354, ""center_radius_ratio"": 0.6407394028952509, ""mode"": ""random"", ""n_particles"": 780, ""name"": ""wafer_particles.pattern.C11_Hotspot_Elliptic"", ""rotation_deg"": 30.0, ""rotation_rad"": 4.874224752355027, ""schema_version"": ""wafer_particles.pattern_config.v1"", ""sigma_x_ratio"": 0.07573370746390527, ""sigma_y_ratio"": 0.04019705871567776, ""wafer_radius_mm"": 150.0}",289
sample_000290,C07_StraightLine,,972,"{""angle_deg"": 7.518543390652606, ""n_particles"": 972, ""name"": ""wafer_particles.pattern.C07_StraightLine"", ""offset_ratio"": -0.13132691670032348, ""schema_version"": ""wafer_particles.pattern_config.v1"", ""segment_half_length_ratio"": 0.7932708331109827, ""wafer_radius_mm"": 150.0, ""width_ratio"": 0.015697114141204314}",290
sample_000291,C07_StraightLine,,795,"{""angle_deg"": 24.846904730444702, ""n_particles"": 795, ""name"": ""wafer_particles.pattern.C07_StraightLine"", ""offset_ratio"": -0.20059989898243277, ""schema_version"": ""wafer_particles.pattern_config.v1"", ""segment_half_length_ratio"": 0.5875722750061159, ""wafer_radius_mm"": 150.0, ""width_ratio"": 0.0416567863156655}",291
sample_000292,ring_narrow,ring,913,"{""n_particles"": 913, ""name"": ""wafer_particles.pattern.ring_narrow"", ""radius_ratio"": 0.7, ""schema_version"": ""wafer_particles.pattern_config.v1"", ""wafer_radius_mm"": 150.0, ""width_ratio"": 0.03}",292
sample_000293,C07_StraightLine,,661,"{""angle_deg"": 57.92419678609905, ""n_particles"": 661, ""name"": ""wafer_particles.pattern.C07_StraightLine"", ""offset_ratio"": 0.17589390336795757, ""schema_version"": ""wafer_particles.pattern_config.v1"", ""segment_half_length_ratio"": 0.8186902924315711, ""wafer_radius_mm"": 150.0, ""width_ratio"": 0.04191713364762848}",293
sample_000294,C04_Sector_Edge,,1523,"{""angle_center_rad"": 2.67506550400298, ""angle_width_deg"": 31.442283436852648, ""edge_width_ratio"": 0.25937607601714324, ""n_particles"": 1523, ""name"": ""wafer_particles.pattern.C04_Sector_Edge"", ""radial_beta_alpha"": 1.3665886705020263, ""radial_beta_beta"": 3.0367644103052687, ""schema_version"": ""wafer_particles.pattern_config.v1"", ""side"": ""right"", ""theta_vonmises_kappa"": 6.979279644337085, ""wafer_radius_mm"": 150.0}",294
sample_000295,C01_Uniform,,729,"{""n_particles"": 729, ""name"": ""wafer_particles.pattern.C01_Uniform"", ""schema_version"": ""wafer_particles.pattern_config.v1"", ""wafer_radius_mm"": 150.0}",295
sample_000296,C04_Sector_Edge,,1085,"{""angle_center_rad"": 1.1994018611438382, ""angle_width_deg"": 64.37015815507291, ""edge_width_ratio"": 0.13293897004619948, ""n_particles"": 1085, ""name"": ""wafer_particles.pattern.C04_Sector_Edge"", ""radial_beta_alpha"": 2.243891455372216, ""radial_beta_beta"": 0.974791502571551, ""schema_version"": ""wafer_particles.pattern_config.v1"", ""side"": ""right"", ""theta_vonmises_kappa"": 2.044186008936304, ""wafer_radius_mm"": 150.0}",296
sample_000297,C01_Uniform,,1528,"{""n_particles"": 1528, ""name"": ""wafer_particles.pattern.C01_Uniform"", ""schema_version"": ""wafer_particles.pattern_config.v1"", ""wafer_radius_mm"": 150.0}",297
sample_000298,C01_Uniform,,836,"{""n_particles"": 836, ""name"": ""wafer_particles.pattern.C01_Uniform"", ""schema_version"": ""wafer_particles.pattern_config.v1"", ""wafer_radius_mm"": 150.0}",298
sample_000299,C11_Hotspot_Elliptic,,901,"{""center_angle"": ""random"", ""center_angle_rad"": 4.338523728701271, ""center_radius_ratio"": 0.6737504365656745, ""mode"": ""random"", ""n_particles"": 901, ""name"": ""wafer_particles.pattern.C11_Hotspot_Elliptic"", ""rotation_deg"": 30.0, ""rotation_rad"": 5.500262164806758, ""schema_version"": ""wafer_particles.pattern_config.v1"", ""sigma_x_ratio"": 0.10655279531546635, ""sigma_y_ratio"": 0.023007047239268087, ""wafer_radius_mm"": 150.0}",299
sample_000300,C01_Uniform,,1325,"{""n_particles"": 1325, ""name"": ""wafer_particles.pattern.C01_Uniform"", ""schema_version"": ""wafer_particles.pattern_config.v1"", ""wafer_radius_mm"": 150.0}",300
sample_000301,C04_Sector_Edge,,950,"{""angle_center_rad"": 5.706134291678042, ""angle_width_deg"": 37.45559662545379, ""edge_width_ratio"": 0.1348094928807983, ""n_particles"": 950, ""name"": ""wafer_particles.pattern.C04_Sector_Edge"", ""radial_beta_alpha"": 3.5230362626490033, ""radial_beta_beta"": 1.3784017026196276, ""schema_version"": ""wafer_particles.pattern_config.v1"", ""side"": ""right"", ""theta_vonmises_kappa"": 2.1051464743802497, ""wafer_radius_mm"": 150.0}",301
sample_000302,C11_Hotspot_Elliptic,,914,"{""center_angle"": ""random"", ""center_angle_rad"": 2.2850226713505792, ""center_radius_ratio"": 0.24872943530507316, ""mode"": ""random"", ""n_particles"": 914, ""name"": ""wafer_particles.pattern.C11_Hotspot_Elliptic"", ""rotation_deg"": 30.0, ""rotation_rad"": 3.1089140296501285, ""schema_version"": ""wafer_particles.pattern_config.v1"", ""sigma_x_ratio"": 0.09967850334096777, ""sigma_y_ratio"": 0.049304422684624455, ""wafer_radius_mm"": 150.0}",302
sample_000303,C07_StraightLine,,910,"{""angle_deg"": 103.24320902492184, ""n_particles"": 910, ""name"": ""wafer_particles.pattern.C07_StraightLine"", ""offset_ratio"": -0.12552888996627581, ""schema_version"": ""wafer_particles.pattern_config.v1"", ""segment_half_length_ratio"": 0.5149975448173046, ""wafer_radius_mm"": 150.0, ""width_ratio"": 0.03514467957836011}",303
sample_000304,C04_Sector_Edge,,1483,"{""angle_center_rad"": 4.282936930433927, ""angle_width_deg"": 52.843180987503175, ""edge_width_ratio"": 0.22495181308128942, ""n_particles"": 1483, ""name"": ""wafer_particles.pattern.C04_Sector_Edge"", ""radial_beta_alpha"": 3.544664049494968, ""radial_beta_beta"": 2.3238677469718256, ""schema_version"": ""wafer_particles.pattern_config.v1"", ""side"": ""right"", ""theta_vonmises_kappa"": 4.5354485788168795, ""wafer_radius_mm"": 150.0}",304
sample_000305,C03_Ring,,1205,"{""n_particles"": 1205, ""name"": ""wafer_particles.pattern.C03_Ring"", ""radius_ratio"": 0.7114290478220284, ""schema_version"": ""wafer_particles.pattern_config.v1"", ""wafer_radius_mm"": 150.0, ""width_ratio"": 0.058311491677166136}",305
sample_000306,edge_sector_left,sector,1439,"{""angle_width_deg"": 40.0, ""edge_width_ratio"": 0.1, ""n_particles"": 1439, ""name"": ""wafer_particles.pattern.edge_sector"", ""schema_version"": ""wafer_particles.pattern_config.v1"", ""side"": ""left"", ""wafer_radius_mm"": 150.0}",306
sample_000307,C07_StraightLine,,616,"{""angle_deg"": 154.2185546385635, ""n_particles"": 616, ""name"": ""wafer_particles.pattern.C07_StraightLine"", ""offset_ratio"": 0.24392001466723606, ""schema_version"": ""wafer_particles.pattern_config.v1"", ""segment_half_length_ratio"": 0.8888651183137555, ""wafer_radius_mm"": 150.0, ""width_ratio"": 0.026981181209087116}",307
sample_000308,C03_Ring,,1152,"{""n_particles"": 1152, ""name"": ""wafer_particles.pattern.C03_Ring"", ""radius_ratio"": 0.8921565603914278, ""schema_version"": ""wafer_particles.pattern_config.v1"", ""wafer_radius_mm"": 150.0, ""width_ratio"": 0.10057493515946596}",308
sample_000309,C07_StraightLine,,556,"{""angle_deg"": 141.33038817537792, ""n_particles"": 556, ""name"": ""wafer_particles.pattern.C07_StraightLine"", ""offset_ratio"": -0.2916105049843402, ""schema_version"": ""wafer_particles.pattern_config.v1"", ""segment_half_length_ratio"": 0.835359114206889, ""wafer_radius_mm"": 150.0, ""width_ratio"": 0.01762306773985096}",309
sample_000310,C03_Ring,,974,"{""n_particles"": 974, ""name"": ""wafer_particles.pattern.C03_Ring"", ""radius_ratio"": 0.5724243197933144, ""schema_version"": ""wafer_particles.pattern_config.v1"", ""wafer_radius_mm"": 150.0, ""width_ratio"": 0.18999767214946872}",310
sample_000311,C07_StraightLine,,1401,"{""angle_deg"": 53.155224956805334, ""n_particles"": 1401, ""name"": ""wafer_particles.pattern.C07_StraightLine"", ""offset_ratio"": -0.24081269483056275, ""schema_version"": ""wafer_particles.pattern_config.v1"", ""segment_half_length_ratio"": 0.6620202802230257, ""wafer_radius_mm"": 150.0, ""width_ratio"": 0.0470945309968855}",311
sample_000312,C07_StraightLine,,513,"{""angle_deg"": 4.51361840644566, ""n_particles"": 513, ""name"": ""wafer_particles.pattern.C07_StraightLine"", ""offset_ratio"": -0.27782272837174443, ""schema_version"": ""wafer_particles.pattern_config.v1"", ""segment_half_length_ratio"": 0.6768431077729375, ""wafer_radius_mm"": 150.0, ""width_ratio"": 0.007415880179228207}",312
sample_000313,C04_Sector_Edge,,1157,"{""angle_center_rad"": 3.926863768360384, ""angle_width_deg"": 31.395990090677188, ""edge_width_ratio"": 0.2875829027271416, ""n_particles"": 1157, ""name"": ""wafer_particles.pattern.C04_Sector_Edge"", ""radial_beta_alpha"": 1.770987474333543, ""radial_beta_beta"": 2.659216222575566, ""schema_version"": ""wafer_particles.pattern_config.v1"", ""side"": ""right"", ""theta_vonmises_kappa"": 4.811719565157118, ""wafer_radius_mm"": 150.0}",313
sample_000314,C07_StraightLine,,684,"{""angle_deg"": 107.00116651525643, ""n_particles"": 684, ""name"": ""wafer_particles.pattern.C07_StraightLine"", ""offset_ratio"": -0.044377993420567974, ""schema_version"": ""wafer_particles.pattern_config.v1"", ""segment_half_length_ratio"": 0.5558455596990853, ""wafer_radius_mm"": 150.0, ""width_ratio"": 0.03373895508276151}",314
sample_000315,C11_Hotspot_Elliptic,,805,"{""center_angle"": ""random"", ""center_angle_rad"": 3.767181954476992, ""center_radius_ratio"": 0.22683342259825243, ""mode"": ""random"", ""n_particles"": 805, ""name"": ""wafer_particles.pattern.C11_Hotspot_Elliptic"", ""rotation_deg"": 30.0, ""rotation_rad"": 4.688953178865542, ""schema_version"": ""wafer_particles.pattern_config.v1"", ""sigma_x_ratio"": 0.04146535379230357, ""sigma_y_ratio"": 0.07085798957928778, ""wafer_radius_mm"": 150.0}",315
sample_000316,C07_StraightLine,,1119,"{""angle_deg"": 179.22292299495587, ""n_particles"": 1119, ""name"": ""wafer_particles.pattern.C07_StraightLine"", ""offset_ratio"": 0.046998379947709945, ""schema_version"": ""wafer_particles.pattern_config.v1"", ""segment_half_length_ratio"": 0.8198858071720103, ""wafer_radius_mm"": 150.0, ""width_ratio"": 0.045821169233524923}",316
sample_000317,C01_Uniform,,823,"{""n_particles"": 823, ""name"": ""wafer_particles.pattern.C01_Uniform"", ""schema_version"": ""wafer_particles.pattern_config.v1"", ""wafer_radius_mm"": 150.0}",317
sample_000318,C03_Ring,,523,"{""n_particles"": 523, ""name"": ""wafer_particles.pattern.C03_Ring"", ""radius_ratio"": 0.6757862330428153, ""schema_version"": ""wafer_particles.pattern_config.v1"", ""wafer_radius_mm"": 150.0, ""width_ratio"": 0.12345906405943688}",318
sample_000319,C07_StraightLine,,519,"{""angle_deg"": 177.32333709330766, ""n_particles"": 519, ""name"": ""wafer_particles.pattern.C07_StraightLine"", ""offset_ratio"": -0.09985953844610376, ""schema_version"": ""wafer_particles.pattern_config.v1"", ""segment_half_length_ratio"": 0.4798739185521632, ""wafer_radius_mm"": 150.0, ""width_ratio"": 0.027355382184446407}",319
sample_000320,C03_Ring,,1505,"{""n_particles"": 1505, ""name"": ""wafer_particles.pattern.C03_Ring"", ""radius_ratio"": 0.4175137702150797, ""schema_version"": ""wafer_particles.pattern_config.v1"", ""wafer_radius_mm"": 150.0, ""width_ratio"": 0.06977653934728933}",320
sample_000321,scratch_horizontal,line,1258,"{""angle_category"": ""horizontal"", ""length_ratio"": 1.0, ""n_particles"": 1258, ""name"": ""wafer_particles.pattern.scratch"", ""offset_ratio"": 0.0, ""schema_version"": ""wafer_particles.pattern_config.v1"", ""wafer_radius_mm"": 150.0, ""width_ratio"": 0.01}",321
sample_000322,C11_Hotspot_Elliptic,,1155,"{""center_angle"": ""random"", ""center_angle_rad"": 0.7259286356643271, ""center_radius_ratio"": 0.868261455657897, ""mode"": ""random"", ""n_particles"": 1155, ""name"": ""wafer_particles.pattern.C11_Hotspot_Elliptic"", ""rotation_deg"": 30.0, ""rotation_rad"": 2.0652578171123985, ""schema_version"": ""wafer_particles.pattern_config.v1"", ""sigma_x_ratio"": 0.06794062768703837, ""sigma_y_ratio"": 0.06119874101886224, ""wafer_radius_mm"": 150.0}",322
sample_000323,C01_Uniform,,1445,"{""n_particles"": 1445, ""name"": ""wafer_particles.pattern.C01_Uniform"", ""schema_version"": ""wafer_particles.pattern_config.v1"", ""wafer_radius_mm"": 150.0}",323
sample_000324,C07_StraightLine,,1401,"{""angle_deg"": 172.04359611331589, ""n_particles"": 1401, ""name"": ""wafer_particles.pattern.C07_StraightLine"", ""offset_ratio"": -0.060089596099272585, ""schema_version"": ""wafer_particles.pattern_config.v1"", ""segment_half_length_ratio"": 0.5216932271364904, ""wafer_radius_mm"": 150.0, ""width_ratio"": 0.014983580554700941}",324
sample_000325,C07_StraightLine,,1293,"{""angle_deg"": 174.494400309329, ""n_particles"": 1293, ""name"": ""wafer_particles.pattern.C07_StraightLine"", ""offset_ratio"": -0.11271165040390357, ""schema_version"": ""wafer_particles.pattern_config.v1"", ""segment_half_length_ratio"": 0.6152282596484431, ""wafer_radius_mm"": 150.0, ""width_ratio"": 0.021845657234541647}",325
sample_000326,C07_StraightLine,,706,"{""angle_deg"": 28.85416895872869, ""n_particles"": 706, ""name"": ""wafer_particles.pattern.C07_StraightLine"", ""offset_ratio"": 0.22103429548338943, ""schema_version"": ""wafer_particles.pattern_config.v1"", ""segment_half_length_ratio"": 0.7610700245706099, ""wafer_radius_mm"": 150.0, ""width_ratio"": 0.02077391014783314}",326
sample_000327,C07_StraightLine,,1350,"{""angle_deg"": 74.22176595560354, ""n_particles"": 1350, ""name"": ""wafer_particles.pattern.C07_StraightLine"", ""offset_ratio"": -0.1796117631892231, ""schema_version"": ""wafer_particles.pattern_config.v1"", ""segment_half_length_ratio"": 0.5927898815250202, ""wafer_radius_mm"": 150.0, ""width_ratio"": 0.040683739756772856}",327
sample_000328,scratch_vertical,line,1389,"{""angle_category"": ""vertical"", ""length_ratio"": 1.0, ""n_particles"": 1389, ""name"": ""wafer_particles.pattern.scratch"", ""offset_ratio"": 0.0, ""schema_version"": ""wafer_particles.pattern_config.v1"", ""wafer_radius_mm"": 150.0, ""width_ratio"": 0.01}",328
sample_000329,C07_StraightLine,,755,"{""angle_deg"": 8.773604749139546, ""n_particles"": 755, ""name"": ""wafer_particles.pattern.C07_StraightLine"", ""offset_ratio"": 0.17886940051163092, ""schema_version"": ""wafer_particles.pattern_config.v1"", ""segment_half_length_ratio"": 0.6404378362131871, ""wafer_radius_mm"": 150.0, ""width_ratio"": 0.013312892759874725}",329
sample_000330,C04_Sector_Edge,,1531,"{""angle_center_rad"": 5.027241965660646, ""angle_width_deg"": 79.94683481220672, ""edge_width_ratio"": 0.2123273694452822, ""n_particles"": 1531, ""name"": ""wafer_particles.pattern.C04_Sector_Edge"", ""radial_beta_alpha"": 3.6434381361998636, ""radial_beta_beta"": 2.2363865163172343, ""schema_version"": ""wafer_particles.pattern_config.v1"", ""side"": ""right"", ""theta_vonmises_kappa"": 6.420383376457706, ""wafer_radius_mm"": 150.0}",330
sample_000331,C07_StraightLine,,1133,"{""angle_deg"": 40.86605651029488, ""n_particles"": 1133, ""name"": ""wafer_particles.pattern.C07_StraightLine"", ""offset_ratio"": -0.1264536308068355, ""schema_version"": ""wafer_particles.pattern_config.v1"", ""segment_half_length_ratio"": 0.7192802183298095, ""wafer_radius_mm"": 150.0, ""width_ratio"": 0.009744264815774173}",331
sample_000332,edge_sector_right,sector,1004,"{""angle_width_deg"": 40.0, ""edge_width_ratio"": 0.1, ""n_particles"": 1004, ""name"": ""wafer_particles.pattern.edge_sector"", ""schema_version"": ""wafer_particles.pattern_config.v1"", ""side"": ""right"", ""wafer_radius_mm"": 150.0}",332
sample_000333,C07_StraightLine,,573,"{""angle_deg"": 36.26316157541984, ""n_particles"": 573, ""name"": ""wafer_particles.pattern.C07_StraightLine"", ""offset_ratio"": 0.1656521589071378, ""schema_version"": ""wafer_particles.pattern_config.v1"", ""segment_half_length_ratio"": 0.7790363696433874, ""wafer_radius_mm"": 150.0, ""width_ratio"": 0.04862764841103351}",333
sample_000334,C11_Hotspot_Elliptic,,1031,"{""center_angle"": ""random"", ""center_angle_rad"": 0.03569092563508671, ""center_radius_ratio"": 0.7154624739579979, ""mode"": ""random"", ""n_particles"": 1031, ""name"": ""wafer_particles.pattern.C11_Hotspot_Elliptic"", ""rotation_deg"": 30.0, ""rotation_rad"": 2.779580154127681, ""schema_version"": ""wafer_particles.pattern_config.v1"", ""sigma_x_ratio"": 0.11366684082253531, ""sigma_y_ratio"": 0.028499025891535683, ""wafer_radius_mm"": 150.0}",334
sample_000335,radial_lines,line,874,"{""angular_jitter_deg"": 2.0, ""n_lines"": 6, ""n_particles"": 874, ""name"": ""wafer_particles.pattern.radial_lines"", ""r_max_ratio"": 1.0, ""r_min_ratio"": 0.0, ""schema_version"": ""wafer_particles.pattern_config.v1"", ""wafer_radius_mm"": 150.0}",335
sample_000336,ring_narrow,ring,1277,"{""n_particles"": 1277, ""name"": ""wafer_particles.pattern.ring_narrow"", ""radius_ratio"": 0.7, ""schema_version"": ""wafer_particles.pattern_config.v1"", ""wafer_radius_mm"": 150.0, ""width_ratio"": 0.03}",336
sample_000337,C01_Uniform,,1254,"{""n_particles"": 1254, ""name"": ""wafer_particles.pattern.C01_Uniform"", ""schema_version"": ""wafer_particles.pattern_config.v1"", ""wafer_radius_mm"": 150.0}",337
sample_000338,edge_sector_left,sector,521,"{""angle_width_deg"": 40.0, ""edge_width_ratio"": 0.1, ""n_particles"": 521, ""name"": ""wafer_particles.pattern.edge_sector"", ""schema_version"": ""wafer_particles.pattern_config.v1"", ""side"": ""left"", ""wafer_radius_mm"": 150.0}",338
sample_000339,C04_Sector_Edge,,1462,"{""angle_center_rad"": 3.3652993493909573, ""angle_width_deg"": 65.49026871098582, ""edge_width_ratio"": 0.2689414691995338, ""n_particles"": 1462, ""name"": ""wafer_particles.pattern.C04_Sector_Edge"", ""radial_beta_alpha"": 3.2611945760980747, ""radial_beta_beta"": 3.2705726765183902, ""schema_version"": ""wafer_particles.pattern_config.v1"", ""side"": ""right"", ""theta_vonmises_kappa"": 6.544326278046968, ""wafer_radius_mm"": 150.0}",339
sample_000340,edge_sector_right,sector,1280,"{""angle_width_deg"": 40.0, ""edge_width_ratio"": 0.1, ""n_particles"": 1280, ""name"": ""wafer_particles.pattern.edge_sector"", ""schema_version"": ""wafer_particles.pattern_config.v1"", ""side"": ""right"", ""wafer_radius_mm"": 150.0}",340
sample_000341,scratch_vertical,line,646,"{""angle_category"": ""vertical"", ""length_ratio"": 1.0, ""n_particles"": 646, ""name"": ""wafer_particles.pattern.scratch"", ""offset_ratio"": 0.0, ""schema_version"": ""wafer_particles.pattern_config.v1"", ""wafer_radius_mm"": 150.0, ""width_ratio"": 0.01}",341
sample_000342,C04_Sector_Edge,,1064,"{""angle_center_rad"": 3.7379499260693176, ""angle_width_deg"": 67.98808964535563, ""edge_width_ratio"": 0.284468609450804, ""n_particles"": 1064, ""name"": ""wafer_particles.pattern.C04_Sector_Edge"", ""radial_beta_alpha"": 1.2976439589064235, ""radial_beta_beta"": 3.252672589264354, ""schema_version"": ""wafer_particles.pattern_config.v1"", ""side"": ""right"", ""theta_vonmises_kappa"": 6.449229739319455, ""wafer_radius_mm"": 150.0}",342
sample_000343,C04_Sector_Edge,,1391,"{""angle_center_rad"": 1.5895153900953756, ""angle_width_deg"": 76.24188396250162, ""edge_width_ratio"": 0.15111588601484333, ""n_particles"": 1391, ""name"": ""wafer_particles.pattern.C04_Sector_Edge"", ""radial_beta_alpha"": 3.412686503564186, ""radial_beta_beta"": 2.515629959649194, ""schema_version"": ""wafer_particles.pattern_config.v1"", ""side"": ""right"", ""theta_vonmises_kappa"": 5.2967355311659965, ""wafer_radius_mm"": 150.0}",343
sample_000344,C11_Hotspot_Elliptic,,972,"{""center_angle"": ""random"", ""center_angle_rad"": 2.9227055306322387, ""center_radius_ratio"": 0.45373116826732907, ""mode"": ""random"", ""n_particles"": 972, ""name"": ""wafer_particles.pattern.C11_Hotspot_Elliptic"", ""rotation_deg"": 30.0, ""rotation_rad"": 4.3855875136424824, ""schema_version"": ""wafer_particles.pattern_config.v1"", ""sigma_x_ratio"": 0.09857533603929743, ""sigma_y_ratio"": 0.04769718362007045, ""wafer_radius_mm"": 150.0}",344
sample_000345,C04_Sector_Edge,,651,"{""angle_center_rad"": 1.2484161927430077, ""angle_width_deg"": 81.96299461567718, ""edge_width_ratio"": 0.2464984498116869, ""n_particles"": 651, ""name"": ""wafer_particles.pattern.C04_Sector_Edge"", ""radial_beta_alpha"": 2.6013174545289575, ""radial_beta_beta"": 2.4333922714281426, ""schema_version"": ""wafer_particles.pattern_config.v1"", ""side"": ""right"", ""theta_vonmises_kappa"": 3.947794916466781, ""wafer_radius_mm"": 150.0}",345
sample_000346,C03_Ring,,1400,"{""n_particles"": 1400, ""name"": ""wafer_particles.pattern.C03_Ring"", ""radius_ratio"": 0.5862648431210905, ""schema_version"": ""wafer_particles.pattern_config.v1"", ""wafer_radius_mm"": 150.0, ""width_ratio"": 0.022915128290460347}",346
sample_000347,C03_Ring,,661,"{""n_particles"": 661, ""name"": ""wafer_particles.pattern.C03_Ring"", ""radius_ratio"": 0.625522940186424, ""schema_version"": ""wafer_particles.pattern_config.v1"", ""wafer_radius_mm"": 150.0, ""width_ratio"": 0.16462943233577643}",347
sample_000348,scratch_vertical,line,758,"{""angle_category"": ""vertical"", ""length_ratio"": 1.0, ""n_particles"": 758, ""name"": ""wafer_particles.pattern.scratch"", ""offset_ratio"": 0.0, ""schema_version"": ""wafer_particles.pattern_config.v1"", ""wafer_radius_mm"": 150.0, ""width_ratio"": 0.01}",348
sample_000349,C07_StraightLine,,818,"{""angle_deg"": 125.65476244496308, ""n_particles"": 818, ""name"": ""wafer_particles.pattern.C07_StraightLine"", ""offset_ratio"": -0.09904051794915106, ""schema_version"": ""wafer_particles.pattern_config.v1"", ""segment_half_length_ratio"": 0.6404860608325721, ""wafer_radius_mm"": 150.0, ""width_ratio"": 0.005747046368895866}",349
sample_000350,C04_Sector_Edge,,1097,"{""angle_center_rad"": 0.8624609288565996, ""angle_width_deg"": 39.39427578618488, ""edge_width_ratio"": 0.20695246453689126, ""n_particles"": 1097, ""name"": ""wafer_particles.pattern.C04_Sector_Edge"", ""radial_beta_alpha"": 2.889089782354782, ""radial_beta_beta"": 2.4464859420431506, ""schema_version"": ""wafer_particles.pattern_config.v1"", ""side"": ""right"", ""theta_vonmises_kappa"": 8.28521844939518, ""wafer_radius_mm"": 150.0}",350
sample_000351,C07_StraightLine,,1417,"{""angle_deg"": 135.7010227509856, ""n_particles"": 1417, ""name"": ""wafer_particles.pattern.C07_StraightLine"", ""offset_ratio"": 0.050481341605977614, ""schema_version"": ""wafer_particles.pattern_config.v1"", ""segment_half_length_ratio"": 0.8548450124065274, ""wafer_radius_mm"": 150.0, ""width_ratio"": 0.005455688724801783}",351
sample_000352,C07_StraightLine,,881,"{""angle_deg"": 179.21625856204406, ""n_particles"": 881, ""name"": ""wafer_particles.pattern.C07_StraightLine"", ""offset_ratio"": 0.25034151378102226, ""schema_version"": ""wafer_particles.pattern_config.v1"", ""segment_half_length_ratio"": 0.31028822517021026, ""wafer_radius_mm"": 150.0, ""width_ratio"": 0.047547407916403266}",352
sample_000353,C11_Hotspot_Elliptic,,1095,"{""center_angle"": ""random"", ""center_angle_rad"": 0.5926324304482943, ""center_radius_ratio"": 0.23074442792327737, ""mode"": ""random"", ""n_particles"": 1095, ""name"": ""wafer_particles.pattern.C11_Hotspot_Elliptic"", ""rotation_deg"": 30.0, ""rotation_rad"": 4.353418368977413, ""schema_version"": ""wafer_particles.pattern_config.v1"", ""sigma_x_ratio"": 0.11752861090634678, ""sigma_y_ratio"": 0.03875237951548155, ""wafer_radius_mm"": 150.0}",353
sample_000354,C03_Ring,,783,"{""n_particles"": 783, ""name"": ""wafer_particles.pattern.C03_Ring"", ""radius_ratio"": 0.7941298068486407, ""schema_version"": ""wafer_particles.pattern_config.v1"", ""wafer_radius_mm"": 150.0, ""width_ratio"": 0.020003492544213956}",354
sample_000355,C03_Ring,,1514,"{""n_particles"": 1514, ""name"": ""wafer_particles.pattern.C03_Ring"", ""radius_ratio"": 0.6475033691903819, ""schema_version"": ""wafer_particles.pattern_config.v1"", ""wafer_radius_mm"": 150.0, ""width_ratio"": 0.16187741222238683}",355
sample_000356,C03_Ring,,839,"{""n_particles"": 839, ""name"": ""wafer_particles.pattern.C03_Ring"", ""radius_ratio"": 0.47930903178257916, ""schema_version"": ""wafer_particles.pattern_config.v1"", ""wafer_radius_mm"": 150.0, ""width_ratio"": 0.08390110992547993}",356
sample_000357,C07_StraightLine,,704,"{""angle_deg"": 140.15646934043318, ""n_particles"": 704, ""name"": ""wafer_particles.pattern.C07_StraightLine"", ""offset_ratio"": 0.15418114724829096, ""schema_version"": ""wafer_particles.pattern_config.v1"", ""segment_half_length_ratio"": 0.38116438745114023, ""wafer_radius_mm"": 150.0, ""width_ratio"": 0.016932575810458067}",357
sample_000358,C07_StraightLine,,546,"{""angle_deg"": 84.64331732975583, ""n_particles"": 546, ""name"": ""wafer_particles.pattern.C07_StraightLine"", ""offset_ratio"": -0.2931085138772024, ""schema_version"": ""wafer_particles.pattern_config.v1"", ""segment_half_length_ratio"": 0.7752281206610541, ""wafer_radius_mm"": 150.0, ""width_ratio"": 0.012593547266749171}",358
sample_000359,C11_Hotspot_Elliptic,,1311,"{""center_angle"": ""random"", ""center_angle_rad"": 4.531448749988798, ""center_radius_ratio"": 0.03980702368118101, ""mode"": ""random"", ""n_particles"": 1311, ""name"": ""wafer_particles.pattern.C11_Hotspot_Elliptic"", ""rotation_deg"": 30.0, ""rotation_rad"": 4.174634262115032, ""schema_version"": ""wafer_particles.pattern_config.v1"", ""sigma_x_ratio"": 0.07318944671724781, ""sigma_y_ratio"": 0.07685605523474397, ""wafer_radius_mm"": 150.0}",359
sample_000360,radial_lines,line,1506,"{""angular_jitter_deg"": 2.0, ""n_lines"": 6, ""n_particles"": 1506, ""name"": ""wafer_particles.pattern.radial_lines"", ""r_max_ratio"": 1.0, ""r_min_ratio"": 0.0, ""schema_version"": ""wafer_particles.pattern_config.v1"", ""wafer_radius_mm"": 150.0}",360
sample_000361,C03_Ring,,1367,"{""n_particles"": 1367, ""name"": ""wafer_particles.pattern.C03_Ring"", ""radius_ratio"": 0.8670531268114428, ""schema_version"": ""wafer_particles.pattern_config.v1"", ""wafer_radius_mm"": 150.0, ""width_ratio"": 0.09116197831140865}",361
sample_000362,radial_lines,line,1508,"{""angular_jitter_deg"": 2.0, ""n_lines"": 6, ""n_particles"": 1508, ""name"": ""wafer_particles.pattern.radial_lines"", ""r_max_ratio"": 1.0, ""r_min_ratio"": 0.0, ""schema_version"": ""wafer_particles.pattern_config.v1"", ""wafer_radius_mm"": 150.0}",362
sample_000363,C11_Hotspot_Elliptic,,1015,"{""center_angle"": ""random"", ""center_angle_rad"": 1.2329879096188874, ""center_radius_ratio"": 0.07889624196253359, ""mode"": ""random"", ""n_particles"": 1015, ""name"": ""wafer_particles.pattern.C11_Hotspot_Elliptic"", ""rotation_deg"": 30.0, ""rotation_rad"": 0.5578052001113448, ""schema_version"": ""wafer_particles.pattern_config.v1"", ""sigma_x_ratio"": 0.10515815676890339, ""sigma_y_ratio"": 0.059054812799971004, ""wafer_radius_mm"": 150.0}",363
sample_000364,C03_Ring,,1427,"{""n_particles"": 1427, ""name"": ""wafer_particles.pattern.C03_Ring"", ""radius_ratio"": 0.4355527022547771, ""schema_version"": ""wafer_particles.pattern_config.v1"", ""wafer_radius_mm"": 150.0, ""width_ratio"": 0.08131273985769077}",364
sample_000365,C03_Ring,,1471,"{""n_particles"": 1471, ""name"": ""wafer_particles.pattern.C03_Ring"", ""radius_ratio"": 0.6307740114860375, ""schema_version"": ""wafer_particles.pattern_config.v1"", ""wafer_radius_mm"": 150.0, ""width_ratio"": 0.06906629548295945}",365
sample_000366,C01_Uniform,,1229,"{""n_particles"": 1229, ""name"": ""wafer_particles.pattern.C01_Uniform"", ""schema_version"": ""wafer_particles.pattern_config.v1"", ""wafer_radius_mm"": 150.0}",366
sample_000367,C04_Sector_Edge,,788,"{""angle_center_rad"": 1.3269723107962728, ""angle_width_deg"": 82.33052957103476, ""edge_width_ratio"": 0.2839976947641754, ""n_particles"": 788, ""name"": ""wafer_particles.pattern.C04_Sector_Edge"", ""radial_beta_alpha"": 3.255426760960356, ""radial_beta_beta"": 2.139331402541231, ""schema_version"": ""wafer_particles.pattern_config.v1"", ""side"": ""right"", ""theta_vonmises_kappa"": 5.658772142392564, ""wafer_radius_mm"": 150.0}",367
sample_000368,C07_StraightLine,,725,"{""angle_deg"": 28.33472920670629, ""n_particles"": 725, ""name"": ""wafer_particles.pattern.C07_StraightLine"", ""offset_ratio"": 0.027845001115725798, ""schema_version"": ""wafer_particles.pattern_config.v1"", ""segment_half_length_ratio"": 0.5148678204815558, ""wafer_radius_mm"": 150.0, ""width_ratio"": 0.025759569587164837}",368
sample_000369,C07_StraightLine,,1402,"{""angle_deg"": 128.37296809681754, ""n_particles"": 1402, ""name"": ""wafer_particles.pattern.C07_StraightLine"", ""offset_ratio"": -0.014371483580779554, ""schema_version"": ""wafer_particles.pattern_config.v1"", ""segment_half_length_ratio"": 0.47813399794666567, ""wafer_radius_mm"": 150.0, ""width_ratio"": 0.03883694301644365}",369
sample_000370,C03_Ring,,1255,"{""n_particles"": 1255, ""name"": ""wafer_particles.pattern.C03_Ring"", ""radius_ratio"": 0.48909779642167533, ""schema_version"": ""wafer_particles.pattern_config.v1"", ""wafer_radius_mm"": 150.0, ""width_ratio"": 0.056508924685654036}",370
sample_000371,C04_Sector_Edge,,568,"{""angle_center_rad"": 5.071188869093569, ""angle_width_deg"": 63.93186270367564, ""edge_width_ratio"": 0.13699182106092517, ""n_particles"": 568, ""name"": ""wafer_particles.pattern.C04_Sector_Edge"", ""radial_beta_alpha"": 3.9069110998121284, ""radial_beta_beta"": 1.9190298904498706, ""schema_version"": ""wafer_particles.pattern_config.v1"", ""side"": ""right"", ""theta_vonmises_kappa"": 7.149498584703319, ""wafer_radius_mm"": 150.0}",371
sample_000372,ring_wide,ring,640,"{""n_particles"": 640, ""name"": ""wafer_particles.pattern.ring_wide"", ""radius_ratio"": 0.6, ""schema_version"": ""wafer_particles.pattern_config.v1"", ""wafer_radius_mm"": 150.0, ""width_ratio"": 0.15}",372
sample_000373,C04_Sector_Edge,,1355,"{""angle_center_rad"": 2.1933963427081613, ""angle_width_deg"": 39.93657848656459, ""edge_width_ratio"": 0.24744955003080576, ""n_particles"": 1355, ""name"": ""wafer_particles.pattern.C04_Sector_Edge"", ""radial_beta_alpha"": 2.082898299401377, ""radial_beta_beta"": 3.0393447715303568, ""schema_version"": ""wafer_particles.pattern_config.v1"", ""side"": ""right"", ""theta_vonmises_kappa"": 0.5249306880679252, ""wafer_radius_mm"": 150.0}",373
sample_000374,C03_Ring,,1500,"{""n_particles"": 1500, ""name"": ""wafer_particles.pattern.C03_Ring"", ""radius_ratio"": 0.46146024152569254, ""schema_version"": ""wafer_particles.pattern_config.v1"", ""wafer_radius_mm"": 150.0, ""width_ratio"": 0.09282076339992515}",374
sample_000375,C03_Ring,,1407,"{""n_particles"": 1407, ""name"": ""wafer_particles.pattern.C03_Ring"", ""radius_ratio"": 0.8959906924395349, ""schema_version"": ""wafer_particles.pattern_config.v1"", ""wafer_radius_mm"": 150.0, ""width_ratio"": 0.09394129057497538}",375
sample_000376,C11_Hotspot_Elliptic,,1488,"{""center_angle"": ""random"", ""center_angle_rad"": 5.265558908496875, ""center_radius_ratio"": 0.040364910797698404, ""mode"": ""random"", ""n_particles"": 1488, ""name"": ""wafer_particles.pattern.C11_Hotspot_Elliptic"", ""rotation_deg"": 30.0, ""rotation_rad"": 4.571086185524153, ""schema_version"": ""wafer_particles.pattern_config.v1"", ""sigma_x_ratio"": 0.03705260174852652, ""sigma_y_ratio"": 0.018038856809623662, ""wafer_radius_mm"": 150.0}",376
sample_000377,C04_Sector_Edge,,997,"{""angle_center_rad"": 4.150464874231524, ""angle_width_deg"": 36.45570002690465, ""edge_width_ratio"": 0.1542149225206359, ""n_particles"": 997, ""name"": ""wafer_particles.pattern.C04_Sector_Edge"", ""radial_beta_alpha"": 3.440449308116694, ""radial_beta_beta"": 2.0919448331617536, ""schema_version"": ""wafer_particles.pattern_config.v1"", ""side"": ""right"", ""theta_vonmises_kappa"": 4.296609089774763, ""wafer_radius_mm"": 150.0}",377
sample_000378,C01_Uniform,,844,"{""n_particles"": 844, ""name"": ""wafer_particles.pattern.C01_Uniform"", ""schema_version"": ""wafer_particles.pattern_config.v1"", ""wafer_radius_mm"": 150.0}",378
sample_000379,edge_sector_right,sector,698,"{""angle_width_deg"": 40.0, ""edge_width_ratio"": 0.1, ""n_particles"": 698, ""name"": ""wafer_particles.pattern.edge_sector"", ""schema_version"": ""wafer_particles.pattern_config.v1"", ""side"": ""right"", ""wafer_radius_mm"": 150.0}",379
sample_000380,C03_Ring,,1073,"{""n_particles"": 1073, ""name"": ""wafer_particles.pattern.C03_Ring"", ""radius_ratio"": 0.41183057191807654, ""schema_version"": ""wafer_particles.pattern_config.v1"", ""wafer_radius_mm"": 150.0, ""width_ratio"": 0.046328742367889045}",380
sample_000381,edge_sector_left,sector,1183,"{""angle_width_deg"": 40.0, ""edge_width_ratio"": 0.1, ""n_particles"": 1183, ""name"": ""wafer_particles.pattern.edge_sector"", ""schema_version"": ""wafer_particles.pattern_config.v1"", ""side"": ""left"", ""wafer_radius_mm"": 150.0}",381
sample_000382,C11_Hotspot_Elliptic,,684,"{""center_angle"": ""random"", ""center_angle_rad"": 1.0098041709593264, ""center_radius_ratio"": 0.34947439781960066, ""mode"": ""random"", ""n_particles"": 684, ""name"": ""wafer_particles.pattern.C11_Hotspot_Elliptic"", ""rotation_deg"": 30.0, ""rotation_rad"": 3.1183041779933736, ""schema_version"": ""wafer_particles.pattern_config.v1"", ""sigma_x_ratio"": 0.06073237182876303, ""sigma_y_ratio"": 0.051390806923398515, ""wafer_radius_mm"": 150.0}",382
sample_000383,C11_Hotspot_Elliptic,,890,"{""center_angle"": ""random"", ""center_angle_rad"": 1.7292674354841997, ""center_radius_ratio"": 0.4537009002826844, ""mode"": ""random"", ""n_particles"": 890, ""name"": ""wafer_particles.pattern.C11_Hotspot_Elliptic"", ""rotation_deg"": 30.0, ""rotation_rad"": 3.154140291846592, ""schema_version"": ""wafer_particles.pattern_config.v1"", ""sigma_x_ratio"": 0.10849765264223567, ""sigma_y_ratio"": 0.058220536423646094, ""wafer_radius_mm"": 150.0}",383
sample_000384,C07_StraightLine,,1404,"{""angle_deg"": 20.47878478947253, ""n_particles"": 1404, ""name"": ""wafer_particles.pattern.C07_StraightLine"", ""offset_ratio"": -0.11644471889114527, ""schema_version"": ""wafer_particles.pattern_config.v1"", ""segment_half_length_ratio"": 0.8259864954353522, ""wafer_radius_mm"": 150.0, ""width_ratio"": 0.021647145046593264}",384
sample_000385,C04_Sector_Edge,,701,"{""angle_center_rad"": 3.249599106147367, ""angle_width_deg"": 42.01122345219661, ""edge_width_ratio"": 0.24546763318633924, ""n_particles"": 701, ""name"": ""wafer_particles.pattern.C04_Sector_Edge"", ""radial_beta_alpha"": 2.2464711628501197, ""radial_beta_beta"": 2.5477396113883053, ""schema_version"": ""wafer_particles.pattern_config.v1"", ""side"": ""right"", ""theta_vonmises_kappa"": 5.119327525077659, ""wafer_radius_mm"": 150.0}",385
sample_000386,C01_Uniform,,855,"{""n_particles"": 855, ""name"": ""wafer_particles.pattern.C01_Uniform"", ""schema_version"": ""wafer_particles.pattern_config.v1"", ""wafer_radius_mm"": 150.0}",386
sample_000387,C03_Ring,,1264,"{""n_particles"": 1264, ""name"": ""wafer_particles.pattern.C03_Ring"", ""radius_ratio"": 0.47261497358456295, ""schema_version"": ""wafer_particles.pattern_config.v1"", ""wafer_radius_mm"": 150.0, ""width_ratio"": 0.18045863731324527}",387
sample_000388,C03_Ring,,835,"{""n_particles"": 835, ""name"": ""wafer_particles.pattern.C03_Ring"", ""radius_ratio"": 0.4256910344198783, ""schema_version"": ""wafer_particles.pattern_config.v1"", ""wafer_radius_mm"": 150.0, ""width_ratio"": 0.03920878141862601}",388
sample_000389,C11_Hotspot_Elliptic,,662,"{""center_angle"": ""random"", ""center_angle_rad"": 0.23125739940592355, ""center_radius_ratio"": 0.17995637241892737, ""mode"": ""random"", ""n_particles"": 662, ""name"": ""wafer_particles.pattern.C11_Hotspot_Elliptic"", ""rotation_deg"": 30.0, ""rotation_rad"": 2.3179152829337926, ""schema_version"": ""wafer_particles.pattern_config.v1"", ""sigma_x_ratio"": 0.08127357257919052, ""sigma_y_ratio"": 0.011325215954217805, ""wafer_radius_mm"": 150.0}",389
sample_000390,C11_Hotspot_Elliptic,,1249,"{""center_angle"": ""random"", ""center_angle_rad"": 2.4355313685920565, ""center_radius_ratio"": 0.6997974471518082, ""mode"": ""random"", ""n_particles"": 1249, ""name"": ""wafer_particles.pattern.C11_Hotspot_Elliptic"", ""rotation_deg"": 30.0, ""rotation_rad"": 0.7139204828919419, ""schema_version"": ""wafer_particles.pattern_config.v1"", ""sigma_x_ratio"": 0.03948359041708141, ""sigma_y_ratio"": 0.04246329743072684, ""wafer_radius_mm"": 150.0}",390
sample_000391,C07_StraightLine,,1505,"{""angle_deg"": 129.73140262355798, ""n_particles"": 1505, ""name"": ""wafer_particles.pattern.C07_StraightLine"", ""offset_ratio"": -0.023734354250830092, ""schema_version"": ""wafer_particles.pattern_config.v1"", ""segment_half_length_ratio"": 0.5010594321806294, ""wafer_radius_mm"": 150.0, ""width_ratio"": 0.021768784333102923}",391
sample_000392,scratch_horizontal,line,1195,"{""angle_category"": ""horizontal"", ""length_ratio"": 1.0, ""n_particles"": 1195, ""name"": ""wafer_particles.pattern.scratch"", ""offset_ratio"": 0.0, ""schema_version"": ""wafer_particles.pattern_config.v1"", ""wafer_radius_mm"": 150.0, ""width_ratio"": 0.01}",392
sample_000393,C04_Sector_Edge,,1213,"{""angle_center_rad"": 4.685428872214271, ""angle_width_deg"": 76.25068790603717, ""edge_width_ratio"": 0.22496159500884455, ""n_particles"": 1213, ""name"": ""wafer_particles.pattern.C04_Sector_Edge"", ""radial_beta_alpha"": 2.4275261903640506, ""radial_beta_beta"": 2.6832254820698607, ""schema_version"": ""wafer_particles.pattern_config.v1"", ""side"": ""right"", ""theta_vonmises_kappa"": 0.6017286890808007, ""wafer_radius_mm"": 150.0}",393
sample_000394,C01_Uniform,,530,"{""n_particles"": 530, ""name"": ""wafer_particles.pattern.C01_Uniform"", ""schema_version"": ""wafer_particles.pattern_config.v1"", ""wafer_radius_mm"": 150.0}",394
sample_000395,radial_lines,line,664,"{""angular_jitter_deg"": 2.0, ""n_lines"": 6, ""n_particles"": 664, ""name"": ""wafer_particles.pattern.radial_lines"", ""r_max_ratio"": 1.0, ""r_min_ratio"": 0.0, ""schema_version"": ""wafer_particles.pattern_config.v1"", ""wafer_radius_mm"": 150.0}",395
sample_000396,C01_Uniform,,1147,"{""n_particles"": 1147, ""name"": ""wafer_particles.pattern.C01_Uniform"", ""schema_version"": ""wafer_particles.pattern_config.v1"", ""wafer_radius_mm"": 150.0}",396
sample_000397,C01_Uniform,,646,"{""n_particles"": 646, ""name"": ""wafer_particles.pattern.C01_Uniform"", ""schema_version"": ""wafer_particles.pattern_config.v1"", ""wafer_radius_mm"": 150.0}",397
sample_000398,C01_Uniform,,1268,"{""n_particles"": 1268, ""name"": ""wafer_particles.pattern.C01_Uniform"", ""schema_version"": ""wafer_particles.pattern_config.v1"", ""wafer_radius_mm"": 150.0}",398
sample_000399,C01_Uniform,,927,"{""n_particles"": 927, ""name"": ""wafer_particles.pattern.C01_Uniform"", ""schema_version"": ""wafer_particles.pattern_config.v1"", ""wafer_radius_mm"": 150.0}",399
sample_000400,C03_Ring,,808,"{""n_particles"": 808, ""name"": ""wafer_particles.pattern.C03_Ring"", ""radius_ratio"": 0.8525941270492668, ""schema_version"": ""wafer_particles.pattern_config.v1"", ""wafer_radius_mm"": 150.0, ""width_ratio"": 0.11757187786864118}",400
sample_000401,C04_Sector_Edge,,570,"{""angle_center_rad"": 4.311328754823569, ""angle_width_deg"": 51.0429145035341, ""edge_width_ratio"": 0.09207653408832119, ""n_particles"": 570, ""name"": ""wafer_particles.pattern.C04_Sector_Edge"", ""radial_beta_alpha"": 2.2426353622576785, ""radial_beta_beta"": 1.6593665805805422, ""schema_version"": ""wafer_particles.pattern_config.v1"", ""side"": ""right"", ""theta_vonmises_kappa"": 4.751527949336859, ""wafer_radius_mm"": 150.0}",401
sample_000402,C11_Hotspot_Elliptic,,554,"{""center_angle"": ""random"", ""center_angle_rad"": 5.386357086096312, ""center_radius_ratio"": 0.5045099330244549, ""mode"": ""random"", ""n_particles"": 554, ""name"": ""wafer_particles.pattern.C11_Hotspot_Elliptic"", ""rotation_deg"": 30.0, ""rotation_rad"": 0.019370038943904728, ""schema_version"": ""wafer_particles.pattern_config.v1"", ""sigma_x_ratio"": 0.11454171713322604, ""sigma_y_ratio"": 0.019652977464788987, ""wafer_radius_mm"": 150.0}",402
sample_000403,C03_Ring,,1095,"{""n_particles"": 1095, ""name"": ""wafer_particles.pattern.C03_Ring"", ""radius_ratio"": 0.7581207432684074, ""schema_version"": ""wafer_particles.pattern_config.v1"", ""wafer_radius_mm"": 150.0, ""width_ratio"": 0.1261520324202945}",403
sample_000404,C07_StraightLine,,1462,"{""angle_deg"": 102.42291512863058, ""n_particles"": 1462, ""name"": ""wafer_particles.pattern.C07_StraightLine"", ""offset_ratio"": -0.17684933623807103, ""schema_version"": ""wafer_particles.pattern_config.v1"", ""segment_half_length_ratio"": 0.7996240277574549, ""wafer_radius_mm"": 150.0, ""width_ratio"": 0.023757590162332805}",404
sample_000405,C04_Sector_Edge,,1005,"{""angle_center_rad"": 2.2202149175163193, ""angle_width_deg"": 72.38376429621937, ""edge_width_ratio"": 0.11522225016778574, ""n_particles"": 1005, ""name"": ""wafer_particles.pattern.C04_Sector_Edge"", ""radial_beta_alpha"": 1.60590959852536, ""radial_beta_beta"": 2.3173661095204623, ""schema_version"": ""wafer_particles.pattern_config.v1"", ""side"": ""right"", ""theta_vonmises_kappa"": 3.3864936745248504, ""wafer_radius_mm"": 150.0}",405
sample_000406,C01_Uniform,,1040,"{""n_particles"": 1040, ""name"": ""wafer_particles.pattern.C01_Uniform"", ""schema_version"": ""wafer_particles.pattern_config.v1"", ""wafer_radius_mm"": 150.0}",406
sample_000407,C11_Hotspot_Elliptic,,1139,"{""center_angle"": ""random"", ""center_angle_rad"": 0.4258740486617112, ""center_radius_ratio"": 0.06740801385720024, ""mode"": ""random"", ""n_particles"": 1139, ""name"": ""wafer_particles.pattern.C11_Hotspot_Elliptic"", ""rotation_deg"": 30.0, ""rotation_rad"": 4.260061567149262, ""schema_version"": ""wafer_particles.pattern_config.v1"", ""sigma_x_ratio"": 0.11965370201506983, ""sigma_y_ratio"": 0.023864463597281692, ""wafer_radius_mm"": 150.0}",407
sample_000408,C04_Sector_Edge,,1238,"{""angle_center_rad"": 1.0523835058949078, ""angle_width_deg"": 52.5906559464682, ""edge_width_ratio"": 0.09963984363356974, ""n_particles"": 1238, ""name"": ""wafer_particles.pattern.C04_Sector_Edge"", ""radial_beta_alpha"": 3.335045394797654, ""radial_beta_beta"": 2.722843776270479, ""schema_version"": ""wafer_particles.pattern_config.v1"", ""side"": ""right"", ""theta_vonmises_kappa"": 4.478500271273551, ""wafer_radius_mm"": 150.0}",408
sample_000409,C03_Ring,,1372,"{""n_particles"": 1372, ""name"": ""wafer_particles.pattern.C03_Ring"", ""radius_ratio"": 0.8576958064027898, ""schema_version"": ""wafer_particles.pattern_config.v1"", ""wafer_radius_mm"": 150.0, ""width_ratio"": 0.14552803897761066}",409
sample_000410,C03_Ring,,936,"{""n_particles"": 936, ""name"": ""wafer_particles.pattern.C03_Ring"", ""radius_ratio"": 0.7804444049540843, ""schema_version"": ""wafer_particles.pattern_config.v1"", ""wafer_radius_mm"": 150.0, ""width_ratio"": 0.09605637944084511}",410
sample_000411,C03_Ring,,1533,"{""n_particles"": 1533, ""name"": ""wafer_particles.pattern.C03_Ring"", ""radius_ratio"": 0.8645719457216408, ""schema_version"": ""wafer_particles.pattern_config.v1"", ""wafer_radius_mm"": 150.0, ""width_ratio"": 0.15546897813300056}",411
sample_000412,C03_Ring,,930,"{""n_particles"": 930, ""name"": ""wafer_particles.pattern.C03_Ring"", ""radius_ratio"": 0.4044161692473027, ""schema_version"": ""wafer_particles.pattern_config.v1"", ""wafer_radius_mm"": 150.0, ""width_ratio"": 0.1613107332038455}",412
sample_000413,C07_StraightLine,,1123,"{""angle_deg"": 174.36096962250755, ""n_particles"": 1123, ""name"": ""wafer_particles.pattern.C07_StraightLine"", ""offset_ratio"": 0.2702723355952336, ""schema_version"": ""wafer_particles.pattern_config.v1"", ""segment_half_length_ratio"": 0.8933345352894431, ""wafer_radius_mm"": 150.0, ""width_ratio"": 0.009251499781830926}",413
sample_000414,edge_sector_right,sector,1054,"{""angle_width_deg"": 40.0, ""edge_width_ratio"": 0.1, ""n_particles"": 1054, ""name"": ""wafer_particles.pattern.edge_sector"", ""schema_version"": ""wafer_particles.pattern_config.v1"", ""side"": ""right"", ""wafer_radius_mm"": 150.0}",414
sample_000415,radial_lines,line,742,"{""angular_jitter_deg"": 2.0, ""n_lines"": 6, ""n_particles"": 742, ""name"": ""wafer_particles.pattern.radial_lines"", ""r_max_ratio"": 1.0, ""r_min_ratio"": 0.0, ""schema_version"": ""wafer_particles.pattern_config.v1"", ""wafer_radius_mm"": 150.0}",415
sample_000416,C04_Sector_Edge,,1270,"{""angle_center_rad"": 2.293525293128889, ""angle_width_deg"": 32.91563122249275, ""edge_width_ratio"": 0.26154416244102746, ""n_particles"": 1270, ""name"": ""wafer_particles.pattern.C04_Sector_Edge"", ""radial_beta_alpha"": 1.2349220534514314, ""radial_beta_beta"": 2.3128960263413827, ""schema_version"": ""wafer_particles.pattern_config.v1"", ""side"": ""right"", ""theta_vonmises_kappa"": 8.017018072111458, ""wafer_radius_mm"": 150.0}",416
sample_000417,C01_Uniform,,1304,"{""n_particles"": 1304, ""name"": ""wafer_particles.pattern.C01_Uniform"", ""schema_version"": ""wafer_particles.pattern_config.v1"", ""wafer_radius_mm"": 150.0}",417
sample_000418,C11_Hotspot_Elliptic,,1453,"{""center_angle"": ""random"", ""center_angle_rad"": 3.897932621895038, ""center_radius_ratio"": 0.2584923548088788, ""mode"": ""random"", ""n_particles"": 1453, ""name"": ""wafer_particles.pattern.C11_Hotspot_Elliptic"", ""rotation_deg"": 30.0, ""rotation_rad"": 0.4693565371010411, ""schema_version"": ""wafer_particles.pattern_config.v1"", ""sigma_x_ratio"": 0.05082740195818843, ""sigma_y_ratio"": 0.011141373546999286, ""wafer_radius_mm"": 150.0}",418
sample_000419,C03_Ring,,799,"{""n_particles"": 799, ""name"": ""wafer_particles.pattern.C03_Ring"", ""radius_ratio"": 0.6347228758499304, ""schema_version"": ""wafer_particles.pattern_config.v1"", ""wafer_radius_mm"": 150.0, ""width_ratio"": 0.04910616897900672}",419
sample_000420,C03_Ring,,798,"{""n_particles"": 798, ""name"": ""wafer_particles.pattern.C03_Ring"", ""radius_ratio"": 0.721256325632508, ""schema_version"": ""wafer_particles.pattern_config.v1"", ""wafer_radius_mm"": 150.0, ""width_ratio"": 0.06359893456728566}",420
sample_000421,C11_Hotspot_Elliptic,,1315,"{""center_angle"": ""random"", ""center_angle_rad"": 5.449654454297288, ""center_radius_ratio"": 0.3074204026845543, ""mode"": ""random"", ""n_particles"": 1315, ""name"": ""wafer_particles.pattern.C11_Hotspot_Elliptic"", ""rotation_deg"": 30.0, ""rotation_rad"": 2.4133262977205705, ""schema_version"": ""wafer_particles.pattern_config.v1"", ""sigma_x_ratio"": 0.046237669937631405, ""sigma_y_ratio"": 0.026800880082552152, ""wafer_radius_mm"": 150.0}",421
sample_000422,C11_Hotspot_Elliptic,,1420,"{""center_angle"": ""random"", ""center_angle_rad"": 3.7983901922950847, ""center_radius_ratio"": 0.4021206268469788, ""mode"": ""random"", ""n_particles"": 1420, ""name"": ""wafer_particles.pattern.C11_Hotspot_Elliptic"", ""rotation_deg"": 30.0, ""rotation_rad"": 6.048502847301274, ""schema_version"": ""wafer_particles.pattern_config.v1"", ""sigma_x_ratio"": 0.08133787484999257, ""sigma_y_ratio"": 0.03112933864688905, ""wafer_radius_mm"": 150.0}",422
sample_000423,C01_Uniform,,783,"{""n_particles"": 783, ""name"": ""wafer_particles.pattern.C01_Uniform"", ""schema_version"": ""wafer_particles.pattern_config.v1"", ""wafer_radius_mm"": 150.0}",423
sample_000424,C04_Sector_Edge,,592,"{""angle_center_rad"": 1.6978648369634, ""angle_width_deg"": 54.92580742465091, ""edge_width_ratio"": 0.09810343623786182, ""n_particles"": 592, ""name"": ""wafer_particles.pattern.C04_Sector_Edge"", ""radial_beta_alpha"": 3.362485064554728, ""radial_beta_beta"": 2.246942891998928, ""schema_version"": ""wafer_particles.pattern_config.v1"", ""side"": ""right"", ""theta_vonmises_kappa"": 8.799868846052824, ""wafer_radius_mm"": 150.0}",424
sample_000425,C03_Ring,,1189,"{""n_particles"": 1189, ""name"": ""wafer_particles.pattern.C03_Ring"", ""radius_ratio"": 0.7042707026983276, ""schema_version"": ""wafer_particles.pattern_config.v1"", ""wafer_radius_mm"": 150.0, ""width_ratio"": 0.041810794869048776}",425
sample_000426,scratch_horizontal,line,1026,"{""angle_category"": ""horizontal"", ""length_ratio"": 1.0, ""n_particles"": 1026, ""name"": ""wafer_particles.pattern.scratch"", ""offset_ratio"": 0.0, ""schema_version"": ""wafer_particles.pattern_config.v1"", ""wafer_radius_mm"": 150.0, ""width_ratio"": 0.01}",426
sample_000427,C04_Sector_Edge,,789,"{""angle_center_rad"": 3.888602348271787, ""angle_width_deg"": 47.16403599720276, ""edge_width_ratio"": 0.18649078111382072, ""n_particles"": 789, ""name"": ""wafer_particles.pattern.C04_Sector_Edge"", ""radial_beta_alpha"": 3.7650031610963195, ""radial_beta_beta"": 2.0165602315116886, ""schema_version"": ""wafer_particles.pattern_config.v1"", ""side"": ""right"", ""theta_vonmises_kappa"": 6.2090152283970035, ""wafer_radius_mm"": 150.0}",427
sample_000428,C01_Uniform,,588,"{""n_particles"": 588, ""name"": ""wafer_particles.pattern.C01_Uniform"", ""schema_version"": ""wafer_particles.pattern_config.v1"", ""wafer_radius_mm"": 150.0}",428
sample_000429,C04_Sector_Edge,,576,"{""angle_center_rad"": 2.5858550722004487, ""angle_width_deg"": 23.504702567728465, ""edge_width_ratio"": 0.0902836544746911, ""n_particles"": 576, ""name"": ""wafer_particles.pattern.C04_Sector_Edge"", ""radial_beta_alpha"": 2.5983465050287773, ""radial_beta_beta"": 2.2543986408863734, ""schema_version"": ""wafer_particles.pattern_config.v1"", ""side"": ""right"", ""theta_vonmises_kappa"": 0.6830156325492435, ""wafer_radius_mm"": 150.0}",429
sample_000430,C11_Hotspot_Elliptic,,1326,"{""center_angle"": ""random"", ""center_angle_rad"": 4.167005683236308, ""center_radius_ratio"": 0.10351684603810607, ""mode"": ""random"", ""n_particles"": 1326, ""name"": ""wafer_particles.pattern.C11_Hotspot_Elliptic"", ""rotation_deg"": 30.0, ""rotation_rad"": 3.200564080216452, ""schema_version"": ""wafer_particles.pattern_config.v1"", ""sigma_x_ratio"": 0.04051023633960982, ""sigma_y_ratio"": 0.02846553605487935, ""wafer_radius_mm"": 150.0}",430
sample_000431,C01_Uniform,,525,"{""n_particles"": 525, ""name"": ""wafer_particles.pattern.C01_Uniform"", ""schema_version"": ""wafer_particles.pattern_config.v1"", ""wafer_radius_mm"": 150.0}",431
sample_000432,edge_sector_left,sector,1138,"{""angle_width_deg"": 40.0, ""edge_width_ratio"": 0.1, ""n_particles"": 1138, ""name"": ""wafer_particles.pattern.edge_sector"", ""schema_version"": ""wafer_particles.pattern_config.v1"", ""side"": ""left"", ""wafer_radius_mm"": 150.0}",432
sample_000433,C03_Ring,,1176,"{""n_particles"": 1176, ""name"": ""wafer_particles.pattern.C03_Ring"", ""radius_ratio"": 0.8137942340795685, ""schema_version"": ""wafer_particles.pattern_config.v1"", ""wafer_radius_mm"": 150.0, ""width_ratio"": 0.12391901596955293}",433
sample_000434,C07_StraightLine,,1219,"{""angle_deg"": 149.7959211242405, ""n_particles"": 1219, ""name"": ""wafer_particles.pattern.C07_StraightLine"", ""offset_ratio"": -0.10139243521688149, ""schema_version"": ""wafer_particles.pattern_config.v1"", ""segment_half_length_ratio"": 0.6798884018175348, ""wafer_radius_mm"": 150.0, ""width_ratio"": 0.042938299137528016}",434
sample_000435,C11_Hotspot_Elliptic,,650,"{""center_angle"": ""random"", ""center_angle_rad"": 2.0424597841546204, ""center_radius_ratio"": 0.45397851141495515, ""mode"": ""random"", ""n_particles"": 650, ""name"": ""wafer_particles.pattern.C11_Hotspot_Elliptic"", ""rotation_deg"": 30.0, ""rotation_rad"": 0.5487187731032103, ""schema_version"": ""wafer_particles.pattern_config.v1"", ""sigma_x_ratio"": 0.0779764870766391, ""sigma_y_ratio"": 0.07295547651238882, ""wafer_radius_mm"": 150.0}",435
sample_000436,C01_Uniform,,599,"{""n_particles"": 599, ""name"": ""wafer_particles.pattern.C01_Uniform"", ""schema_version"": ""wafer_particles.pattern_config.v1"", ""wafer_radius_mm"": 150.0}",436
sample_000437,C11_Hotspot_Elliptic,,1262,"{""center_angle"": ""random"", ""center_angle_rad"": 2.0605141136547562, ""center_radius_ratio"": 0.863189771022544, ""mode"": ""random"", ""n_particles"": 1262, ""name"": ""wafer_particles.pattern.C11_Hotspot_Elliptic"", ""rotation_deg"": 30.0, ""rotation_rad"": 4.367846882730868, ""schema_version"": ""wafer_particles.pattern_config.v1"", ""sigma_x_ratio"": 0.06353723894321586, ""sigma_y_ratio"": 0.06207514351863318, ""wafer_radius_mm"": 150.0}",437
sample_000438,C01_Uniform,,1225,"{""n_particles"": 1225, ""name"": ""wafer_particles.pattern.C01_Uniform"", ""schema_version"": ""wafer_particles.pattern_config.v1"", ""wafer_radius_mm"": 150.0}",438
sample_000439,C03_Ring,,731,"{""n_particles"": 731, ""name"": ""wafer_particles.pattern.C03_Ring"", ""radius_ratio"": 0.7207649231228681, ""schema_version"": ""wafer_particles.pattern_config.v1"", ""wafer_radius_mm"": 150.0, ""width_ratio"": 0.09791909504780814}",439
sample_000440,C01_Uniform,,694,"{""n_particles"": 694, ""name"": ""wafer_particles.pattern.C01_Uniform"", ""schema_version"": ""wafer_particles.pattern_config.v1"", ""wafer_radius_mm"": 150.0}",440
sample_000441,C01_Uniform,,694,"{""n_particles"": 694, ""name"": ""wafer_particles.pattern.C01_Uniform"", ""schema_version"": ""wafer_particles.pattern_config.v1"", ""wafer_radius_mm"": 150.0}",441
sample_000442,C04_Sector_Edge,,992,"{""angle_center_rad"": 4.105672791546049, ""angle_width_deg"": 58.92944269508482, ""edge_width_ratio"": 0.25144930959877054, ""n_particles"": 992, ""name"": ""wafer_particles.pattern.C04_Sector_Edge"", ""radial_beta_alpha"": 2.174579276297275, ""radial_beta_beta"": 1.8796015308354677, ""schema_version"": ""wafer_particles.pattern_config.v1"", ""side"": ""right"", ""theta_vonmises_kappa"": 1.247448685013492, ""wafer_radius_mm"": 150.0}",442
sample_000443,C11_Hotspot_Elliptic,,603,"{""center_angle"": ""random"", ""center_angle_rad"": 0.672753083040453, ""center_radius_ratio"": 0.2596826059056361, ""mode"": ""random"", ""n_particles"": 603, ""name"": ""wafer_particles.pattern.C11_Hotspot_Elliptic"", ""rotation_deg"": 30.0, ""rotation_rad"": 1.4158610988288787, ""schema_version"": ""wafer_particles.pattern_config.v1"", ""sigma_x_ratio"": 0.11040931803043981, ""sigma_y_ratio"": 0.04510372437484281, ""wafer_radius_mm"": 150.0}",443
sample_000444,C11_Hotspot_Elliptic,,1075,"{""center_angle"": ""random"", ""center_angle_rad"": 5.298066301608309, ""center_radius_ratio"": 0.18162627009303567, ""mode"": ""random"", ""n_particles"": 1075, ""name"": ""wafer_particles.pattern.C11_Hotspot_Elliptic"", ""rotation_deg"": 30.0, ""rotation_rad"": 0.20124597406683217, ""schema_version"": ""wafer_particles.pattern_config.v1"", ""sigma_x_ratio"": 0.03661607838726847, ""sigma_y_ratio"": 0.056754841952992255, ""wafer_radius_mm"": 150.0}",444
sample_000445,C01_Uniform,,567,"{""n_particles"": 567, ""name"": ""wafer_particles.pattern.C01_Uniform"", ""schema_version"": ""wafer_particles.pattern_config.v1"", ""wafer_radius_mm"": 150.0}",445
sample_000446,C11_Hotspot_Elliptic,,647,"{""center_angle"": ""random"", ""center_angle_rad"": 5.066391575897469, ""center_radius_ratio"": 0.41121637602097527, ""mode"": ""random"", ""n_particles"": 647, ""name"": ""wafer_particles.pattern.C11_Hotspot_Elliptic"", ""rotation_deg"": 30.0, ""rotation_rad"": 3.583344270739923, ""schema_version"": ""wafer_particles.pattern_config.v1"", ""sigma_x_ratio"": 0.11271429354794096, ""sigma_y_ratio"": 0.028958105011458533, ""wafer_radius_mm"": 150.0}",446
sample_000447,C11_Hotspot_Elliptic,,908,"{""center_angle"": ""random"", ""center_angle_rad"": 1.6338013929281159, ""center_radius_ratio"": 0.10282154335984806, ""mode"": ""random"", ""n_particles"": 908, ""name"": ""wafer_particles.pattern.C11_Hotspot_Elliptic"", ""rotation_deg"": 30.0, ""rotation_rad"": 0.8917447934337043, ""schema_version"": ""wafer_particles.pattern_config.v1"", ""sigma_x_ratio"": 0.1044041463115119, ""sigma_y_ratio"": 0.016973949050172712, ""wafer_radius_mm"": 150.0}",447
sample_000448,C01_Uniform,,1206,"{""n_particles"": 1206, ""name"": ""wafer_particles.pattern.C01_Uniform"", ""schema_version"": ""wafer_particles.pattern_config.v1"", ""wafer_radius_mm"": 150.0}",448
sample_000449,C04_Sector_Edge,,1241,"{""angle_center_rad"": 4.447512044948288, ""angle_width_deg"": 34.95974062000077, ""edge_width_ratio"": 0.10058085080671288, ""n_particles"": 1241, ""name"": ""wafer_particles.pattern.C04_Sector_Edge"", ""radial_beta_alpha"": 2.641219388030308, ""radial_beta_beta"": 2.384784368372772, ""schema_version"": ""wafer_particles.pattern_config.v1"", ""side"": ""right"", ""theta_vonmises_kappa"": 6.220315474148495, ""wafer_radius_mm"": 150.0}",449
sample_000450,C11_Hotspot_Elliptic,,1412,"{""center_angle"": ""random"", ""center_angle_rad"": 0.0476392416627594, ""center_radius_ratio"": 0.6704135903599465, ""mode"": ""random"", ""n_particles"": 1412, ""name"": ""wafer_particles.pattern.C11_Hotspot_Elliptic"", ""rotation_deg"": 30.0, ""rotation_rad"": 2.7676642228141817, ""schema_version"": ""wafer_particles.pattern_config.v1"", ""sigma_x_ratio"": 0.06307862527336702, ""sigma_y_ratio"": 0.06463342128511441, ""wafer_radius_mm"": 150.0}",450
sample_000451,C03_Ring,,799,"{""n_particles"": 799, ""name"": ""wafer_particles.pattern.C03_Ring"", ""radius_ratio"": 0.6975745732803491, ""schema_version"": ""wafer_particles.pattern_config.v1"", ""wafer_radius_mm"": 150.0, ""width_ratio"": 0.0817829018491592}",451
sample_000452,C07_StraightLine,,1072,"{""angle_deg"": 76.88869160970178, ""n_particles"": 1072, ""name"": ""wafer_particles.pattern.C07_StraightLine"", ""offset_ratio"": 0.07849350238835917, ""schema_version"": ""wafer_particles.pattern_config.v1"", ""segment_half_length_ratio"": 0.4733787344930211, ""wafer_radius_mm"": 150.0, ""width_ratio"": 0.027259880849969123}",452
sample_000453,C07_StraightLine,,1480,"{""angle_deg"": 115.45213074310675, ""n_particles"": 1480, ""name"": ""wafer_particles.pattern.C07_StraightLine"", ""offset_ratio"": -0.20568253766129424, ""schema_version"": ""wafer_particles.pattern_config.v1"", ""segment_half_length_ratio"": 0.847344959931259, ""wafer_radius_mm"": 150.0, ""width_ratio"": 0.005974394795301102}",453
sample_000454,C04_Sector_Edge,,795,"{""angle_center_rad"": 2.7806227676223, ""angle_width_deg"": 21.707746939306112, ""edge_width_ratio"": 0.17757002834861269, ""n_particles"": 795, ""name"": ""wafer_particles.pattern.C04_Sector_Edge"", ""radial_beta_alpha"": 1.9796395125195354, ""radial_beta_beta"": 1.2032767747807336, ""schema_version"": ""wafer_particles.pattern_config.v1"", ""side"": ""right"", ""theta_vonmises_kappa"": 4.229629482382378, ""wafer_radius_mm"": 150.0}",454
sample_000455,C01_Uniform,,1217,"{""n_particles"": 1217, ""name"": ""wafer_particles.pattern.C01_Uniform"", ""schema_version"": ""wafer_particles.pattern_config.v1"", ""wafer_radius_mm"": 150.0}",455
sample_000456,C07_StraightLine,,695,"{""angle_deg"": 51.04378938475143, ""n_particles"": 695, ""name"": ""wafer_particles.pattern.C07_StraightLine"", ""offset_ratio"": -0.011524480492833056, ""schema_version"": ""wafer_particles.pattern_config.v1"", ""segment_half_length_ratio"": 0.6836741564252489, ""wafer_radius_mm"": 150.0, ""width_ratio"": 0.046258140669387555}",456
sample_000457,C01_Uniform,,1160,"{""n_particles"": 1160, ""name"": ""wafer_particles.pattern.C01_Uniform"", ""schema_version"": ""wafer_particles.pattern_config.v1"", ""wafer_radius_mm"": 150.0}",457
sample_000458,C11_Hotspot_Elliptic,,527,"{""center_angle"": ""random"", ""center_angle_rad"": 3.7687970181452553, ""center_radius_ratio"": 0.09685292093627725, ""mode"": ""random"", ""n_particles"": 527, ""name"": ""wafer_particles.pattern.C11_Hotspot_Elliptic"", ""rotation_deg"": 30.0, ""rotation_rad"": 4.184114828098879, ""schema_version"": ""wafer_particles.pattern_config.v1"", ""sigma_x_ratio"": 0.03526187518294556, ""sigma_y_ratio"": 0.04113596344503625, ""wafer_radius_mm"": 150.0}",458
sample_000459,C04_Sector_Edge,,1030,"{""angle_center_rad"": 1.646140180073954, ""angle_width_deg"": 55.54791584607459, ""edge_width_ratio"": 0.18373184523860903, ""n_particles"": 1030, ""name"": ""wafer_particles.pattern.C04_Sector_Edge"", ""radial_beta_alpha"": 1.513273648976921, ""radial_beta_beta"": 2.990898731614532, ""schema_version"": ""wafer_particles.pattern_config.v1"", ""side"": ""right"", ""theta_vonmises_kappa"": 6.740779923288431, ""wafer_radius_mm"": 150.0}",459
sample_000460,C01_Uniform,,1141,"{""n_particles"": 1141, ""name"": ""wafer_particles.pattern.C01_Uniform"", ""schema_version"": ""wafer_particles.pattern_config.v1"", ""wafer_radius_mm"": 150.0}",460
sample_000461,C03_Ring,,1496,"{""n_particles"": 1496, ""name"": ""wafer_particles.pattern.C03_Ring"", ""radius_ratio"": 0.6202071215367929, ""schema_version"": ""wafer_particles.pattern_config.v1"", ""wafer_radius_mm"": 150.0, ""width_ratio"": 0.12443016399597315}",461
sample_000462,C03_Ring,,1300,"{""n_particles"": 1300, ""name"": ""wafer_particles.pattern.C03_Ring"", ""radius_ratio"": 0.5460926212457211, ""schema_version"": ""wafer_particles.pattern_config.v1"", ""wafer_radius_mm"": 150.0, ""width_ratio"": 0.07649137238518677}",462
sample_000463,C07_StraightLine,,994,"{""angle_deg"": 178.66127144601168, ""n_particles"": 994, ""name"": ""wafer_particles.pattern.C07_StraightLine"", ""offset_ratio"": -0.286388078159033, ""schema_version"": ""wafer_particles.pattern_config.v1"", ""segment_half_length_ratio"": 0.4172953623905205, ""wafer_radius_mm"": 150.0, ""width_ratio"": 0.022602469185289336}",463
sample_000464,C03_Ring,,1442,"{""n_particles"": 1442, ""name"": ""wafer_particles.pattern.C03_Ring"", ""radius_ratio"": 0.6106326792504013, ""schema_version"": ""wafer_particles.pattern_config.v1"", ""wafer_radius_mm"": 150.0, ""width_ratio"": 0.08019550389944725}",464
sample_000465,C11_Hotspot_Elliptic,,1329,"{""center_angle"": ""random"", ""center_angle_rad"": 1.2160655992632599, ""center_radius_ratio"": 0.5034248799913833, ""mode"": ""random"", ""n_particles"": 1329, ""name"": ""wafer_particles.pattern.C11_Hotspot_Elliptic"", ""rotation_deg"": 30.0, ""rotation_rad"": 6.10731287981261, ""schema_version"": ""wafer_particles.pattern_config.v1"", ""sigma_x_ratio"": 0.07748194229520294, ""sigma_y_ratio"": 0.04593344746888975, ""wafer_radius_mm"": 150.0}",465
sample_000466,C07_StraightLine,,1053,"{""angle_deg"": 34.44713664673997, ""n_particles"": 1053, ""name"": ""wafer_particles.pattern.C07_StraightLine"", ""offset_ratio"": -0.2306156031794536, ""schema_version"": ""wafer_particles.pattern_config.v1"", ""segment_half_length_ratio"": 0.7306894937580821, ""wafer_radius_mm"": 150.0, ""width_ratio"": 0.03366792093904576}",466
sample_000467,C07_StraightLine,,594,"{""angle_deg"": 130.10874245900777, ""n_particles"": 594, ""name"": ""wafer_particles.pattern.C07_StraightLine"", ""offset_ratio"": 0.2717062474397584, ""schema_version"": ""wafer_particles.pattern_config.v1"", ""segment_half_length_ratio"": 0.5321309032326165, ""wafer_radius_mm"": 150.0, ""width_ratio"": 0.03720202727834327}",467
sample_000468,C03_Ring,,1282,"{""n_particles"": 1282, ""name"": ""wafer_particles.pattern.C03_Ring"", ""radius_ratio"": 0.6305178775201328, ""schema_version"": ""wafer_particles.pattern_config.v1"", ""wafer_radius_mm"": 150.0, ""width_ratio"": 0.19307353673653718}",468
sample_000469,C11_Hotspot_Elliptic,,1170,"{""center_angle"": ""random"", ""center_angle_rad"": 1.1623386247380145, ""center_radius_ratio"": 0.14187144487936182, ""mode"": ""random"", ""n_particles"": 1170, ""name"": ""wafer_particles.pattern.C11_Hotspot_Elliptic"", ""rotation_deg"": 30.0, ""rotation_rad"": 3.135449919343252, ""schema_version"": ""wafer_particles.pattern_config.v1"", ""sigma_x_ratio"": 0.09353804820572137, ""sigma_y_ratio"": 0.03261863347046814, ""wafer_radius_mm"": 150.0}",469
sample_000470,C03_Ring,,1396,"{""n_particles"": 1396, ""name"": ""wafer_particles.pattern.C03_Ring"", ""radius_ratio"": 0.8539074307291109, ""schema_version"": ""wafer_particles.pattern_config.v1"", ""wafer_radius_mm"": 150.0, ""width_ratio"": 0.06274982211300412}",470
sample_000471,C01_Uniform,,974,"{""n_particles"": 974, ""name"": ""wafer_particles.pattern.C01_Uniform"", ""schema_version"": ""wafer_particles.pattern_config.v1"", ""wafer_radius_mm"": 150.0}",471
sample_000472,C04_Sector_Edge,,1393,"{""angle_center_rad"": 2.438059023828859, ""angle_width_deg"": 34.14480571215425, ""edge_width_ratio"": 0.2246939383095689, ""n_particles"": 1393, ""name"": ""wafer_particles.pattern.C04_Sector_Edge"", ""radial_beta_alpha"": 3.3433149006112197, ""radial_beta_beta"": 2.6482088104454258, ""schema_version"": ""wafer_particles.pattern_config.v1"", ""side"": ""right"", ""theta_vonmises_kappa"": 4.581599405977922, ""wafer_radius_mm"": 150.0}",472
sample_000473,C04_Sector_Edge,,1401,"{""angle_center_rad"": 0.7045105948982782, ""angle_width_deg"": 47.61807667117979, ""edge_width_ratio"": 0.074711957928649, ""n_particles"": 1401, ""name"": ""wafer_particles.pattern.C04_Sector_Edge"", ""radial_beta_alpha"": 2.832951701546305, ""radial_beta_beta"": 3.310887569258698, ""schema_version"": ""wafer_particles.pattern_config.v1"", ""side"": ""right"", ""theta_vonmises_kappa"": 8.987132143106765, ""wafer_radius_mm"": 150.0}",473
sample_000474,C04_Sector_Edge,,1049,"{""angle_center_rad"": 1.5314148401708305, ""angle_width_deg"": 33.596393917701874, ""edge_width_ratio"": 0.23470592169358767, ""n_particles"": 1049, ""name"": ""wafer_particles.pattern.C04_Sector_Edge"", ""radial_beta_alpha"": 3.163078176904984, ""radial_beta_beta"": 3.4743945209495735, ""schema_version"": ""wafer_particles.pattern_config.v1"", ""side"": ""right"", ""theta_vonmises_kappa"": 9.233967089843786, ""wafer_radius_mm"": 150.0}",474
sample_000475,C07_StraightLine,,1088,"{""angle_deg"": 137.83565125836947, ""n_particles"": 1088, ""name"": ""wafer_particles.pattern.C07_StraightLine"", ""offset_ratio"": 0.28677501311663695, ""schema_version"": ""wafer_particles.pattern_config.v1"", ""segment_half_length_ratio"": 0.8115484594242555, ""wafer_radius_mm"": 150.0, ""width_ratio"": 0.016409345028828022}",475
sample_000476,C04_Sector_Edge,,793,"{""angle_center_rad"": 3.1524926286840884, ""angle_width_deg"": 23.134855819043892, ""edge_width_ratio"": 0.25537212738077364, ""n_particles"": 793, ""name"": ""wafer_particles.pattern.C04_Sector_Edge"", ""radial_beta_alpha"": 2.495308200714196, ""radial_beta_beta"": 3.46133354929958, ""schema_version"": ""wafer_particles.pattern_config.v1"", ""side"": ""right"", ""theta_vonmises_kappa"": 5.5942081134818675, ""wafer_radius_mm"": 150.0}",476
sample_000477,C07_StraightLine,,785,"{""angle_deg"": 10.736844673353831, ""n_particles"": 785, ""name"": ""wafer_particles.pattern.C07_StraightLine"", ""offset_ratio"": 0.26477311545119236, ""schema_version"": ""wafer_particles.pattern_config.v1"", ""segment_half_length_ratio"": 0.8474834205358186, ""wafer_radius_mm"": 150.0, ""width_ratio"": 0.008851798732797038}",477
sample_000478,C03_Ring,,1396,"{""n_particles"": 1396, ""name"": ""wafer_particles.pattern.C03_Ring"", ""radius_ratio"": 0.5672058011279335, ""schema_version"": ""wafer_particles.pattern_config.v1"", ""wafer_radius_mm"": 150.0, ""width_ratio"": 0.14225073789636938}",478
sample_000479,ring_narrow,ring,574,"{""n_particles"": 574, ""name"": ""wafer_particles.pattern.ring_narrow"", ""radius_ratio"": 0.7, ""schema_version"": ""wafer_particles.pattern_config.v1"", ""wafer_radius_mm"": 150.0, ""width_ratio"": 0.03}",479
sample_000480,edge_sector_right,sector,1521,"{""angle_width_deg"": 40.0, ""edge_width_ratio"": 0.1, ""n_particles"": 1521, ""name"": ""wafer_particles.pattern.edge_sector"", ""schema_version"": ""wafer_particles.pattern_config.v1"", ""side"": ""right"", ""wafer_radius_mm"": 150.0}",480
sample_000481,ring_wide,ring,529,"{""n_particles"": 529, ""name"": ""wafer_particles.pattern.ring_wide"", ""radius_ratio"": 0.6, ""schema_version"": ""wafer_particles.pattern_config.v1"", ""wafer_radius_mm"": 150.0, ""width_ratio"": 0.15}",481
sample_000482,C07_StraightLine,,1402,"{""angle_deg"": 99.21888235200142, ""n_particles"": 1402, ""name"": ""wafer_particles.pattern.C07_StraightLine"", ""offset_ratio"": -0.08622899187203772, ""schema_version"": ""wafer_particles.pattern_config.v1"", ""segment_half_length_ratio"": 0.3161826637090791, ""wafer_radius_mm"": 150.0, ""width_ratio"": 0.016597463338750423}",482
sample_000483,ring_wide,ring,1345,"{""n_particles"": 1345, ""name"": ""wafer_particles.pattern.ring_wide"", ""radius_ratio"": 0.6, ""schema_version"": ""wafer_particles.pattern_config.v1"", ""wafer_radius_mm"": 150.0, ""width_ratio"": 0.15}",483
sample_000484,C11_Hotspot_Elliptic,,1233,"{""center_angle"": ""random"", ""center_angle_rad"": 0.1377729952499571, ""center_radius_ratio"": 0.7542351067997308, ""mode"": ""random"", ""n_particles"": 1233, ""name"": ""wafer_particles.pattern.C11_Hotspot_Elliptic"", ""rotation_deg"": 30.0, ""rotation_rad"": 2.5332326659572644, ""schema_version"": ""wafer_particles.pattern_config.v1"", ""sigma_x_ratio"": 0.08644836574059284, ""sigma_y_ratio"": 0.026934509549827026, ""wafer_radius_mm"": 150.0}",484
sample_000485,C07_StraightLine,,1254,"{""angle_deg"": 89.89309909389976, ""n_particles"": 1254, ""name"": ""wafer_particles.pattern.C07_StraightLine"", ""offset_ratio"": -0.23444952985881004, ""schema_version"": ""wafer_particles.pattern_config.v1"", ""segment_half_length_ratio"": 0.4197042506856775, ""wafer_radius_mm"": 150.0, ""width_ratio"": 0.011140205739376793}",485
sample_000486,C07_StraightLine,,1023,"{""angle_deg"": 73.24470659134946, ""n_particles"": 1023, ""name"": ""wafer_particles.pattern.C07_StraightLine"", ""offset_ratio"": -0.15773559832565368, ""schema_version"": ""wafer_particles.pattern_config.v1"", ""segment_half_length_ratio"": 0.31052219290741667, ""wafer_radius_mm"": 150.0, ""width_ratio"": 0.041189640017740295}",486
sample_000487,C07_StraightLine,,775,"{""angle_deg"": 55.25373458807747, ""n_particles"": 775, ""name"": ""wafer_particles.pattern.C07_StraightLine"", ""offset_ratio"": 0.08848333556962218, ""schema_version"": ""wafer_particles.pattern_config.v1"", ""segment_half_length_ratio"": 0.6175906104433002, ""wafer_radius_mm"": 150.0, ""width_ratio"": 0.00786344986159274}",487
sample_000488,C04_Sector_Edge,,1424,"{""angle_center_rad"": 3.960822233157997, ""angle_width_deg"": 41.69819354197696, ""edge_width_ratio"": 0.09833556890961363, ""n_particles"": 1424, ""name"": ""wafer_particles.pattern.C04_Sector_Edge"", ""radial_beta_alpha"": 1.9426615036263497, ""radial_beta_beta"": 3.392956061067239, ""schema_version"": ""wafer_particles.pattern_config.v1"", ""side"": ""right"", ""theta_vonmises_kappa"": 5.542527318915103, ""wafer_radius_mm"": 150.0}",488
sample_000489,C01_Uniform,,606,"{""n_particles"": 606, ""name"": ""wafer_particles.pattern.C01_Uniform"", ""schema_version"": ""wafer_particles.pattern_config.v1"", ""wafer_radius_mm"": 150.0}",489
sample_000490,C07_StraightLine,,709,"{""angle_deg"": 124.87825175293251, ""n_particles"": 709, ""name"": ""wafer_particles.pattern.C07_StraightLine"", ""offset_ratio"": 0.23750745249944877, ""schema_version"": ""wafer_particles.pattern_config.v1"", ""segment_half_length_ratio"": 0.38955992544466395, ""wafer_radius_mm"": 150.0, ""width_ratio"": 0.013245158160772166}",490
sample_000491,C07_StraightLine,,1253,"{""angle_deg"": 65.92235979699107, ""n_particles"": 1253, ""name"": ""wafer_particles.pattern.C07_StraightLine"", ""offset_ratio"": 0.1822069715957474, ""schema_version"": ""wafer_particles.pattern_config.v1"", ""segment_half_length_ratio"": 0.34962925720581356, ""wafer_radius_mm"": 150.0, ""width_ratio"": 0.027149781434190817}",491
sample_000492,C07_StraightLine,,1400,"{""angle_deg"": 162.92435576387868, ""n_particles"": 1400, ""name"": ""wafer_particles.pattern.C07_StraightLine"", ""offset_ratio"": -0.14036346146394765, ""schema_version"": ""wafer_particles.pattern_config.v1"", ""segment_half_length_ratio"": 0.599392556074331, ""wafer_radius_mm"": 150.0, ""width_ratio"": 0.03245963072973217}",492
sample_000493,C04_Sector_Edge,,685,"{""angle_center_rad"": 2.7027119760575995, ""angle_width_deg"": 41.753468134461805, ""edge_width_ratio"": 0.09295610671237513, ""n_particles"": 685, ""name"": ""wafer_particles.pattern.C04_Sector_Edge"", ""radial_beta_alpha"": 2.9589260249409977, ""radial_beta_beta"": 1.9866464018712768, ""schema_version"": ""wafer_particles.pattern_config.v1"", ""side"": ""right"", ""theta_vonmises_kappa"": 9.350771558876513, ""wafer_radius_mm"": 150.0}",493
sample_000494,C07_StraightLine,,1380,"{""angle_deg"": 20.297641274491006, ""n_particles"": 1380, ""name"": ""wafer_particles.pattern.C07_StraightLine"", ""offset_ratio"": -0.1251827925764668, ""schema_version"": ""wafer_particles.pattern_config.v1"", ""segment_half_length_ratio"": 0.7646517060270408, ""wafer_radius_mm"": 150.0, ""width_ratio"": 0.035728245334947964}",494
sample_000495,C11_Hotspot_Elliptic,,1521,"{""center_angle"": ""random"", ""center_angle_rad"": 5.135536599892886, ""center_radius_ratio"": 0.747551665451133, ""mode"": ""random"", ""n_particles"": 1521, ""name"": ""wafer_particles.pattern.C11_Hotspot_Elliptic"", ""rotation_deg"": 30.0, ""rotation_rad"": 1.071322034564049, ""schema_version"": ""wafer_particles.pattern_config.v1"", ""sigma_x_ratio"": 0.07882849800061045, ""sigma_y_ratio"": 0.05690304736080445, ""wafer_radius_mm"": 150.0}",495
sample_000496,C03_Ring,,752,"{""n_particles"": 752, ""name"": ""wafer_particles.pattern.C03_Ring"", ""radius_ratio"": 0.7420326932921183, ""schema_version"": ""wafer_particles.pattern_config.v1"", ""wafer_radius_mm"": 150.0, ""width_ratio"": 0.09632759788168196}",496
sample_000497,C07_StraightLine,,576,"{""angle_deg"": 166.01897623085358, ""n_particles"": 576, ""name"": ""wafer_particles.pattern.C07_StraightLine"", ""offset_ratio"": 0.09038584894087776, ""schema_version"": ""wafer_particles.pattern_config.v1"", ""segment_half_length_ratio"": 0.585690521470915, ""wafer_radius_mm"": 150.0, ""width_ratio"": 0.03039284477829771}",497
sample_000498,C03_Ring,,1227,"{""n_particles"": 1227, ""name"": ""wafer_particles.pattern.C03_Ring"", ""radius_ratio"": 0.4412241878907895, ""schema_version"": ""wafer_particles.pattern_config.v1"", ""wafer_radius_mm"": 150.0, ""width_ratio"": 0.19228568412521427}",498
sample_000499,C01_Uniform,,1226,"{""n_particles"": 1226, ""name"": ""wafer_particles.pattern.C01_Uniform"", ""schema_version"": ""wafer_particles.pattern_config.v1"", ""wafer_radius_mm"": 150.0}",499
sample_000500,C04_Sector_Edge,,678,"{""angle_center_rad"": 5.474840175340405, ""angle_width_deg"": 62.29458348930111, ""edge_width_ratio"": 0.2566851086367132, ""n_particles"": 678, ""name"": ""wafer_particles.pattern.C04_Sector_Edge"", ""radial_beta_alpha"": 1.3049487230191863, ""radial_beta_beta"": 2.7220494981785075, ""schema_version"": ""wafer_particles.pattern_config.v1"", ""side"": ""right"", ""theta_vonmises_kappa"": 9.995441291747369, ""wafer_radius_mm"": 150.0}",500
sample_000501,C11_Hotspot_Elliptic,,585,"{""center_angle"": ""random"", ""center_angle_rad"": 4.650384495622682, ""center_radius_ratio"": 0.8721475984192295, ""mode"": ""random"", ""n_particles"": 585, ""name"": ""wafer_particles.pattern.C11_Hotspot_Elliptic"", ""rotation_deg"": 30.0, ""rotation_rad"": 1.8249875902221488, ""schema_version"": ""wafer_particles.pattern_config.v1"", ""sigma_x_ratio"": 0.03009115025069508, ""sigma_y_ratio"": 0.0337519234281684, ""wafer_radius_mm"": 150.0}",501
sample_000502,C04_Sector_Edge,,838,"{""angle_center_rad"": 5.22434854895512, ""angle_width_deg"": 30.437497326635558, ""edge_width_ratio"": 0.13036288339256824, ""n_particles"": 838, ""name"": ""wafer_particles.pattern.C04_Sector_Edge"", ""radial_beta_alpha"": 3.024659575040686, ""radial_beta_beta"": 1.1966224205810876, ""schema_version"": ""wafer_particles.pattern_config.v1"", ""side"": ""right"", ""theta_vonmises_kappa"": 0.8894464996257019, ""wafer_radius_mm"": 150.0}",502
sample_000503,C07_StraightLine,,830,"{""angle_deg"": 104.25080776297665, ""n_particles"": 830, ""name"": ""wafer_particles.pattern.C07_StraightLine"", ""offset_ratio"": -0.055335460237463274, ""schema_version"": ""wafer_particles.pattern_config.v1"", ""segment_half_length_ratio"": 0.6926615817251831, ""wafer_radius_mm"": 150.0, ""width_ratio"": 0.0438123937425974}",503
sample_000504,C03_Ring,,896,"{""n_particles"": 896, ""name"": ""wafer_particles.pattern.C03_Ring"", ""radius_ratio"": 0.5249518050685327, ""schema_version"": ""wafer_particles.pattern_config.v1"", ""wafer_radius_mm"": 150.0, ""width_ratio"": 0.0592556954945961}",504
sample_000505,ring_wide,ring,700,"{""n_particles"": 700, ""name"": ""wafer_particles.pattern.ring_wide"", ""radius_ratio"": 0.6, ""schema_version"": ""wafer_particles.pattern_config.v1"", ""wafer_radius_mm"": 150.0, ""width_ratio"": 0.15}",505
sample_000506,C03_Ring,,1425,"{""n_particles"": 1425, ""name"": ""wafer_particles.pattern.C03_Ring"", ""radius_ratio"": 0.46223344327250654, ""schema_version"": ""wafer_particles.pattern_config.v1"", ""wafer_radius_mm"": 150.0, ""width_ratio"": 0.1391352583792544}",506
sample_000507,C04_Sector_Edge,,746,"{""angle_center_rad"": 3.2254270402088534, ""angle_width_deg"": 63.05908188937724, ""edge_width_ratio"": 0.07233897371481961, ""n_particles"": 746, ""name"": ""wafer_particles.pattern.C04_Sector_Edge"", ""radial_beta_alpha"": 2.4018225619872298, ""radial_beta_beta"": 3.0781852769606672, ""schema_version"": ""wafer_particles.pattern_config.v1"", ""side"": ""right"", ""theta_vonmises_kappa"": 6.77276684551586, ""wafer_radius_mm"": 150.0}",507
sample_000508,C07_StraightLine,,1374,"{""angle_deg"": 64.25045091146997, ""n_particles"": 1374, ""name"": ""wafer_particles.pattern.C07_StraightLine"", ""offset_ratio"": 0.03309770664026335, ""schema_version"": ""wafer_particles.pattern_config.v1"", ""segment_half_length_ratio"": 0.5015075898594274, ""wafer_radius_mm"": 150.0, ""width_ratio"": 0.00936165178754417}",508
sample_000509,C07_StraightLine,,1450,"{""angle_deg"": 48.6721857871042, ""n_particles"": 1450, ""name"": ""wafer_particles.pattern.C07_StraightLine"", ""offset_ratio"": 0.05025852001019976, ""schema_version"": ""wafer_particles.pattern_config.v1"", ""segment_half_length_ratio"": 0.6837263670241097, ""wafer_radius_mm"": 150.0, ""width_ratio"": 0.017596760829499278}",509
sample_000510,C04_Sector_Edge,,803,"{""angle_center_rad"": 2.391624431695576, ""angle_width_deg"": 84.48746121922761, ""edge_width_ratio"": 0.19667180398995487, ""n_particles"": 803, ""name"": ""wafer_particles.pattern.C04_Sector_Edge"", ""radial_beta_alpha"": 1.511985307121364, ""radial_beta_beta"": 2.7584924322023214, ""schema_version"": ""wafer_particles.pattern_config.v1"", ""side"": ""right"", ""theta_vonmises_kappa"": 1.7751341453540874, ""wafer_radius_mm"": 150.0}",510
sample_000511,C11_Hotspot_Elliptic,,1208,"{""center_angle"": ""random"", ""center_angle_rad"": 3.2513863320713954, ""center_radius_ratio"": 0.2288864551089463, ""mode"": ""random"", ""n_particles"": 1208, ""name"": ""wafer_particles.pattern.C11_Hotspot_Elliptic"", ""rotation_deg"": 30.0, ""rotation_rad"": 4.415010074671616, ""schema_version"": ""wafer_particles.pattern_config.v1"", ""sigma_x_ratio"": 0.03959729740851029, ""sigma_y_ratio"": 0.06495671883330682, ""wafer_radius_mm"": 150.0}",511
sample_000512,C03_Ring,,1031,"{""n_particles"": 1031, ""name"": ""wafer_particles.pattern.C03_Ring"", ""radius_ratio"": 0.45369127599164377, ""schema_version"": ""wafer_particles.pattern_config.v1"", ""wafer_radius_mm"": 150.0, ""width_ratio"": 0.08993983964406134}",512
sample_000513,C04_Sector_Edge,,545,"{""angle_center_rad"": 3.531197170473015, ""angle_width_deg"": 81.58242701522133, ""edge_width_ratio"": 0.24664451964268197, ""n_particles"": 545, ""name"": ""wafer_particles.pattern.C04_Sector_Edge"", ""radial_beta_alpha"": 3.076866667957968, ""radial_beta_beta"": 1.6705382929328696, ""schema_version"": ""wafer_particles.pattern_config.v1"", ""side"": ""right"", ""theta_vonmises_kappa"": 5.646284590641082, ""wafer_radius_mm"": 150.0}",513
sample_000514,C01_Uniform,,1463,"{""n_particles"": 1463, ""name"": ""wafer_particles.pattern.C01_Uniform"", ""schema_version"": ""wafer_particles.pattern_config.v1"", ""wafer_radius_mm"": 150.0}",514
sample_000515,C11_Hotspot_Elliptic,,545,"{""center_angle"": ""random"", ""center_angle_rad"": 0.5453660414494915, ""center_radius_ratio"": 0.1213401113631101, ""mode"": ""random"", ""n_particles"": 545, ""name"": ""wafer_particles.pattern.C11_Hotspot_Elliptic"", ""rotation_deg"": 30.0, ""rotation_rad"": 2.925109566637405, ""schema_version"": ""wafer_particles.pattern_config.v1"", ""sigma_x_ratio"": 0.07809218866529133, ""sigma_y_ratio"": 0.06286876471854216, ""wafer_radius_mm"": 150.0}",515
sample_000516,C04_Sector_Edge,,713,"{""angle_center_rad"": 0.20224980787130253, ""angle_width_deg"": 49.784224869444465, ""edge_width_ratio"": 0.11643361716833019, ""n_particles"": 713, ""name"": ""wafer_particles.pattern.C04_Sector_Edge"", ""radial_beta_alpha"": 2.3424699717988338, ""radial_beta_beta"": 2.93642617875505, ""schema_version"": ""wafer_particles.pattern_config.v1"", ""side"": ""right"", ""theta_vonmises_kappa"": 7.577773252723177, ""wafer_radius_mm"": 150.0}",516
sample_000517,C11_Hotspot_Elliptic,,1525,"{""center_angle"": ""random"", ""center_angle_rad"": 6.132713021235493, ""center_radius_ratio"": 0.8933792643311489, ""mode"": ""random"", ""n_particles"": 1525, ""name"": ""wafer_particles.pattern.C11_Hotspot_Elliptic"", ""rotation_deg"": 30.0, ""rotation_rad"": 5.528985107965618, ""schema_version"": ""wafer_particles.pattern_config.v1"", ""sigma_x_ratio"": 0.05835018179467299, ""sigma_y_ratio"": 0.021129689515602963, ""wafer_radius_mm"": 150.0}",517
sample_000518,C07_StraightLine,,1022,"{""angle_deg"": 93.4536560531881, ""n_particles"": 1022, ""name"": ""wafer_particles.pattern.C07_StraightLine"", ""offset_ratio"": 0.18385558080886988, ""schema_version"": ""wafer_particles.pattern_config.v1"", ""segment_half_length_ratio"": 0.5205351885658815, ""wafer_radius_mm"": 150.0, ""width_ratio"": 0.02351900306104318}",518
sample_000519,C01_Uniform,,860,"{""n_particles"": 860, ""name"": ""wafer_particles.pattern.C01_Uniform"", ""schema_version"": ""wafer_particles.pattern_config.v1"", ""wafer_radius_mm"": 150.0}",519
sample_000520,C07_StraightLine,,1374,"{""angle_deg"": 124.3111186180865, ""n_particles"": 1374, ""name"": ""wafer_particles.pattern.C07_StraightLine"", ""offset_ratio"": -0.21652107331422438, ""schema_version"": ""wafer_particles.pattern_config.v1"", ""segment_half_length_ratio"": 0.4068190094012092, ""wafer_radius_mm"": 150.0, ""width_ratio"": 0.03228603222717869}",520
sample_000521,C11_Hotspot_Elliptic,,1497,"{""center_angle"": ""random"", ""center_angle_rad"": 5.5713081407588705, ""center_radius_ratio"": 0.7711104267251548, ""mode"": ""random"", ""n_particles"": 1497, ""name"": ""wafer_particles.pattern.C11_Hotspot_Elliptic"", ""rotation_deg"": 30.0, ""rotation_rad"": 5.64107784767019, ""schema_version"": ""wafer_particles.pattern_config.v1"", ""sigma_x_ratio"": 0.11259971563939923, ""sigma_y_ratio"": 0.06378413479032899, ""wafer_radius_mm"": 150.0}",521
sample_000522,C04_Sector_Edge,,1111,"{""angle_center_rad"": 3.484698692319328, ""angle_width_deg"": 28.194311391651915, ""edge_width_ratio"": 0.17845181528250675, ""n_particles"": 1111, ""name"": ""wafer_particles.pattern.C04_Sector_Edge"", ""radial_beta_alpha"": 1.803727671260973, ""radial_beta_beta"": 1.6831617012109974, ""schema_version"": ""wafer_particles.pattern_config.v1"", ""side"": ""right"", ""theta_vonmises_kappa"": 1.9405443357142749, ""wafer_radius_mm"": 150.0}",522
sample_000523,C07_StraightLine,,712,"{""angle_deg"": 177.65228428316036, ""n_particles"": 712, ""name"": ""wafer_particles.pattern.C07_StraightLine"", ""offset_ratio"": -0.14466876666114872, ""schema_version"": ""wafer_particles.pattern_config.v1"", ""segment_half_length_ratio"": 0.6761115228762659, ""wafer_radius_mm"": 150.0, ""width_ratio"": 0.034960094409661656}",523
sample_000524,C03_Ring,,1294,"{""n_particles"": 1294, ""name"": ""wafer_particles.pattern.C03_Ring"", ""radius_ratio"": 0.888556593871054, ""schema_version"": ""wafer_particles.pattern_config.v1"", ""wafer_radius_mm"": 150.0, ""width_ratio"": 0.19900930018574542}",524
sample_000525,C03_Ring,,918,"{""n_particles"": 918, ""name"": ""wafer_particles.pattern.C03_Ring"", ""radius_ratio"": 0.48672300623779513, ""schema_version"": ""wafer_particles.pattern_config.v1"", ""wafer_radius_mm"": 150.0, ""width_ratio"": 0.034905705578909006}",525
sample_000526,C01_Uniform,,1135,"{""n_particles"": 1135, ""name"": ""wafer_particles.pattern.C01_Uniform"", ""schema_version"": ""wafer_particles.pattern_config.v1"", ""wafer_radius_mm"": 150.0}",526
sample_000527,C03_Ring,,966,"{""n_particles"": 966, ""name"": ""wafer_particles.pattern.C03_Ring"", ""radius_ratio"": 0.6641462060652055, ""schema_version"": ""wafer_particles.pattern_config.v1"", ""wafer_radius_mm"": 150.0, ""width_ratio"": 0.14383486570667048}",527
sample_000528,C11_Hotspot_Elliptic,,991,"{""center_angle"": ""random"", ""center_angle_rad"": 5.935532022965121, ""center_radius_ratio"": 0.8324953490473463, ""mode"": ""random"", ""n_particles"": 991, ""name"": ""wafer_particles.pattern.C11_Hotspot_Elliptic"", ""rotation_deg"": 30.0, ""rotation_rad"": 4.233918987644164, ""schema_version"": ""wafer_particles.pattern_config.v1"", ""sigma_x_ratio"": 0.10879077621639549, ""sigma_y_ratio"": 0.03602453531947833, ""wafer_radius_mm"": 150.0}",528
sample_000529,edge_sector_right,sector,571,"{""angle_width_deg"": 40.0, ""edge_width_ratio"": 0.1, ""n_particles"": 571, ""name"": ""wafer_particles.pattern.edge_sector"", ""schema_version"": ""wafer_particles.pattern_config.v1"", ""side"": ""right"", ""wafer_radius_mm"": 150.0}",529
sample_000530,C07_StraightLine,,1063,"{""angle_deg"": 8.935309855359053, ""n_particles"": 1063, ""name"": ""wafer_particles.pattern.C07_StraightLine"", ""offset_ratio"": -0.29918769147398405, ""schema_version"": ""wafer_particles.pattern_config.v1"", ""segment_half_length_ratio"": 0.6961231083679522, ""wafer_radius_mm"": 150.0, ""width_ratio"": 0.02421530598820106}",530
sample_000531,C03_Ring,,1504,"{""n_particles"": 1504, ""name"": ""wafer_particles.pattern.C03_Ring"", ""radius_ratio"": 0.7338053686888282, ""schema_version"": ""wafer_particles.pattern_config.v1"", ""wafer_radius_mm"": 150.0, ""width_ratio"": 0.131053570024205}",531
sample_000532,C04_Sector_Edge,,794,"{""angle_center_rad"": 1.9739105773886678, ""angle_width_deg"": 20.38503731353866, ""edge_width_ratio"": 0.13401386669965698, ""n_particles"": 794, ""name"": ""wafer_particles.pattern.C04_Sector_Edge"", ""radial_beta_alpha"": 1.490416409292829, ""radial_beta_beta"": 2.73813336029509, ""schema_version"": ""wafer_particles.pattern_config.v1"", ""side"": ""right"", ""theta_vonmises_kappa"": 0.706889240203294, ""wafer_radius_mm"": 150.0}",532
sample_000533,C04_Sector_Edge,,772,"{""angle_center_rad"": 0.08104450156234697, ""angle_width_deg"": 57.95629998248218, ""edge_width_ratio"": 0.1937479418828713, ""n_particles"": 772, ""name"": ""wafer_particles.pattern.C04_Sector_Edge"", ""radial_beta_alpha"": 3.9693428540574445, ""radial_beta_beta"": 3.2557753352873213, ""schema_version"": ""wafer_particles.pattern_config.v1"", ""side"": ""right"", ""theta_vonmises_kappa"": 6.244522717057209, ""wafer_radius_mm"": 150.0}",533
sample_000534,ring_wide,ring,1098,"{""n_particles"": 1098, ""name"": ""wafer_particles.pattern.ring_wide"", ""radius_ratio"": 0.6, ""schema_version"": ""wafer_particles.pattern_config.v1"", ""wafer_radius_mm"": 150.0, ""width_ratio"": 0.15}",534
sample_000535,C11_Hotspot_Elliptic,,1280,"{""center_angle"": ""random"", ""center_angle_rad"": 3.494036735856433, ""center_radius_ratio"": 0.13197262309043822, ""mode"": ""random"", ""n_particles"": 1280, ""name"": ""wafer_particles.pattern.C11_Hotspot_Elliptic"", ""rotation_deg"": 30.0, ""rotation_rad"": 4.386190756430347, ""schema_version"": ""wafer_particles.pattern_config.v1"", ""sigma_x_ratio"": 0.07761520497982922, ""sigma_y_ratio"": 0.06749272131646399, ""wafer_radius_mm"": 150.0}",535
sample_000536,C07_StraightLine,,1136,"{""angle_deg"": 165.51698717649967, ""n_particles"": 1136, ""name"": ""wafer_particles.pattern.C07_StraightLine"", ""offset_ratio"": -0.1854810107826247, ""schema_version"": ""wafer_particles.pattern_config.v1"", ""segment_half_length_ratio"": 0.7342539476171037, ""wafer_radius_mm"": 150.0, ""width_ratio"": 0.0254712511114765}",536
sample_000537,C04_Sector_Edge,,688,"{""angle_center_rad"": 0.06268877287929138, ""angle_width_deg"": 20.3344970852475, ""edge_width_ratio"": 0.29443632174002465, ""n_particles"": 688, ""name"": ""wafer_particles.pattern.C04_Sector_Edge"", ""radial_beta_alpha"": 3.2209999541633563, ""radial_beta_beta"": 0.9771045745216884, ""schema_version"": ""wafer_particles.pattern_config.v1"", ""side"": ""right"", ""theta_vonmises_kappa"": 8.586193091109218, ""wafer_radius_mm"": 150.0}",537
sample_000538,C03_Ring,,616,"{""n_particles"": 616, ""name"": ""wafer_particles.pattern.C03_Ring"", ""radius_ratio"": 0.42338619178629894, ""schema_version"": ""wafer_particles.pattern_config.v1"", ""wafer_radius_mm"": 150.0, ""width_ratio"": 0.15524870794126533}",538
sample_000539,C03_Ring,,711,"{""n_particles"": 711, ""name"": ""wafer_particles.pattern.C03_Ring"", ""radius_ratio"": 0.40739155036890196, ""schema_version"": ""wafer_particles.pattern_config.v1"", ""wafer_radius_mm"": 150.0, ""width_ratio"": 0.19400800336136265}",539
sample_000540,C04_Sector_Edge,,1194,"{""angle_center_rad"": 1.2338674249204715, ""angle_width_deg"": 28.243528023285442, ""edge_width_ratio"": 0.06875041242463444, ""n_particles"": 1194, ""name"": ""wafer_particles.pattern.C04_Sector_Edge"", ""radial_beta_alpha"": 1.3454613741767965, ""radial_beta_beta"": 0.9076277616833144, ""schema_version"": ""wafer_particles.pattern_config.v1"", ""side"": ""right"", ""theta_vonmises_kappa"": 4.6583326516814445, ""wafer_radius_mm"": 150.0}",540
sample_000541,C07_StraightLine,,1449,"{""angle_deg"": 93.44740157816804, ""n_particles"": 1449, ""name"": ""wafer_particles.pattern.C07_StraightLine"", ""offset_ratio"": -0.22983841000765676, ""schema_version"": ""wafer_particles.pattern_config.v1"", ""segment_half_length_ratio"": 0.7012418239741529, ""wafer_radius_mm"": 150.0, ""width_ratio"": 0.03480903508059495}",541
sample_000542,C11_Hotspot_Elliptic,,848,"{""center_angle"": ""random"", ""center_angle_rad"": 4.18961670967844, ""center_radius_ratio"": 0.5645919153276259, ""mode"": ""random"", ""n_particles"": 848, ""name"": ""wafer_particles.pattern.C11_Hotspot_Elliptic"", ""rotation_deg"": 30.0, ""rotation_rad"": 1.9709143627043089, ""schema_version"": ""wafer_particles.pattern_config.v1"", ""sigma_x_ratio"": 0.060678377176612744, ""sigma_y_ratio"": 0.06748879390318757, ""wafer_radius_mm"": 150.0}",542
sample_000543,C03_Ring,,1133,"{""n_particles"": 1133, ""name"": ""wafer_particles.pattern.C03_Ring"", ""radius_ratio"": 0.7148016324027784, ""schema_version"": ""wafer_particles.pattern_config.v1"", ""wafer_radius_mm"": 150.0, ""width_ratio"": 0.09169838520889584}",543
sample_000544,C01_Uniform,,654,"{""n_particles"": 654, ""name"": ""wafer_particles.pattern.C01_Uniform"", ""schema_version"": ""wafer_particles.pattern_config.v1"", ""wafer_radius_mm"": 150.0}",544
sample_000545,random_edge_biased,random,1152,"{""edge_bias"": 2.0, ""n_particles"": 1152, ""name"": ""wafer_particles.pattern.random_edge_biased"", ""schema_version"": ""wafer_particles.pattern_config.v1"", ""wafer_radius_mm"": 150.0}",545
sample_000546,C11_Hotspot_Elliptic,,986,"{""center_angle"": ""random"", ""center_angle_rad"": 4.582032916369141, ""center_radius_ratio"": 0.22070615625545992, ""mode"": ""random"", ""n_particles"": 986, ""name"": ""wafer_particles.pattern.C11_Hotspot_Elliptic"", ""rotation_deg"": 30.0, ""rotation_rad"": 5.408594037229523, ""schema_version"": ""wafer_particles.pattern_config.v1"", ""sigma_x_ratio"": 0.09350702456514412, ""sigma_y_ratio"": 0.04719531354287172, ""wafer_radius_mm"": 150.0}",546
sample_000547,C11_Hotspot_Elliptic,,885,"{""center_angle"": ""random"", ""center_angle_rad"": 3.77622233686025, ""center_radius_ratio"": 0.09268732987394555, ""mode"": ""random"", ""n_particles"": 885, ""name"": ""wafer_particles.pattern.C11_Hotspot_Elliptic"", ""rotation_deg"": 30.0, ""rotation_rad"": 5.1996886995837865, ""schema_version"": ""wafer_particles.pattern_config.v1"", ""sigma_x_ratio"": 0.04186498147964986, ""sigma_y_ratio"": 0.05070744897045755, ""wafer_radius_mm"": 150.0}",547
sample_000548,C07_StraightLine,,1130,"{""angle_deg"": 104.11771968907196, ""n_particles"": 1130, ""name"": ""wafer_particles.pattern.C07_StraightLine"", ""offset_ratio"": -0.14999912175358568, ""schema_version"": ""wafer_particles.pattern_config.v1"", ""segment_half_length_ratio"": 0.7147972532253557, ""wafer_radius_mm"": 150.0, ""width_ratio"": 0.023474441539795044}",548
sample_000549,ring_wide,ring,1363,"{""n_particles"": 1363, ""name"": ""wafer_particles.pattern.ring_wide"", ""radius_ratio"": 0.6, ""schema_version"": ""wafer_particles.pattern_config.v1"", ""wafer_radius_mm"": 150.0, ""width_ratio"": 0.15}",549
sample_000550,radial_lines,line,1049,"{""angular_jitter_deg"": 2.0, ""n_lines"": 6, ""n_particles"": 1049, ""name"": ""wafer_particles.pattern.radial_lines"", ""r_max_ratio"": 1.0, ""r_min_ratio"": 0.0, ""schema_version"": ""wafer_particles.pattern_config.v1"", ""wafer_radius_mm"": 150.0}",550
sample_000551,C03_Ring,,602,"{""n_particles"": 602, ""name"": ""wafer_particles.pattern.C03_Ring"", ""radius_ratio"": 0.7463002724102389, ""schema_version"": ""wafer_particles.pattern_config.v1"", ""wafer_radius_mm"": 150.0, ""width_ratio"": 0.10378260414065735}",551
sample_000552,C04_Sector_Edge,,1239,"{""angle_center_rad"": 3.4470611886908324, ""angle_width_deg"": 36.7082474208738, ""edge_width_ratio"": 0.29534279729269836, ""n_particles"": 1239, ""name"": ""wafer_particles.pattern.C04_Sector_Edge"", ""radial_beta_alpha"": 3.0541814641826557, ""radial_beta_beta"": 1.7313146868880236, ""schema_version"": ""wafer_particles.pattern_config.v1"", ""side"": ""right"", ""theta_vonmises_kappa"": 6.334709319486129, ""wafer_radius_mm"": 150.0}",552
sample_000553,C11_Hotspot_Elliptic,,687,"{""center_angle"": ""random"", ""center_angle_rad"": 0.4466314676471127, ""center_radius_ratio"": 0.021299364590251137, ""mode"": ""random"", ""n_particles"": 687, ""name"": ""wafer_particles.pattern.C11_Hotspot_Elliptic"", ""rotation_deg"": 30.0, ""rotation_rad"": 4.525065874715307, ""schema_version"": ""wafer_particles.pattern_config.v1"", ""sigma_x_ratio"": 0.07860535862437167, ""sigma_y_ratio"": 0.06856398965958765, ""wafer_radius_mm"": 150.0}",553
sample_000554,C04_Sector_Edge,,1043,"{""angle_center_rad"": 3.138181685061739, ""angle_width_deg"": 27.333156116399486, ""edge_width_ratio"": 0.10268218810522657, ""n_particles"": 1043, ""name"": ""wafer_particles.pattern.C04_Sector_Edge"", ""radial_beta_alpha"": 2.566025801383952, ""radial_beta_beta"": 1.8196206576935074, ""schema_version"": ""wafer_particles.pattern_config.v1"", ""side"": ""right"", ""theta_vonmises_kappa"": 6.594940368763392, ""wafer_radius_mm"": 150.0}",554
sample_000555,C11_Hotspot_Elliptic,,1053,"{""center_angle"": ""random"", ""center_angle_rad"": 3.8338636219958486, ""center_radius_ratio"": 0.2842559445993362, ""mode"": ""random"", ""n_particles"": 1053, ""name"": ""wafer_particles.pattern.C11_Hotspot_Elliptic"", ""rotation_deg"": 30.0, ""rotation_rad"": 2.6498652410749415, ""schema_version"": ""wafer_particles.pattern_config.v1"", ""sigma_x_ratio"": 0.05092200993318574, ""sigma_y_ratio"": 0.06777529113817483, ""wafer_radius_mm"": 150.0}",555
sample_000556,C01_Uniform,,567,"{""n_particles"": 567, ""name"": ""wafer_particles.pattern.C01_Uniform"", ""schema_version"": ""wafer_particles.pattern_config.v1"", ""wafer_radius_mm"": 150.0}",556
sample_000557,C11_Hotspot_Elliptic,,1322,"{""center_angle"": ""random"", ""center_angle_rad"": 6.232951985897136, ""center_radius_ratio"": 0.2250111377349851, ""mode"": ""random"", ""n_particles"": 1322, ""name"": ""wafer_particles.pattern.C11_Hotspot_Elliptic"", ""rotation_deg"": 30.0, ""rotation_rad"": 0.8079753420246778, ""schema_version"": ""wafer_particles.pattern_config.v1"", ""sigma_x_ratio"": 0.041493404352760915, ""sigma_y_ratio"": 0.022522199304477256, ""wafer_radius_mm"": 150.0}",557
sample_000558,C11_Hotspot_Elliptic,,1256,"{""center_angle"": ""random"", ""center_angle_rad"": 6.180922941881017, ""center_radius_ratio"": 0.4849474261679219, ""mode"": ""random"", ""n_particles"": 1256, ""name"": ""wafer_particles.pattern.C11_Hotspot_Elliptic"", ""rotation_deg"": 30.0, ""rotation_rad"": 6.095122493057038, ""schema_version"": ""wafer_particles.pattern_config.v1"", ""sigma_x_ratio"": 0.05404179636713221, ""sigma_y_ratio"": 0.06516912131405311, ""wafer_radius_mm"": 150.0}",558
sample_000559,C11_Hotspot_Elliptic,,666,"{""center_angle"": ""random"", ""center_angle_rad"": 0.40924724480335073, ""center_radius_ratio"": 0.04257698291436275, ""mode"": ""random"", ""n_particles"": 666, ""name"": ""wafer_particles.pattern.C11_Hotspot_Elliptic"", ""rotation_deg"": 30.0, ""rotation_rad"": 1.3536223879273037, ""schema_version"": ""wafer_particles.pattern_config.v1"", ""sigma_x_ratio"": 0.0882767932268661, ""sigma_y_ratio"": 0.023258330023107673, ""wafer_radius_mm"": 150.0}",559
sample_000560,C01_Uniform,,1444,"{""n_particles"": 1444, ""name"": ""wafer_particles.pattern.C01_Uniform"", ""schema_version"": ""wafer_particles.pattern_config.v1"", ""wafer_radius_mm"": 150.0}",560
sample_000561,ring_wide,ring,1366,"{""n_particles"": 1366, ""name"": ""wafer_particles.pattern.ring_wide"", ""radius_ratio"": 0.6, ""schema_version"": ""wafer_particles.pattern_config.v1"", ""wafer_radius_mm"": 150.0, ""width_ratio"": 0.15}",561
sample_000562,ring_wide,ring,1489,"{""n_particles"": 1489, ""name"": ""wafer_particles.pattern.ring_wide"", ""radius_ratio"": 0.6, ""schema_version"": ""wafer_particles.pattern_config.v1"", ""wafer_radius_mm"": 150.0, ""width_ratio"": 0.15}",562
sample_000563,C07_StraightLine,,571,"{""angle_deg"": 179.43344904606064, ""n_particles"": 571, ""name"": ""wafer_particles.pattern.C07_StraightLine"", ""offset_ratio"": -0.04137573424862323, ""schema_version"": ""wafer_particles.pattern_config.v1"", ""segment_half_length_ratio"": 0.7767586183190056, ""wafer_radius_mm"": 150.0, ""width_ratio"": 0.03700506717928836}",563
sample_000564,radial_lines,line,1318,"{""angular_jitter_deg"": 2.0, ""n_lines"": 6, ""n_particles"": 1318, ""name"": ""wafer_particles.pattern.radial_lines"", ""r_max_ratio"": 1.0, ""r_min_ratio"": 0.0, ""schema_version"": ""wafer_particles.pattern_config.v1"", ""wafer_radius_mm"": 150.0}",564
sample_000565,C04_Sector_Edge,,941,"{""angle_center_rad"": 5.374000092253217, ""angle_width_deg"": 46.98525996048086, ""edge_width_ratio"": 0.2690016083793794, ""n_particles"": 941, ""name"": ""wafer_particles.pattern.C04_Sector_Edge"", ""radial_beta_alpha"": 3.344414965803886, ""radial_beta_beta"": 3.362568286660406, ""schema_version"": ""wafer_particles.pattern_config.v1"", ""side"": ""right"", ""theta_vonmises_kappa"": 3.6335408730580423, ""wafer_radius_mm"": 150.0}",565
sample_000566,C03_Ring,,1166,"{""n_particles"": 1166, ""name"": ""wafer_particles.pattern.C03_Ring"", ""radius_ratio"": 0.7064906812627532, ""schema_version"": ""wafer_particles.pattern_config.v1"", ""wafer_radius_mm"": 150.0, ""width_ratio"": 0.19555578288725853}",566
sample_000567,C03_Ring,,1250,"{""n_particles"": 1250, ""name"": ""wafer_particles.pattern.C03_Ring"", ""radius_ratio"": 0.6973883491263114, ""schema_version"": ""wafer_particles.pattern_config.v1"", ""wafer_radius_mm"": 150.0, ""width_ratio"": 0.16936919749149607}",567
sample_000568,C07_StraightLine,,1324,"{""angle_deg"": 68.187014185985, ""n_particles"": 1324, ""name"": ""wafer_particles.pattern.C07_StraightLine"", ""offset_ratio"": -0.03761924085167967, ""schema_version"": ""wafer_particles.pattern_config.v1"", ""segment_half_length_ratio"": 0.7552377586976822, ""wafer_radius_mm"": 150.0, ""width_ratio"": 0.042319993757566954}",568
sample_000569,C04_Sector_Edge,,1484,"{""angle_center_rad"": 2.828148289172722, ""angle_width_deg"": 30.23546038587313, ""edge_width_ratio"": 0.2900771174242615, ""n_particles"": 1484, ""name"": ""wafer_particles.pattern.C04_Sector_Edge"", ""radial_beta_alpha"": 2.0005382390033866, ""radial_beta_beta"": 1.0046805329123165, ""schema_version"": ""wafer_particles.pattern_config.v1"", ""side"": ""right"", ""theta_vonmises_kappa"": 7.612054029537724, ""wafer_radius_mm"": 150.0}",569
sample_000570,C03_Ring,,1113,"{""n_particles"": 1113, ""name"": ""wafer_particles.pattern.C03_Ring"", ""radius_ratio"": 0.43589731859480557, ""schema_version"": ""wafer_particles.pattern_config.v1"", ""wafer_radius_mm"": 150.0, ""width_ratio"": 0.19553995265699806}",570
sample_000571,scratch_vertical,line,555,"{""angle_category"": ""vertical"", ""length_ratio"": 1.0, ""n_particles"": 555, ""name"": ""wafer_particles.pattern.scratch"", ""offset_ratio"": 0.0, ""schema_version"": ""wafer_particles.pattern_config.v1"", ""wafer_radius_mm"": 150.0, ""width_ratio"": 0.01}",571
sample_000572,C11_Hotspot_Elliptic,,514,"{""center_angle"": ""random"", ""center_angle_rad"": 4.229036595166797, ""center_radius_ratio"": 0.5984888815720146, ""mode"": ""random"", ""n_particles"": 514, ""name"": ""wafer_particles.pattern.C11_Hotspot_Elliptic"", ""rotation_deg"": 30.0, ""rotation_rad"": 5.231794607225519, ""schema_version"": ""wafer_particles.pattern_config.v1"", ""sigma_x_ratio"": 0.10601327329659402, ""sigma_y_ratio"": 0.07289459817600892, ""wafer_radius_mm"": 150.0}",572
sample_000573,C11_Hotspot_Elliptic,,984,"{""center_angle"": ""random"", ""center_angle_rad"": 1.9825871615822799, ""center_radius_ratio"": 0.7713726654560921, ""mode"": ""random"", ""n_particles"": 984, ""name"": ""wafer_particles.pattern.C11_Hotspot_Elliptic"", ""rotation_deg"": 30.0, ""rotation_rad"": 1.5896963710732455, ""schema_version"": ""wafer_particles.pattern_config.v1"", ""sigma_x_ratio"": 0.04140085694464635, ""sigma_y_ratio"": 0.05855517373010161, ""wafer_radius_mm"": 150.0}",573
sample_000574,C07_StraightLine,,1363,"{""angle_deg"": 89.32289185034227, ""n_particles"": 1363, ""name"": ""wafer_particles.pattern.C07_StraightLine"", ""offset_ratio"": 0.2364924822234617, ""schema_version"": ""wafer_particles.pattern_config.v1"", ""segment_half_length_ratio"": 0.4234159778968107, ""wafer_radius_mm"": 150.0, ""width_ratio"": 0.032549259293625385}",574
sample_000575,C11_Hotspot_Elliptic,,572,"{""center_angle"": ""random"", ""center_angle_rad"": 3.648814274981541, ""center_radius_ratio"": 0.2824068489532491, ""mode"": ""random"", ""n_particles"": 572, ""name"": ""wafer_particles.pattern.C11_Hotspot_Elliptic"", ""rotation_deg"": 30.0, ""rotation_rad"": 2.1645528351785575, ""schema_version"": ""wafer_particles.pattern_config.v1"", ""sigma_x_ratio"": 0.05948308678181226, ""sigma_y_ratio"": 0.017385817796230302, ""wafer_radius_mm"": 150.0}",575
sample_000576,C03_Ring,,1492,"{""n_particles"": 1492, ""name"": ""wafer_particles.pattern.C03_Ring"", ""radius_ratio"": 0.6168061779182512, ""schema_version"": ""wafer_particles.pattern_config.v1"", ""wafer_radius_mm"": 150.0, ""width_ratio"": 0.09574222475585484}",576
sample_000577,C01_Uniform,,942,"{""n_particles"": 942, ""name"": ""wafer_particles.pattern.C01_Uniform"", ""schema_version"": ""wafer_particles.pattern_config.v1"", ""wafer_radius_mm"": 150.0}",577
sample_000578,C03_Ring,,1436,"{""n_particles"": 1436, ""name"": ""wafer_particles.pattern.C03_Ring"", ""radius_ratio"": 0.8425524017257051, ""schema_version"": ""wafer_particles.pattern_config.v1"", ""wafer_radius_mm"": 150.0, ""width_ratio"": 0.1566459631628685}",578
sample_000579,C11_Hotspot_Elliptic,,1457,"{""center_angle"": ""random"", ""center_angle_rad"": 1.365001880997091, ""center_radius_ratio"": 0.02111277699687636, ""mode"": ""random"", ""n_particles"": 1457, ""name"": ""wafer_particles.pattern.C11_Hotspot_Elliptic"", ""rotation_deg"": 30.0, ""rotation_rad"": 3.0958458453530344, ""schema_version"": ""wafer_particles.pattern_config.v1"", ""sigma_x_ratio"": 0.10598097914518718, ""sigma_y_ratio"": 0.06190920424729042, ""wafer_radius_mm"": 150.0}",579
sample_000580,C03_Ring,,1413,"{""n_particles"": 1413, ""name"": ""wafer_particles.pattern.C03_Ring"", ""radius_ratio"": 0.8589860495001129, ""schema_version"": ""wafer_particles.pattern_config.v1"", ""wafer_radius_mm"": 150.0, ""width_ratio"": 0.19849078484428528}",580
sample_000581,C01_Uniform,,1141,"{""n_particles"": 1141, ""name"": ""wafer_particles.pattern.C01_Uniform"", ""schema_version"": ""wafer_particles.pattern_config.v1"", ""wafer_radius_mm"": 150.0}",581
sample_000582,C03_Ring,,1277,"{""n_particles"": 1277, ""name"": ""wafer_particles.pattern.C03_Ring"", ""radius_ratio"": 0.8120429006566798, ""schema_version"": ""wafer_particles.pattern_config.v1"", ""wafer_radius_mm"": 150.0, ""width_ratio"": 0.07948818575635849}",582
sample_000583,C03_Ring,,1070,"{""n_particles"": 1070, ""name"": ""wafer_particles.pattern.C03_Ring"", ""radius_ratio"": 0.651617079302432, ""schema_version"": ""wafer_particles.pattern_config.v1"", ""wafer_radius_mm"": 150.0, ""width_ratio"": 0.11259831962330581}",583
sample_000584,C01_Uniform,,672,"{""n_particles"": 672, ""name"": ""wafer_particles.pattern.C01_Uniform"", ""schema_version"": ""wafer_particles.pattern_config.v1"", ""wafer_radius_mm"": 150.0}",584
sample_000585,C03_Ring,,915,"{""n_particles"": 915, ""name"": ""wafer_particles.pattern.C03_Ring"", ""radius_ratio"": 0.6458370007174408, ""schema_version"": ""wafer_particles.pattern_config.v1"", ""wafer_radius_mm"": 150.0, ""width_ratio"": 0.08376018907702287}",585
sample_000586,C07_StraightLine,,754,"{""angle_deg"": 29.661749588528618, ""n_particles"": 754, ""name"": ""wafer_particles.pattern.C07_StraightLine"", ""offset_ratio"": -0.11234648798149693, ""schema_version"": ""wafer_particles.pattern_config.v1"", ""segment_half_length_ratio"": 0.7078117800269643, ""wafer_radius_mm"": 150.0, ""width_ratio"": 0.011873747149037214}",586
sample_000587,C11_Hotspot_Elliptic,,1528,"{""center_angle"": ""random"", ""center_angle_rad"": 3.4754992641460998, ""center_radius_ratio"": 0.37534442785039707, ""mode"": ""random"", ""n_particles"": 1528, ""name"": ""wafer_particles.pattern.C11_Hotspot_Elliptic"", ""rotation_deg"": 30.0, ""rotation_rad"": 4.085119180029059, ""schema_version"": ""wafer_particles.pattern_config.v1"", ""sigma_x_ratio"": 0.09695683674019309, ""sigma_y_ratio"": 0.05603823964442148, ""wafer_radius_mm"": 150.0}",587
sample_000588,C03_Ring,,1062,"{""n_particles"": 1062, ""name"": ""wafer_particles.pattern.C03_Ring"", ""radius_ratio"": 0.6287772938595553, ""schema_version"": ""wafer_particles.pattern_config.v1"", ""wafer_radius_mm"": 150.0, ""width_ratio"": 0.17088264318712162}",588
sample_000589,C11_Hotspot_Elliptic,,1232,"{""center_angle"": ""random"", ""center_angle_rad"": 4.13350452447248, ""center_radius_ratio"": 0.2986823145638812, ""mode"": ""random"", ""n_particles"": 1232, ""name"": ""wafer_particles.pattern.C11_Hotspot_Elliptic"", ""rotation_deg"": 30.0, ""rotation_rad"": 2.1298906633523673, ""schema_version"": ""wafer_particles.pattern_config.v1"", ""sigma_x_ratio"": 0.0752268782814775, ""sigma_y_ratio"": 0.03705761730553947, ""wafer_radius_mm"": 150.0}",589
sample_000590,C07_StraightLine,,1078,"{""angle_deg"": 159.82010022877495, ""n_particles"": 1078, ""name"": ""wafer_particles.pattern.C07_StraightLine"", ""offset_ratio"": 0.1350114566481262, ""schema_version"": ""wafer_particles.pattern_config.v1"", ""segment_half_length_ratio"": 0.44765922900936406, ""wafer_radius_mm"": 150.0, ""width_ratio"": 0.014976259465675754}",590
sample_000591,ring_wide,ring,651,"{""n_particles"": 651, ""name"": ""wafer_particles.pattern.ring_wide"", ""radius_ratio"": 0.6, ""schema_version"": ""wafer_particles.pattern_config.v1"", ""wafer_radius_mm"": 150.0, ""width_ratio"": 0.15}",591
sample_000592,C04_Sector_Edge,,1439,"{""angle_center_rad"": 2.88951914344496, ""angle_width_deg"": 34.09834751372671, ""edge_width_ratio"": 0.09406278227746691, ""n_particles"": 1439, ""name"": ""wafer_particles.pattern.C04_Sector_Edge"", ""radial_beta_alpha"": 2.938536414662038, ""radial_beta_beta"": 1.0126692856984485, ""schema_version"": ""wafer_particles.pattern_config.v1"", ""side"": ""right"", ""theta_vonmises_kappa"": 0.5593702259461073, ""wafer_radius_mm"": 150.0}",592
sample_000593,C04_Sector_Edge,,1370,"{""angle_center_rad"": 4.221378629160977, ""angle_width_deg"": 45.25210453991335, ""edge_width_ratio"": 0.2131932020397202, ""n_particles"": 1370, ""name"": ""wafer_particles.pattern.C04_Sector_Edge"", ""radial_beta_alpha"": 1.488490508718904, ""radial_beta_beta"": 3.2180686180040823, ""schema_version"": ""wafer_particles.pattern_config.v1"", ""side"": ""right"", ""theta_vonmises_kappa"": 9.32208437014117, ""wafer_radius_mm"": 150.0}",593
sample_000594,C01_Uniform,,1320,"{""n_particles"": 1320, ""name"": ""wafer_particles.pattern.C01_Uniform"", ""schema_version"": ""wafer_particles.pattern_config.v1"", ""wafer_radius_mm"": 150.0}",594
sample_000595,C04_Sector_Edge,,1048,"{""angle_center_rad"": 1.2883940748649785, ""angle_width_deg"": 74.2899369395515, ""edge_width_ratio"": 0.06681790034694567, ""n_particles"": 1048, ""name"": ""wafer_particles.pattern.C04_Sector_Edge"", ""radial_beta_alpha"": 3.652917753895312, ""radial_beta_beta"": 2.6010284756674174, ""schema_version"": ""wafer_particles.pattern_config.v1"", ""side"": ""right"", ""theta_vonmises_kappa"": 8.863477737529177, ""wafer_radius_mm"": 150.0}",595
sample_000596,radial_lines,line,1411,"{""angular_jitter_deg"": 2.0, ""n_lines"": 6, ""n_particles"": 1411, ""name"": ""wafer_particles.pattern.radial_lines"", ""r_max_ratio"": 1.0, ""r_min_ratio"": 0.0, ""schema_version"": ""wafer_particles.pattern_config.v1"", ""wafer_radius_mm"": 150.0}",596
sample_000597,C01_Uniform,,1344,"{""n_particles"": 1344, ""name"": ""wafer_particles.pattern.C01_Uniform"", ""schema_version"": ""wafer_particles.pattern_config.v1"", ""wafer_radius_mm"": 150.0}",597
sample_000598,C01_Uniform,,1361,"{""n_particles"": 1361, ""name"": ""wafer_particles.pattern.C01_Uniform"", ""schema_version"": ""wafer_particles.pattern_config.v1"", ""wafer_radius_mm"": 150.0}",598
sample_000599,C01_Uniform,,1069,"{""n_particles"": 1069, ""name"": ""wafer_particles.pattern.C01_Uniform"", ""schema_version"": ""wafer_particles.pattern_config.v1"", ""wafer_radius_mm"": 150.0}",599
sample_000600,C03_Ring,,772,"{""n_particles"": 772, ""name"": ""wafer_particles.pattern.C03_Ring"", ""radius_ratio"": 0.4275687998895399, ""schema_version"": ""wafer_particles.pattern_config.v1"", ""wafer_radius_mm"": 150.0, ""width_ratio"": 0.1075790959485599}",600
sample_000601,C07_StraightLine,,1108,"{""angle_deg"": 131.99667268277742, ""n_particles"": 1108, ""name"": ""wafer_particles.pattern.C07_StraightLine"", ""offset_ratio"": 0.266183704798507, ""schema_version"": ""wafer_particles.pattern_config.v1"", ""segment_half_length_ratio"": 0.34007678562099614, ""wafer_radius_mm"": 150.0, ""width_ratio"": 0.03453799625234987}",601
sample_000602,C07_StraightLine,,1008,"{""angle_deg"": 116.82289980759475, ""n_particles"": 1008, ""name"": ""wafer_particles.pattern.C07_StraightLine"", ""offset_ratio"": 0.27740405651432304, ""schema_version"": ""wafer_particles.pattern_config.v1"", ""segment_half_length_ratio"": 0.6415677375960258, ""wafer_radius_mm"": 150.0, ""width_ratio"": 0.031192120155675605}",602
sample_000603,C03_Ring,,761,"{""n_particles"": 761, ""name"": ""wafer_particles.pattern.C03_Ring"", ""radius_ratio"": 0.8341715707503528, ""schema_version"": ""wafer_particles.pattern_config.v1"", ""wafer_radius_mm"": 150.0, ""width_ratio"": 0.06667740998362073}",603
sample_000604,C03_Ring,,907,"{""n_particles"": 907, ""name"": ""wafer_particles.pattern.C03_Ring"", ""radius_ratio"": 0.6849409675621221, ""schema_version"": ""wafer_particles.pattern_config.v1"", ""wafer_radius_mm"": 150.0, ""width_ratio"": 0.06455297724377128}",604
sample_000605,scratch_horizontal,line,868,"{""angle_category"": ""horizontal"", ""length_ratio"": 1.0, ""n_particles"": 868, ""name"": ""wafer_particles.pattern.scratch"", ""offset_ratio"": 0.0, ""schema_version"": ""wafer_particles.pattern_config.v1"", ""wafer_radius_mm"": 150.0, ""width_ratio"": 0.01}",605
sample_000606,C07_StraightLine,,1293,"{""angle_deg"": 56.25229974653273, ""n_particles"": 1293, ""name"": ""wafer_particles.pattern.C07_StraightLine"", ""offset_ratio"": 0.0810852643838933, ""schema_version"": ""wafer_particles.pattern_config.v1"", ""segment_half_length_ratio"": 0.3854629571618011, ""wafer_radius_mm"": 150.0, ""width_ratio"": 0.005677793213469392}",606
sample_000607,C11_Hotspot_Elliptic,,712,"{""center_angle"": ""random"", ""center_angle_rad"": 2.5144578404104867, ""center_radius_ratio"": 0.5550857749281605, ""mode"": ""random"", ""n_particles"": 712, ""name"": ""wafer_particles.pattern.C11_Hotspot_Elliptic"", ""rotation_deg"": 30.0, ""rotation_rad"": 3.575069052536834, ""schema_version"": ""wafer_particles.pattern_config.v1"", ""sigma_x_ratio"": 0.030177788065084667, ""sigma_y_ratio"": 0.0778296467716897, ""wafer_radius_mm"": 150.0}",607
sample_000608,C03_Ring,,1392,"{""n_particles"": 1392, ""name"": ""wafer_particles.pattern.C03_Ring"", ""radius_ratio"": 0.5919464257385505, ""schema_version"": ""wafer_particles.pattern_config.v1"", ""wafer_radius_mm"": 150.0, ""width_ratio"": 0.05504360480486699}",608
sample_000609,ring_narrow,ring,531,"{""n_particles"": 531, ""name"": ""wafer_particles.pattern.ring_narrow"", ""radius_ratio"": 0.7, ""schema_version"": ""wafer_particles.pattern_config.v1"", ""wafer_radius_mm"": 150.0, ""width_ratio"": 0.03}",609
sample_000610,C11_Hotspot_Elliptic,,784,"{""center_angle"": ""random"", ""center_angle_rad"": 3.4944710927579408, ""center_radius_ratio"": 0.5320853310922893, ""mode"": ""random"", ""n_particles"": 784, ""name"": ""wafer_particles.pattern.C11_Hotspot_Elliptic"", ""rotation_deg"": 30.0, ""rotation_rad"": 0.3474201430206051, ""schema_version"": ""wafer_particles.pattern_config.v1"", ""sigma_x_ratio"": 0.11351448156956019, ""sigma_y_ratio"": 0.017518764690877216, ""wafer_radius_mm"": 150.0}",610
sample_000611,C04_Sector_Edge,,936,"{""angle_center_rad"": 5.0140792390049524, ""angle_width_deg"": 70.19100904825262, ""edge_width_ratio"": 0.25747535525480214, ""n_particles"": 936, ""name"": ""wafer_particles.pattern.C04_Sector_Edge"", ""radial_beta_alpha"": 1.4491649267912257, ""radial_beta_beta"": 3.402512837779792, ""schema_version"": ""wafer_particles.pattern_config.v1"", ""side"": ""right"", ""theta_vonmises_kappa"": 7.760879605934678, ""wafer_radius_mm"": 150.0}",611
sample_000612,C07_StraightLine,,550,"{""angle_deg"": 103.68423908131793, ""n_particles"": 550, ""name"": ""wafer_particles.pattern.C07_StraightLine"", ""offset_ratio"": -0.08233950951923744, ""schema_version"": ""wafer_particles.pattern_config.v1"", ""segment_half_length_ratio"": 0.6401271806041479, ""wafer_radius_mm"": 150.0, ""width_ratio"": 0.04204447835701214}",612
sample_000613,ring_wide,ring,1455,"{""n_particles"": 1455, ""name"": ""wafer_particles.pattern.ring_wide"", ""radius_ratio"": 0.6, ""schema_version"": ""wafer_particles.pattern_config.v1"", ""wafer_radius_mm"": 150.0, ""width_ratio"": 0.15}",613
sample_000614,C03_Ring,,1364,"{""n_particles"": 1364, ""name"": ""wafer_particles.pattern.C03_Ring"", ""radius_ratio"": 0.5745469990698764, ""schema_version"": ""wafer_particles.pattern_config.v1"", ""wafer_radius_mm"": 150.0, ""width_ratio"": 0.08053259561957499}",614
sample_000615,C03_Ring,,1068,"{""n_particles"": 1068, ""name"": ""wafer_particles.pattern.C03_Ring"", ""radius_ratio"": 0.5289216254400231, ""schema_version"": ""wafer_particles.pattern_config.v1"", ""wafer_radius_mm"": 150.0, ""width_ratio"": 0.166255892082979}",615
sample_000616,C03_Ring,,628,"{""n_particles"": 628, ""name"": ""wafer_particles.pattern.C03_Ring"", ""radius_ratio"": 0.6958291970402407, ""schema_version"": ""wafer_particles.pattern_config.v1"", ""wafer_radius_mm"": 150.0, ""width_ratio"": 0.137933851546418}",616
sample_000617,C11_Hotspot_Elliptic,,892,"{""center_angle"": ""random"", ""center_angle_rad"": 0.7586707529473896, ""center_radius_ratio"": 0.27016385782611374, ""mode"": ""random"", ""n_particles"": 892, ""name"": ""wafer_particles.pattern.C11_Hotspot_Elliptic"", ""rotation_deg"": 30.0, ""rotation_rad"": 1.7616582894558868, ""schema_version"": ""wafer_particles.pattern_config.v1"", ""sigma_x_ratio"": 0.097305055610655, ""sigma_y_ratio"": 0.019976966214537907, ""wafer_radius_mm"": 150.0}",617
sample_000618,C01_Uniform,,1458,"{""n_particles"": 1458, ""name"": ""wafer_particles.pattern.C01_Uniform"", ""schema_version"": ""wafer_particles.pattern_config.v1"", ""wafer_radius_mm"": 150.0}",618
sample_000619,C11_Hotspot_Elliptic,,1502,"{""center_angle"": ""random"", ""center_angle_rad"": 0.3535376828528902, ""center_radius_ratio"": 0.5997672601727351, ""mode"": ""random"", ""n_particles"": 1502, ""name"": ""wafer_particles.pattern.C11_Hotspot_Elliptic"", ""rotation_deg"": 30.0, ""rotation_rad"": 3.724610789369691, ""schema_version"": ""wafer_particles.pattern_config.v1"", ""sigma_x_ratio"": 0.11092945201767239, ""sigma_y_ratio"": 0.036100976856172695, ""wafer_radius_mm"": 150.0}",619
sample_000620,C07_StraightLine,,1064,"{""angle_deg"": 154.016981209417, ""n_particles"": 1064, ""name"": ""wafer_particles.pattern.C07_StraightLine"", ""offset_ratio"": -0.0736866110532452, ""schema_version"": ""wafer_particles.pattern_config.v1"", ""segment_half_length_ratio"": 0.3209926490922971, ""wafer_radius_mm"": 150.0, ""width_ratio"": 0.04227071594267662}",620
sample_000621,ring_narrow,ring,1024,"{""n_particles"": 1024, ""name"": ""wafer_particles.pattern.ring_narrow"", ""radius_ratio"": 0.7, ""schema_version"": ""wafer_particles.pattern_config.v1"", ""wafer_radius_mm"": 150.0, ""width_ratio"": 0.03}",621
sample_000622,scratch_horizontal,line,884,"{""angle_category"": ""horizontal"", ""length_ratio"": 1.0, ""n_particles"": 884, ""name"": ""wafer_particles.pattern.scratch"", ""offset_ratio"": 0.0, ""schema_version"": ""wafer_particles.pattern_config.v1"", ""wafer_radius_mm"": 150.0, ""width_ratio"": 0.01}",622
sample_000623,C04_Sector_Edge,,1270,"{""angle_center_rad"": 5.695702051905219, ""angle_width_deg"": 66.0573873800463, ""edge_width_ratio"": 0.23420435856261157, ""n_particles"": 1270, ""name"": ""wafer_particles.pattern.C04_Sector_Edge"", ""radial_beta_alpha"": 1.8622999784915688, ""radial_beta_beta"": 2.5101946744182584, ""schema_version"": ""wafer_particles.pattern_config.v1"", ""side"": ""right"", ""theta_vonmises_kappa"": 1.4910369491934308, ""wafer_radius_mm"": 150.0}",623
sample_000624,C07_StraightLine,,805,"{""angle_deg"": 120.31886270026345, ""n_particles"": 805, ""name"": ""wafer_particles.pattern.C07_StraightLine"", ""offset_ratio"": 0.15736328428930757, ""schema_version"": ""wafer_particles.pattern_config.v1"", ""segment_half_length_ratio"": 0.8348973604622891, ""wafer_radius_mm"": 150.0, ""width_ratio"": 0.04365788590438475}",624
sample_000625,C07_StraightLine,,824,"{""angle_deg"": 140.1480376507959, ""n_particles"": 824, ""name"": ""wafer_particles.pattern.C07_StraightLine"", ""offset_ratio"": 0.1808437595617513, ""schema_version"": ""wafer_particles.pattern_config.v1"", ""segment_half_length_ratio"": 0.4341845461141153, ""wafer_radius_mm"": 150.0, ""width_ratio"": 0.015954100544526027}",625
sample_000626,C07_StraightLine,,1216,"{""angle_deg"": 8.557515460667274, ""n_particles"": 1216, ""name"": ""wafer_particles.pattern.C07_StraightLine"", ""offset_ratio"": -0.1808295606960415, ""schema_version"": ""wafer_particles.pattern_config.v1"", ""segment_half_length_ratio"": 0.4318373963554837, ""wafer_radius_mm"": 150.0, ""width_ratio"": 0.015310409042400264}",626
sample_000627,C11_Hotspot_Elliptic,,886,"{""center_angle"": ""random"", ""center_angle_rad"": 4.152777080058107, ""center_radius_ratio"": 0.8448776052878373, ""mode"": ""random"", ""n_particles"": 886, ""name"": ""wafer_particles.pattern.C11_Hotspot_Elliptic"", ""rotation_deg"": 30.0, ""rotation_rad"": 1.9648624296355321, ""schema_version"": ""wafer_particles.pattern_config.v1"", ""sigma_x_ratio"": 0.10683354593153081, ""sigma_y_ratio"": 0.0179759308738816, ""wafer_radius_mm"": 150.0}",627
sample_000628,C04_Sector_Edge,,910,"{""angle_center_rad"": 2.577361065263393, ""angle_width_deg"": 40.91234024008803, ""edge_width_ratio"": 0.09108382500975558, ""n_particles"": 910, ""name"": ""wafer_particles.pattern.C04_Sector_Edge"", ""radial_beta_alpha"": 1.3211929929162873, ""radial_beta_beta"": 1.7405939078601889, ""schema_version"": ""wafer_particles.pattern_config.v1"", ""side"": ""right"", ""theta_vonmises_kappa"": 7.747524423768982, ""wafer_radius_mm"": 150.0}",628
sample_000629,C01_Uniform,,653,"{""n_particles"": 653, ""name"": ""wafer_particles.pattern.C01_Uniform"", ""schema_version"": ""wafer_particles.pattern_config.v1"", ""wafer_radius_mm"": 150.0}",629
sample_000630,C01_Uniform,,910,"{""n_particles"": 910, ""name"": ""wafer_particles.pattern.C01_Uniform"", ""schema_version"": ""wafer_particles.pattern_config.v1"", ""wafer_radius_mm"": 150.0}",630
sample_000631,C11_Hotspot_Elliptic,,1089,"{""center_angle"": ""random"", ""center_angle_rad"": 2.0919662810251545, ""center_radius_ratio"": 0.27335836022994275, ""mode"": ""random"", ""n_particles"": 1089, ""name"": ""wafer_particles.pattern.C11_Hotspot_Elliptic"", ""rotation_deg"": 30.0, ""rotation_rad"": 1.424940433609555, ""schema_version"": ""wafer_particles.pattern_config.v1"", ""sigma_x_ratio"": 0.062062435174113646, ""sigma_y_ratio"": 0.0701099351356221, ""wafer_radius_mm"": 150.0}",631
sample_000632,C07_StraightLine,,1045,"{""angle_deg"": 47.260632932000505, ""n_particles"": 1045, ""name"": ""wafer_particles.pattern.C07_StraightLine"", ""offset_ratio"": 0.25565779662853644, ""schema_version"": ""wafer_particles.pattern_config.v1"", ""segment_half_length_ratio"": 0.773545499968255, ""wafer_radius_mm"": 150.0, ""width_ratio"": 0.048828481066908486}",632
sample_000633,C04_Sector_Edge,,891,"{""angle_center_rad"": 6.002487039072274, ""angle_width_deg"": 84.38595035963984, ""edge_width_ratio"": 0.10979316262343881, ""n_particles"": 891, ""name"": ""wafer_particles.pattern.C04_Sector_Edge"", ""radial_beta_alpha"": 3.3291325716083833, ""radial_beta_beta"": 2.9838063535713175, ""schema_version"": ""wafer_particles.pattern_config.v1"", ""side"": ""right"", ""theta_vonmises_kappa"": 3.6373944373362246, ""wafer_radius_mm"": 150.0}",633
sample_000634,C11_Hotspot_Elliptic,,908,"{""center_angle"": ""random"", ""center_angle_rad"": 2.739353324129731, ""center_radius_ratio"": 0.5026831249580773, ""mode"": ""random"", ""n_particles"": 908, ""name"": ""wafer_particles.pattern.C11_Hotspot_Elliptic"", ""rotation_deg"": 30.0, ""rotation_rad"": 3.803044992148812, ""schema_version"": ""wafer_particles.pattern_config.v1"", ""sigma_x_ratio"": 0.0887402772967727, ""sigma_y_ratio"": 0.04385064013383834, ""wafer_radius_mm"": 150.0}",634
sample_000635,C07_StraightLine,,629,"{""angle_deg"": 93.74933203448303, ""n_particles"": 629, ""name"": ""wafer_particles.pattern.C07_StraightLine"", ""offset_ratio"": 0.2222169080699134, ""schema_version"": ""wafer_particles.pattern_config.v1"", ""segment_half_length_ratio"": 0.645806835629754, ""wafer_radius_mm"": 150.0, ""width_ratio"": 0.03767570663698511}",635
sample_000636,C01_Uniform,,1305,"{""n_particles"": 1305, ""name"": ""wafer_particles.pattern.C01_Uniform"", ""schema_version"": ""wafer_particles.pattern_config.v1"", ""wafer_radius_mm"": 150.0}",636
sample_000637,C03_Ring,,803,"{""n_particles"": 803, ""name"": ""wafer_particles.pattern.C03_Ring"", ""radius_ratio"": 0.43473199848847005, ""schema_version"": ""wafer_particles.pattern_config.v1"", ""wafer_radius_mm"": 150.0, ""width_ratio"": 0.05890738897320183}",637
sample_000638,radial_lines,line,1503,"{""angular_jitter_deg"": 2.0, ""n_lines"": 6, ""n_particles"": 1503, ""name"": ""wafer_particles.pattern.radial_lines"", ""r_max_ratio"": 1.0, ""r_min_ratio"": 0.0, ""schema_version"": ""wafer_particles.pattern_config.v1"", ""wafer_radius_mm"": 150.0}",638
sample_000639,C03_Ring,,1037,"{""n_particles"": 1037, ""name"": ""wafer_particles.pattern.C03_Ring"", ""radius_ratio"": 0.6263250961197129, ""schema_version"": ""wafer_particles.pattern_config.v1"", ""wafer_radius_mm"": 150.0, ""width_ratio"": 0.09489411610811044}",639
sample_000640,radial_lines,line,1021,"{""angular_jitter_deg"": 2.0, ""n_lines"": 6, ""n_particles"": 1021, ""name"": ""wafer_particles.pattern.radial_lines"", ""r_max_ratio"": 1.0, ""r_min_ratio"": 0.0, ""schema_version"": ""wafer_particles.pattern_config.v1"", ""wafer_radius_mm"": 150.0}",640
sample_000641,ring_narrow,ring,1080,"{""n_particles"": 1080, ""name"": ""wafer_particles.pattern.ring_narrow"", ""radius_ratio"": 0.7, ""schema_version"": ""wafer_particles.pattern_config.v1"", ""wafer_radius_mm"": 150.0, ""width_ratio"": 0.03}",641
sample_000642,ring_wide,ring,1344,"{""n_particles"": 1344, ""name"": ""wafer_particles.pattern.ring_wide"", ""radius_ratio"": 0.6, ""schema_version"": ""wafer_particles.pattern_config.v1"", ""wafer_radius_mm"": 150.0, ""width_ratio"": 0.15}",642
sample_000643,edge_sector_right,sector,927,"{""angle_width_deg"": 40.0, ""edge_width_ratio"": 0.1, ""n_particles"": 927, ""name"": ""wafer_particles.pattern.edge_sector"", ""schema_version"": ""wafer_particles.pattern_config.v1"", ""side"": ""right"", ""wafer_radius_mm"": 150.0}",643
sample_000644,C11_Hotspot_Elliptic,,1374,"{""center_angle"": ""random"", ""center_angle_rad"": 3.9226572816833514, ""center_radius_ratio"": 0.8479270438880435, ""mode"": ""random"", ""n_particles"": 1374, ""name"": ""wafer_particles.pattern.C11_Hotspot_Elliptic"", ""rotation_deg"": 30.0, ""rotation_rad"": 5.817055392356291, ""schema_version"": ""wafer_particles.pattern_config.v1"", ""sigma_x_ratio"": 0.0857449408108756, ""sigma_y_ratio"": 0.05582899516381347, ""wafer_radius_mm"": 150.0}",644
sample_000645,hotspot_center,hotspot,1048,"{""center_angle"": ""random"", ""center_radius_ratio"": 0.9, ""mode"": ""center"", ""n_particles"": 1048, ""name"": ""wafer_particles.pattern.hotspot"", ""schema_version"": ""wafer_particles.pattern_config.v1"", ""sigma_ratio"": 0.05, ""wafer_radius_mm"": 150.0}",645
sample_000646,C04_Sector_Edge,,558,"{""angle_center_rad"": 0.9296515813343139, ""angle_width_deg"": 55.695857356613594, ""edge_width_ratio"": 0.20719262009778144, ""n_particles"": 558, ""name"": ""wafer_particles.pattern.C04_Sector_Edge"", ""radial_beta_alpha"": 1.368100343399184, ""radial_beta_beta"": 1.546026116326075, ""schema_version"": ""wafer_particles.pattern_config.v1"", ""side"": ""right"", ""theta_vonmises_kappa"": 6.030529943408583, ""wafer_radius_mm"": 150.0}",646
sample_000647,C11_Hotspot_Elliptic,,842,"{""center_angle"": ""random"", ""center_angle_rad"": 5.202963852631962, ""center_radius_ratio"": 0.6548932492436319, ""mode"": ""random"", ""n_particles"": 842, ""name"": ""wafer_particles.pattern.C11_Hotspot_Elliptic"", ""rotation_deg"": 30.0, ""rotation_rad"": 1.1086509943693288, ""schema_version"": ""wafer_particles.pattern_config.v1"", ""sigma_x_ratio"": 0.10444285075810954, ""sigma_y_ratio"": 0.014602891402012333, ""wafer_radius_mm"": 150.0}",647
sample_000648,C11_Hotspot_Elliptic,,1203,"{""center_angle"": ""random"", ""center_angle_rad"": 1.9128071574151737, ""center_radius_ratio"": 0.8793580988838307, ""mode"": ""random"", ""n_particles"": 1203, ""name"": ""wafer_particles.pattern.C11_Hotspot_Elliptic"", ""rotation_deg"": 30.0, ""rotation_rad"": 2.75469738453148, ""schema_version"": ""wafer_particles.pattern_config.v1"", ""sigma_x_ratio"": 0.11196124280428867, ""sigma_y_ratio"": 0.04186266935428384, ""wafer_radius_mm"": 150.0}",648
sample_000649,C03_Ring,,1385,"{""n_particles"": 1385, ""name"": ""wafer_particles.pattern.C03_Ring"", ""radius_ratio"": 0.46449261346380194, ""schema_version"": ""wafer_particles.pattern_config.v1"", ""wafer_radius_mm"": 150.0, ""width_ratio"": 0.09114353515581032}",649
sample_000650,C01_Uniform,,1193,"{""n_particles"": 1193, ""name"": ""wafer_particles.pattern.C01_Uniform"", ""schema_version"": ""wafer_particles.pattern_config.v1"", ""wafer_radius_mm"": 150.0}",650
sample_000651,C03_Ring,,1276,"{""n_particles"": 1276, ""name"": ""wafer_particles.pattern.C03_Ring"", ""radius_ratio"": 0.4775529446885339, ""schema_version"": ""wafer_particles.pattern_config.v1"", ""wafer_radius_mm"": 150.0, ""width_ratio"": 0.06686689412321423}",651
sample_000652,C11_Hotspot_Elliptic,,790,"{""center_angle"": ""random"", ""center_angle_rad"": 1.2034789965670853, ""center_radius_ratio"": 0.06139642050247938, ""mode"": ""random"", ""n_particles"": 790, ""name"": ""wafer_particles.pattern.C11_Hotspot_Elliptic"", ""rotation_deg"": 30.0, ""rotation_rad"": 0.6706553971776845, ""schema_version"": ""wafer_particles.pattern_config.v1"", ""sigma_x_ratio"": 0.05908712716428375, ""sigma_y_ratio"": 0.045290281081074385, ""wafer_radius_mm"": 150.0}",652
sample_000653,C04_Sector_Edge,,759,"{""angle_center_rad"": 5.390339938516378, ""angle_width_deg"": 29.941893252133767, ""edge_width_ratio"": 0.17986579257676266, ""n_particles"": 759, ""name"": ""wafer_particles.pattern.C04_Sector_Edge"", ""radial_beta_alpha"": 3.112721444503958, ""radial_beta_beta"": 0.8587998011291024, ""schema_version"": ""wafer_particles.pattern_config.v1"", ""side"": ""right"", ""theta_vonmises_kappa"": 9.306750033031372, ""wafer_radius_mm"": 150.0}",653
sample_000654,C11_Hotspot_Elliptic,,1336,"{""center_angle"": ""random"", ""center_angle_rad"": 3.1385527323776077, ""center_radius_ratio"": 0.2096184188240551, ""mode"": ""random"", ""n_particles"": 1336, ""name"": ""wafer_particles.pattern.C11_Hotspot_Elliptic"", ""rotation_deg"": 30.0, ""rotation_rad"": 0.4658466896060472, ""schema_version"": ""wafer_particles.pattern_config.v1"", ""sigma_x_ratio"": 0.10194954400884237, ""sigma_y_ratio"": 0.03553719163630039, ""wafer_radius_mm"": 150.0}",654
sample_000655,C01_Uniform,,1071,"{""n_particles"": 1071, ""name"": ""wafer_particles.pattern.C01_Uniform"", ""schema_version"": ""wafer_particles.pattern_config.v1"", ""wafer_radius_mm"": 150.0}",655
sample_000656,edge_sector_left,sector,1084,"{""angle_width_deg"": 40.0, ""edge_width_ratio"": 0.1, ""n_particles"": 1084, ""name"": ""wafer_particles.pattern.edge_sector"", ""schema_version"": ""wafer_particles.pattern_config.v1"", ""side"": ""left"", ""wafer_radius_mm"": 150.0}",656
sample_000657,edge_sector_right,sector,1287,"{""angle_width_deg"": 40.0, ""edge_width_ratio"": 0.1, ""n_particles"": 1287, ""name"": ""wafer_particles.pattern.edge_sector"", ""schema_version"": ""wafer_particles.pattern_config.v1"", ""side"": ""right"", ""wafer_radius_mm"": 150.0}",657
sample_000658,C01_Uniform,,1463,"{""n_particles"": 1463, ""name"": ""wafer_particles.pattern.C01_Uniform"", ""schema_version"": ""wafer_particles.pattern_config.v1"", ""wafer_radius_mm"": 150.0}",658
sample_000659,C03_Ring,,1193,"{""n_particles"": 1193, ""name"": ""wafer_particles.pattern.C03_Ring"", ""radius_ratio"": 0.561137564550458, ""schema_version"": ""wafer_particles.pattern_config.v1"", ""wafer_radius_mm"": 150.0, ""width_ratio"": 0.13031059864385838}",659
sample_000660,C07_StraightLine,,1017,"{""angle_deg"": 134.62224671516105, ""n_particles"": 1017, ""name"": ""wafer_particles.pattern.C07_StraightLine"", ""offset_ratio"": 0.1005280078766842, ""schema_version"": ""wafer_particles.pattern_config.v1"", ""segment_half_length_ratio"": 0.715002318749274, ""wafer_radius_mm"": 150.0, ""width_ratio"": 0.04669029343491708}",660
sample_000661,ring_narrow,ring,990,"{""n_particles"": 990, ""name"": ""wafer_particles.pattern.ring_narrow"", ""radius_ratio"": 0.7, ""schema_version"": ""wafer_particles.pattern_config.v1"", ""wafer_radius_mm"": 150.0, ""width_ratio"": 0.03}",661
sample_000662,C04_Sector_Edge,,576,"{""angle_center_rad"": 0.6477874152424743, ""angle_width_deg"": 51.99980536199588, ""edge_width_ratio"": 0.14467913334097088, ""n_particles"": 576, ""name"": ""wafer_particles.pattern.C04_Sector_Edge"", ""radial_beta_alpha"": 2.4312148503815068, ""radial_beta_beta"": 3.3828362181631952, ""schema_version"": ""wafer_particles.pattern_config.v1"", ""side"": ""right"", ""theta_vonmises_kappa"": 4.371403785859082, ""wafer_radius_mm"": 150.0}",662
sample_000663,C03_Ring,,824,"{""n_particles"": 824, ""name"": ""wafer_particles.pattern.C03_Ring"", ""radius_ratio"": 0.6978001498269972, ""schema_version"": ""wafer_particles.pattern_config.v1"", ""wafer_radius_mm"": 150.0, ""width_ratio"": 0.16223394485612333}",663
sample_000664,scratch_vertical,line,1328,"{""angle_category"": ""vertical"", ""length_ratio"": 1.0, ""n_particles"": 1328, ""name"": ""wafer_particles.pattern.scratch"", ""offset_ratio"": 0.0, ""schema_version"": ""wafer_particles.pattern_config.v1"", ""wafer_radius_mm"": 150.0, ""width_ratio"": 0.01}",664
sample_000665,C07_StraightLine,,1042,"{""angle_deg"": 165.13862255224558, ""n_particles"": 1042, ""name"": ""wafer_particles.pattern.C07_StraightLine"", ""offset_ratio"": -0.03223776941739448, ""schema_version"": ""wafer_particles.pattern_config.v1"", ""segment_half_length_ratio"": 0.6804978540712672, ""wafer_radius_mm"": 150.0, ""width_ratio"": 0.03808828196388981}",665
sample_000666,C03_Ring,,1121,"{""n_particles"": 1121, ""name"": ""wafer_particles.pattern.C03_Ring"", ""radius_ratio"": 0.4633445150522831, ""schema_version"": ""wafer_particles.pattern_config.v1"", ""wafer_radius_mm"": 150.0, ""width_ratio"": 0.03459090332422478}",666
sample_000667,C03_Ring,,513,"{""n_particles"": 513, ""name"": ""wafer_particles.pattern.C03_Ring"", ""radius_ratio"": 0.4512336133245462, ""schema_version"": ""wafer_particles.pattern_config.v1"", ""wafer_radius_mm"": 150.0, ""width_ratio"": 0.05017633782200354}",667
sample_000668,C04_Sector_Edge,,1273,"{""angle_center_rad"": 3.6229711514035166, ""angle_width_deg"": 24.08003797814109, ""edge_width_ratio"": 0.22204296186317524, ""n_particles"": 1273, ""name"": ""wafer_particles.pattern.C04_Sector_Edge"", ""radial_beta_alpha"": 2.9955580508101667, ""radial_beta_beta"": 0.9706055134223647, ""schema_version"": ""wafer_particles.pattern_config.v1"", ""side"": ""right"", ""theta_vonmises_kappa"": 1.320089191310767, ""wafer_radius_mm"": 150.0}",668
sample_000669,C11_Hotspot_Elliptic,,1467,"{""center_angle"": ""random"", ""center_angle_rad"": 5.963555284422015, ""center_radius_ratio"": 0.3625587386853385, ""mode"": ""random"", ""n_particles"": 1467, ""name"": ""wafer_particles.pattern.C11_Hotspot_Elliptic"", ""rotation_deg"": 30.0, ""rotation_rad"": 5.755334900435389, ""schema_version"": ""wafer_particles.pattern_config.v1"", ""sigma_x_ratio"": 0.11828919584221029, ""sigma_y_ratio"": 0.02336795701718728, ""wafer_radius_mm"": 150.0}",669
sample_000670,C07_StraightLine,,865,"{""angle_deg"": 151.04342474258064, ""n_particles"": 865, ""name"": ""wafer_particles.pattern.C07_StraightLine"", ""offset_ratio"": 0.047560359393703344, ""schema_version"": ""wafer_particles.pattern_config.v1"", ""segment_half_length_ratio"": 0.39374652615625183, ""wafer_radius_mm"": 150.0, ""width_ratio"": 0.031917191658423175}",670
sample_000671,C04_Sector_Edge,,1266,"{""angle_center_rad"": 5.403124884299428, ""angle_width_deg"": 47.190596860431725, ""edge_width_ratio"": 0.05070014868095339, ""n_particles"": 1266, ""name"": ""wafer_particles.pattern.C04_Sector_Edge"", ""radial_beta_alpha"": 3.6895054006853982, ""radial_beta_beta"": 1.1484028140217728, ""schema_version"": ""wafer_particles.pattern_config.v1"", ""side"": ""right"", ""theta_vonmises_kappa"": 1.2528343907166017, ""wafer_radius_mm"": 150.0}",671
sample_000672,C01_Uniform,,919,"{""n_particles"": 919, ""name"": ""wafer_particles.pattern.C01_Uniform"", ""schema_version"": ""wafer_particles.pattern_config.v1"", ""wafer_radius_mm"": 150.0}",672
sample_000673,edge_sector_right,sector,1473,"{""angle_width_deg"": 40.0, ""edge_width_ratio"": 0.1, ""n_particles"": 1473, ""name"": ""wafer_particles.pattern.edge_sector"", ""schema_version"": ""wafer_particles.pattern_config.v1"", ""side"": ""right"", ""wafer_radius_mm"": 150.0}",673
sample_000674,C11_Hotspot_Elliptic,,795,"{""center_angle"": ""random"", ""center_angle_rad"": 0.25727799698259346, ""center_radius_ratio"": 0.24530188410994266, ""mode"": ""random"", ""n_particles"": 795, ""name"": ""wafer_particles.pattern.C11_Hotspot_Elliptic"", ""rotation_deg"": 30.0, ""rotation_rad"": 3.5335104314344106, ""schema_version"": ""wafer_particles.pattern_config.v1"", ""sigma_x_ratio"": 0.09713678226352185, ""sigma_y_ratio"": 0.07768159266825339, ""wafer_radius_mm"": 150.0}",674
sample_000675,C01_Uniform,,943,"{""n_particles"": 943, ""name"": ""wafer_particles.pattern.C01_Uniform"", ""schema_version"": ""wafer_particles.pattern_config.v1"", ""wafer_radius_mm"": 150.0}",675
sample_000676,C07_StraightLine,,1025,"{""angle_deg"": 73.14474439514997, ""n_particles"": 1025, ""name"": ""wafer_particles.pattern.C07_StraightLine"", ""offset_ratio"": 0.15190809413722656, ""schema_version"": ""wafer_particles.pattern_config.v1"", ""segment_half_length_ratio"": 0.5448492692918486, ""wafer_radius_mm"": 150.0, ""width_ratio"": 0.015198073709298578}",676
sample_000677,C07_StraightLine,,1496,"{""angle_deg"": 108.49713195971641, ""n_particles"": 1496, ""name"": ""wafer_particles.pattern.C07_StraightLine"", ""offset_ratio"": 0.09074241952991946, ""schema_version"": ""wafer_particles.pattern_config.v1"", ""segment_half_length_ratio"": 0.3588722549100469, ""wafer_radius_mm"": 150.0, ""width_ratio"": 0.01873348188400442}",677
sample_000678,ring_narrow,ring,1194,"{""n_particles"": 1194, ""name"": ""wafer_particles.pattern.ring_narrow"", ""radius_ratio"": 0.7, ""schema_version"": ""wafer_particles.pattern_config.v1"", ""wafer_radius_mm"": 150.0, ""width_ratio"": 0.03}",678
sample_000679,C04_Sector_Edge,,838,"{""angle_center_rad"": 3.7138711757559517, ""angle_width_deg"": 76.21925019439226, ""edge_width_ratio"": 0.09029627770876618, ""n_particles"": 838, ""name"": ""wafer_particles.pattern.C04_Sector_Edge"", ""radial_beta_alpha"": 2.9658661804239275, ""radial_beta_beta"": 1.156477133948831, ""schema_version"": ""wafer_particles.pattern_config.v1"", ""side"": ""right"", ""theta_vonmises_kappa"": 1.6366456455521412, ""wafer_radius_mm"": 150.0}",679
sample_000680,edge_sector_left,sector,919,"{""angle_width_deg"": 40.0, ""edge_width_ratio"": 0.1, ""n_particles"": 919, ""name"": ""wafer_particles.pattern.edge_sector"", ""schema_version"": ""wafer_particles.pattern_config.v1"", ""side"": ""left"", ""wafer_radius_mm"": 150.0}",680
sample_000681,ring_narrow,ring,1199,"{""n_particles"": 1199, ""name"": ""wafer_particles.pattern.ring_narrow"", ""radius_ratio"": 0.7, ""schema_version"": ""wafer_particles.pattern_config.v1"", ""wafer_radius_mm"": 150.0, ""width_ratio"": 0.03}",681
sample_000682,C03_Ring,,1071,"{""n_particles"": 1071, ""name"": ""wafer_particles.pattern.C03_Ring"", ""radius_ratio"": 0.7537782962656023, ""schema_version"": ""wafer_particles.pattern_config.v1"", ""wafer_radius_mm"": 150.0, ""width_ratio"": 0.17387568092940817}",682
sample_000683,C07_StraightLine,,673,"{""angle_deg"": 49.65850292227183, ""n_particles"": 673, ""name"": ""wafer_particles.pattern.C07_StraightLine"", ""offset_ratio"": -0.1280639754523829, ""schema_version"": ""wafer_particles.pattern_config.v1"", ""segment_half_length_ratio"": 0.6130709787673696, ""wafer_radius_mm"": 150.0, ""width_ratio"": 0.049554321135679556}",683
sample_000684,C01_Uniform,,797,"{""n_particles"": 797, ""name"": ""wafer_particles.pattern.C01_Uniform"", ""schema_version"": ""wafer_particles.pattern_config.v1"", ""wafer_radius_mm"": 150.0}",684
sample_000685,C07_StraightLine,,1224,"{""angle_deg"": 142.99858568676464, ""n_particles"": 1224, ""name"": ""wafer_particles.pattern.C07_StraightLine"", ""offset_ratio"": 0.03972571865637892, ""schema_version"": ""wafer_particles.pattern_config.v1"", ""segment_half_length_ratio"": 0.4771742495393432, ""wafer_radius_mm"": 150.0, ""width_ratio"": 0.033981399388455354}",685
sample_000686,edge_sector_left,sector,827,"{""angle_width_deg"": 40.0, ""edge_width_ratio"": 0.1, ""n_particles"": 827, ""name"": ""wafer_particles.pattern.edge_sector"", ""schema_version"": ""wafer_particles.pattern_config.v1"", ""side"": ""left"", ""wafer_radius_mm"": 150.0}",686
sample_000687,C01_Uniform,,1206,"{""n_particles"": 1206, ""name"": ""wafer_particles.pattern.C01_Uniform"", ""schema_version"": ""wafer_particles.pattern_config.v1"", ""wafer_radius_mm"": 150.0}",687
sample_000688,C04_Sector_Edge,,1516,"{""angle_center_rad"": 3.9263094411873585, ""angle_width_deg"": 88.20152900719975, ""edge_width_ratio"": 0.10252366122681038, ""n_particles"": 1516, ""name"": ""wafer_particles.pattern.C04_Sector_Edge"", ""radial_beta_alpha"": 2.7954003122192557, ""radial_beta_beta"": 1.0195923260359856, ""schema_version"": ""wafer_particles.pattern_config.v1"", ""side"": ""right"", ""theta_vonmises_kappa"": 2.6009047594123644, ""wafer_radius_mm"": 150.0}",688
sample_000689,C11_Hotspot_Elliptic,,1073,"{""center_angle"": ""random"", ""center_angle_rad"": 4.984067792845633, ""center_radius_ratio"": 0.8563931501793607, ""mode"": ""random"", ""n_particles"": 1073, ""name"": ""wafer_particles.pattern.C11_Hotspot_Elliptic"", ""rotation_deg"": 30.0, ""rotation_rad"": 6.037408265850758, ""schema_version"": ""wafer_particles.pattern_config.v1"", ""sigma_x_ratio"": 0.06395156813098624, ""sigma_y_ratio"": 0.025471430125957685, ""wafer_radius_mm"": 150.0}",689
sample_000690,C01_Uniform,,1318,"{""n_particles"": 1318, ""name"": ""wafer_particles.pattern.C01_Uniform"", ""schema_version"": ""wafer_particles.pattern_config.v1"", ""wafer_radius_mm"": 150.0}",690
sample_000691,C07_StraightLine,,642,"{""angle_deg"": 100.53239290970602, ""n_particles"": 642, ""name"": ""wafer_particles.pattern.C07_StraightLine"", ""offset_ratio"": 0.22252539861805282, ""schema_version"": ""wafer_particles.pattern_config.v1"", ""segment_half_length_ratio"": 0.7873143240172009, ""wafer_radius_mm"": 150.0, ""width_ratio"": 0.03458076892986859}",691
sample_000692,C07_StraightLine,,797,"{""angle_deg"": 14.45803685969443, ""n_particles"": 797, ""name"": ""wafer_particles.pattern.C07_StraightLine"", ""offset_ratio"": 0.05743244603880093, ""schema_version"": ""wafer_particles.pattern_config.v1"", ""segment_half_length_ratio"": 0.4187013141045293, ""wafer_radius_mm"": 150.0, ""width_ratio"": 0.014178157903422133}",692
sample_000693,C01_Uniform,,1436,"{""n_particles"": 1436, ""name"": ""wafer_particles.pattern.C01_Uniform"", ""schema_version"": ""wafer_particles.pattern_config.v1"", ""wafer_radius_mm"": 150.0}",693
sample_000694,C03_Ring,,1380,"{""n_particles"": 1380, ""name"": ""wafer_particles.pattern.C03_Ring"", ""radius_ratio"": 0.7491910490287539, ""schema_version"": ""wafer_particles.pattern_config.v1"", ""wafer_radius_mm"": 150.0, ""width_ratio"": 0.1382559397292638}",694
sample_000695,C01_Uniform,,679,"{""n_particles"": 679, ""name"": ""wafer_particles.pattern.C01_Uniform"", ""schema_version"": ""wafer_particles.pattern_config.v1"", ""wafer_radius_mm"": 150.0}",695
sample_000696,C11_Hotspot_Elliptic,,1336,"{""center_angle"": ""random"", ""center_angle_rad"": 0.35409576961455347, ""center_radius_ratio"": 0.02538708401681136, ""mode"": ""random"", ""n_particles"": 1336, ""name"": ""wafer_particles.pattern.C11_Hotspot_Elliptic"", ""rotation_deg"": 30.0, ""rotation_rad"": 5.200018066026966, ""schema_version"": ""wafer_particles.pattern_config.v1"", ""sigma_x_ratio"": 0.04515316357583378, ""sigma_y_ratio"": 0.07996817395794943, ""wafer_radius_mm"": 150.0}",696
sample_000697,C03_Ring,,1090,"{""n_particles"": 1090, ""name"": ""wafer_particles.pattern.C03_Ring"", ""radius_ratio"": 0.8609048197254541, ""schema_version"": ""wafer_particles.pattern_config.v1"", ""wafer_radius_mm"": 150.0, ""width_ratio"": 0.19072973051159278}",697
sample_000698,scratch_horizontal,line,567,"{""angle_category"": ""horizontal"", ""length_ratio"": 1.0, ""n_particles"": 567, ""name"": ""wafer_particles.pattern.scratch"", ""offset_ratio"": 0.0, ""schema_version"": ""wafer_particles.pattern_config.v1"", ""wafer_radius_mm"": 150.0, ""width_ratio"": 0.01}",698
sample_000699,hotspot_center,hotspot,963,"{""center_angle"": ""random"", ""center_radius_ratio"": 0.9, ""mode"": ""center"", ""n_particles"": 963, ""name"": ""wafer_particles.pattern.hotspot"", ""schema_version"": ""wafer_particles.pattern_config.v1"", ""sigma_ratio"": 0.05, ""wafer_radius_mm"": 150.0}",699
sample_000700,C07_StraightLine,,567,"{""angle_deg"": 109.97110325416948, ""n_particles"": 567, ""name"": ""wafer_particles.pattern.C07_StraightLine"", ""offset_ratio"": -0.061946953280541256, ""schema_version"": ""wafer_particles.pattern_config.v1"", ""segment_half_length_ratio"": 0.7371471228794266, ""wafer_radius_mm"": 150.0, ""width_ratio"": 0.024661598579867553}",700
sample_000701,C04_Sector_Edge,,929,"{""angle_center_rad"": 1.0428195725719265, ""angle_width_deg"": 36.59765026130166, ""edge_width_ratio"": 0.1785460039435165, ""n_particles"": 929, ""name"": ""wafer_particles.pattern.C04_Sector_Edge"", ""radial_beta_alpha"": 1.7132830310587859, ""radial_beta_beta"": 2.257892665491272, ""schema_version"": ""wafer_particles.pattern_config.v1"", ""side"": ""right"", ""theta_vonmises_kappa"": 2.4711313833578816, ""wafer_radius_mm"": 150.0}",701
sample_000702,C01_Uniform,,604,"{""n_particles"": 604, ""name"": ""wafer_particles.pattern.C01_Uniform"", ""schema_version"": ""wafer_particles.pattern_config.v1"", ""wafer_radius_mm"": 150.0}",702
sample_000703,C04_Sector_Edge,,1033,"{""angle_center_rad"": 3.818421471837822, ""angle_width_deg"": 29.10890882159876, ""edge_width_ratio"": 0.22162832568376595, ""n_particles"": 1033, ""name"": ""wafer_particles.pattern.C04_Sector_Edge"", ""radial_beta_alpha"": 2.0383706413368303, ""radial_beta_beta"": 1.7121855761628235, ""schema_version"": ""wafer_particles.pattern_config.v1"", ""side"": ""right"", ""theta_vonmises_kappa"": 6.834753748343576, ""wafer_radius_mm"": 150.0}",703
sample_000704,C04_Sector_Edge,,986,"{""angle_center_rad"": 2.8484313477980123, ""angle_width_deg"": 44.85549215796513, ""edge_width_ratio"": 0.17177737089874412, ""n_particles"": 986, ""name"": ""wafer_particles.pattern.C04_Sector_Edge"", ""radial_beta_alpha"": 1.620312751410203, ""radial_beta_beta"": 0.9112695159173029, ""schema_version"": ""wafer_particles.pattern_config.v1"", ""side"": ""right"", ""theta_vonmises_kappa"": 1.3148080308894083, ""wafer_radius_mm"": 150.0}",704
sample_000705,C04_Sector_Edge,,545,"{""angle_center_rad"": 0.9675200979205794, ""angle_width_deg"": 49.54977444071359, ""edge_width_ratio"": 0.09644185352017719, ""n_particles"": 545, ""name"": ""wafer_particles.pattern.C04_Sector_Edge"", ""radial_beta_alpha"": 2.036295578500999, ""radial_beta_beta"": 1.3972296189607505, ""schema_version"": ""wafer_particles.pattern_config.v1"", ""side"": ""right"", ""theta_vonmises_kappa"": 5.946455939861609, ""wafer_radius_mm"": 150.0}",705
sample_000706,C01_Uniform,,1278,"{""n_particles"": 1278, ""name"": ""wafer_particles.pattern.C01_Uniform"", ""schema_version"": ""wafer_particles.pattern_config.v1"", ""wafer_radius_mm"": 150.0}",706
sample_000707,C04_Sector_Edge,,541,"{""angle_center_rad"": 1.196599387862354, ""angle_width_deg"": 51.98523513449776, ""edge_width_ratio"": 0.2271451028875609, ""n_particles"": 541, ""name"": ""wafer_particles.pattern.C04_Sector_Edge"", ""radial_beta_alpha"": 1.4581649293507946, ""radial_beta_beta"": 3.443822516031659, ""schema_version"": ""wafer_particles.pattern_config.v1"", ""side"": ""right"", ""theta_vonmises_kappa"": 2.4982463994501813, ""wafer_radius_mm"": 150.0}",707
sample_000708,C03_Ring,,1322,"{""n_particles"": 1322, ""name"": ""wafer_particles.pattern.C03_Ring"", ""radius_ratio"": 0.452292283578971, ""schema_version"": ""wafer_particles.pattern_config.v1"", ""wafer_radius_mm"": 150.0, ""width_ratio"": 0.07886800637736795}",708
sample_000709,C07_StraightLine,,1156,"{""angle_deg"": 51.132794814966644, ""n_particles"": 1156, ""name"": ""wafer_particles.pattern.C07_StraightLine"", ""offset_ratio"": 0.1620582590132678, ""schema_version"": ""wafer_particles.pattern_config.v1"", ""segment_half_length_ratio"": 0.6285462065072072, ""wafer_radius_mm"": 150.0, ""width_ratio"": 0.022506959673094757}",709
sample_000710,C01_Uniform,,617,"{""n_particles"": 617, ""name"": ""wafer_particles.pattern.C01_Uniform"", ""schema_version"": ""wafer_particles.pattern_config.v1"", ""wafer_radius_mm"": 150.0}",710
sample_000711,C01_Uniform,,1234,"{""n_particles"": 1234, ""name"": ""wafer_particles.pattern.C01_Uniform"", ""schema_version"": ""wafer_particles.pattern_config.v1"", ""wafer_radius_mm"": 150.0}",711
sample_000712,ring_narrow,ring,1005,"{""n_particles"": 1005, ""name"": ""wafer_particles.pattern.ring_narrow"", ""radius_ratio"": 0.7, ""schema_version"": ""wafer_particles.pattern_config.v1"", ""wafer_radius_mm"": 150.0, ""width_ratio"": 0.03}",712
sample_000713,C01_Uniform,,940,"{""n_particles"": 940, ""name"": ""wafer_particles.pattern.C01_Uniform"", ""schema_version"": ""wafer_particles.pattern_config.v1"", ""wafer_radius_mm"": 150.0}",713
sample_000714,C04_Sector_Edge,,815,"{""angle_center_rad"": 3.3568311499092673, ""angle_width_deg"": 81.44884908284288, ""edge_width_ratio"": 0.06183821110850078, ""n_particles"": 815, ""name"": ""wafer_particles.pattern.C04_Sector_Edge"", ""radial_beta_alpha"": 1.4475137647212264, ""radial_beta_beta"": 1.283835195699854, ""schema_version"": ""wafer_particles.pattern_config.v1"", ""side"": ""right"", ""theta_vonmises_kappa"": 4.648395069485369, ""wafer_radius_mm"": 150.0}",714
sample_000715,C01_Uniform,,1044,"{""n_particles"": 1044, ""name"": ""wafer_particles.pattern.C01_Uniform"", ""schema_version"": ""wafer_particles.pattern_config.v1"", ""wafer_radius_mm"": 150.0}",715
sample_000716,C03_Ring,,1094,"{""n_particles"": 1094, ""name"": ""wafer_particles.pattern.C03_Ring"", ""radius_ratio"": 0.4019002566311493, ""schema_version"": ""wafer_particles.pattern_config.v1"", ""wafer_radius_mm"": 150.0, ""width_ratio"": 0.17865966898911526}",716
sample_000717,scratch_vertical,line,1278,"{""angle_category"": ""vertical"", ""length_ratio"": 1.0, ""n_particles"": 1278, ""name"": ""wafer_particles.pattern.scratch"", ""offset_ratio"": 0.0, ""schema_version"": ""wafer_particles.pattern_config.v1"", ""wafer_radius_mm"": 150.0, ""width_ratio"": 0.01}",717
sample_000718,C03_Ring,,1510,"{""n_particles"": 1510, ""name"": ""wafer_particles.pattern.C03_Ring"", ""radius_ratio"": 0.7767512935774199, ""schema_version"": ""wafer_particles.pattern_config.v1"", ""wafer_radius_mm"": 150.0, ""width_ratio"": 0.18758580200397662}",718
sample_000719,C03_Ring,,581,"{""n_particles"": 581, ""name"": ""wafer_particles.pattern.C03_Ring"", ""radius_ratio"": 0.47899621170868867, ""schema_version"": ""wafer_particles.pattern_config.v1"", ""wafer_radius_mm"": 150.0, ""width_ratio"": 0.04358290142706251}",719
sample_000720,C11_Hotspot_Elliptic,,655,"{""center_angle"": ""random"", ""center_angle_rad"": 3.119225506305504, ""center_radius_ratio"": 0.5422761205726782, ""mode"": ""random"", ""n_particles"": 655, ""name"": ""wafer_particles.pattern.C11_Hotspot_Elliptic"", ""rotation_deg"": 30.0, ""rotation_rad"": 4.15128875509114, ""schema_version"": ""wafer_particles.pattern_config.v1"", ""sigma_x_ratio"": 0.07473915618859037, ""sigma_y_ratio"": 0.06224272976617483, ""wafer_radius_mm"": 150.0}",720
sample_000721,C11_Hotspot_Elliptic,,1225,"{""center_angle"": ""random"", ""center_angle_rad"": 2.0943363571231544, ""center_radius_ratio"": 0.25510161700155554, ""mode"": ""random"", ""n_particles"": 1225, ""name"": ""wafer_particles.pattern.C11_Hotspot_Elliptic"", ""rotation_deg"": 30.0, ""rotation_rad"": 2.345837249627872, ""schema_version"": ""wafer_particles.pattern_config.v1"", ""sigma_x_ratio"": 0.04703810876214042, ""sigma_y_ratio"": 0.07317922549695724, ""wafer_radius_mm"": 150.0}",721
sample_000722,C03_Ring,,895,"{""n_particles"": 895, ""name"": ""wafer_particles.pattern.C03_Ring"", ""radius_ratio"": 0.6875530299148414, ""schema_version"": ""wafer_particles.pattern_config.v1"", ""wafer_radius_mm"": 150.0, ""width_ratio"": 0.06319471514370964}",722
sample_000723,C04_Sector_Edge,,1067,"{""angle_center_rad"": 2.669275564915106, ""angle_width_deg"": 70.97631427225376, ""edge_width_ratio"": 0.20896473381429292, ""n_particles"": 1067, ""name"": ""wafer_particles.pattern.C04_Sector_Edge"", ""radial_beta_alpha"": 1.82975719265163, ""radial_beta_beta"": 2.0837047453009783, ""schema_version"": ""wafer_particles.pattern_config.v1"", ""side"": ""right"", ""theta_vonmises_kappa"": 1.8559210824296892, ""wafer_radius_mm"": 150.0}",723
sample_000724,C04_Sector_Edge,,833,"{""angle_center_rad"": 2.194313023167305, ""angle_width_deg"": 82.10504453436545, ""edge_width_ratio"": 0.26807183989453437, ""n_particles"": 833, ""name"": ""wafer_particles.pattern.C04_Sector_Edge"", ""radial_beta_alpha"": 2.0018636484637264, ""radial_beta_beta"": 2.138242106507242, ""schema_version"": ""wafer_particles.pattern_config.v1"", ""side"": ""right"", ""theta_vonmises_kappa"": 5.1860061223200145, ""wafer_radius_mm"": 150.0}",724
sample_000725,C07_StraightLine,,1445,"{""angle_deg"": 119.78639280397032, ""n_particles"": 1445, ""name"": ""wafer_particles.pattern.C07_StraightLine"", ""offset_ratio"": 0.28024843093852775, ""schema_version"": ""wafer_particles.pattern_config.v1"", ""segment_half_length_ratio"": 0.3770729824027636, ""wafer_radius_mm"": 150.0, ""width_ratio"": 0.0482470378641565}",725
sample_000726,C11_Hotspot_Elliptic,,807,"{""center_angle"": ""random"", ""center_angle_rad"": 3.896979182086117, ""center_radius_ratio"": 0.8637406385343362, ""mode"": ""random"", ""n_particles"": 807, ""name"": ""wafer_particles.pattern.C11_Hotspot_Elliptic"", ""rotation_deg"": 30.0, ""rotation_rad"": 5.187978730105534, ""schema_version"": ""wafer_particles.pattern_config.v1"", ""sigma_x_ratio"": 0.1011235970913666, ""sigma_y_ratio"": 0.07373046487853917, ""wafer_radius_mm"": 150.0}",726
sample_000727,C04_Sector_Edge,,936,"{""angle_center_rad"": 5.046530517015089, ""angle_width_deg"": 21.766095688277545, ""edge_width_ratio"": 0.2736687150248515, ""n_particles"": 936, ""name"": ""wafer_particles.pattern.C04_Sector_Edge"", ""radial_beta_alpha"": 1.3342941044992263, ""radial_beta_beta"": 1.2441615372452988, ""schema_version"": ""wafer_particles.pattern_config.v1"", ""side"": ""right"", ""theta_vonmises_kappa"": 4.395269093388685, ""wafer_radius_mm"": 150.0}",727
sample_000728,C04_Sector_Edge,,1430,"{""angle_center_rad"": 0.6856335903138898, ""angle_width_deg"": 69.61511906667776, ""edge_width_ratio"": 0.24968666961569208, ""n_particles"": 1430, ""name"": ""wafer_particles.pattern.C04_Sector_Edge"", ""radial_beta_alpha"": 3.0641620367675033, ""radial_beta_beta"": 1.6914332913853292, ""schema_version"": ""wafer_particles.pattern_config.v1"", ""side"": ""right"", ""theta_vonmises_kappa"": 6.769035840816846, ""wafer_radius_mm"": 150.0}",728
sample_000729,C04_Sector_Edge,,1053,"{""angle_center_rad"": 1.0154731340388674, ""angle_width_deg"": 57.48266007207961, ""edge_width_ratio"": 0.13825735753228557, ""n_particles"": 1053, ""name"": ""wafer_particles.pattern.C04_Sector_Edge"", ""radial_beta_alpha"": 2.9841453904007893, ""radial_beta_beta"": 1.9098446881770232, ""schema_version"": ""wafer_particles.pattern_config.v1"", ""side"": ""right"", ""theta_vonmises_kappa"": 3.46200027484371, ""wafer_radius_mm"": 150.0}",729
sample_000730,ring_narrow,ring,517,"{""n_particles"": 517, ""name"": ""wafer_particles.pattern.ring_narrow"", ""radius_ratio"": 0.7, ""schema_version"": ""wafer_particles.pattern_config.v1"", ""wafer_radius_mm"": 150.0, ""width_ratio"": 0.03}",730
sample_000731,scratch_horizontal,line,974,"{""angle_category"": ""horizontal"", ""length_ratio"": 1.0, ""n_particles"": 974, ""name"": ""wafer_particles.pattern.scratch"", ""offset_ratio"": 0.0, ""schema_version"": ""wafer_particles.pattern_config.v1"", ""wafer_radius_mm"": 150.0, ""width_ratio"": 0.01}",731
sample_000732,ring_wide,ring,513,"{""n_particles"": 513, ""name"": ""wafer_particles.pattern.ring_wide"", ""radius_ratio"": 0.6, ""schema_version"": ""wafer_particles.pattern_config.v1"", ""wafer_radius_mm"": 150.0, ""width_ratio"": 0.15}",732
sample_000733,C03_Ring,,1054,"{""n_particles"": 1054, ""name"": ""wafer_particles.pattern.C03_Ring"", ""radius_ratio"": 0.8674694504268157, ""schema_version"": ""wafer_particles.pattern_config.v1"", ""wafer_radius_mm"": 150.0, ""width_ratio"": 0.1486128883043642}",733
sample_000734,C07_StraightLine,,1484,"{""angle_deg"": 76.53583481167037, ""n_particles"": 1484, ""name"": ""wafer_particles.pattern.C07_StraightLine"", ""offset_ratio"": 0.21813254317801195, ""schema_version"": ""wafer_particles.pattern_config.v1"", ""segment_half_length_ratio"": 0.6761417287215536, ""wafer_radius_mm"": 150.0, ""width_ratio"": 0.026550494383257576}",734
sample_000735,C03_Ring,,810,"{""n_particles"": 810, ""name"": ""wafer_particles.pattern.C03_Ring"", ""radius_ratio"": 0.4154689074761767, ""schema_version"": ""wafer_particles.pattern_config.v1"", ""wafer_radius_mm"": 150.0, ""width_ratio"": 0.07510144699176825}",735
sample_000736,C03_Ring,,1086,"{""n_particles"": 1086, ""name"": ""wafer_particles.pattern.C03_Ring"", ""radius_ratio"": 0.6189193680530476, ""schema_version"": ""wafer_particles.pattern_config.v1"", ""wafer_radius_mm"": 150.0, ""width_ratio"": 0.062054253508068646}",736
sample_000737,ring_narrow,ring,894,"{""n_particles"": 894, ""name"": ""wafer_particles.pattern.ring_narrow"", ""radius_ratio"": 0.7, ""schema_version"": ""wafer_particles.pattern_config.v1"", ""wafer_radius_mm"": 150.0, ""width_ratio"": 0.03}",737
sample_000738,C04_Sector_Edge,,713,"{""angle_center_rad"": 2.231919777407062, ""angle_width_deg"": 70.4294469680261, ""edge_width_ratio"": 0.21939479155667785, ""n_particles"": 713, ""name"": ""wafer_particles.pattern.C04_Sector_Edge"", ""radial_beta_alpha"": 1.9087416767058722, ""radial_beta_beta"": 1.8398939223058808, ""schema_version"": ""wafer_particles.pattern_config.v1"", ""side"": ""right"", ""theta_vonmises_kappa"": 9.49574428726147, ""wafer_radius_mm"": 150.0}",738
sample_000739,edge_sector_right,sector,597,"{""angle_width_deg"": 40.0, ""edge_width_ratio"": 0.1, ""n_particles"": 597, ""name"": ""wafer_particles.pattern.edge_sector"", ""schema_version"": ""wafer_particles.pattern_config.v1"", ""side"": ""right"", ""wafer_radius_mm"": 150.0}",739
sample_000740,edge_sector_right,sector,854,"{""angle_width_deg"": 40.0, ""edge_width_ratio"": 0.1, ""n_particles"": 854, ""name"": ""wafer_particles.pattern.edge_sector"", ""schema_version"": ""wafer_particles.pattern_config.v1"", ""side"": ""right"", ""wafer_radius_mm"": 150.0}",740
sample_000741,C04_Sector_Edge,,1246,"{""angle_center_rad"": 0.3718969739595052, ""angle_width_deg"": 82.38479491107492, ""edge_width_ratio"": 0.08824500335650919, ""n_particles"": 1246, ""name"": ""wafer_particles.pattern.C04_Sector_Edge"", ""radial_beta_alpha"": 3.4394594277092025, ""radial_beta_beta"": 2.9189730514871224, ""schema_version"": ""wafer_particles.pattern_config.v1"", ""side"": ""right"", ""theta_vonmises_kappa"": 4.163200432653212, ""wafer_radius_mm"": 150.0}",741
sample_000742,C01_Uniform,,585,"{""n_particles"": 585, ""name"": ""wafer_particles.pattern.C01_Uniform"", ""schema_version"": ""wafer_particles.pattern_config.v1"", ""wafer_radius_mm"": 150.0}",742
sample_000743,edge_sector_right,sector,1529,"{""angle_width_deg"": 40.0, ""edge_width_ratio"": 0.1, ""n_particles"": 1529, ""name"": ""wafer_particles.pattern.edge_sector"", ""schema_version"": ""wafer_particles.pattern_config.v1"", ""side"": ""right"", ""wafer_radius_mm"": 150.0}",743
sample_000744,C07_StraightLine,,1053,"{""angle_deg"": 148.51532124286902, ""n_particles"": 1053, ""name"": ""wafer_particles.pattern.C07_StraightLine"", ""offset_ratio"": -0.050645022652624494, ""schema_version"": ""wafer_particles.pattern_config.v1"", ""segment_half_length_ratio"": 0.39730042596967746, ""wafer_radius_mm"": 150.0, ""width_ratio"": 0.0401834126654727}",744
sample_000745,C07_StraightLine,,540,"{""angle_deg"": 100.14624351967579, ""n_particles"": 540, ""name"": ""wafer_particles.pattern.C07_StraightLine"", ""offset_ratio"": -0.28061033678601316, ""schema_version"": ""wafer_particles.pattern_config.v1"", ""segment_half_length_ratio"": 0.7067884743691493, ""wafer_radius_mm"": 150.0, ""width_ratio"": 0.005151225691014732}",745
sample_000746,scratch_vertical,line,765,"{""angle_category"": ""vertical"", ""length_ratio"": 1.0, ""n_particles"": 765, ""name"": ""wafer_particles.pattern.scratch"", ""offset_ratio"": 0.0, ""schema_version"": ""wafer_particles.pattern_config.v1"", ""wafer_radius_mm"": 150.0, ""width_ratio"": 0.01}",746
sample_000747,C04_Sector_Edge,,562,"{""angle_center_rad"": 4.27501421434227, ""angle_width_deg"": 61.60676892520597, ""edge_width_ratio"": 0.1135355634433368, ""n_particles"": 562, ""name"": ""wafer_particles.pattern.C04_Sector_Edge"", ""radial_beta_alpha"": 3.1256089302349497, ""radial_beta_beta"": 1.5647538724144678, ""schema_version"": ""wafer_particles.pattern_config.v1"", ""side"": ""right"", ""theta_vonmises_kappa"": 8.889756522803644, ""wafer_radius_mm"": 150.0}",747
sample_000748,C11_Hotspot_Elliptic,,591,"{""center_angle"": ""random"", ""center_angle_rad"": 5.275759982592146, ""center_radius_ratio"": 0.40243031489647213, ""mode"": ""random"", ""n_particles"": 591, ""name"": ""wafer_particles.pattern.C11_Hotspot_Elliptic"", ""rotation_deg"": 30.0, ""rotation_rad"": 1.0640214606151637, ""schema_version"": ""wafer_particles.pattern_config.v1"", ""sigma_x_ratio"": 0.047719107462621695, ""sigma_y_ratio"": 0.015666953408845344, ""wafer_radius_mm"": 150.0}",748
sample_000749,C03_Ring,,1507,"{""n_particles"": 1507, ""name"": ""wafer_particles.pattern.C03_Ring"", ""radius_ratio"": 0.5947377689125661, ""schema_version"": ""wafer_particles.pattern_config.v1"", ""wafer_radius_mm"": 150.0, ""width_ratio"": 0.19582263159434715}",749
sample_000750,hotspot_center,hotspot,768,"{""center_angle"": ""random"", ""center_radius_ratio"": 0.9, ""mode"": ""center"", ""n_particles"": 768, ""name"": ""wafer_particles.pattern.hotspot"", ""schema_version"": ""wafer_particles.pattern_config.v1"", ""sigma_ratio"": 0.05, ""wafer_radius_mm"": 150.0}",750
sample_000751,C01_Uniform,,1115,"{""n_particles"": 1115, ""name"": ""wafer_particles.pattern.C01_Uniform"", ""schema_version"": ""wafer_particles.pattern_config.v1"", ""wafer_radius_mm"": 150.0}",751
sample_000752,C07_StraightLine,,760,"{""angle_deg"": 35.16934476749354, ""n_particles"": 760, ""name"": ""wafer_particles.pattern.C07_StraightLine"", ""offset_ratio"": -0.13383296445030027, ""schema_version"": ""wafer_particles.pattern_config.v1"", ""segment_half_length_ratio"": 0.38081437475842883, ""wafer_radius_mm"": 150.0, ""width_ratio"": 0.02126843580587056}",752
sample_000753,C04_Sector_Edge,,1046,"{""angle_center_rad"": 5.699506686414133, ""angle_width_deg"": 71.98493549619405, ""edge_width_ratio"": 0.055303571369552454, ""n_particles"": 1046, ""name"": ""wafer_particles.pattern.C04_Sector_Edge"", ""radial_beta_alpha"": 1.2416114028611438, ""radial_beta_beta"": 1.8882024394669308, ""schema_version"": ""wafer_particles.pattern_config.v1"", ""side"": ""right"", ""theta_vonmises_kappa"": 4.215105934776128, ""wafer_radius_mm"": 150.0}",753
sample_000754,C07_StraightLine,,894,"{""angle_deg"": 9.709729275852643, ""n_particles"": 894, ""name"": ""wafer_particles.pattern.C07_StraightLine"", ""offset_ratio"": 0.01853979792299376, ""schema_version"": ""wafer_particles.pattern_config.v1"", ""segment_half_length_ratio"": 0.4651988934859156, ""wafer_radius_mm"": 150.0, ""width_ratio"": 0.01534828262152526}",754
sample_000755,C01_Uniform,,547,"{""n_particles"": 547, ""name"": ""wafer_particles.pattern.C01_Uniform"", ""schema_version"": ""wafer_particles.pattern_config.v1"", ""wafer_radius_mm"": 150.0}",755
sample_000756,C11_Hotspot_Elliptic,,970,"{""center_angle"": ""random"", ""center_angle_rad"": 4.3902263147004135, ""center_radius_ratio"": 0.45886109210750864, ""mode"": ""random"", ""n_particles"": 970, ""name"": ""wafer_particles.pattern.C11_Hotspot_Elliptic"", ""rotation_deg"": 30.0, ""rotation_rad"": 3.2248749695023715, ""schema_version"": ""wafer_particles.pattern_config.v1"", ""sigma_x_ratio"": 0.0876083288063612, ""sigma_y_ratio"": 0.011172946675611759, ""wafer_radius_mm"": 150.0}",756
sample_000757,edge_sector_right,sector,1195,"{""angle_width_deg"": 40.0, ""edge_width_ratio"": 0.1, ""n_particles"": 1195, ""name"": ""wafer_particles.pattern.edge_sector"", ""schema_version"": ""wafer_particles.pattern_config.v1"", ""side"": ""right"", ""wafer_radius_mm"": 150.0}",757
sample_000758,C03_Ring,,682,"{""n_particles"": 682, ""name"": ""wafer_particles.pattern.C03_Ring"", ""radius_ratio"": 0.7231348136466811, ""schema_version"": ""wafer_particles.pattern_config.v1"", ""wafer_radius_mm"": 150.0, ""width_ratio"": 0.17440504325410308}",758
sample_000759,C01_Uniform,,690,"{""n_particles"": 690, ""name"": ""wafer_particles.pattern.C01_Uniform"", ""schema_version"": ""wafer_particles.pattern_config.v1"", ""wafer_radius_mm"": 150.0}",759
sample_000760,ring_wide,ring,1518,"{""n_particles"": 1518, ""name"": ""wafer_particles.pattern.ring_wide"", ""radius_ratio"": 0.6, ""schema_version"": ""wafer_particles.pattern_config.v1"", ""wafer_radius_mm"": 150.0, ""width_ratio"": 0.15}",760
sample_000761,C01_Uniform,,914,"{""n_particles"": 914, ""name"": ""wafer_particles.pattern.C01_Uniform"", ""schema_version"": ""wafer_particles.pattern_config.v1"", ""wafer_radius_mm"": 150.0}",761
sample_000762,C04_Sector_Edge,,1220,"{""angle_center_rad"": 2.727042367371716, ""angle_width_deg"": 35.588879317014715, ""edge_width_ratio"": 0.1264462257545717, ""n_particles"": 1220, ""name"": ""wafer_particles.pattern.C04_Sector_Edge"", ""radial_beta_alpha"": 2.0003875135623606, ""radial_beta_beta"": 1.5610087156341648, ""schema_version"": ""wafer_particles.pattern_config.v1"", ""side"": ""right"", ""theta_vonmises_kappa"": 7.751154729595459, ""wafer_radius_mm"": 150.0}",762
sample_000763,edge_sector_left,sector,1048,"{""angle_width_deg"": 40.0, ""edge_width_ratio"": 0.1, ""n_particles"": 1048, ""name"": ""wafer_particles.pattern.edge_sector"", ""schema_version"": ""wafer_particles.pattern_config.v1"", ""side"": ""left"", ""wafer_radius_mm"": 150.0}",763
sample_000764,C07_StraightLine,,863,"{""angle_deg"": 11.05636475991664, ""n_particles"": 863, ""name"": ""wafer_particles.pattern.C07_StraightLine"", ""offset_ratio"": -0.23896924259590435, ""schema_version"": ""wafer_particles.pattern_config.v1"", ""segment_half_length_ratio"": 0.8174752035985025, ""wafer_radius_mm"": 150.0, ""width_ratio"": 0.02016917615225247}",764
sample_000765,scratch_horizontal,line,1393,"{""angle_category"": ""horizontal"", ""length_ratio"": 1.0, ""n_particles"": 1393, ""name"": ""wafer_particles.pattern.scratch"", ""offset_ratio"": 0.0, ""schema_version"": ""wafer_particles.pattern_config.v1"", ""wafer_radius_mm"": 150.0, ""width_ratio"": 0.01}",765
sample_000766,C07_StraightLine,,1194,"{""angle_deg"": 40.847883550359846, ""n_particles"": 1194, ""name"": ""wafer_particles.pattern.C07_StraightLine"", ""offset_ratio"": 0.2982892965946167, ""schema_version"": ""wafer_particles.pattern_config.v1"", ""segment_half_length_ratio"": 0.6953567073440723, ""wafer_radius_mm"": 150.0, ""width_ratio"": 0.02922199208651127}",766
sample_000767,C07_StraightLine,,734,"{""angle_deg"": 43.456310189561954, ""n_particles"": 734, ""name"": ""wafer_particles.pattern.C07_StraightLine"", ""offset_ratio"": 0.1789174317501862, ""schema_version"": ""wafer_particles.pattern_config.v1"", ""segment_half_length_ratio"": 0.5839456652687041, ""wafer_radius_mm"": 150.0, ""width_ratio"": 0.04228851258683606}",767
sample_000768,random_edge_biased,random,666,"{""edge_bias"": 2.0, ""n_particles"": 666, ""name"": ""wafer_particles.pattern.random_edge_biased"", ""schema_version"": ""wafer_particles.pattern_config.v1"", ""wafer_radius_mm"": 150.0}",768
sample_000769,C11_Hotspot_Elliptic,,1043,"{""center_angle"": ""random"", ""center_angle_rad"": 2.2775658485773236, ""center_radius_ratio"": 0.12415705432123435, ""mode"": ""random"", ""n_particles"": 1043, ""name"": ""wafer_particles.pattern.C11_Hotspot_Elliptic"", ""rotation_deg"": 30.0, ""rotation_rad"": 0.4744128858047077, ""schema_version"": ""wafer_particles.pattern_config.v1"", ""sigma_x_ratio"": 0.08214719145748542, ""sigma_y_ratio"": 0.01723663371929948, ""wafer_radius_mm"": 150.0}",769
sample_000770,C04_Sector_Edge,,548,"{""angle_center_rad"": 5.349078692659483, ""angle_width_deg"": 79.08527233003892, ""edge_width_ratio"": 0.09865768048551522, ""n_particles"": 548, ""name"": ""wafer_particles.pattern.C04_Sector_Edge"", ""radial_beta_alpha"": 1.648557018231949, ""radial_beta_beta"": 1.4385805072905136, ""schema_version"": ""wafer_particles.pattern_config.v1"", ""side"": ""right"", ""theta_vonmises_kappa"": 6.102133519154167, ""wafer_radius_mm"": 150.0}",770
sample_000771,hotspot_center,hotspot,1236,"{""center_angle"": ""random"", ""center_radius_ratio"": 0.9, ""mode"": ""center"", ""n_particles"": 1236, ""name"": ""wafer_particles.pattern.hotspot"", ""schema_version"": ""wafer_particles.pattern_config.v1"", ""sigma_ratio"": 0.05, ""wafer_radius_mm"": 150.0}",771
sample_000772,C04_Sector_Edge,,563,"{""angle_center_rad"": 0.1477284420925505, ""angle_width_deg"": 29.8535905863506, ""edge_width_ratio"": 0.11767123535225037, ""n_particles"": 563, ""name"": ""wafer_particles.pattern.C04_Sector_Edge"", ""radial_beta_alpha"": 3.5632836162150037, ""radial_beta_beta"": 1.1310176123450288, ""schema_version"": ""wafer_particles.pattern_config.v1"", ""side"": ""right"", ""theta_vonmises_kappa"": 9.018214507072807, ""wafer_radius_mm"": 150.0}",772
sample_000773,C04_Sector_Edge,,827,"{""angle_center_rad"": 2.2784726008295193, ""angle_width_deg"": 45.082083292755826, ""edge_width_ratio"": 0.11600572834165722, ""n_particles"": 827, ""name"": ""wafer_particles.pattern.C04_Sector_Edge"", ""radial_beta_alpha"": 1.5020624229207404, ""radial_beta_beta"": 1.9312412794018767, ""schema_version"": ""wafer_particles.pattern_config.v1"", ""side"": ""right"", ""theta_vonmises_kappa"": 2.1734066834422414, ""wafer_radius_mm"": 150.0}",773
sample_000774,C03_Ring,,1185,"{""n_particles"": 1185, ""name"": ""wafer_particles.pattern.C03_Ring"", ""radius_ratio"": 0.8755293967547909, ""schema_version"": ""wafer_particles.pattern_config.v1"", ""wafer_radius_mm"": 150.0, ""width_ratio"": 0.15953543136924486}",774
sample_000775,C11_Hotspot_Elliptic,,1347,"{""center_angle"": ""random"", ""center_angle_rad"": 4.994828333236158, ""center_radius_ratio"": 0.4836524490817443, ""mode"": ""random"", ""n_particles"": 1347, ""name"": ""wafer_particles.pattern.C11_Hotspot_Elliptic"", ""rotation_deg"": 30.0, ""rotation_rad"": 6.027296648963639, ""schema_version"": ""wafer_particles.pattern_config.v1"", ""sigma_x_ratio"": 0.11463437877927027, ""sigma_y_ratio"": 0.044982219775842755, ""wafer_radius_mm"": 150.0}",775
sample_000776,C07_StraightLine,,568,"{""angle_deg"": 60.01044289075273, ""n_particles"": 568, ""name"": ""wafer_particles.pattern.C07_StraightLine"", ""offset_ratio"": 0.2436411100413905, ""schema_version"": ""wafer_particles.pattern_config.v1"", ""segment_half_length_ratio"": 0.8551745507045672, ""wafer_radius_mm"": 150.0, ""width_ratio"": 0.03387000974769466}",776
sample_000777,edge_sector_left,sector,557,"{""angle_width_deg"": 40.0, ""edge_width_ratio"": 0.1, ""n_particles"": 557, ""name"": ""wafer_particles.pattern.edge_sector"", ""schema_version"": ""wafer_particles.pattern_config.v1"", ""side"": ""left"", ""wafer_radius_mm"": 150.0}",777
sample_000778,C01_Uniform,,864,"{""n_particles"": 864, ""name"": ""wafer_particles.pattern.C01_Uniform"", ""schema_version"": ""wafer_particles.pattern_config.v1"", ""wafer_radius_mm"": 150.0}",778
sample_000779,C07_StraightLine,,868,"{""angle_deg"": 105.97013438735576, ""n_particles"": 868, ""name"": ""wafer_particles.pattern.C07_StraightLine"", ""offset_ratio"": -0.14723549964043994, ""schema_version"": ""wafer_particles.pattern_config.v1"", ""segment_half_length_ratio"": 0.7377079965251975, ""wafer_radius_mm"": 150.0, ""width_ratio"": 0.008044841952772035}",779
sample_000780,C01_Uniform,,1230,"{""n_particles"": 1230, ""name"": ""wafer_particles.pattern.C01_Uniform"", ""schema_version"": ""wafer_particles.pattern_config.v1"", ""wafer_radius_mm"": 150.0}",780
sample_000781,C04_Sector_Edge,,990,"{""angle_center_rad"": 3.780110472907332, ""angle_width_deg"": 40.5176621592781, ""edge_width_ratio"": 0.12678849840221929, ""n_particles"": 990, ""name"": ""wafer_particles.pattern.C04_Sector_Edge"", ""radial_beta_alpha"": 2.967404706368926, ""radial_beta_beta"": 2.385301722809243, ""schema_version"": ""wafer_particles.pattern_config.v1"", ""side"": ""right"", ""theta_vonmises_kappa"": 4.745526287443059, ""wafer_radius_mm"": 150.0}",781
sample_000782,C07_StraightLine,,564,"{""angle_deg"": 66.0186445186578, ""n_particles"": 564, ""name"": ""wafer_particles.pattern.C07_StraightLine"", ""offset_ratio"": 0.06209219636167673, ""schema_version"": ""wafer_particles.pattern_config.v1"", ""segment_half_length_ratio"": 0.48639443493503515, ""wafer_radius_mm"": 150.0, ""width_ratio"": 0.02225239902718826}",782
sample_000783,C07_StraightLine,,1301,"{""angle_deg"": 76.11904583686392, ""n_particles"": 1301, ""name"": ""wafer_particles.pattern.C07_StraightLine"", ""offset_ratio"": 0.2723943829355859, ""schema_version"": ""wafer_particles.pattern_config.v1"", ""segment_half_length_ratio"": 0.3885698306962555, ""wafer_radius_mm"": 150.0, ""width_ratio"": 0.03853269438415295}",783
sample_000784,C01_Uniform,,1053,"{""n_particles"": 1053, ""name"": ""wafer_particles.pattern.C01_Uniform"", ""schema_version"": ""wafer_particles.pattern_config.v1"", ""wafer_radius_mm"": 150.0}",784
sample_000785,C01_Uniform,,873,"{""n_particles"": 873, ""name"": ""wafer_particles.pattern.C01_Uniform"", ""schema_version"": ""wafer_particles.pattern_config.v1"", ""wafer_radius_mm"": 150.0}",785
sample_000786,C11_Hotspot_Elliptic,,1258,"{""center_angle"": ""random"", ""center_angle_rad"": 4.945302749339574, ""center_radius_ratio"": 0.5615897715870369, ""mode"": ""random"", ""n_particles"": 1258, ""name"": ""wafer_particles.pattern.C11_Hotspot_Elliptic"", ""rotation_deg"": 30.0, ""rotation_rad"": 4.395022035531993, ""schema_version"": ""wafer_particles.pattern_config.v1"", ""sigma_x_ratio"": 0.08581819347833555, ""sigma_y_ratio"": 0.04099665226614254, ""wafer_radius_mm"": 150.0}",786
sample_000787,C04_Sector_Edge,,967,"{""angle_center_rad"": 5.249473168929172, ""angle_width_deg"": 32.54665071554136, ""edge_width_ratio"": 0.11767271018049123, ""n_particles"": 967, ""name"": ""wafer_particles.pattern.C04_Sector_Edge"", ""radial_beta_alpha"": 2.02065906200865, ""radial_beta_beta"": 3.215908958411462, ""schema_version"": ""wafer_particles.pattern_config.v1"", ""side"": ""right"", ""theta_vonmises_kappa"": 4.545598274521889, ""wafer_radius_mm"": 150.0}",787
sample_000788,C07_StraightLine,,577,"{""angle_deg"": 64.9517071614031, ""n_particles"": 577, ""name"": ""wafer_particles.pattern.C07_StraightLine"", ""offset_ratio"": -0.015733598408118332, ""schema_version"": ""wafer_particles.pattern_config.v1"", ""segment_half_length_ratio"": 0.7998293786788797, ""wafer_radius_mm"": 150.0, ""width_ratio"": 0.024555034835217635}",788
sample_000789,C03_Ring,,1068,"{""n_particles"": 1068, ""name"": ""wafer_particles.pattern.C03_Ring"", ""radius_ratio"": 0.49230161645299847, ""schema_version"": ""wafer_particles.pattern_config.v1"", ""wafer_radius_mm"": 150.0, ""width_ratio"": 0.07841665503312886}",789
sample_000790,C07_StraightLine,,557,"{""angle_deg"": 114.35864998961533, ""n_particles"": 557, ""name"": ""wafer_particles.pattern.C07_StraightLine"", ""offset_ratio"": 0.29152367374607063, ""schema_version"": ""wafer_particles.pattern_config.v1"", ""segment_half_length_ratio"": 0.47576918381406946, ""wafer_radius_mm"": 150.0, ""width_ratio"": 0.02226228460684027}",790
sample_000791,C11_Hotspot_Elliptic,,1462,"{""center_angle"": ""random"", ""center_angle_rad"": 5.442789252247348, ""center_radius_ratio"": 0.547791367236645, ""mode"": ""random"", ""n_particles"": 1462, ""name"": ""wafer_particles.pattern.C11_Hotspot_Elliptic"", ""rotation_deg"": 30.0, ""rotation_rad"": 4.893903420568362, ""schema_version"": ""wafer_particles.pattern_config.v1"", ""sigma_x_ratio"": 0.110503099367255, ""sigma_y_ratio"": 0.07621281005802424, ""wafer_radius_mm"": 150.0}",791
sample_000792,C11_Hotspot_Elliptic,,958,"{""center_angle"": ""random"", ""center_angle_rad"": 4.508267303357121, ""center_radius_ratio"": 0.40828760658074337, ""mode"": ""random"", ""n_particles"": 958, ""name"": ""wafer_particles.pattern.C11_Hotspot_Elliptic"", ""rotation_deg"": 30.0, ""rotation_rad"": 2.923499047556963, ""schema_version"": ""wafer_particles.pattern_config.v1"", ""sigma_x_ratio"": 0.03659598774004488, ""sigma_y_ratio"": 0.07208466602347541, ""wafer_radius_mm"": 150.0}",792
sample_000793,C04_Sector_Edge,,1307,"{""angle_center_rad"": 1.9995483712101818, ""angle_width_deg"": 72.45082043922073, ""edge_width_ratio"": 0.1246507070206039, ""n_particles"": 1307, ""name"": ""wafer_particles.pattern.C04_Sector_Edge"", ""radial_beta_alpha"": 1.6943292571906823, ""radial_beta_beta"": 1.5435382872903833, ""schema_version"": ""wafer_particles.pattern_config.v1"", ""side"": ""right"", ""theta_vonmises_kappa"": 9.149836630320717, ""wafer_radius_mm"": 150.0}",793
sample_000794,C07_StraightLine,,1445,"{""angle_deg"": 87.05892778977179, ""n_particles"": 1445, ""name"": ""wafer_particles.pattern.C07_StraightLine"", ""offset_ratio"": 0.1114180889527322, ""schema_version"": ""wafer_particles.pattern_config.v1"", ""segment_half_length_ratio"": 0.4073497940728128, ""wafer_radius_mm"": 150.0, ""width_ratio"": 0.03848586979866839}",794
sample_000795,C07_StraightLine,,975,"{""angle_deg"": 19.175916079719062, ""n_particles"": 975, ""name"": ""wafer_particles.pattern.C07_StraightLine"", ""offset_ratio"": 0.1452497786177404, ""schema_version"": ""wafer_particles.pattern_config.v1"", ""segment_half_length_ratio"": 0.5025963823287349, ""wafer_radius_mm"": 150.0, ""width_ratio"": 0.041716241613553695}",795
sample_000796,C07_StraightLine,,824,"{""angle_deg"": 0.928938113831641, ""n_particles"": 824, ""name"": ""wafer_particles.pattern.C07_StraightLine"", ""offset_ratio"": -0.1912143403757222, ""schema_version"": ""wafer_particles.pattern_config.v1"", ""segment_half_length_ratio"": 0.8625693277613187, ""wafer_radius_mm"": 150.0, ""width_ratio"": 0.03141104641255109}",796
sample_000797,C01_Uniform,,861,"{""n_particles"": 861, ""name"": ""wafer_particles.pattern.C01_Uniform"", ""schema_version"": ""wafer_particles.pattern_config.v1"", ""wafer_radius_mm"": 150.0}",797
sample_000798,C04_Sector_Edge,,980,"{""angle_center_rad"": 1.6383659876400776, ""angle_width_deg"": 61.86877903593078, ""edge_width_ratio"": 0.2594385212310402, ""n_particles"": 980, ""name"": ""wafer_particles.pattern.C04_Sector_Edge"", ""radial_beta_alpha"": 3.730112660028807, ""radial_beta_beta"": 2.3014115626111953, ""schema_version"": ""wafer_particles.pattern_config.v1"", ""side"": ""right"", ""theta_vonmises_kappa"": 4.6784887402633055, ""wafer_radius_mm"": 150.0}",798
sample_000799,C04_Sector_Edge,,780,"{""angle_center_rad"": 3.1359637706135692, ""angle_width_deg"": 56.78693461576985, ""edge_width_ratio"": 0.17232815791708694, ""n_particles"": 780, ""name"": ""wafer_particles.pattern.C04_Sector_Edge"", ""radial_beta_alpha"": 3.4019102143278213, ""radial_beta_beta"": 1.9146058283101446, ""schema_version"": ""wafer_particles.pattern_config.v1"", ""side"": ""right"", ""theta_vonmises_kappa"": 5.007720198512151, ""wafer_radius_mm"": 150.0}",799
sample_000800,C04_Sector_Edge,,1238,"{""angle_center_rad"": 0.5515693581255202, ""angle_width_deg"": 86.67987393396118, ""edge_width_ratio"": 0.056341190031614766, ""n_particles"": 1238, ""name"": ""wafer_particles.pattern.C04_Sector_Edge"", ""radial_beta_alpha"": 2.0172420018549984, ""radial_beta_beta"": 0.8729863737491602, ""schema_version"": ""wafer_particles.pattern_config.v1"", ""side"": ""right"", ""theta_vonmises_kappa"": 7.046717623781465, ""wafer_radius_mm"": 150.0}",800
sample_000801,C01_Uniform,,1259,"{""n_particles"": 1259, ""name"": ""wafer_particles.pattern.C01_Uniform"", ""schema_version"": ""wafer_particles.pattern_config.v1"", ""wafer_radius_mm"": 150.0}",801
sample_000802,random_edge_biased,random,898,"{""edge_bias"": 2.0, ""n_particles"": 898, ""name"": ""wafer_particles.pattern.random_edge_biased"", ""schema_version"": ""wafer_particles.pattern_config.v1"", ""wafer_radius_mm"": 150.0}",802
sample_000803,edge_sector_left,sector,625,"{""angle_width_deg"": 40.0, ""edge_width_ratio"": 0.1, ""n_particles"": 625, ""name"": ""wafer_particles.pattern.edge_sector"", ""schema_version"": ""wafer_particles.pattern_config.v1"", ""side"": ""left"", ""wafer_radius_mm"": 150.0}",803
sample_000804,C07_StraightLine,,958,"{""angle_deg"": 7.356812302094098, ""n_particles"": 958, ""name"": ""wafer_particles.pattern.C07_StraightLine"", ""offset_ratio"": -0.21096554714642668, ""schema_version"": ""wafer_particles.pattern_config.v1"", ""segment_half_length_ratio"": 0.313151086446909, ""wafer_radius_mm"": 150.0, ""width_ratio"": 0.04126917966130061}",804
sample_000805,scratch_vertical,line,1042,"{""angle_category"": ""vertical"", ""length_ratio"": 1.0, ""n_particles"": 1042, ""name"": ""wafer_particles.pattern.scratch"", ""offset_ratio"": 0.0, ""schema_version"": ""wafer_particles.pattern_config.v1"", ""wafer_radius_mm"": 150.0, ""width_ratio"": 0.01}",805
sample_000806,C04_Sector_Edge,,692,"{""angle_center_rad"": 5.758684329123938, ""angle_width_deg"": 56.53896980680102, ""edge_width_ratio"": 0.24881398621633705, ""n_particles"": 692, ""name"": ""wafer_particles.pattern.C04_Sector_Edge"", ""radial_beta_alpha"": 3.905483262236266, ""radial_beta_beta"": 2.522220822112513, ""schema_version"": ""wafer_particles.pattern_config.v1"", ""side"": ""right"", ""theta_vonmises_kappa"": 9.416176482954375, ""wafer_radius_mm"": 150.0}",806
sample_000807,C04_Sector_Edge,,1182,"{""angle_center_rad"": 1.6076873224169443, ""angle_width_deg"": 77.30434762906128, ""edge_width_ratio"": 0.2522984773379564, ""n_particles"": 1182, ""name"": ""wafer_particles.pattern.C04_Sector_Edge"", ""radial_beta_alpha"": 3.028917467930018, ""radial_beta_beta"": 2.6733965960825583, ""schema_version"": ""wafer_particles.pattern_config.v1"", ""side"": ""right"", ""theta_vonmises_kappa"": 8.709990453796388, ""wafer_radius_mm"": 150.0}",807
sample_000808,C11_Hotspot_Elliptic,,1403,"{""center_angle"": ""random"", ""center_angle_rad"": 1.8446086363082077, ""center_radius_ratio"": 0.7069834454529701, ""mode"": ""random"", ""n_particles"": 1403, ""name"": ""wafer_particles.pattern.C11_Hotspot_Elliptic"", ""rotation_deg"": 30.0, ""rotation_rad"": 6.152133102579875, ""schema_version"": ""wafer_particles.pattern_config.v1"", ""sigma_x_ratio"": 0.08209248656242607, ""sigma_y_ratio"": 0.03905026998104354, ""wafer_radius_mm"": 150.0}",808
sample_000809,C04_Sector_Edge,,1526,"{""angle_center_rad"": 5.205793033163544, ""angle_width_deg"": 32.72761543664673, ""edge_width_ratio"": 0.165318349473014, ""n_particles"": 1526, ""name"": ""wafer_particles.pattern.C04_Sector_Edge"", ""radial_beta_alpha"": 3.6028461696345024, ""radial_beta_beta"": 0.8413549361296431, ""schema_version"": ""wafer_particles.pattern_config.v1"", ""side"": ""right"", ""theta_vonmises_kappa"": 0.5853088760487516, ""wafer_radius_mm"": 150.0}",809
sample_000810,C07_StraightLine,,576,"{""angle_deg"": 133.5624228453127, ""n_particles"": 576, ""name"": ""wafer_particles.pattern.C07_StraightLine"", ""offset_ratio"": -0.02827007606706705, ""schema_version"": ""wafer_particles.pattern_config.v1"", ""segment_half_length_ratio"": 0.8812725256744991, ""wafer_radius_mm"": 150.0, ""width_ratio"": 0.036672607079378736}",810
sample_000811,C07_StraightLine,,1354,"{""angle_deg"": 43.592291428631974, ""n_particles"": 1354, ""name"": ""wafer_particles.pattern.C07_StraightLine"", ""offset_ratio"": 0.1743695898915016, ""schema_version"": ""wafer_particles.pattern_config.v1"", ""segment_half_length_ratio"": 0.5263200888445991, ""wafer_radius_mm"": 150.0, ""width_ratio"": 0.025576807020851543}",811
sample_000812,C04_Sector_Edge,,1241,"{""angle_center_rad"": 4.638976810771824, ""angle_width_deg"": 89.82289061624634, ""edge_width_ratio"": 0.24035349543933204, ""n_particles"": 1241, ""name"": ""wafer_particles.pattern.C04_Sector_Edge"", ""radial_beta_alpha"": 1.9395134273403625, ""radial_beta_beta"": 2.7075839977758243, ""schema_version"": ""wafer_particles.pattern_config.v1"", ""side"": ""right"", ""theta_vonmises_kappa"": 6.5807383581721375, ""wafer_radius_mm"": 150.0}",812
sample_000813,C03_Ring,,969,"{""n_particles"": 969, ""name"": ""wafer_particles.pattern.C03_Ring"", ""radius_ratio"": 0.49405317731278997, ""schema_version"": ""wafer_particles.pattern_config.v1"", ""wafer_radius_mm"": 150.0, ""width_ratio"": 0.14181016248457853}",813
sample_000814,C01_Uniform,,977,"{""n_particles"": 977, ""name"": ""wafer_particles.pattern.C01_Uniform"", ""schema_version"": ""wafer_particles.pattern_config.v1"", ""wafer_radius_mm"": 150.0}",814
sample_000815,scratch_vertical,line,1318,"{""angle_category"": ""vertical"", ""length_ratio"": 1.0, ""n_particles"": 1318, ""name"": ""wafer_particles.pattern.scratch"", ""offset_ratio"": 0.0, ""schema_version"": ""wafer_particles.pattern_config.v1"", ""wafer_radius_mm"": 150.0, ""width_ratio"": 0.01}",815
sample_000816,C07_StraightLine,,1277,"{""angle_deg"": 133.37975525066665, ""n_particles"": 1277, ""name"": ""wafer_particles.pattern.C07_StraightLine"", ""offset_ratio"": -0.09793544444305513, ""schema_version"": ""wafer_particles.pattern_config.v1"", ""segment_half_length_ratio"": 0.5206058425156372, ""wafer_radius_mm"": 150.0, ""width_ratio"": 0.019366277819250648}",816
sample_000817,C01_Uniform,,730,"{""n_particles"": 730, ""name"": ""wafer_particles.pattern.C01_Uniform"", ""schema_version"": ""wafer_particles.pattern_config.v1"", ""wafer_radius_mm"": 150.0}",817
sample_000818,C04_Sector_Edge,,661,"{""angle_center_rad"": 6.054181801695276, ""angle_width_deg"": 43.47551929022794, ""edge_width_ratio"": 0.0725842098699586, ""n_particles"": 661, ""name"": ""wafer_particles.pattern.C04_Sector_Edge"", ""radial_beta_alpha"": 3.8238781038013316, ""radial_beta_beta"": 2.5126135790456874, ""schema_version"": ""wafer_particles.pattern_config.v1"", ""side"": ""right"", ""theta_vonmises_kappa"": 9.543969039073751, ""wafer_radius_mm"": 150.0}",818
sample_000819,C11_Hotspot_Elliptic,,696,"{""center_angle"": ""random"", ""center_angle_rad"": 1.7283115704037582, ""center_radius_ratio"": 0.5115344211276615, ""mode"": ""random"", ""n_particles"": 696, ""name"": ""wafer_particles.pattern.C11_Hotspot_Elliptic"", ""rotation_deg"": 30.0, ""rotation_rad"": 3.9299127440182273, ""schema_version"": ""wafer_particles.pattern_config.v1"", ""sigma_x_ratio"": 0.11275090842827236, ""sigma_y_ratio"": 0.07407541428507916, ""wafer_radius_mm"": 150.0}",819
sample_000820,C03_Ring,,1320,"{""n_particles"": 1320, ""name"": ""wafer_particles.pattern.C03_Ring"", ""radius_ratio"": 0.71897513592369, ""schema_version"": ""wafer_particles.pattern_config.v1"", ""wafer_radius_mm"": 150.0, ""width_ratio"": 0.0461586193425339}",820
sample_000821,edge_sector_right,sector,569,"{""angle_width_deg"": 40.0, ""edge_width_ratio"": 0.1, ""n_particles"": 569, ""name"": ""wafer_particles.pattern.edge_sector"", ""schema_version"": ""wafer_particles.pattern_config.v1"", ""side"": ""right"", ""wafer_radius_mm"": 150.0}",821
sample_000822,C01_Uniform,,1063,"{""n_particles"": 1063, ""name"": ""wafer_particles.pattern.C01_Uniform"", ""schema_version"": ""wafer_particles.pattern_config.v1"", ""wafer_radius_mm"": 150.0}",822
sample_000823,C04_Sector_Edge,,1403,"{""angle_center_rad"": 0.059025910670027534, ""angle_width_deg"": 20.429243654301235, ""edge_width_ratio"": 0.19577725382806477, ""n_particles"": 1403, ""name"": ""wafer_particles.pattern.C04_Sector_Edge"", ""radial_beta_alpha"": 3.84940438075035, ""radial_beta_beta"": 3.383380285811789, ""schema_version"": ""wafer_particles.pattern_config.v1"", ""side"": ""right"", ""theta_vonmises_kappa"": 4.02910687200207, ""wafer_radius_mm"": 150.0}",823
sample_000824,ring_wide,ring,1357,"{""n_particles"": 1357, ""name"": ""wafer_particles.pattern.ring_wide"", ""radius_ratio"": 0.6, ""schema_version"": ""wafer_particles.pattern_config.v1"", ""wafer_radius_mm"": 150.0, ""width_ratio"": 0.15}",824
sample_000825,C11_Hotspot_Elliptic,,981,"{""center_angle"": ""random"", ""center_angle_rad"": 4.20845351192393, ""center_radius_ratio"": 0.7517315041990943, ""mode"": ""random"", ""n_particles"": 981, ""name"": ""wafer_particles.pattern.C11_Hotspot_Elliptic"", ""rotation_deg"": 30.0, ""rotation_rad"": 1.6200123157475323, ""schema_version"": ""wafer_particles.pattern_config.v1"", ""sigma_x_ratio"": 0.043419942882874346, ""sigma_y_ratio"": 0.04450283917740467, ""wafer_radius_mm"": 150.0}",825
sample_000826,ring_wide,ring,1247,"{""n_particles"": 1247, ""name"": ""wafer_particles.pattern.ring_wide"", ""radius_ratio"": 0.6, ""schema_version"": ""wafer_particles.pattern_config.v1"", ""wafer_radius_mm"": 150.0, ""width_ratio"": 0.15}",826
sample_000827,C11_Hotspot_Elliptic,,1029,"{""center_angle"": ""random"", ""center_angle_rad"": 4.694446987842478, ""center_radius_ratio"": 0.4627948990847, ""mode"": ""random"", ""n_particles"": 1029, ""name"": ""wafer_particles.pattern.C11_Hotspot_Elliptic"", ""rotation_deg"": 30.0, ""rotation_rad"": 5.276384936133851, ""schema_version"": ""wafer_particles.pattern_config.v1"", ""sigma_x_ratio"": 0.06939019102055907, ""sigma_y_ratio"": 0.04946081454711915, ""wafer_radius_mm"": 150.0}",827
sample_000828,C01_Uniform,,1284,"{""n_particles"": 1284, ""name"": ""wafer_particles.pattern.C01_Uniform"", ""schema_version"": ""wafer_particles.pattern_config.v1"", ""wafer_radius_mm"": 150.0}",828
sample_000829,C04_Sector_Edge,,1282,"{""angle_center_rad"": 4.600756129048831, ""angle_width_deg"": 22.647034457377455, ""edge_width_ratio"": 0.10259449444019401, ""n_particles"": 1282, ""name"": ""wafer_particles.pattern.C04_Sector_Edge"", ""radial_beta_alpha"": 1.669574146171684, ""radial_beta_beta"": 3.4441558424673335, ""schema_version"": ""wafer_particles.pattern_config.v1"", ""side"": ""right"", ""theta_vonmises_kappa"": 9.83459872092124, ""wafer_radius_mm"": 150.0}",829
sample_000830,C01_Uniform,,532,"{""n_particles"": 532, ""name"": ""wafer_particles.pattern.C01_Uniform"", ""schema_version"": ""wafer_particles.pattern_config.v1"", ""wafer_radius_mm"": 150.0}",830
sample_000831,C03_Ring,,1426,"{""n_particles"": 1426, ""name"": ""wafer_particles.pattern.C03_Ring"", ""radius_ratio"": 0.6384593199056829, ""schema_version"": ""wafer_particles.pattern_config.v1"", ""wafer_radius_mm"": 150.0, ""width_ratio"": 0.18510731028830787}",831
sample_000832,C04_Sector_Edge,,1497,"{""angle_center_rad"": 4.1814010434669635, ""angle_width_deg"": 57.76340052516505, ""edge_width_ratio"": 0.05293866772102619, ""n_particles"": 1497, ""name"": ""wafer_particles.pattern.C04_Sector_Edge"", ""radial_beta_alpha"": 2.4996302408864475, ""radial_beta_beta"": 2.9272330142210308, ""schema_version"": ""wafer_particles.pattern_config.v1"", ""side"": ""right"", ""theta_vonmises_kappa"": 8.113666025207577, ""wafer_radius_mm"": 150.0}",832
sample_000833,ring_wide,ring,681,"{""n_particles"": 681, ""name"": ""wafer_particles.pattern.ring_wide"", ""radius_ratio"": 0.6, ""schema_version"": ""wafer_particles.pattern_config.v1"", ""wafer_radius_mm"": 150.0, ""width_ratio"": 0.15}",833
sample_000834,C01_Uniform,,1389,"{""n_particles"": 1389, ""name"": ""wafer_particles.pattern.C01_Uniform"", ""schema_version"": ""wafer_particles.pattern_config.v1"", ""wafer_radius_mm"": 150.0}",834
sample_000835,C11_Hotspot_Elliptic,,1402,"{""center_angle"": ""random"", ""center_angle_rad"": 1.6390806285728743, ""center_radius_ratio"": 0.8840389850747656, ""mode"": ""random"", ""n_particles"": 1402, ""name"": ""wafer_particles.pattern.C11_Hotspot_Elliptic"", ""rotation_deg"": 30.0, ""rotation_rad"": 4.673140726311458, ""schema_version"": ""wafer_particles.pattern_config.v1"", ""sigma_x_ratio"": 0.053618090577295316, ""sigma_y_ratio"": 0.035837267420239696, ""wafer_radius_mm"": 150.0}",835
sample_000836,C07_StraightLine,,719,"{""angle_deg"": 33.27287770198949, ""n_particles"": 719, ""name"": ""wafer_particles.pattern.C07_StraightLine"", ""offset_ratio"": -0.11611177601381462, ""schema_version"": ""wafer_particles.pattern_config.v1"", ""segment_half_length_ratio"": 0.5374690565090383, ""wafer_radius_mm"": 150.0, ""width_ratio"": 0.013436775241523351}",836
sample_000837,ring_wide,ring,1446,"{""n_particles"": 1446, ""name"": ""wafer_particles.pattern.ring_wide"", ""radius_ratio"": 0.6, ""schema_version"": ""wafer_particles.pattern_config.v1"", ""wafer_radius_mm"": 150.0, ""width_ratio"": 0.15}",837
sample_000838,random_uniform,random,1433,"{""n_particles"": 1433, ""name"": ""wafer_particles.pattern.random_uniform"", ""schema_version"": ""wafer_particles.pattern_config.v1"", ""wafer_radius_mm"": 150.0}",838
sample_000839,ring_wide,ring,959,"{""n_particles"": 959, ""name"": ""wafer_particles.pattern.ring_wide"", ""radius_ratio"": 0.6, ""schema_version"": ""wafer_particles.pattern_config.v1"", ""wafer_radius_mm"": 150.0, ""width_ratio"": 0.15}",839
sample_000840,C04_Sector_Edge,,742,"{""angle_center_rad"": 2.386553421410242, ""angle_width_deg"": 42.492688980888886, ""edge_width_ratio"": 0.28283328192602386, ""n_particles"": 742, ""name"": ""wafer_particles.pattern.C04_Sector_Edge"", ""radial_beta_alpha"": 1.2517314507191761, ""radial_beta_beta"": 3.382901437016642, ""schema_version"": ""wafer_particles.pattern_config.v1"", ""side"": ""right"", ""theta_vonmises_kappa"": 3.184292389768295, ""wafer_radius_mm"": 150.0}",840
sample_000841,C04_Sector_Edge,,864,"{""angle_center_rad"": 1.6480616475339767, ""angle_width_deg"": 33.873261220091656, ""edge_width_ratio"": 0.2997859108071849, ""n_particles"": 864, ""name"": ""wafer_particles.pattern.C04_Sector_Edge"", ""radial_beta_alpha"": 1.7428004933931827, ""radial_beta_beta"": 3.391987824116536, ""schema_version"": ""wafer_particles.pattern_config.v1"", ""side"": ""right"", ""theta_vonmises_kappa"": 8.92657145873847, ""wafer_radius_mm"": 150.0}",841
sample_000842,C01_Uniform,,1185,"{""n_particles"": 1185, ""name"": ""wafer_particles.pattern.C01_Uniform"", ""schema_version"": ""wafer_particles.pattern_config.v1"", ""wafer_radius_mm"": 150.0}",842
sample_000843,C04_Sector_Edge,,731,"{""angle_center_rad"": 5.949322206791366, ""angle_width_deg"": 86.55232172699704, ""edge_width_ratio"": 0.09956931492665731, ""n_particles"": 731, ""name"": ""wafer_particles.pattern.C04_Sector_Edge"", ""radial_beta_alpha"": 3.4821487631879755, ""radial_beta_beta"": 3.4286154156641917, ""schema_version"": ""wafer_particles.pattern_config.v1"", ""side"": ""right"", ""theta_vonmises_kappa"": 9.972713018590978, ""wafer_radius_mm"": 150.0}",843
sample_000844,C03_Ring,,1030,"{""n_particles"": 1030, ""name"": ""wafer_particles.pattern.C03_Ring"", ""radius_ratio"": 0.46052260689118757, ""schema_version"": ""wafer_particles.pattern_config.v1"", ""wafer_radius_mm"": 150.0, ""width_ratio"": 0.08502852484191067}",844
sample_000845,scratch_vertical,line,1240,"{""angle_category"": ""vertical"", ""length_ratio"": 1.0, ""n_particles"": 1240, ""name"": ""wafer_particles.pattern.scratch"", ""offset_ratio"": 0.0, ""schema_version"": ""wafer_particles.pattern_config.v1"", ""wafer_radius_mm"": 150.0, ""width_ratio"": 0.01}",845
sample_000846,C01_Uniform,,1193,"{""n_particles"": 1193, ""name"": ""wafer_particles.pattern.C01_Uniform"", ""schema_version"": ""wafer_particles.pattern_config.v1"", ""wafer_radius_mm"": 150.0}",846
sample_000847,edge_sector_right,sector,1087,"{""angle_width_deg"": 40.0, ""edge_width_ratio"": 0.1, ""n_particles"": 1087, ""name"": ""wafer_particles.pattern.edge_sector"", ""schema_version"": ""wafer_particles.pattern_config.v1"", ""side"": ""right"", ""wafer_radius_mm"": 150.0}",847
sample_000848,C01_Uniform,,526,"{""n_particles"": 526, ""name"": ""wafer_particles.pattern.C01_Uniform"", ""schema_version"": ""wafer_particles.pattern_config.v1"", ""wafer_radius_mm"": 150.0}",848
sample_000849,C11_Hotspot_Elliptic,,1457,"{""center_angle"": ""random"", ""center_angle_rad"": 3.725400952977587, ""center_radius_ratio"": 0.8326633430115445, ""mode"": ""random"", ""n_particles"": 1457, ""name"": ""wafer_particles.pattern.C11_Hotspot_Elliptic"", ""rotation_deg"": 30.0, ""rotation_rad"": 1.9674548532355545, ""schema_version"": ""wafer_particles.pattern_config.v1"", ""sigma_x_ratio"": 0.04426290769046513, ""sigma_y_ratio"": 0.03902650823766892, ""wafer_radius_mm"": 150.0}",849
sample_000850,C04_Sector_Edge,,1054,"{""angle_center_rad"": 4.1276119231316235, ""angle_width_deg"": 51.92857899765309, ""edge_width_ratio"": 0.2458805812284774, ""n_particles"": 1054, ""name"": ""wafer_particles.pattern.C04_Sector_Edge"", ""radial_beta_alpha"": 2.8945052404373213, ""radial_beta_beta"": 1.9541958196148723, ""schema_version"": ""wafer_particles.pattern_config.v1"", ""side"": ""right"", ""theta_vonmises_kappa"": 1.7906372239825075, ""wafer_radius_mm"": 150.0}",850
sample_000851,C07_StraightLine,,732,"{""angle_deg"": 59.680524736502576, ""n_particles"": 732, ""name"": ""wafer_particles.pattern.C07_StraightLine"", ""offset_ratio"": 0.1015387632157112, ""schema_version"": ""wafer_particles.pattern_config.v1"", ""segment_half_length_ratio"": 0.30434683923929173, ""wafer_radius_mm"": 150.0, ""width_ratio"": 0.045799715848888256}",851
sample_000852,ring_narrow,ring,1410,"{""n_particles"": 1410, ""name"": ""wafer_particles.pattern.ring_narrow"", ""radius_ratio"": 0.7, ""schema_version"": ""wafer_particles.pattern_config.v1"", ""wafer_radius_mm"": 150.0, ""width_ratio"": 0.03}",852
sample_000853,edge_sector_left,sector,1349,"{""angle_width_deg"": 40.0, ""edge_width_ratio"": 0.1, ""n_particles"": 1349, ""name"": ""wafer_particles.pattern.edge_sector"", ""schema_version"": ""wafer_particles.pattern_config.v1"", ""side"": ""left"", ""wafer_radius_mm"": 150.0}",853
sample_000854,C01_Uniform,,1489,"{""n_particles"": 1489, ""name"": ""wafer_particles.pattern.C01_Uniform"", ""schema_version"": ""wafer_particles.pattern_config.v1"", ""wafer_radius_mm"": 150.0}",854
sample_000855,C04_Sector_Edge,,1491,"{""angle_center_rad"": 1.6009515770178808, ""angle_width_deg"": 43.101518368615984, ""edge_width_ratio"": 0.2562362374808292, ""n_particles"": 1491, ""name"": ""wafer_particles.pattern.C04_Sector_Edge"", ""radial_beta_alpha"": 2.499683618032416, ""radial_beta_beta"": 2.680150963893376, ""schema_version"": ""wafer_particles.pattern_config.v1"", ""side"": ""right"", ""theta_vonmises_kappa"": 6.124395208156779, ""wafer_radius_mm"": 150.0}",855
sample_000856,C03_Ring,,1227,"{""n_particles"": 1227, ""name"": ""wafer_particles.pattern.C03_Ring"", ""radius_ratio"": 0.8025083842180853, ""schema_version"": ""wafer_particles.pattern_config.v1"", ""wafer_radius_mm"": 150.0, ""width_ratio"": 0.06149267703198576}",856
sample_000857,C07_StraightLine,,1254,"{""angle_deg"": 143.56370281408854, ""n_particles"": 1254, ""name"": ""wafer_particles.pattern.C07_StraightLine"", ""offset_ratio"": 0.0949144035686676, ""schema_version"": ""wafer_particles.pattern_config.v1"", ""segment_half_length_ratio"": 0.784351208037757, ""wafer_radius_mm"": 150.0, ""width_ratio"": 0.02302473341372829}",857
sample_000858,hotspot_center,hotspot,1162,"{""center_angle"": ""random"", ""center_radius_ratio"": 0.9, ""mode"": ""center"", ""n_particles"": 1162, ""name"": ""wafer_particles.pattern.hotspot"", ""schema_version"": ""wafer_particles.pattern_config.v1"", ""sigma_ratio"": 0.05, ""wafer_radius_mm"": 150.0}",858
sample_000859,ring_wide,ring,886,"{""n_particles"": 886, ""name"": ""wafer_particles.pattern.ring_wide"", ""radius_ratio"": 0.6, ""schema_version"": ""wafer_particles.pattern_config.v1"", ""wafer_radius_mm"": 150.0, ""width_ratio"": 0.15}",859
sample_000860,C01_Uniform,,707,"{""n_particles"": 707, ""name"": ""wafer_particles.pattern.C01_Uniform"", ""schema_version"": ""wafer_particles.pattern_config.v1"", ""wafer_radius_mm"": 150.0}",860
sample_000861,C04_Sector_Edge,,1296,"{""angle_center_rad"": 1.5438943972386392, ""angle_width_deg"": 40.983378205058585, ""edge_width_ratio"": 0.17745157988610516, ""n_particles"": 1296, ""name"": ""wafer_particles.pattern.C04_Sector_Edge"", ""radial_beta_alpha"": 3.8929803088634145, ""radial_beta_beta"": 3.473480703116958, ""schema_version"": ""wafer_particles.pattern_config.v1"", ""side"": ""right"", ""theta_vonmises_kappa"": 9.272173914458445, ""wafer_radius_mm"": 150.0}",861
sample_000862,ring_narrow,ring,704,"{""n_particles"": 704, ""name"": ""wafer_particles.pattern.ring_narrow"", ""radius_ratio"": 0.7, ""schema_version"": ""wafer_particles.pattern_config.v1"", ""wafer_radius_mm"": 150.0, ""width_ratio"": 0.03}",862
sample_000863,C04_Sector_Edge,,1489,"{""angle_center_rad"": 4.858695106815291, ""angle_width_deg"": 23.98182074374908, ""edge_width_ratio"": 0.1859161702501695, ""n_particles"": 1489, ""name"": ""wafer_particles.pattern.C04_Sector_Edge"", ""radial_beta_alpha"": 3.2988558444097213, ""radial_beta_beta"": 3.3637126083036444, ""schema_version"": ""wafer_particles.pattern_config.v1"", ""side"": ""right"", ""theta_vonmises_kappa"": 3.535902513932265, ""wafer_radius_mm"": 150.0}",863
sample_000864,ring_wide,ring,1265,"{""n_particles"": 1265, ""name"": ""wafer_particles.pattern.ring_wide"", ""radius_ratio"": 0.6, ""schema_version"": ""wafer_particles.pattern_config.v1"", ""wafer_radius_mm"": 150.0, ""width_ratio"": 0.15}",864
sample_000865,C04_Sector_Edge,,1249,"{""angle_center_rad"": 2.203971990240061, ""angle_width_deg"": 80.2807993304817, ""edge_width_ratio"": 0.21823861214918122, ""n_particles"": 1249, ""name"": ""wafer_particles.pattern.C04_Sector_Edge"", ""radial_beta_alpha"": 2.791659940879315, ""radial_beta_beta"": 1.293985336965841, ""schema_version"": ""wafer_particles.pattern_config.v1"", ""side"": ""right"", ""theta_vonmises_kappa"": 6.014487550029082, ""wafer_radius_mm"": 150.0}",865
sample_000866,C01_Uniform,,720,"{""n_particles"": 720, ""name"": ""wafer_particles.pattern.C01_Uniform"", ""schema_version"": ""wafer_particles.pattern_config.v1"", ""wafer_radius_mm"": 150.0}",866
sample_000867,C03_Ring,,1269,"{""n_particles"": 1269, ""name"": ""wafer_particles.pattern.C03_Ring"", ""radius_ratio"": 0.7584189112294575, ""schema_version"": ""wafer_particles.pattern_config.v1"", ""wafer_radius_mm"": 150.0, ""width_ratio"": 0.05528358844329617}",867
sample_000868,C11_Hotspot_Elliptic,,605,"{""center_angle"": ""random"", ""center_angle_rad"": 3.076732367200639, ""center_radius_ratio"": 0.3865235082105491, ""mode"": ""random"", ""n_particles"": 605, ""name"": ""wafer_particles.pattern.C11_Hotspot_Elliptic"", ""rotation_deg"": 30.0, ""rotation_rad"": 4.887469436946507, ""schema_version"": ""wafer_particles.pattern_config.v1"", ""sigma_x_ratio"": 0.08853003708247192, ""sigma_y_ratio"": 0.012395126220806147, ""wafer_radius_mm"": 150.0}",868
sample_000869,C01_Uniform,,513,"{""n_particles"": 513, ""name"": ""wafer_particles.pattern.C01_Uniform"", ""schema_version"": ""wafer_particles.pattern_config.v1"", ""wafer_radius_mm"": 150.0}",869
sample_000870,C11_Hotspot_Elliptic,,564,"{""center_angle"": ""random"", ""center_angle_rad"": 2.334576422919988, ""center_radius_ratio"": 0.006260411337613714, ""mode"": ""random"", ""n_particles"": 564, ""name"": ""wafer_particles.pattern.C11_Hotspot_Elliptic"", ""rotation_deg"": 30.0, ""rotation_rad"": 1.351897270832574, ""schema_version"": ""wafer_particles.pattern_config.v1"", ""sigma_x_ratio"": 0.0993123790952919, ""sigma_y_ratio"": 0.06723137399555734, ""wafer_radius_mm"": 150.0}",870
sample_000871,C11_Hotspot_Elliptic,,627,"{""center_angle"": ""random"", ""center_angle_rad"": 3.0922054155380674, ""center_radius_ratio"": 0.2414304721316569, ""mode"": ""random"", ""n_particles"": 627, ""name"": ""wafer_particles.pattern.C11_Hotspot_Elliptic"", ""rotation_deg"": 30.0, ""rotation_rad"": 3.0754498760158806, ""schema_version"": ""wafer_particles.pattern_config.v1"", ""sigma_x_ratio"": 0.04369663415114812, ""sigma_y_ratio"": 0.05324411303457198, ""wafer_radius_mm"": 150.0}",871
sample_000872,C11_Hotspot_Elliptic,,600,"{""center_angle"": ""random"", ""center_angle_rad"": 2.927087374987273, ""center_radius_ratio"": 0.4273171853730683, ""mode"": ""random"", ""n_particles"": 600, ""name"": ""wafer_particles.pattern.C11_Hotspot_Elliptic"", ""rotation_deg"": 30.0, ""rotation_rad"": 3.0784541515746717, ""schema_version"": ""wafer_particles.pattern_config.v1"", ""sigma_x_ratio"": 0.08273722602423704, ""sigma_y_ratio"": 0.010034302258663348, ""wafer_radius_mm"": 150.0}",872
sample_000873,C01_Uniform,,1029,"{""n_particles"": 1029, ""name"": ""wafer_particles.pattern.C01_Uniform"", ""schema_version"": ""wafer_particles.pattern_config.v1"", ""wafer_radius_mm"": 150.0}",873
sample_000874,C04_Sector_Edge,,1114,"{""angle_center_rad"": 6.080982143976978, ""angle_width_deg"": 49.282130750777625, ""edge_width_ratio"": 0.08307688442454579, ""n_particles"": 1114, ""name"": ""wafer_particles.pattern.C04_Sector_Edge"", ""radial_beta_alpha"": 3.736675406531985, ""radial_beta_beta"": 2.145981941406849, ""schema_version"": ""wafer_particles.pattern_config.v1"", ""side"": ""right"", ""theta_vonmises_kappa"": 3.2863771248366476, ""wafer_radius_mm"": 150.0}",874
sample_000875,C11_Hotspot_Elliptic,,922,"{""center_angle"": ""random"", ""center_angle_rad"": 1.1899294295521678, ""center_radius_ratio"": 0.8391079606880679, ""mode"": ""random"", ""n_particles"": 922, ""name"": ""wafer_particles.pattern.C11_Hotspot_Elliptic"", ""rotation_deg"": 30.0, ""rotation_rad"": 5.799269100536066, ""schema_version"": ""wafer_particles.pattern_config.v1"", ""sigma_x_ratio"": 0.10857964665099958, ""sigma_y_ratio"": 0.05626596263353235, ""wafer_radius_mm"": 150.0}",875
sample_000876,C04_Sector_Edge,,1507,"{""angle_center_rad"": 3.7187338078774537, ""angle_width_deg"": 67.31884978666572, ""edge_width_ratio"": 0.1169478870401272, ""n_particles"": 1507, ""name"": ""wafer_particles.pattern.C04_Sector_Edge"", ""radial_beta_alpha"": 3.1187635007035146, ""radial_beta_beta"": 2.6501910793592316, ""schema_version"": ""wafer_particles.pattern_config.v1"", ""side"": ""right"", ""theta_vonmises_kappa"": 1.6297075709647821, ""wafer_radius_mm"": 150.0}",876
sample_000877,radial_lines,line,1292,"{""angular_jitter_deg"": 2.0, ""n_lines"": 6, ""n_particles"": 1292, ""name"": ""wafer_particles.pattern.radial_lines"", ""r_max_ratio"": 1.0, ""r_min_ratio"": 0.0, ""schema_version"": ""wafer_particles.pattern_config.v1"", ""wafer_radius_mm"": 150.0}",877
sample_000878,C11_Hotspot_Elliptic,,1330,"{""center_angle"": ""random"", ""center_angle_rad"": 4.215947057643296, ""center_radius_ratio"": 0.5943325101014297, ""mode"": ""random"", ""n_particles"": 1330, ""name"": ""wafer_particles.pattern.C11_Hotspot_Elliptic"", ""rotation_deg"": 30.0, ""rotation_rad"": 1.076579704471672, ""schema_version"": ""wafer_particles.pattern_config.v1"", ""sigma_x_ratio"": 0.10936765166448068, ""sigma_y_ratio"": 0.06649148253794669, ""wafer_radius_mm"": 150.0}",878
sample_000879,C04_Sector_Edge,,605,"{""angle_center_rad"": 1.5646593907762638, ""angle_width_deg"": 23.967983301012836, ""edge_width_ratio"": 0.1600709470438174, ""n_particles"": 605, ""name"": ""wafer_particles.pattern.C04_Sector_Edge"", ""radial_beta_alpha"": 1.6598561068326418, ""radial_beta_beta"": 2.8640059185241906, ""schema_version"": ""wafer_particles.pattern_config.v1"", ""side"": ""right"", ""theta_vonmises_kappa"": 9.389818458725466, ""wafer_radius_mm"": 150.0}",879
sample_000880,C11_Hotspot_Elliptic,,1481,"{""center_angle"": ""random"", ""center_angle_rad"": 5.3297005003803966, ""center_radius_ratio"": 0.35521337668903713, ""mode"": ""random"", ""n_particles"": 1481, ""name"": ""wafer_particles.pattern.C11_Hotspot_Elliptic"", ""rotation_deg"": 30.0, ""rotation_rad"": 5.452298812388771, ""schema_version"": ""wafer_particles.pattern_config.v1"", ""sigma_x_ratio"": 0.07659871359264123, ""sigma_y_ratio"": 0.037817694220626315, ""wafer_radius_mm"": 150.0}",880
sample_000881,C01_Uniform,,1022,"{""n_particles"": 1022, ""name"": ""wafer_particles.pattern.C01_Uniform"", ""schema_version"": ""wafer_particles.pattern_config.v1"", ""wafer_radius_mm"": 150.0}",881
sample_000882,C03_Ring,,804,"{""n_particles"": 804, ""name"": ""wafer_particles.pattern.C03_Ring"", ""radius_ratio"": 0.7633925954625391, ""schema_version"": ""wafer_particles.pattern_config.v1"", ""wafer_radius_mm"": 150.0, ""width_ratio"": 0.07301969298851724}",882
sample_000883,C07_StraightLine,,698,"{""angle_deg"": 92.33548531755777, ""n_particles"": 698, ""name"": ""wafer_particles.pattern.C07_StraightLine"", ""offset_ratio"": 0.04451951796659692, ""schema_version"": ""wafer_particles.pattern_config.v1"", ""segment_half_length_ratio"": 0.6896256175674488, ""wafer_radius_mm"": 150.0, ""width_ratio"": 0.0470519887203144}",883
sample_000884,C01_Uniform,,1122,"{""n_particles"": 1122, ""name"": ""wafer_particles.pattern.C01_Uniform"", ""schema_version"": ""wafer_particles.pattern_config.v1"", ""wafer_radius_mm"": 150.0}",884
sample_000885,C01_Uniform,,855,"{""n_particles"": 855, ""name"": ""wafer_particles.pattern.C01_Uniform"", ""schema_version"": ""wafer_particles.pattern_config.v1"", ""wafer_radius_mm"": 150.0}",885
sample_000886,C01_Uniform,,1319,"{""n_particles"": 1319, ""name"": ""wafer_particles.pattern.C01_Uniform"", ""schema_version"": ""wafer_particles.pattern_config.v1"", ""wafer_radius_mm"": 150.0}",886
sample_000887,C01_Uniform,,854,"{""n_particles"": 854, ""name"": ""wafer_particles.pattern.C01_Uniform"", ""schema_version"": ""wafer_particles.pattern_config.v1"", ""wafer_radius_mm"": 150.0}",887
sample_000888,C01_Uniform,,1516,"{""n_particles"": 1516, ""name"": ""wafer_particles.pattern.C01_Uniform"", ""schema_version"": ""wafer_particles.pattern_config.v1"", ""wafer_radius_mm"": 150.0}",888
sample_000889,C04_Sector_Edge,,747,"{""angle_center_rad"": 0.7843923934808341, ""angle_width_deg"": 55.26376750433997, ""edge_width_ratio"": 0.19755446526363352, ""n_particles"": 747, ""name"": ""wafer_particles.pattern.C04_Sector_Edge"", ""radial_beta_alpha"": 2.4641787322575315, ""radial_beta_beta"": 0.9078850049640241, ""schema_version"": ""wafer_particles.pattern_config.v1"", ""side"": ""right"", ""theta_vonmises_kappa"": 4.5115915362373045, ""wafer_radius_mm"": 150.0}",889
sample_000890,C07_StraightLine,,1472,"{""angle_deg"": 64.07078438913659, ""n_particles"": 1472, ""name"": ""wafer_particles.pattern.C07_StraightLine"", ""offset_ratio"": -0.025360846156222916, ""schema_version"": ""wafer_particles.pattern_config.v1"", ""segment_half_length_ratio"": 0.6758641516768539, ""wafer_radius_mm"": 150.0, ""width_ratio"": 0.031144028001284452}",890
sample_000891,radial_lines,line,982,"{""angular_jitter_deg"": 2.0, ""n_lines"": 6, ""n_particles"": 982, ""name"": ""wafer_particles.pattern.radial_lines"", ""r_max_ratio"": 1.0, ""r_min_ratio"": 0.0, ""schema_version"": ""wafer_particles.pattern_config.v1"", ""wafer_radius_mm"": 150.0}",891
sample_000892,radial_lines,line,954,"{""angular_jitter_deg"": 2.0, ""n_lines"": 6, ""n_particles"": 954, ""name"": ""wafer_particles.pattern.radial_lines"", ""r_max_ratio"": 1.0, ""r_min_ratio"": 0.0, ""schema_version"": ""wafer_particles.pattern_config.v1"", ""wafer_radius_mm"": 150.0}",892
sample_000893,C04_Sector_Edge,,599,"{""angle_center_rad"": 4.96693380895649, ""angle_width_deg"": 59.40220554898604, ""edge_width_ratio"": 0.12728091716025014, ""n_particles"": 599, ""name"": ""wafer_particles.pattern.C04_Sector_Edge"", ""radial_beta_alpha"": 3.8305782836669087, ""radial_beta_beta"": 2.784392423127301, ""schema_version"": ""wafer_particles.pattern_config.v1"", ""side"": ""right"", ""theta_vonmises_kappa"": 0.6111625505515887, ""wafer_radius_mm"": 150.0}",893
sample_000894,edge_sector_left,sector,867,"{""angle_width_deg"": 40.0, ""edge_width_ratio"": 0.1, ""n_particles"": 867, ""name"": ""wafer_particles.pattern.edge_sector"", ""schema_version"": ""wafer_particles.pattern_config.v1"", ""side"": ""left"", ""wafer_radius_mm"": 150.0}",894
sample_000895,C01_Uniform,,1265,"{""n_particles"": 1265, ""name"": ""wafer_particles.pattern.C01_Uniform"", ""schema_version"": ""wafer_particles.pattern_config.v1"", ""wafer_radius_mm"": 150.0}",895
sample_000896,C01_Uniform,,1437,"{""n_particles"": 1437, ""name"": ""wafer_particles.pattern.C01_Uniform"", ""schema_version"": ""wafer_particles.pattern_config.v1"", ""wafer_radius_mm"": 150.0}",896
sample_000897,C03_Ring,,1354,"{""n_particles"": 1354, ""name"": ""wafer_particles.pattern.C03_Ring"", ""radius_ratio"": 0.891631407858885, ""schema_version"": ""wafer_particles.pattern_config.v1"", ""wafer_radius_mm"": 150.0, ""width_ratio"": 0.034060383871790265}",897
sample_000898,C01_Uniform,,998,"{""n_particles"": 998, ""name"": ""wafer_particles.pattern.C01_Uniform"", ""schema_version"": ""wafer_particles.pattern_config.v1"", ""wafer_radius_mm"": 150.0}",898
sample_000899,C11_Hotspot_Elliptic,,1099,"{""center_angle"": ""random"", ""center_angle_rad"": 4.091281972252887, ""center_radius_ratio"": 0.727108321807805, ""mode"": ""random"", ""n_particles"": 1099, ""name"": ""wafer_particles.pattern.C11_Hotspot_Elliptic"", ""rotation_deg"": 30.0, ""rotation_rad"": 5.253944538514286, ""schema_version"": ""wafer_particles.pattern_config.v1"", ""sigma_x_ratio"": 0.08815823905373754, ""sigma_y_ratio"": 0.07748074292027077, ""wafer_radius_mm"": 150.0}",899
sample_000900,C01_Uniform,,943,"{""n_particles"": 943, ""name"": ""wafer_particles.pattern.C01_Uniform"", ""schema_version"": ""wafer_particles.pattern_config.v1"", ""wafer_radius_mm"": 150.0}",900
sample_000901,C03_Ring,,992,"{""n_particles"": 992, ""name"": ""wafer_particles.pattern.C03_Ring"", ""radius_ratio"": 0.42775985912095327, ""schema_version"": ""wafer_particles.pattern_config.v1"", ""wafer_radius_mm"": 150.0, ""width_ratio"": 0.1133558084423229}",901
sample_000902,C11_Hotspot_Elliptic,,1418,"{""center_angle"": ""random"", ""center_angle_rad"": 4.77527043693648, ""center_radius_ratio"": 0.7079088519677561, ""mode"": ""random"", ""n_particles"": 1418, ""name"": ""wafer_particles.pattern.C11_Hotspot_Elliptic"", ""rotation_deg"": 30.0, ""rotation_rad"": 1.4976473470627054, ""schema_version"": ""wafer_particles.pattern_config.v1"", ""sigma_x_ratio"": 0.09729362156409338, ""sigma_y_ratio"": 0.0636975994962964, ""wafer_radius_mm"": 150.0}",902
sample_000903,C03_Ring,,971,"{""n_particles"": 971, ""name"": ""wafer_particles.pattern.C03_Ring"", ""radius_ratio"": 0.4534315545619304, ""schema_version"": ""wafer_particles.pattern_config.v1"", ""wafer_radius_mm"": 150.0, ""width_ratio"": 0.042728413407319935}",903
sample_000904,C03_Ring,,820,"{""n_particles"": 820, ""name"": ""wafer_particles.pattern.C03_Ring"", ""radius_ratio"": 0.6482846088652314, ""schema_version"": ""wafer_particles.pattern_config.v1"", ""wafer_radius_mm"": 150.0, ""width_ratio"": 0.04278560426585594}",904
sample_000905,C11_Hotspot_Elliptic,,1385,"{""center_angle"": ""random"", ""center_angle_rad"": 2.477248879490961, ""center_radius_ratio"": 0.8774869150593234, ""mode"": ""random"", ""n_particles"": 1385, ""name"": ""wafer_particles.pattern.C11_Hotspot_Elliptic"", ""rotation_deg"": 30.0, ""rotation_rad"": 5.929728933275303, ""schema_version"": ""wafer_particles.pattern_config.v1"", ""sigma_x_ratio"": 0.09158473806745238, ""sigma_y_ratio"": 0.04375791368501492, ""wafer_radius_mm"": 150.0}",905
sample_000906,C11_Hotspot_Elliptic,,802,"{""center_angle"": ""random"", ""center_angle_rad"": 1.0281639730271204, ""center_radius_ratio"": 0.8548528307117462, ""mode"": ""random"", ""n_particles"": 802, ""name"": ""wafer_particles.pattern.C11_Hotspot_Elliptic"", ""rotation_deg"": 30.0, ""rotation_rad"": 1.3069488092013035, ""schema_version"": ""wafer_particles.pattern_config.v1"", ""sigma_x_ratio"": 0.05107205434361896, ""sigma_y_ratio"": 0.018620365051357158, ""wafer_radius_mm"": 150.0}",906
sample_000907,C11_Hotspot_Elliptic,,1088,"{""center_angle"": ""random"", ""center_angle_rad"": 1.6939487499232238, ""center_radius_ratio"": 0.3026816839199838, ""mode"": ""random"", ""n_particles"": 1088, ""name"": ""wafer_particles.pattern.C11_Hotspot_Elliptic"", ""rotation_deg"": 30.0, ""rotation_rad"": 1.6033214541850256, ""schema_version"": ""wafer_particles.pattern_config.v1"", ""sigma_x_ratio"": 0.10390259259637863, ""sigma_y_ratio"": 0.03806611043409082, ""wafer_radius_mm"": 150.0}",907
sample_000908,C11_Hotspot_Elliptic,,934,"{""center_angle"": ""random"", ""center_angle_rad"": 4.1897033335994065, ""center_radius_ratio"": 0.20168079598321584, ""mode"": ""random"", ""n_particles"": 934, ""name"": ""wafer_particles.pattern.C11_Hotspot_Elliptic"", ""rotation_deg"": 30.0, ""rotation_rad"": 2.5731211969076133, ""schema_version"": ""wafer_particles.pattern_config.v1"", ""sigma_x_ratio"": 0.09384857926992192, ""sigma_y_ratio"": 0.045063677528017695, ""wafer_radius_mm"": 150.0}",908
sample_000909,scratch_vertical,line,1239,"{""angle_category"": ""vertical"", ""length_ratio"": 1.0, ""n_particles"": 1239, ""name"": ""wafer_particles.pattern.scratch"", ""offset_ratio"": 0.0, ""schema_version"": ""wafer_particles.pattern_config.v1"", ""wafer_radius_mm"": 150.0, ""width_ratio"": 0.01}",909
sample_000910,C01_Uniform,,1436,"{""n_particles"": 1436, ""name"": ""wafer_particles.pattern.C01_Uniform"", ""schema_version"": ""wafer_particles.pattern_config.v1"", ""wafer_radius_mm"": 150.0}",910
sample_000911,ring_wide,ring,528,"{""n_particles"": 528, ""name"": ""wafer_particles.pattern.ring_wide"", ""radius_ratio"": 0.6, ""schema_version"": ""wafer_particles.pattern_config.v1"", ""wafer_radius_mm"": 150.0, ""width_ratio"": 0.15}",911
sample_000912,C03_Ring,,798,"{""n_particles"": 798, ""name"": ""wafer_particles.pattern.C03_Ring"", ""radius_ratio"": 0.6930909041317965, ""schema_version"": ""wafer_particles.pattern_config.v1"", ""wafer_radius_mm"": 150.0, ""width_ratio"": 0.025534796415931905}",912
sample_000913,C11_Hotspot_Elliptic,,1394,"{""center_angle"": ""random"", ""center_angle_rad"": 2.4297338708816314, ""center_radius_ratio"": 0.34351292111143894, ""mode"": ""random"", ""n_particles"": 1394, ""name"": ""wafer_particles.pattern.C11_Hotspot_Elliptic"", ""rotation_deg"": 30.0, ""rotation_rad"": 0.6301894657928773, ""schema_version"": ""wafer_particles.pattern_config.v1"", ""sigma_x_ratio"": 0.035157115588792316, ""sigma_y_ratio"": 0.03712945993260481, ""wafer_radius_mm"": 150.0}",913
sample_000914,C11_Hotspot_Elliptic,,1223,"{""center_angle"": ""random"", ""center_angle_rad"": 2.0842069320696437, ""center_radius_ratio"": 0.18683266467990717, ""mode"": ""random"", ""n_particles"": 1223, ""name"": ""wafer_particles.pattern.C11_Hotspot_Elliptic"", ""rotation_deg"": 30.0, ""rotation_rad"": 1.918622736239625, ""schema_version"": ""wafer_particles.pattern_config.v1"", ""sigma_x_ratio"": 0.0431072955087925, ""sigma_y_ratio"": 0.029085866955112165, ""wafer_radius_mm"": 150.0}",914
sample_000915,C03_Ring,,738,"{""n_particles"": 738, ""name"": ""wafer_particles.pattern.C03_Ring"", ""radius_ratio"": 0.8748474431592905, ""schema_version"": ""wafer_particles.pattern_config.v1"", ""wafer_radius_mm"": 150.0, ""width_ratio"": 0.12449771799973687}",915
sample_000916,C03_Ring,,1516,"{""n_particles"": 1516, ""name"": ""wafer_particles.pattern.C03_Ring"", ""radius_ratio"": 0.6515527235068265, ""schema_version"": ""wafer_particles.pattern_config.v1"", ""wafer_radius_mm"": 150.0, ""width_ratio"": 0.14437419774399182}",916
sample_000917,C01_Uniform,,887,"{""n_particles"": 887, ""name"": ""wafer_particles.pattern.C01_Uniform"", ""schema_version"": ""wafer_particles.pattern_config.v1"", ""wafer_radius_mm"": 150.0}",917
sample_000918,edge_sector_left,sector,1265,"{""angle_width_deg"": 40.0, ""edge_width_ratio"": 0.1, ""n_particles"": 1265, ""name"": ""wafer_particles.pattern.edge_sector"", ""schema_version"": ""wafer_particles.pattern_config.v1"", ""side"": ""left"", ""wafer_radius_mm"": 150.0}",918
sample_000919,C04_Sector_Edge,,1219,"{""angle_center_rad"": 3.1442629786399983, ""angle_width_deg"": 46.53413461117147, ""edge_width_ratio"": 0.2764720905041664, ""n_particles"": 1219, ""name"": ""wafer_particles.pattern.C04_Sector_Edge"", ""radial_beta_alpha"": 1.2940940467850413, ""radial_beta_beta"": 1.2010791442376716, ""schema_version"": ""wafer_particles.pattern_config.v1"", ""side"": ""right"", ""theta_vonmises_kappa"": 7.515532694091158, ""wafer_radius_mm"": 150.0}",919
sample_000920,C07_StraightLine,,519,"{""angle_deg"": 4.22950415517967, ""n_particles"": 519, ""name"": ""wafer_particles.pattern.C07_StraightLine"", ""offset_ratio"": -0.26158648815966223, ""schema_version"": ""wafer_particles.pattern_config.v1"", ""segment_half_length_ratio"": 0.8707226345161769, ""wafer_radius_mm"": 150.0, ""width_ratio"": 0.014643985981352903}",920
sample_000921,C01_Uniform,,1323,"{""n_particles"": 1323, ""name"": ""wafer_particles.pattern.C01_Uniform"", ""schema_version"": ""wafer_particles.pattern_config.v1"", ""wafer_radius_mm"": 150.0}",921
sample_000922,C11_Hotspot_Elliptic,,605,"{""center_angle"": ""random"", ""center_angle_rad"": 1.4545113287157925, ""center_radius_ratio"": 0.5114144787970198, ""mode"": ""random"", ""n_particles"": 605, ""name"": ""wafer_particles.pattern.C11_Hotspot_Elliptic"", ""rotation_deg"": 30.0, ""rotation_rad"": 3.0453513966432126, ""schema_version"": ""wafer_particles.pattern_config.v1"", ""sigma_x_ratio"": 0.11041867571473281, ""sigma_y_ratio"": 0.017092048579619372, ""wafer_radius_mm"": 150.0}",922
sample_000923,C11_Hotspot_Elliptic,,944,"{""center_angle"": ""random"", ""center_angle_rad"": 0.6843547018456207, ""center_radius_ratio"": 0.6383646549638926, ""mode"": ""random"", ""n_particles"": 944, ""name"": ""wafer_particles.pattern.C11_Hotspot_Elliptic"", ""rotation_deg"": 30.0, ""rotation_rad"": 4.098721802985303, ""schema_version"": ""wafer_particles.pattern_config.v1"", ""sigma_x_ratio"": 0.09309083167031779, ""sigma_y_ratio"": 0.05975991709853477, ""wafer_radius_mm"": 150.0}",923
sample_000924,C07_StraightLine,,1233,"{""angle_deg"": 158.28437791406412, ""n_particles"": 1233, ""name"": ""wafer_particles.pattern.C07_StraightLine"", ""offset_ratio"": 0.04686690293703, ""schema_version"": ""wafer_particles.pattern_config.v1"", ""segment_half_length_ratio"": 0.6638270603311596, ""wafer_radius_mm"": 150.0, ""width_ratio"": 0.013716742856939634}",924
sample_000925,C03_Ring,,1526,"{""n_particles"": 1526, ""name"": ""wafer_particles.pattern.C03_Ring"", ""radius_ratio"": 0.7326135448394806, ""schema_version"": ""wafer_particles.pattern_config.v1"", ""wafer_radius_mm"": 150.0, ""width_ratio"": 0.1938411196446178}",925
sample_000926,C03_Ring,,730,"{""n_particles"": 730, ""name"": ""wafer_particles.pattern.C03_Ring"", ""radius_ratio"": 0.75323911856727, ""schema_version"": ""wafer_particles.pattern_config.v1"", ""wafer_radius_mm"": 150.0, ""width_ratio"": 0.07149347042832813}",926
sample_000927,scratch_horizontal,line,794,"{""angle_category"": ""horizontal"", ""length_ratio"": 1.0, ""n_particles"": 794, ""name"": ""wafer_particles.pattern.scratch"", ""offset_ratio"": 0.0, ""schema_version"": ""wafer_particles.pattern_config.v1"", ""wafer_radius_mm"": 150.0, ""width_ratio"": 0.01}",927
sample_000928,C01_Uniform,,1387,"{""n_particles"": 1387, ""name"": ""wafer_particles.pattern.C01_Uniform"", ""schema_version"": ""wafer_particles.pattern_config.v1"", ""wafer_radius_mm"": 150.0}",928
sample_000929,ring_wide,ring,756,"{""n_particles"": 756, ""name"": ""wafer_particles.pattern.ring_wide"", ""radius_ratio"": 0.6, ""schema_version"": ""wafer_particles.pattern_config.v1"", ""wafer_radius_mm"": 150.0, ""width_ratio"": 0.15}",929
sample_000930,C04_Sector_Edge,,744,"{""angle_center_rad"": 5.3424133214668315, ""angle_width_deg"": 47.65978740523509, ""edge_width_ratio"": 0.050581864877540614, ""n_particles"": 744, ""name"": ""wafer_particles.pattern.C04_Sector_Edge"", ""radial_beta_alpha"": 1.5236015963826115, ""radial_beta_beta"": 2.348915947530417, ""schema_version"": ""wafer_particles.pattern_config.v1"", ""side"": ""right"", ""theta_vonmises_kappa"": 7.692046542260714, ""wafer_radius_mm"": 150.0}",930
sample_000931,C04_Sector_Edge,,915,"{""angle_center_rad"": 4.046580612302714, ""angle_width_deg"": 32.56900242411805, ""edge_width_ratio"": 0.26657105654392693, ""n_particles"": 915, ""name"": ""wafer_particles.pattern.C04_Sector_Edge"", ""radial_beta_alpha"": 1.5619356514313867, ""radial_beta_beta"": 2.0513509445623423, ""schema_version"": ""wafer_particles.pattern_config.v1"", ""side"": ""right"", ""theta_vonmises_kappa"": 8.314091372126034, ""wafer_radius_mm"": 150.0}",931
sample_000932,C01_Uniform,,601,"{""n_particles"": 601, ""name"": ""wafer_particles.pattern.C01_Uniform"", ""schema_version"": ""wafer_particles.pattern_config.v1"", ""wafer_radius_mm"": 150.0}",932
sample_000933,C03_Ring,,1358,"{""n_particles"": 1358, ""name"": ""wafer_particles.pattern.C03_Ring"", ""radius_ratio"": 0.546122474409149, ""schema_version"": ""wafer_particles.pattern_config.v1"", ""wafer_radius_mm"": 150.0, ""width_ratio"": 0.1939505078192287}",933
sample_000934,C01_Uniform,,1313,"{""n_particles"": 1313, ""name"": ""wafer_particles.pattern.C01_Uniform"", ""schema_version"": ""wafer_particles.pattern_config.v1"", ""wafer_radius_mm"": 150.0}",934
sample_000935,C03_Ring,,1265,"{""n_particles"": 1265, ""name"": ""wafer_particles.pattern.C03_Ring"", ""radius_ratio"": 0.5338605803649112, ""schema_version"": ""wafer_particles.pattern_config.v1"", ""wafer_radius_mm"": 150.0, ""width_ratio"": 0.1897434542819693}",935
sample_000936,C03_Ring,,1492,"{""n_particles"": 1492, ""name"": ""wafer_particles.pattern.C03_Ring"", ""radius_ratio"": 0.4408354154848697, ""schema_version"": ""wafer_particles.pattern_config.v1"", ""wafer_radius_mm"": 150.0, ""width_ratio"": 0.052136144322399255}",936
sample_000937,C03_Ring,,1075,"{""n_particles"": 1075, ""name"": ""wafer_particles.pattern.C03_Ring"", ""radius_ratio"": 0.5237931870631506, ""schema_version"": ""wafer_particles.pattern_config.v1"", ""wafer_radius_mm"": 150.0, ""width_ratio"": 0.11741283320429126}",937
sample_000938,C03_Ring,,762,"{""n_particles"": 762, ""name"": ""wafer_particles.pattern.C03_Ring"", ""radius_ratio"": 0.46701466631772215, ""schema_version"": ""wafer_particles.pattern_config.v1"", ""wafer_radius_mm"": 150.0, ""width_ratio"": 0.06720427647019647}",938
sample_000939,C04_Sector_Edge,,655,"{""angle_center_rad"": 5.054331416531623, ""angle_width_deg"": 53.671949475399074, ""edge_width_ratio"": 0.2182812327479195, ""n_particles"": 655, ""name"": ""wafer_particles.pattern.C04_Sector_Edge"", ""radial_beta_alpha"": 2.643562392527871, ""radial_beta_beta"": 3.226157724292186, ""schema_version"": ""wafer_particles.pattern_config.v1"", ""side"": ""right"", ""theta_vonmises_kappa"": 8.639285655502048, ""wafer_radius_mm"": 150.0}",939
sample_000940,C01_Uniform,,1277,"{""n_particles"": 1277, ""name"": ""wafer_particles.pattern.C01_Uniform"", ""schema_version"": ""wafer_particles.pattern_config.v1"", ""wafer_radius_mm"": 150.0}",940
sample_000941,C11_Hotspot_Elliptic,,1437,"{""center_angle"": ""random"", ""center_angle_rad"": 5.914486691826704, ""center_radius_ratio"": 0.2773456975079562, ""mode"": ""random"", ""n_particles"": 1437, ""name"": ""wafer_particles.pattern.C11_Hotspot_Elliptic"", ""rotation_deg"": 30.0, ""rotation_rad"": 1.66698793076432, ""schema_version"": ""wafer_particles.pattern_config.v1"", ""sigma_x_ratio"": 0.03336267970117156, ""sigma_y_ratio"": 0.03939117498417155, ""wafer_radius_mm"": 150.0}",941
sample_000942,C04_Sector_Edge,,1157,"{""angle_center_rad"": 0.6555478801080921, ""angle_width_deg"": 24.20183250105172, ""edge_width_ratio"": 0.09794198870656791, ""n_particles"": 1157, ""name"": ""wafer_particles.pattern.C04_Sector_Edge"", ""radial_beta_alpha"": 3.909833321683579, ""radial_beta_beta"": 1.2429608351542827, ""schema_version"": ""wafer_particles.pattern_config.v1"", ""side"": ""right"", ""theta_vonmises_kappa"": 7.722141186056363, ""wafer_radius_mm"": 150.0}",942
sample_000943,C11_Hotspot_Elliptic,,1486,"{""center_angle"": ""random"", ""center_angle_rad"": 5.121983188264365, ""center_radius_ratio"": 0.05685636662493459, ""mode"": ""random"", ""n_particles"": 1486, ""name"": ""wafer_particles.pattern.C11_Hotspot_Elliptic"", ""rotation_deg"": 30.0, ""rotation_rad"": 4.063312664449767, ""schema_version"": ""wafer_particles.pattern_config.v1"", ""sigma_x_ratio"": 0.0973020849073668, ""sigma_y_ratio"": 0.06697792220468897, ""wafer_radius_mm"": 150.0}",943
sample_000944,C03_Ring,,1475,"{""n_particles"": 1475, ""name"": ""wafer_particles.pattern.C03_Ring"", ""radius_ratio"": 0.6771732506161835, ""schema_version"": ""wafer_particles.pattern_config.v1"", ""wafer_radius_mm"": 150.0, ""width_ratio"": 0.11106864216163895}",944
sample_000945,scratch_vertical,line,1497,"{""angle_category"": ""vertical"", ""length_ratio"": 1.0, ""n_particles"": 1497, ""name"": ""wafer_particles.pattern.scratch"", ""offset_ratio"": 0.0, ""schema_version"": ""wafer_particles.pattern_config.v1"", ""wafer_radius_mm"": 150.0, ""width_ratio"": 0.01}",945
sample_000946,ring_wide,ring,1291,"{""n_particles"": 1291, ""name"": ""wafer_particles.pattern.ring_wide"", ""radius_ratio"": 0.6, ""schema_version"": ""wafer_particles.pattern_config.v1"", ""wafer_radius_mm"": 150.0, ""width_ratio"": 0.15}",946
sample_000947,C03_Ring,,855,"{""n_particles"": 855, ""name"": ""wafer_particles.pattern.C03_Ring"", ""radius_ratio"": 0.8080442529413325, ""schema_version"": ""wafer_particles.pattern_config.v1"", ""wafer_radius_mm"": 150.0, ""width_ratio"": 0.1235333652308631}",947
sample_000948,ring_wide,ring,643,"{""n_particles"": 643, ""name"": ""wafer_particles.pattern.ring_wide"", ""radius_ratio"": 0.6, ""schema_version"": ""wafer_particles.pattern_config.v1"", ""wafer_radius_mm"": 150.0, ""width_ratio"": 0.15}",948
sample_000949,C04_Sector_Edge,,715,"{""angle_center_rad"": 0.5395746627887981, ""angle_width_deg"": 43.18071832659106, ""edge_width_ratio"": 0.0613136798147315, ""n_particles"": 715, ""name"": ""wafer_particles.pattern.C04_Sector_Edge"", ""radial_beta_alpha"": 3.2241828222582756, ""radial_beta_beta"": 0.9271806399559794, ""schema_version"": ""wafer_particles.pattern_config.v1"", ""side"": ""right"", ""theta_vonmises_kappa"": 2.150168304841212, ""wafer_radius_mm"": 150.0}",949
sample_000950,C04_Sector_Edge,,1425,"{""angle_center_rad"": 4.828681702601169, ""angle_width_deg"": 23.74113538317132, ""edge_width_ratio"": 0.08256217760137564, ""n_particles"": 1425, ""name"": ""wafer_particles.pattern.C04_Sector_Edge"", ""radial_beta_alpha"": 2.8272350962530117, ""radial_beta_beta"": 3.1973336243420647, ""schema_version"": ""wafer_particles.pattern_config.v1"", ""side"": ""right"", ""theta_vonmises_kappa"": 3.4256446951689448, ""wafer_radius_mm"": 150.0}",950
sample_000951,C07_StraightLine,,1088,"{""angle_deg"": 153.82871668785188, ""n_particles"": 1088, ""name"": ""wafer_particles.pattern.C07_StraightLine"", ""offset_ratio"": -0.010789581039003071, ""schema_version"": ""wafer_particles.pattern_config.v1"", ""segment_half_length_ratio"": 0.7433798959310245, ""wafer_radius_mm"": 150.0, ""width_ratio"": 0.0075159193613806045}",951
sample_000952,C04_Sector_Edge,,599,"{""angle_center_rad"": 2.4702288466867826, ""angle_width_deg"": 33.39979208013744, ""edge_width_ratio"": 0.13356712882210653, ""n_particles"": 599, ""name"": ""wafer_particles.pattern.C04_Sector_Edge"", ""radial_beta_alpha"": 1.8640983783484, ""radial_beta_beta"": 2.8769645014830747, ""schema_version"": ""wafer_particles.pattern_config.v1"", ""side"": ""right"", ""theta_vonmises_kappa"": 0.7926220851877543, ""wafer_radius_mm"": 150.0}",952
sample_000953,C01_Uniform,,687,"{""n_particles"": 687, ""name"": ""wafer_particles.pattern.C01_Uniform"", ""schema_version"": ""wafer_particles.pattern_config.v1"", ""wafer_radius_mm"": 150.0}",953
sample_000954,C04_Sector_Edge,,1018,"{""angle_center_rad"": 0.7368224159793219, ""angle_width_deg"": 40.0107806652364, ""edge_width_ratio"": 0.27016672179157813, ""n_particles"": 1018, ""name"": ""wafer_particles.pattern.C04_Sector_Edge"", ""radial_beta_alpha"": 3.5503693436142294, ""radial_beta_beta"": 2.7137776945073973, ""schema_version"": ""wafer_particles.pattern_config.v1"", ""side"": ""right"", ""theta_vonmises_kappa"": 5.717943578002897, ""wafer_radius_mm"": 150.0}",954
sample_000955,C01_Uniform,,766,"{""n_particles"": 766, ""name"": ""wafer_particles.pattern.C01_Uniform"", ""schema_version"": ""wafer_particles.pattern_config.v1"", ""wafer_radius_mm"": 150.0}",955
sample_000956,C03_Ring,,635,"{""n_particles"": 635, ""name"": ""wafer_particles.pattern.C03_Ring"", ""radius_ratio"": 0.7741719337290178, ""schema_version"": ""wafer_particles.pattern_config.v1"", ""wafer_radius_mm"": 150.0, ""width_ratio"": 0.17252202433257335}",956
sample_000957,C04_Sector_Edge,,605,"{""angle_center_rad"": 6.207174253478445, ""angle_width_deg"": 64.79301736475315, ""edge_width_ratio"": 0.1369444384101754, ""n_particles"": 605, ""name"": ""wafer_particles.pattern.C04_Sector_Edge"", ""radial_beta_alpha"": 2.370571017686677, ""radial_beta_beta"": 1.934717782082569, ""schema_version"": ""wafer_particles.pattern_config.v1"", ""side"": ""right"", ""theta_vonmises_kappa"": 3.8946274471070144, ""wafer_radius_mm"": 150.0}",957
sample_000958,C03_Ring,,820,"{""n_particles"": 820, ""name"": ""wafer_particles.pattern.C03_Ring"", ""radius_ratio"": 0.8238256528168225, ""schema_version"": ""wafer_particles.pattern_config.v1"", ""wafer_radius_mm"": 150.0, ""width_ratio"": 0.04614029837096998}",958
sample_000959,C04_Sector_Edge,,617,"{""angle_center_rad"": 2.3988456727765457, ""angle_width_deg"": 61.9346474033634, ""edge_width_ratio"": 0.28210771823470987, ""n_particles"": 617, ""name"": ""wafer_particles.pattern.C04_Sector_Edge"", ""radial_beta_alpha"": 2.3618189706369526, ""radial_beta_beta"": 2.3213496465171657, ""schema_version"": ""wafer_particles.pattern_config.v1"", ""side"": ""right"", ""theta_vonmises_kappa"": 5.842483473584404, ""wafer_radius_mm"": 150.0}",959
sample_000960,C11_Hotspot_Elliptic,,737,"{""center_angle"": ""random"", ""center_angle_rad"": 5.263799785887195, ""center_radius_ratio"": 0.43698117621085114, ""mode"": ""random"", ""n_particles"": 737, ""name"": ""wafer_particles.pattern.C11_Hotspot_Elliptic"", ""rotation_deg"": 30.0, ""rotation_rad"": 3.981739574316852, ""schema_version"": ""wafer_particles.pattern_config.v1"", ""sigma_x_ratio"": 0.03460850183294369, ""sigma_y_ratio"": 0.023203640745897335, ""wafer_radius_mm"": 150.0}",960
sample_000961,ring_narrow,ring,512,"{""n_particles"": 512, ""name"": ""wafer_particles.pattern.ring_narrow"", ""radius_ratio"": 0.7, ""schema_version"": ""wafer_particles.pattern_config.v1"", ""wafer_radius_mm"": 150.0, ""width_ratio"": 0.03}",961
sample_000962,C11_Hotspot_Elliptic,,1008,"{""center_angle"": ""random"", ""center_angle_rad"": 0.8663505871063822, ""center_radius_ratio"": 0.6734850782024414, ""mode"": ""random"", ""n_particles"": 1008, ""name"": ""wafer_particles.pattern.C11_Hotspot_Elliptic"", ""rotation_deg"": 30.0, ""rotation_rad"": 3.9850356492171946, ""schema_version"": ""wafer_particles.pattern_config.v1"", ""sigma_x_ratio"": 0.05028953853915799, ""sigma_y_ratio"": 0.07076582918120156, ""wafer_radius_mm"": 150.0}",962
sample_000963,C04_Sector_Edge,,612,"{""angle_center_rad"": 3.1099902925201817, ""angle_width_deg"": 34.95073870099819, ""edge_width_ratio"": 0.1506933897328892, ""n_particles"": 612, ""name"": ""wafer_particles.pattern.C04_Sector_Edge"", ""radial_beta_alpha"": 2.723571463116662, ""radial_beta_beta"": 3.332899449738239, ""schema_version"": ""wafer_particles.pattern_config.v1"", ""side"": ""right"", ""theta_vonmises_kappa"": 7.19951568709512, ""wafer_radius_mm"": 150.0}",963
sample_000964,C01_Uniform,,1367,"{""n_particles"": 1367, ""name"": ""wafer_particles.pattern.C01_Uniform"", ""schema_version"": ""wafer_particles.pattern_config.v1"", ""wafer_radius_mm"": 150.0}",964
sample_000965,C04_Sector_Edge,,1023,"{""angle_center_rad"": 0.7754002968496386, ""angle_width_deg"": 53.18663614014275, ""edge_width_ratio"": 0.1031900123153691, ""n_particles"": 1023, ""name"": ""wafer_particles.pattern.C04_Sector_Edge"", ""radial_beta_alpha"": 2.042155463946553, ""radial_beta_beta"": 2.194485167360342, ""schema_version"": ""wafer_particles.pattern_config.v1"", ""side"": ""right"", ""theta_vonmises_kappa"": 5.773718906742089, ""wafer_radius_mm"": 150.0}",965
sample_000966,C07_StraightLine,,992,"{""angle_deg"": 13.131064872450985, ""n_particles"": 992, ""name"": ""wafer_particles.pattern.C07_StraightLine"", ""offset_ratio"": -0.2957463840414666, ""schema_version"": ""wafer_particles.pattern_config.v1"", ""segment_half_length_ratio"": 0.47771174855309195, ""wafer_radius_mm"": 150.0, ""width_ratio"": 0.021366557231876727}",966
sample_000967,C03_Ring,,1448,"{""n_particles"": 1448, ""name"": ""wafer_particles.pattern.C03_Ring"", ""radius_ratio"": 0.5872156362370444, ""schema_version"": ""wafer_particles.pattern_config.v1"", ""wafer_radius_mm"": 150.0, ""width_ratio"": 0.08130233532668121}",967
sample_000968,scratch_vertical,line,588,"{""angle_category"": ""vertical"", ""length_ratio"": 1.0, ""n_particles"": 588, ""name"": ""wafer_particles.pattern.scratch"", ""offset_ratio"": 0.0, ""schema_version"": ""wafer_particles.pattern_config.v1"", ""wafer_radius_mm"": 150.0, ""width_ratio"": 0.01}",968
sample_000969,ring_narrow,ring,1304,"{""n_particles"": 1304, ""name"": ""wafer_particles.pattern.ring_narrow"", ""radius_ratio"": 0.7, ""schema_version"": ""wafer_particles.pattern_config.v1"", ""wafer_radius_mm"": 150.0, ""width_ratio"": 0.03}",969
sample_000970,C11_Hotspot_Elliptic,,751,"{""center_angle"": ""random"", ""center_angle_rad"": 3.110595379284678, ""center_radius_ratio"": 0.007425963772502786, ""mode"": ""random"", ""n_particles"": 751, ""name"": ""wafer_particles.pattern.C11_Hotspot_Elliptic"", ""rotation_deg"": 30.0, ""rotation_rad"": 4.069967638334781, ""schema_version"": ""wafer_particles.pattern_config.v1"", ""sigma_x_ratio"": 0.09823473697570402, ""sigma_y_ratio"": 0.03449521751764024, ""wafer_radius_mm"": 150.0}",970
sample_000971,C03_Ring,,1431,"{""n_particles"": 1431, ""name"": ""wafer_particles.pattern.C03_Ring"", ""radius_ratio"": 0.7068812157395608, ""schema_version"": ""wafer_particles.pattern_config.v1"", ""wafer_radius_mm"": 150.0, ""width_ratio"": 0.09858171194949068}",971
sample_000972,C07_StraightLine,,1053,"{""angle_deg"": 115.68658084233695, ""n_particles"": 1053, ""name"": ""wafer_particles.pattern.C07_StraightLine"", ""offset_ratio"": -0.28759000930489975, ""schema_version"": ""wafer_particles.pattern_config.v1"", ""segment_half_length_ratio"": 0.7748920066316418, ""wafer_radius_mm"": 150.0, ""width_ratio"": 0.035205782952681945}",972
sample_000973,C04_Sector_Edge,,1012,"{""angle_center_rad"": 1.2656129344216094, ""angle_width_deg"": 79.90490746414278, ""edge_width_ratio"": 0.2933550961767474, ""n_particles"": 1012, ""name"": ""wafer_particles.pattern.C04_Sector_Edge"", ""radial_beta_alpha"": 3.956571903008232, ""radial_beta_beta"": 2.2430161345548227, ""schema_version"": ""wafer_particles.pattern_config.v1"", ""side"": ""right"", ""theta_vonmises_kappa"": 7.493598906789887, ""wafer_radius_mm"": 150.0}",973
sample_000974,C01_Uniform,,1423,"{""n_particles"": 1423, ""name"": ""wafer_particles.pattern.C01_Uniform"", ""schema_version"": ""wafer_particles.pattern_config.v1"", ""wafer_radius_mm"": 150.0}",974
sample_000975,C01_Uniform,,761,"{""n_particles"": 761, ""name"": ""wafer_particles.pattern.C01_Uniform"", ""schema_version"": ""wafer_particles.pattern_config.v1"", ""wafer_radius_mm"": 150.0}",975
sample_000976,C11_Hotspot_Elliptic,,872,"{""center_angle"": ""random"", ""center_angle_rad"": 5.677271125655741, ""center_radius_ratio"": 0.5761688520504614, ""mode"": ""random"", ""n_particles"": 872, ""name"": ""wafer_particles.pattern.C11_Hotspot_Elliptic"", ""rotation_deg"": 30.0, ""rotation_rad"": 5.305932486657343, ""schema_version"": ""wafer_particles.pattern_config.v1"", ""sigma_x_ratio"": 0.09389721073516265, ""sigma_y_ratio"": 0.03736312304025463, ""wafer_radius_mm"": 150.0}",976
sample_000977,C03_Ring,,770,"{""n_particles"": 770, ""name"": ""wafer_particles.pattern.C03_Ring"", ""radius_ratio"": 0.7386745959380174, ""schema_version"": ""wafer_particles.pattern_config.v1"", ""wafer_radius_mm"": 150.0, ""width_ratio"": 0.16512770092509205}",977
sample_000978,C01_Uniform,,1097,"{""n_particles"": 1097, ""name"": ""wafer_particles.pattern.C01_Uniform"", ""schema_version"": ""wafer_particles.pattern_config.v1"", ""wafer_radius_mm"": 150.0}",978
sample_000979,C11_Hotspot_Elliptic,,891,"{""center_angle"": ""random"", ""center_angle_rad"": 3.1654139949992834, ""center_radius_ratio"": 0.49099433563254513, ""mode"": ""random"", ""n_particles"": 891, ""name"": ""wafer_particles.pattern.C11_Hotspot_Elliptic"", ""rotation_deg"": 30.0, ""rotation_rad"": 4.231049948697021, ""schema_version"": ""wafer_particles.pattern_config.v1"", ""sigma_x_ratio"": 0.07364255928325698, ""sigma_y_ratio"": 0.07762145928187282, ""wafer_radius_mm"": 150.0}",979
sample_000980,C07_StraightLine,,1165,"{""angle_deg"": 22.734744244381616, ""n_particles"": 1165, ""name"": ""wafer_particles.pattern.C07_StraightLine"", ""offset_ratio"": 0.06270128462623542, ""schema_version"": ""wafer_particles.pattern_config.v1"", ""segment_half_length_ratio"": 0.898822574952461, ""wafer_radius_mm"": 150.0, ""width_ratio"": 0.037806889430780255}",980
sample_000981,C11_Hotspot_Elliptic,,788,"{""center_angle"": ""random"", ""center_angle_rad"": 2.867158498210059, ""center_radius_ratio"": 0.06626853445320857, ""mode"": ""random"", ""n_particles"": 788, ""name"": ""wafer_particles.pattern.C11_Hotspot_Elliptic"", ""rotation_deg"": 30.0, ""rotation_rad"": 2.89128113861165, ""schema_version"": ""wafer_particles.pattern_config.v1"", ""sigma_x_ratio"": 0.030813684019079076, ""sigma_y_ratio"": 0.0797931159016499, ""wafer_radius_mm"": 150.0}",981
sample_000982,C04_Sector_Edge,,1324,"{""angle_center_rad"": 0.1815936319520606, ""angle_width_deg"": 43.125699233089364, ""edge_width_ratio"": 0.146348343843551, ""n_particles"": 1324, ""name"": ""wafer_particles.pattern.C04_Sector_Edge"", ""radial_beta_alpha"": 2.7251793639249495, ""radial_beta_beta"": 0.8392273967716948, ""schema_version"": ""wafer_particles.pattern_config.v1"", ""side"": ""right"", ""theta_vonmises_kappa"": 6.355526649133117, ""wafer_radius_mm"": 150.0}",982
sample_000983,C01_Uniform,,1104,"{""n_particles"": 1104, ""name"": ""wafer_particles.pattern.C01_Uniform"", ""schema_version"": ""wafer_particles.pattern_config.v1"", ""wafer_radius_mm"": 150.0}",983
sample_000984,C01_Uniform,,1338,"{""n_particles"": 1338, ""name"": ""wafer_particles.pattern.C01_Uniform"", ""schema_version"": ""wafer_particles.pattern_config.v1"", ""wafer_radius_mm"": 150.0}",984
sample_000985,ring_narrow,ring,955,"{""n_particles"": 955, ""name"": ""wafer_particles.pattern.ring_narrow"", ""radius_ratio"": 0.7, ""schema_version"": ""wafer_particles.pattern_config.v1"", ""wafer_radius_mm"": 150.0, ""width_ratio"": 0.03}",985
sample_000986,C01_Uniform,,1322,"{""n_particles"": 1322, ""name"": ""wafer_particles.pattern.C01_Uniform"", ""schema_version"": ""wafer_particles.pattern_config.v1"", ""wafer_radius_mm"": 150.0}",986
sample_000987,C07_StraightLine,,905,"{""angle_deg"": 114.2998252440107, ""n_particles"": 905, ""name"": ""wafer_particles.pattern.C07_StraightLine"", ""offset_ratio"": -0.03040556678350892, ""schema_version"": ""wafer_particles.pattern_config.v1"", ""segment_half_length_ratio"": 0.5157386489601344, ""wafer_radius_mm"": 150.0, ""width_ratio"": 0.03167396842537167}",987
sample_000988,C11_Hotspot_Elliptic,,1265,"{""center_angle"": ""random"", ""center_angle_rad"": 1.7531680113834083, ""center_radius_ratio"": 0.38710775697060157, ""mode"": ""random"", ""n_particles"": 1265, ""name"": ""wafer_particles.pattern.C11_Hotspot_Elliptic"", ""rotation_deg"": 30.0, ""rotation_rad"": 1.436528341215491, ""schema_version"": ""wafer_particles.pattern_config.v1"", ""sigma_x_ratio"": 0.0696992773170376, ""sigma_y_ratio"": 0.038582966672055095, ""wafer_radius_mm"": 150.0}",988
sample_000989,C04_Sector_Edge,,1234,"{""angle_center_rad"": 4.829625927292698, ""angle_width_deg"": 72.97944912100085, ""edge_width_ratio"": 0.19441295091323052, ""n_particles"": 1234, ""name"": ""wafer_particles.pattern.C04_Sector_Edge"", ""radial_beta_alpha"": 2.94130811432069, ""radial_beta_beta"": 1.5889588829691088, ""schema_version"": ""wafer_particles.pattern_config.v1"", ""side"": ""right"", ""theta_vonmises_kappa"": 9.787629564846979, ""wafer_radius_mm"": 150.0}",989
sample_000990,C11_Hotspot_Elliptic,,604,"{""center_angle"": ""random"", ""center_angle_rad"": 5.433436847892656, ""center_radius_ratio"": 0.7831495710916394, ""mode"": ""random"", ""n_particles"": 604, ""name"": ""wafer_particles.pattern.C11_Hotspot_Elliptic"", ""rotation_deg"": 30.0, ""rotation_rad"": 1.6477160318421658, ""schema_version"": ""wafer_particles.pattern_config.v1"", ""sigma_x_ratio"": 0.10037364894915853, ""sigma_y_ratio"": 0.030460658786207108, ""wafer_radius_mm"": 150.0}",990
sample_000991,C07_StraightLine,,557,"{""angle_deg"": 32.40813871499309, ""n_particles"": 557, ""name"": ""wafer_particles.pattern.C07_StraightLine"", ""offset_ratio"": -0.13216677463247822, ""schema_version"": ""wafer_particles.pattern_config.v1"", ""segment_half_length_ratio"": 0.7884586859059366, ""wafer_radius_mm"": 150.0, ""width_ratio"": 0.037061399719204004}",991
sample_000992,C11_Hotspot_Elliptic,,1404,"{""center_angle"": ""random"", ""center_angle_rad"": 1.888857084685174, ""center_radius_ratio"": 0.12508739323555965, ""mode"": ""random"", ""n_particles"": 1404, ""name"": ""wafer_particles.pattern.C11_Hotspot_Elliptic"", ""rotation_deg"": 30.0, ""rotation_rad"": 5.500299017162762, ""schema_version"": ""wafer_particles.pattern_config.v1"", ""sigma_x_ratio"": 0.11497274483344357, ""sigma_y_ratio"": 0.07253704249919973, ""wafer_radius_mm"": 150.0}",992
sample_000993,C03_Ring,,1180,"{""n_particles"": 1180, ""name"": ""wafer_particles.pattern.C03_Ring"", ""radius_ratio"": 0.7171710492718365, ""schema_version"": ""wafer_particles.pattern_config.v1"", ""wafer_radius_mm"": 150.0, ""width_ratio"": 0.031517780093264856}",993
sample_000994,C04_Sector_Edge,,1509,"{""angle_center_rad"": 5.971881038189535, ""angle_width_deg"": 77.52617405321442, ""edge_width_ratio"": 0.2771122658271916, ""n_particles"": 1509, ""name"": ""wafer_particles.pattern.C04_Sector_Edge"", ""radial_beta_alpha"": 1.4087663050406414, ""radial_beta_beta"": 1.2679352733613254, ""schema_version"": ""wafer_particles.pattern_config.v1"", ""side"": ""right"", ""theta_vonmises_kappa"": 1.8025927580109602, ""wafer_radius_mm"": 150.0}",994
sample_000995,edge_sector_right,sector,643,"{""angle_width_deg"": 40.0, ""edge_width_ratio"": 0.1, ""n_particles"": 643, ""name"": ""wafer_particles.pattern.edge_sector"", ""schema_version"": ""wafer_particles.pattern_config.v1"", ""side"": ""right"", ""wafer_radius_mm"": 150.0}",995
sample_000996,C11_Hotspot_Elliptic,,905,"{""center_angle"": ""random"", ""center_angle_rad"": 2.3653643321149227, ""center_radius_ratio"": 0.020000096979967387, ""mode"": ""random"", ""n_particles"": 905, ""name"": ""wafer_particles.pattern.C11_Hotspot_Elliptic"", ""rotation_deg"": 30.0, ""rotation_rad"": 5.948527588913382, ""schema_version"": ""wafer_particles.pattern_config.v1"", ""sigma_x_ratio"": 0.062052020044899577, ""sigma_y_ratio"": 0.019772778598478043, ""wafer_radius_mm"": 150.0}",996
sample_000997,C03_Ring,,1153,"{""n_particles"": 1153, ""name"": ""wafer_particles.pattern.C03_Ring"", ""radius_ratio"": 0.6525661697975036, ""schema_version"": ""wafer_particles.pattern_config.v1"", ""wafer_radius_mm"": 150.0, ""width_ratio"": 0.03579614537583334}",997
sample_000998,C11_Hotspot_Elliptic,,964,"{""center_angle"": ""random"", ""center_angle_rad"": 2.2499189310577927, ""center_radius_ratio"": 0.8761537265708005, ""mode"": ""random"", ""n_particles"": 964, ""name"": ""wafer_particles.pattern.C11_Hotspot_Elliptic"", ""rotation_deg"": 30.0, ""rotation_rad"": 1.2846605905425132, ""schema_version"": ""wafer_particles.pattern_config.v1"", ""sigma_x_ratio"": 0.04973026942234538, ""sigma_y_ratio"": 0.01971106431112109, ""wafer_radius_mm"": 150.0}",998
sample_000999,hotspot_center,hotspot,685,"{""center_angle"": ""random"", ""center_radius_ratio"": 0.9, ""mode"": ""center"", ""n_particles"": 685, ""name"": ""wafer_particles.pattern.hotspot"", ""schema_version"": ""wafer_particles.pattern_config.v1"", ""sigma_ratio"": 0.05, ""wafer_radius_mm"": 150.0}",999
